system:index,Map,NDVI,aspect,current_date,elevation,is_landslide,max_water_accumulation,prev_day_water_accumulation,prev_end,prev_start,slope,soil_temperature,today_end,today_expected_rain,today_rain_probability,today_start,volumetric_soil_moisture,water_accumulation,.geo
0,80,0.137828528881073,-0.0,2021-05-04,4.0,0,3.0,102.54000091552734,2021-05-04,2021-05-03,0.0,302.4225769042969,2021-05-05,3.069999933242798,2.0833332538604736,2021-05-04,0.3462251126766205,3.0,"{""type"":""Point"",""coordinates"":[89.70099070524151,24.154398797373076]}"
1,10,0.08963795751333237,235.81338500976562,2020-05-24,1792.11669921875,0,1.0,0.32999998331069946,2020-05-24,2020-05-23,41.44057846069336,293.871337890625,2020-05-25,13.019999504089355,16.66666603088379,2020-05-24,0.4292691648006439,1.0,"{""type"":""Point"",""coordinates"":[97.21461809652189,26.62169113227114]}"
2,10,0.05406246334314346,226.765869140625,2020-10-12,1173.038818359375,0,1.0,0.0,2020-10-12,2020-10-11,6.61942720413208,295.6407470703125,2020-10-13,2.5399999618530273,4.166666507720947,2020-10-12,0.4898599088191986,1.0,"{""type"":""Point"",""coordinates"":[95.77196361410108,26.361391709576612]}"
3,50,0.09122899174690247,31.003070831298828,2022-10-23,194.64190673828125,0,1.0,0.0,2022-10-23,2022-10-22,3.262134552001953,296.31402587890625,2022-10-24,9.179999351501465,16.66666603088379,2022-10-23,0.4174245297908783,1.0,"{""type"":""Point"",""coordinates"":[96.083640097492,27.460516001067763]}"
4,10,0.6014028191566467,81.74008178710938,2022-01-08,89.80880737304688,0,32.0,0.0,2022-01-08,2022-01-07,1.1787563562393188,291.13641357421875,2022-01-09,0.0,0.0,2022-01-08,0.16333706676959991,1.0,"{""type"":""Point"",""coordinates"":[92.65372560003465,26.801277204641124]}"
5,30,0.07823075354099274,21.42960548400879,2022-08-27,4752.91552734375,0,190.0,0.0,2022-08-27,2022-08-26,18.01740837097168,284.72900390625,2022-08-28,12.010000228881836,14.583333015441895,2022-08-27,0.3968721926212311,190.0,"{""type"":""Point"",""coordinates"":[89.99797677033622,28.6553487774867]}"
6,80,-0.23676835000514984,-0.0,2023-03-08,0.0,0,0.0,0.0,2023-03-08,2023-03-07,0.0,0.0,2023-03-09,0.0,0.0,2023-03-08,0.0,0.0,"{""type"":""Point"",""coordinates"":[91.67377244756085,22.263703155896145]}"
7,80,-0.3874262571334839,-0.0,2019-02-10,0.0,0,0.0,0.0,2019-02-10,2019-02-09,0.0,0.0,2019-02-11,0.0,0.0,2019-02-10,0.0,0.0,"{""type"":""Point"",""coordinates"":[89.80009625869363,21.66451137516403]}"
8,10,0.1277400553226471,9.443984031677246,2021-08-14,235.6301727294922,0,2.0,43.29999923706055,2021-08-14,2021-08-13,16.330692291259766,298.2947998046875,2021-08-15,52.53999710083008,37.5,2021-08-14,0.4280332028865814,2.0,"{""type"":""Point"",""coordinates"":[96.71966966386424,26.54839567315151]}"
9,40,0.0837126299738884,35.6725959777832,2019-06-25,1.5956511497497559,0,1.0,0.0,2019-06-25,2019-06-24,0.30180999636650085,304.1991882324219,2019-06-26,0.0,0.0,2019-06-25,0.45068487524986267,1.0,"{""type"":""Point"",""coordinates"":[88.83925701571087,22.160287050351048]}"
10,10,0.2541936933994293,325.6759338378906,2020-03-27,222.21092224121094,0,12.0,0.0,2020-03-27,2020-03-26,31.67389488220215,298.0987243652344,2020-03-28,0.0,0.0,2020-03-27,0.15394146740436554,1.0,"{""type"":""Point"",""coordinates"":[92.25825232777139,24.007847571162326]}"
11,40,0.6870813369750977,167.7863006591797,2022-11-08,32.94253158569336,0,2.0,0.0,2022-11-08,2022-11-07,1.3405730724334717,297.3823547363281,2022-11-09,0.0,0.0,2022-11-08,0.2809886932373047,2.0,"{""type"":""Point"",""coordinates"":[89.1095902285444,25.667740421671382]}"
12,10,0.7605674266815186,9.74978256225586,2020-03-19,1473.09130859375,0,4.0,0.0,2020-03-19,2020-03-18,22.7161865234375,293.18212890625,2020-03-20,0.08999999612569809,0.0,2020-03-19,0.27795156836509705,4.0,"{""type"":""Point"",""coordinates"":[97.42401553599589,23.812836098671518]}"
13,20,0.18226461112499237,116.8359146118164,2022-03-05,150.30238342285156,0,3.0,0.0,2022-03-05,2022-03-04,5.854184627532959,301.8045349121094,2022-03-06,0.41999998688697815,0.0,2022-03-05,0.24363772571086884,1.0,"{""type"":""Point"",""coordinates"":[94.93835142368332,22.183746556472137]}"
14,10,0.06169334426522255,42.732784271240234,2022-08-26,797.0325927734375,0,2.0,0.0,2022-08-26,2022-08-25,9.039630889892578,298.63922119140625,2022-08-27,4.630000114440918,10.416666984558105,2022-08-26,0.4647388458251953,1.0,"{""type"":""Point"",""coordinates"":[91.1639411296235,25.34628321947509]}"
15,10,0.22156944870948792,124.90026092529297,2022-10-09,358.46734619140625,0,191.0,349.5299987792969,2022-10-09,2022-10-08,16.933231353759766,298.2923583984375,2022-10-10,3.0999999046325684,8.333333015441895,2022-10-09,0.4849497377872467,191.0,"{""type"":""Point"",""coordinates"":[92.78852239307297,25.465634106640696]}"
16,10,0.49017882347106934,343.3551940917969,2022-12-15,2561.69580078125,0,1.0,10.229999542236328,2022-12-15,2022-12-14,20.324125289916992,282.2536926269531,2022-12-16,0.0,0.0,2022-12-15,0.24090003967285156,1.0,"{""type"":""Point"",""coordinates"":[93.35931480307721,27.673774294319145]}"
17,40,0.010925792157649994,19.46929359436035,2020-07-08,29.395753860473633,0,59.0,0.0,2020-07-08,2020-07-07,0.6253582835197449,301.33599853515625,2020-07-09,41.88999938964844,47.91666793823242,2020-07-08,0.42238107323646545,59.0,"{""type"":""Point"",""coordinates"":[89.60496046736529,25.960988982751584]}"
18,10,0.07596602290868759,237.08998107910156,2023-10-02,542.0206909179688,0,13.0,673.010009765625,2023-10-02,2023-10-01,21.318992614746094,299.6448669433594,2023-10-03,0.0,0.0,2023-10-02,0.4159037172794342,13.0,"{""type"":""Point"",""coordinates"":[96.64224013421185,24.907568387493694]}"
19,40,0.5917637348175049,181.96768188476562,2023-11-11,72.53511047363281,0,13.0,0.0,2023-11-11,2023-11-10,0.5706093311309814,296.7177429199219,2023-11-12,0.0,0.0,2023-11-11,0.14615440368652344,1.0,"{""type"":""Point"",""coordinates"":[88.0084397045874,26.450556659819135]}"
20,30,0.06748088449239731,169.69378662109375,2022-03-04,5187.02783203125,0,2.0,0.0,2022-03-04,2022-03-03,27.282611846923828,272.332275390625,2022-03-05,0.0,0.0,2022-03-04,0.34154319763183594,2.0,"{""type"":""Point"",""coordinates"":[91.06683699895723,29.435101612624067]}"
21,40,0.2040294110774994,193.15447998046875,2023-12-22,11.93913459777832,0,7331.0,0.0,2023-12-22,2023-12-21,0.6833192706108093,293.6963806152344,2023-12-23,0.0,0.0,2023-12-22,0.21003468334674835,7331.0,"{""type"":""Point"",""coordinates"":[90.29410875323752,24.81606581605797]}"
22,10,0.11142077296972275,220.26577758789062,2022-09-19,929.4833984375,0,4.0,11.719999313354492,2022-09-19,2022-09-18,53.250511169433594,298.11199951171875,2022-09-20,1.409999966621399,0.0,2022-09-19,0.39781951904296875,4.0,"{""type"":""Point"",""coordinates"":[93.96488066526085,27.411987926899403]}"
23,10,0.6549228429794312,122.99541473388672,2020-02-26,151.3431396484375,0,17.0,56.439998626708984,2020-02-26,2020-02-25,25.97757911682129,293.0759582519531,2020-02-27,16.869998931884766,27.08333396911621,2020-02-26,0.18763668835163116,17.0,"{""type"":""Point"",""coordinates"":[93.17920041837674,24.46960933191818]}"
24,10,0.3342756927013397,126.98204803466797,2019-11-15,93.83636474609375,0,6.0,0.0,2019-11-15,2019-11-14,0.635421872138977,297.5732727050781,2019-11-16,0.0,0.0,2019-11-15,0.17778778076171875,4.0,"{""type"":""Point"",""coordinates"":[88.44609471629185,26.55757358226618]}"
25,40,0.08123663812875748,239.88339233398438,2019-08-21,12.573528289794922,0,1.0,0.7899999618530273,2019-08-21,2019-08-20,6.353145599365234,303.3517761230469,2019-08-22,46.20000076293945,14.583333015441895,2019-08-21,0.4169139862060547,1.0,"{""type"":""Point"",""coordinates"":[91.82985447954592,24.821118759288485]}"
26,10,0.12180579453706741,186.29867553710938,2020-11-07,2139.563232421875,0,14.0,28.559999465942383,2020-11-07,2020-11-06,41.42654800415039,281.9202575683594,2020-11-08,1.1299999952316284,0.0,2020-11-07,0.424151748418808,14.0,"{""type"":""Point"",""coordinates"":[92.78195583762665,27.681777860393378]}"
27,40,0.13011610507965088,154.28073120117188,2022-07-18,113.4744873046875,0,1.0,0.29999998211860657,2022-07-18,2022-07-17,1.0106743574142456,305.4061279296875,2022-07-19,0.4599999785423279,0.0,2022-07-18,0.29137229919433594,1.0,"{""type"":""Point"",""coordinates"":[95.9276420220159,21.630131563131883]}"
28,10,0.44197753071784973,268.15289306640625,2023-03-27,4.13923454284668,0,42.0,459.05999755859375,2023-03-27,2023-03-26,2.384032964706421,301.6639709472656,2023-03-28,0.949999988079071,0.0,2023-03-27,0.24171511828899384,42.0,"{""type"":""Point"",""coordinates"":[90.1391528172585,22.53263708566228]}"
29,40,0.24360474944114685,86.19265747070312,2023-07-14,64.42879486083984,0,5.0,398.6499938964844,2023-07-14,2023-07-13,1.1889493465423584,304.31195068359375,2023-07-15,26.10999870300293,20.83333396911621,2023-07-14,0.32444700598716736,5.0,"{""type"":""Point"",""coordinates"":[95.35679328292917,21.517792971314567]}"
30,10,0.5092323422431946,209.86798095703125,2021-11-26,1333.614013671875,0,1.0,0.0,2021-11-26,2021-11-25,31.77910041809082,282.2510681152344,2021-11-27,0.0,0.0,2021-11-26,0.3956623077392578,1.0,"{""type"":""Point"",""coordinates"":[90.16482495761288,27.23206848029981]}"
31,30,0.6757336854934692,101.19902038574219,2019-04-03,910.512451171875,0,1.0,18.959999084472656,2019-04-03,2019-04-02,17.886802673339844,292.9775085449219,2019-04-04,0.12999999523162842,0.0,2019-04-03,0.3667653501033783,1.0,"{""type"":""Point"",""coordinates"":[93.56915273791672,25.29044209931904]}"
32,40,0.29238244891166687,168.9989776611328,2019-11-03,44.218406677246094,0,22.0,0.0,2019-11-03,2019-11-02,0.5974863171577454,298.7922668457031,2019-11-04,0.0,0.0,2019-11-03,0.3526986539363861,1.0,"{""type"":""Point"",""coordinates"":[91.45054787823202,23.935793413815283]}"
33,100,0.11298881471157074,182.8061065673828,2020-10-11,5084.892578125,0,3.0,0.0,2020-10-11,2020-10-10,10.599869728088379,280.3832702636719,2020-10-12,0.0,0.0,2020-10-11,0.3498738706111908,2.0,"{""type"":""Point"",""coordinates"":[88.89246725991421,28.150372018456324]}"
34,10,0.10478173196315765,79.88629150390625,2023-08-08,1626.88525390625,0,24520.0,8.059999465942383,2023-08-08,2023-08-07,27.31635284423828,289.6353454589844,2023-08-09,2.8999998569488525,4.166666507720947,2023-08-08,0.414825439453125,2.0,"{""type"":""Point"",""coordinates"":[96.96236105846599,28.558821878988034]}"
35,10,0.13227425515651703,331.80487060546875,2021-09-23,359.4443054199219,0,1.0,2.5899999141693115,2021-09-23,2021-09-22,19.8809814453125,298.7245788574219,2021-09-24,18.25,18.75,2021-09-23,0.4663950502872467,1.0,"{""type"":""Point"",""coordinates"":[95.576353463518,24.651521146438967]}"
36,10,0.7953282594680786,303.1878662109375,2021-01-30,501.25714111328125,0,5.0,0.0,2021-01-30,2021-01-29,19.061607360839844,290.0465393066406,2021-01-31,0.0,0.0,2021-01-30,0.29495811462402344,5.0,"{""type"":""Point"",""coordinates"":[95.85596031791655,24.8754744421651]}"
37,30,0.005514591000974178,197.3363494873047,2021-04-17,4834.47705078125,0,5.0,1.2899999618530273,2021-04-17,2021-04-16,15.405720710754395,272.8682556152344,2021-04-18,2.3299999237060547,0.0,2021-04-17,0.4079011380672455,1.0,"{""type"":""Point"",""coordinates"":[93.42791401371275,29.279292762408172]}"
38,10,0.0782380923628807,235.2312469482422,2020-06-12,1139.450439453125,0,1.0,1.9199999570846558,2020-06-12,2020-06-11,24.686033248901367,296.5971374511719,2020-06-13,1.25,2.0833332538604736,2020-06-12,0.48892340064048767,1.0,"{""type"":""Point"",""coordinates"":[96.55389775395291,22.743052164151596]}"
39,10,0.6886661648750305,260.462158203125,2019-11-09,206.54104614257812,0,35.0,3.450000047683716,2019-11-09,2019-11-08,2.32358980178833,297.0279541015625,2019-11-10,9.529999732971191,12.5,2019-11-09,0.4410877227783203,1.0,"{""type"":""Point"",""coordinates"":[95.67481372352432,23.887469251327566]}"
40,10,0.0614192932844162,219.62368774414062,2020-08-19,201.9123992919922,0,1.0,63.14999771118164,2020-08-19,2020-08-18,1.1851776838302612,298.6697082519531,2020-08-20,103.80999755859375,68.75,2020-08-19,0.4760507047176361,1.0,"{""type"":""Point"",""coordinates"":[94.98859576989726,24.578203676301076]}"
41,10,0.6345374584197998,356.7798767089844,2022-03-15,397.23089599609375,0,3.0,0.0,2022-03-15,2022-03-14,17.495744705200195,300.2102355957031,2022-03-16,0.0,0.0,2022-03-15,0.23418426513671875,1.0,"{""type"":""Point"",""coordinates"":[92.93163853571829,26.274449952470807]}"
42,10,0.686956524848938,20.972700119018555,2019-12-09,4.261722564697266,0,1.0,0.0,2019-12-09,2019-12-08,3.538417339324951,296.7672119140625,2019-12-10,0.0,0.0,2019-12-09,0.28716978430747986,1.0,"{""type"":""Point"",""coordinates"":[90.28491289441453,22.106804416661376]}"
43,40,0.048035334795713425,251.2954864501953,2020-01-15,2.484314441680908,0,8.0,0.0,2020-01-15,2020-01-14,0.18875890970230103,292.2428283691406,2020-01-16,0.0,0.0,2020-01-15,0.15812937915325165,8.0,"{""type"":""Point"",""coordinates"":[90.60694253855822,22.724469356693426]}"
44,30,0.14901398122310638,52.15586471557617,2021-12-22,4712.56005859375,0,2.0,0.17999999225139618,2021-12-22,2021-12-21,16.6221981048584,271.5061950683594,2021-12-23,0.03999999910593033,0.0,2021-12-22,0.30564436316490173,2.0,"{""type"":""Point"",""coordinates"":[92.426530656531,28.335863342472408]}"
45,10,0.8902677297592163,84.13471984863281,2020-11-23,4220.1474609375,0,2.0,7.440000057220459,2020-11-23,2020-11-22,37.437374114990234,274.1605529785156,2020-11-24,0.0,0.0,2020-11-23,0.38096871972084045,2.0,"{""type"":""Point"",""coordinates"":[93.76569619650849,28.88018536416652]}"
46,30,0.051632482558488846,136.30630493164062,2020-03-11,4292.9384765625,0,263.0,0.0,2020-03-11,2020-03-10,29.463151931762695,272.4942626953125,2020-03-12,2.7099997997283936,0.0,2020-03-11,0.33690008521080017,263.0,"{""type"":""Point"",""coordinates"":[89.90009423308605,27.872515097748657]}"
47,10,0.15589770674705505,279.8363342285156,2019-09-06,251.71206665039062,0,3.0,14.029999732971191,2019-09-06,2019-09-05,18.905925750732422,299.14697265625,2019-09-07,15.539999961853027,22.91666603088379,2019-09-06,0.478192001581192,1.0,"{""type"":""Point"",""coordinates"":[96.5020003772666,26.700402853631594]}"
48,80,-0.10236220806837082,-0.0,2022-02-25,54.0,0,4.0,0.0,2022-02-25,2022-02-24,0.0,292.7445373535156,2022-02-26,31.59000015258789,14.583333015441895,2022-02-25,0.33984819054603577,4.0,"{""type"":""Point"",""coordinates"":[92.34279287594103,26.484612819904612]}"
49,10,0.3175210654735565,276.0846252441406,2023-10-09,103.28689575195312,0,2.0,20.200000762939453,2023-10-09,2023-10-08,0.35287901759147644,299.10699462890625,2023-10-10,0.0,0.0,2023-10-09,0.4138387143611908,2.0,"{""type"":""Point"",""coordinates"":[88.89458634793505,26.72232209512014]}"
50,40,0.3442840874195099,40.935386657714844,2023-10-22,128.21871948242188,0,5.0,0.0,2023-10-22,2023-10-21,1.8543397188186646,295.71923828125,2023-10-23,0.0,0.0,2023-10-22,0.17576472461223602,1.0,"{""type"":""Point"",""coordinates"":[90.48308562803282,26.74583056822287]}"
51,10,0.05863099917769432,348.1512451171875,2020-06-25,4493.27783203125,0,2.0,9.00999927520752,2020-06-25,2020-06-24,36.785789489746094,282.7906494140625,2020-06-26,5.690000057220459,10.416666984558105,2020-06-25,0.420318603515625,1.0,"{""type"":""Point"",""coordinates"":[93.90806749152111,28.957948525479242]}"
52,10,0.21739377081394196,334.05877685546875,2023-04-27,1359.16845703125,0,1.0,4.299999713897705,2023-04-27,2023-04-26,16.22500228881836,292.60302734375,2023-04-28,10.720000267028809,10.416666984558105,2023-04-27,0.48948606848716736,1.0,"{""type"":""Point"",""coordinates"":[96.06998756306982,27.103531349584532]}"
53,30,0.03556143492460251,141.49728393554688,2019-12-04,4.29635763168335,0,5.0,0.0,2019-12-04,2019-12-03,0.17423492670059204,294.0041809082031,2019-12-05,0.0,0.0,2019-12-04,0.2390340119600296,5.0,"{""type"":""Point"",""coordinates"":[90.88761417685402,23.795385989692406]}"
54,10,0.1791650950908661,199.3384246826172,2019-02-15,2567.577392578125,0,1.0,4.529999732971191,2019-02-15,2019-02-14,31.649654388427734,275.9406433105469,2019-02-16,6.769999980926514,8.333333015441895,2019-02-15,0.4063854217529297,1.0,"{""type"":""Point"",""coordinates"":[90.61175155245073,27.405225486011183]}"
55,40,0.22473867237567902,70.54881286621094,2020-02-16,3.5792744159698486,0,1.0,0.0,2020-02-16,2020-02-15,0.1871306151151657,297.32861328125,2020-02-17,0.0,0.0,2020-02-16,0.07568486779928207,1.0,"{""type"":""Point"",""coordinates"":[90.97673820603691,22.723323217069602]}"
56,30,0.11867642402648926,270.8190612792969,2019-02-07,4746.576171875,0,69.0,0.0,2019-02-07,2019-02-06,10.5556640625,271.4071044921875,2019-02-08,0.0,0.0,2019-02-07,0.37919172644615173,69.0,"{""type"":""Point"",""coordinates"":[92.52049319499456,28.81077065449407]}"
57,40,0.047297414392232895,32.265419006347656,2021-06-30,755.3884887695312,0,659.0,18.079999923706055,2021-06-30,2021-06-29,6.4035563468933105,296.25213623046875,2021-07-01,5.409999847412109,8.333333015441895,2021-06-30,0.49001502990722656,1.0,"{""type"":""Point"",""coordinates"":[97.00443813745666,21.818198067435304]}"
58,10,0.546325147151947,331.61529541015625,2022-11-16,162.26272583007812,0,2.0,0.0,2022-11-16,2022-11-15,20.52215576171875,293.2835998535156,2022-11-17,0.0,0.0,2022-11-16,0.3466745913028717,2.0,"{""type"":""Point"",""coordinates"":[93.79557217206731,26.28147974318024]}"
59,10,0.07053278386592865,177.22836303710938,2023-10-11,666.0200805664062,0,1.0,6.420000076293945,2023-10-11,2023-10-10,33.216609954833984,296.9772033691406,2023-10-12,2.319999933242798,2.0833332538604736,2023-10-11,0.44097962975502014,1.0,"{""type"":""Point"",""coordinates"":[95.23618457768393,28.04738139224566]}"
60,10,0.0372714027762413,115.15096282958984,2023-04-23,1721.0985107421875,0,2.0,24.68000030517578,2023-04-23,2023-04-22,23.97753143310547,289.59033203125,2023-04-24,31.329999923706055,35.41666793823242,2023-04-23,0.42749977111816406,2.0,"{""type"":""Point"",""coordinates"":[94.3020601102561,28.11216988460896]}"
61,10,0.037398532032966614,58.2628173828125,2022-07-19,217.43162536621094,0,3.0,40.70000076293945,2022-07-19,2022-07-18,15.102096557617188,301.2560119628906,2022-07-20,68.08000183105469,54.16666793823242,2022-07-19,0.4744020998477936,1.0,"{""type"":""Point"",""coordinates"":[95.35507982799301,25.2672789805949]}"
62,30,-0.0026723218616098166,76.26325225830078,2019-02-18,3735.139404296875,0,1.0,8.5,2019-02-18,2019-02-17,22.493488311767578,274.26123046875,2019-02-19,2.319999933242798,2.0833332538604736,2019-02-18,0.4168771207332611,1.0,"{""type"":""Point"",""coordinates"":[95.38075987986171,28.826844651683114]}"
63,10,0.12808464467525482,297.6019287109375,2023-06-28,75.12348175048828,0,2.0,12.639999389648438,2023-06-28,2023-06-27,33.7049674987793,300.02191162109375,2023-06-29,5.960000038146973,4.166666507720947,2023-06-28,0.4138704836368561,2.0,"{""type"":""Point"",""coordinates"":[92.4761314134268,24.231410628715842]}"
64,80,-0.194489985704422,-0.0,2021-02-08,4438.0,0,37.0,0.0,2021-02-08,2021-02-07,0.0,272.3780212402344,2021-02-09,0.0,0.0,2021-02-08,0.232513427734375,1.0,"{""type"":""Point"",""coordinates"":[91.04960975127442,28.85992029410588]}"
65,10,-0.009596601128578186,77.4437484741211,2020-10-08,1880.6895751953125,0,10.0,36.099998474121094,2020-10-08,2020-10-07,22.966320037841797,291.9300231933594,2020-10-09,15.59999942779541,25.0,2020-10-08,0.4273274838924408,10.0,"{""type"":""Point"",""coordinates"":[93.54818506253072,27.700881336051253]}"
66,10,0.11778096109628677,252.2757110595703,2019-05-13,1114.7918701171875,0,9.0,328.9499816894531,2019-05-13,2019-05-12,11.593677520751953,297.3760681152344,2019-05-14,11.34999942779541,14.583333015441895,2019-05-13,0.48357391357421875,9.0,"{""type"":""Point"",""coordinates"":[92.56653426985879,25.29520484938446]}"
67,10,0.343484491109848,301.3250427246094,2020-02-26,187.1302032470703,0,2.0,56.07999801635742,2020-02-26,2020-02-25,7.593299388885498,291.9826965332031,2020-02-27,0.9199999570846558,2.0833332538604736,2020-02-26,0.3870493471622467,2.0,"{""type"":""Point"",""coordinates"":[93.65324351109976,25.849877473656683]}"
68,10,0.10307466983795166,217.4941864013672,2020-03-12,2830.041259765625,0,91.0,12.44999885559082,2020-03-12,2020-03-11,43.27626037597656,280.3120422363281,2020-03-13,0.0,0.0,2020-03-12,0.3840268552303314,83.0,"{""type"":""Point"",""coordinates"":[89.60881017529353,27.108548263062065]}"
69,10,0.4872545301914215,340.8211975097656,2019-01-15,165.876708984375,0,1.0,0.0,2019-01-15,2019-01-14,32.15235137939453,291.3932189941406,2019-01-16,0.0,0.0,2019-01-15,0.17477352917194366,1.0,"{""type"":""Point"",""coordinates"":[92.13667455079913,23.648377054671844]}"
70,30,0.09122981876134872,284.5751647949219,2021-07-24,4870.67138671875,0,1.0,0.029999999329447746,2021-07-24,2021-07-23,21.084184646606445,283.75543212890625,2021-07-25,10.069999694824219,14.583333015441895,2021-07-24,0.3967812955379486,1.0,"{""type"":""Point"",""coordinates"":[92.42230389816471,28.782233033875734]}"
71,10,0.3426476716995239,266.36370849609375,2019-12-12,2345.72021484375,0,1.0,0.6800000071525574,2019-12-12,2019-12-11,24.071487426757812,274.92034912109375,2019-12-13,1.149999976158142,0.0,2019-12-12,0.38688087463378906,1.0,"{""type"":""Point"",""coordinates"":[93.47180189784564,28.469061469153264]}"
72,40,0.1173112690448761,90.0,2022-07-25,5.0,0,10842.0,1053083.375,2022-07-25,2022-07-24,2.0583066940307617,299.4400329589844,2022-07-26,12.889999389648438,20.83333396911621,2022-07-25,0.419360488653183,10842.0,"{""type"":""Point"",""coordinates"":[92.20939277216027,22.202839597161194]}"
73,40,0.24740006029605865,61.0078125,2020-10-30,127.220947265625,0,7.0,0.0,2020-10-30,2020-10-29,0.5472568869590759,297.52276611328125,2020-10-31,10.40999984741211,12.5,2020-10-30,0.3783454895019531,1.0,"{""type"":""Point"",""coordinates"":[94.07531416023782,22.949196967025472]}"
74,10,0.01634230650961399,309.4039306640625,2022-05-20,1471.583251953125,0,2.0,94.45999908447266,2022-05-20,2022-05-19,37.0627326965332,291.0129089355469,2022-05-21,27.93000030517578,37.5,2022-05-20,0.4771251678466797,2.0,"{""type"":""Point"",""coordinates"":[96.43167460907037,27.685191808708318]}"
75,10,0.6452298164367676,322.2822265625,2019-02-04,759.542236328125,0,1.0,0.0,2019-02-04,2019-02-03,10.245136260986328,287.53851318359375,2019-02-05,0.0,0.0,2019-02-04,0.3537190854549408,1.0,"{""type"":""Point"",""coordinates"":[95.77229426739467,26.719402879318757]}"
76,10,0.1689009666442871,198.13308715820312,2022-01-25,2841.593017578125,0,1.0,0.5799999833106995,2022-01-25,2022-01-24,33.08518981933594,273.41912841796875,2022-01-26,0.0,0.0,2022-01-25,0.3513577878475189,1.0,"{""type"":""Point"",""coordinates"":[89.78026943742248,27.767071269995487]}"
77,10,0.5507361888885498,347.62481689453125,2021-03-24,189.87228393554688,0,24.0,0.0,2021-03-24,2021-03-23,1.4119751453399658,301.4534606933594,2021-03-25,0.0,0.0,2021-03-24,0.1831175535917282,23.0,"{""type"":""Point"",""coordinates"":[94.39935803542294,24.400022733925336]}"
78,10,0.13486655056476593,208.5575408935547,2023-02-17,1085.6214599609375,0,1.0,4.649999618530273,2023-02-17,2023-02-16,36.74650955200195,290.777587890625,2023-02-18,3.869999885559082,4.166666507720947,2023-02-17,0.4257272183895111,1.0,"{""type"":""Point"",""coordinates"":[93.52997764425899,27.103111396028865]}"
79,80,-0.2827768325805664,-0.0,2022-01-27,0.0,0,0.0,0.0,2022-01-27,2022-01-26,0.0,0.0,2022-01-28,0.0,0.0,2022-01-27,0.0,0.0,"{""type"":""Point"",""coordinates"":[91.84453576454722,21.71202867579945]}"
80,60,0.15449252724647522,12.557389259338379,2023-09-26,3557.95654296875,0,1.0,0.0,2023-09-26,2023-09-25,0.5479381680488586,286.73193359375,2023-09-27,0.0,0.0,2023-09-26,0.375683456659317,1.0,"{""type"":""Point"",""coordinates"":[91.49422631800746,29.259446408743226]}"
81,40,-0.04166119918227196,314.2281188964844,2022-06-26,43.13555908203125,0,1.0,7.169999599456787,2022-06-26,2022-06-25,3.3116912841796875,302.59283447265625,2022-06-27,9.970000267028809,18.75,2022-06-26,0.45558929443359375,1.0,"{""type"":""Point"",""coordinates"":[91.21158933760792,26.314077839909583]}"
82,30,0.10466110706329346,147.41294860839844,2020-01-31,5174.11474609375,0,1.0,0.0,2020-01-31,2020-01-30,11.008987426757812,270.75421142578125,2020-02-01,0.0,0.0,2020-01-31,0.331432968378067,1.0,"{""type"":""Point"",""coordinates"":[91.73683745292979,28.847052944335026]}"
83,60,-0.010166817344725132,192.30076599121094,2019-06-13,5658.23046875,0,1.0,0.8999999761581421,2019-06-13,2019-06-12,8.598015785217285,276.18695068359375,2019-06-14,0.0,0.0,2019-06-13,0.3235626220703125,1.0,"{""type"":""Point"",""coordinates"":[92.59344820139425,28.128781912278228]}"
84,80,0.007691557053476572,197.42481994628906,2020-02-20,129.40350341796875,0,64202.0,68696.140625,2020-02-20,2020-02-19,0.7160142660140991,291.8622131347656,2020-02-21,0.44999998807907104,0.0,2020-02-20,0.33501625061035156,64202.0,"{""type"":""Point"",""coordinates"":[95.61998502632007,27.875967205944722]}"
85,10,0.058973297476768494,70.584228515625,2023-06-02,696.6776733398438,0,2.0,51.130001068115234,2023-06-02,2023-06-01,36.86294174194336,299.4412841796875,2023-06-03,7.529999732971191,8.333333015441895,2023-06-02,0.29704728722572327,2.0,"{""type"":""Point"",""coordinates"":[93.36777356103906,24.558868816042242]}"
86,40,0.057756371796131134,46.88796615600586,2022-02-20,1.7855024337768555,0,1.0,0.0,2022-02-20,2022-02-19,0.04687086492776871,294.5010986328125,2022-02-21,1.9499999284744263,0.0,2022-02-20,0.15168826282024384,1.0,"{""type"":""Point"",""coordinates"":[90.08522309561933,22.539667161984923]}"
87,10,0.11295201629400253,343.9423522949219,2020-10-13,770.1148071289062,0,2.0,3.119999885559082,2020-10-13,2020-10-12,28.96631622314453,297.3487854003906,2020-10-14,13.649999618530273,10.416666984558105,2020-10-13,0.48713240027427673,2.0,"{""type"":""Point"",""coordinates"":[92.22617375195956,25.867357848723824]}"
88,10,0.7854585647583008,158.16802978515625,2019-11-18,215.3012237548828,0,1325.0,0.0,2019-11-18,2019-11-17,15.282416343688965,295.1470947265625,2019-11-19,0.0,0.0,2019-11-18,0.43204498291015625,1325.0,"{""type"":""Point"",""coordinates"":[96.93540866754219,24.461832805068887]}"
89,10,0.14529219269752502,85.52644348144531,2021-11-10,153.3095245361328,0,121274.0,0.0,2021-11-10,2021-11-09,11.803570747375488,295.28680419921875,2021-11-11,3.1399998664855957,6.25,2021-11-10,0.36749014258384705,1.0,"{""type"":""Point"",""coordinates"":[94.15405483317109,23.230017379204305]}"
90,10,0.15420860052108765,237.4053192138672,2022-08-31,715.3385009765625,0,5.0,156.3000030517578,2022-08-31,2022-08-30,32.06813049316406,296.1206970214844,2022-09-01,9.649999618530273,12.5,2022-08-31,0.48719534277915955,5.0,"{""type"":""Point"",""coordinates"":[96.95620042824159,23.01382364594516]}"
91,10,0.14690186083316803,166.28424072265625,2021-03-18,715.55419921875,0,59.0,0.0,2021-03-18,2021-03-17,34.146270751953125,290.4423522949219,2021-03-19,0.0,0.0,2021-03-18,0.34688058495521545,1.0,"{""type"":""Point"",""coordinates"":[96.37846219508602,27.454130428414054]}"
92,10,0.058770958334207535,145.7676239013672,2019-03-05,1402.34375,0,18.0,204.74998474121094,2019-03-05,2019-03-04,27.030908584594727,286.5098876953125,2019-03-06,6.139999866485596,6.25,2019-03-05,0.435650497674942,15.0,"{""type"":""Point"",""coordinates"":[95.32864243326497,26.659804105472972]}"
93,40,0.1781226545572281,353.9573669433594,2023-09-29,9.877626419067383,0,21.0,0.0,2023-09-29,2023-09-28,0.015428682789206505,303.3511962890625,2023-09-30,35.22999954223633,22.91666603088379,2023-09-29,0.3951975405216217,21.0,"{""type"":""Point"",""coordinates"":[88.27586097898886,23.017828094830875]}"
94,10,0.18312259018421173,124.02622985839844,2021-07-31,421.2341613769531,0,1.0,21.809999465942383,2021-07-31,2021-07-30,27.918855667114258,296.652587890625,2021-08-01,0.0,0.0,2021-07-31,0.42252349853515625,1.0,"{""type"":""Point"",""coordinates"":[92.69265798571274,23.316536815587042]}"
95,70,-0.008825451135635376,334.0316162109375,2020-04-22,4725.03955078125,0,2.0,15.309999465942383,2020-04-22,2020-04-21,39.13414001464844,274.6308288574219,2020-04-23,6.139999866485596,12.5,2020-04-22,0.4245503842830658,1.0,"{""type"":""Point"",""coordinates"":[94.43135994885992,29.224655252914776]}"
96,40,0.28798508644104004,194.36920166015625,2021-01-21,73.29512786865234,0,350.0,0.0,2021-01-21,2021-01-20,3.923948049545288,299.3554992675781,2021-01-22,0.0,0.0,2021-01-21,0.25159773230552673,2.0,"{""type"":""Point"",""coordinates"":[95.19105899458138,21.52114974928879]}"
97,40,0.08485917747020721,326.07647705078125,2023-02-05,9.483253479003906,0,2.0,0.0,2023-02-05,2023-02-04,0.1264856904745102,294.2749328613281,2023-02-06,0.0,0.0,2023-02-05,0.140777587890625,2.0,"{""type"":""Point"",""coordinates"":[89.15460401164229,23.73379812060213]}"
98,40,0.2341688573360443,228.1746368408203,2022-10-23,1056.5206298828125,0,10.0,0.0,2022-10-23,2022-10-22,4.932416915893555,296.2604064941406,2022-10-24,1.459999918937683,0.0,2022-10-23,0.40346208214759827,8.0,"{""type"":""Point"",""coordinates"":[96.40797386705316,21.90436106784402]}"
99,30,0.22692419588565826,157.72061157226562,2021-12-28,173.6633758544922,0,2.0,0.0,2021-12-28,2021-12-27,10.273354530334473,294.38311767578125,2021-12-29,0.0,0.0,2021-12-28,0.27471670508384705,2.0,"{""type"":""Point"",""coordinates"":[94.75618185289129,22.409316702074864]}"
100,10,0.19656796753406525,218.3118896484375,2021-09-06,60.31315231323242,0,117.0,93.5999984741211,2021-09-06,2021-09-05,10.91612720489502,301.59033203125,2021-09-07,33.29999923706055,37.5,2021-09-06,0.4096616208553314,117.0,"{""type"":""Point"",""coordinates"":[92.06977362918829,24.147778459982455]}"
101,10,0.6107693910598755,112.88631439208984,2021-03-29,246.30984497070312,0,2.0,0.0,2021-03-29,2021-03-28,13.147273063659668,300.7028503417969,2021-03-30,0.0,0.0,2021-03-29,0.2553342282772064,2.0,"{""type"":""Point"",""coordinates"":[95.46839799250299,24.724274351024647]}"
102,10,0.508974015712738,183.21102905273438,2022-11-15,249.26487731933594,0,50.0,0.0,2022-11-15,2022-11-14,20.569334030151367,293.66973876953125,2022-11-16,0.0,0.0,2022-11-15,0.34208741784095764,50.0,"{""type"":""Point"",""coordinates"":[96.51945418245683,25.4142897662482]}"
103,100,0.04517637565732002,38.71540069580078,2020-10-15,5461.77783203125,0,1.0,2.740000009536743,2020-10-15,2020-10-14,15.774978637695312,279.4422912597656,2020-10-16,0.0,0.0,2020-10-15,0.3599344789981842,1.0,"{""type"":""Point"",""coordinates"":[91.4977831858437,28.27947652320131]}"
104,10,0.09023284912109375,158.58047485351562,2020-01-24,3970.602783203125,0,3.0,0.26999998092651367,2020-01-24,2020-01-23,36.03038787841797,273.9278869628906,2020-01-25,0.0,0.0,2020-01-24,0.34786924719810486,3.0,"{""type"":""Point"",""coordinates"":[97.46346664202156,28.23344291227851]}"
105,80,-0.2061951458454132,-0.0,2019-05-21,0.0,0,0.0,0.0,2019-05-21,2019-05-20,0.0,0.0,2019-05-22,0.0,0.0,2019-05-21,0.0,0.0,"{""type"":""Point"",""coordinates"":[88.68087608587159,21.898978625237145]}"
106,10,0.3982938528060913,255.87469482421875,2019-12-07,932.7991943359375,0,1.0,0.0,2019-12-07,2019-12-06,27.445226669311523,287.1722412109375,2019-12-08,0.2199999988079071,0.0,2019-12-07,0.26247724890708923,1.0,"{""type"":""Point"",""coordinates"":[94.42941054086032,24.77728855230979]}"
107,100,0.034911781549453735,199.9000701904297,2019-05-30,4129.4462890625,0,1.0,0.0,2019-05-30,2019-05-29,43.1216926574707,278.7704162597656,2019-05-31,1.1099998950958252,2.0833332538604736,2019-05-30,0.4251060485839844,1.0,"{""type"":""Point"",""coordinates"":[90.89728266166378,27.750837231925033]}"
108,40,0.2330331653356552,247.60118103027344,2021-01-22,18.165830612182617,0,3.0,0.0,2021-01-22,2021-01-21,2.0029025077819824,293.588623046875,2021-01-23,0.0,0.0,2021-01-22,0.14301109313964844,3.0,"{""type"":""Point"",""coordinates"":[89.3059127803472,25.010651672098476]}"
109,10,0.879200279712677,70.91454315185547,2019-01-30,816.9282836914062,0,2.0,8.059999465942383,2019-01-30,2019-01-29,19.408628463745117,289.5730895996094,2019-01-31,0.0,0.0,2019-01-30,0.37864938378334045,2.0,"{""type"":""Point"",""coordinates"":[95.70725127423232,24.290125125683762]}"
110,10,0.0858227089047432,78.6538314819336,2020-11-11,1398.816650390625,0,10.0,6.899999618530273,2020-11-11,2020-11-10,19.307371139526367,289.9036560058594,2020-11-12,0.0,0.0,2020-11-11,0.4443035125732422,5.0,"{""type"":""Point"",""coordinates"":[95.28294160702538,25.8064718340696]}"
111,30,0.540090799331665,2.3310585021972656,2019-11-19,539.5921630859375,0,3.0,0.0,2019-11-19,2019-11-18,20.44620704650879,293.784423828125,2019-11-20,0.0,0.0,2019-11-19,0.43281111121177673,1.0,"{""type"":""Point"",""coordinates"":[91.1085452262056,25.813778410434587]}"
112,40,0.3065246343612671,330.6811828613281,2023-09-30,1042.85498046875,0,1489.0,19631.69921875,2023-09-30,2023-09-29,4.1389617919921875,295.6319580078125,2023-10-01,13.84000015258789,16.66666603088379,2023-09-30,0.4656893312931061,1485.0,"{""type"":""Point"",""coordinates"":[94.52435255403064,25.307981022492857]}"
113,40,0.048548176884651184,276.8359069824219,2020-07-30,3.7533485889434814,0,5.0,31.81999969482422,2020-07-30,2020-07-29,0.28261110186576843,301.5187072753906,2020-07-31,18.329999923706055,20.83333396911621,2020-07-30,0.4105243682861328,1.0,"{""type"":""Point"",""coordinates"":[90.9866172315278,23.120567409988773]}"
114,80,-0.2081495225429535,-0.0,2021-12-05,73.0,0,608420.0,0.0,2021-12-05,2021-12-04,0.0,298.2413024902344,2021-12-06,0.17999999225139618,0.0,2021-12-05,0.2397747039794922,608420.0,"{""type"":""Point"",""coordinates"":[95.94375512798176,22.73911198116178]}"
115,30,0.13377277553081512,109.17257690429688,2020-11-07,4039.011962890625,0,3.0,0.0,2020-11-07,2020-11-06,12.641490936279297,274.2724609375,2020-11-08,0.0,0.0,2020-11-07,0.25836119055747986,3.0,"{""type"":""Point"",""coordinates"":[89.44350862612303,29.100778366408495]}"
116,10,0.890506386756897,166.5688934326172,2022-12-10,267.7464904785156,0,1.0,0.0,2022-12-10,2022-12-09,6.426140785217285,290.8783264160156,2022-12-11,0.0,0.0,2022-12-10,0.25224241614341736,1.0,"{""type"":""Point"",""coordinates"":[95.95405396303933,26.290414750494193]}"
117,40,0.03295370191335678,32.85271072387695,2023-09-04,87.09491729736328,0,1.0,2.9699997901916504,2023-09-04,2023-09-03,0.28086626529693604,302.067626953125,2023-09-05,6.46999979019165,6.25,2023-09-04,0.46772828698158264,1.0,"{""type"":""Point"",""coordinates"":[95.72489725482384,22.43843198785292]}"
118,10,0.04388036951422691,233.03492736816406,2023-10-05,1614.7122802734375,0,2.0,8.199999809265137,2023-10-05,2023-10-04,26.8727970123291,296.7173156738281,2023-10-06,3.6999998092651367,8.333333015441895,2023-10-05,0.47807183861732483,1.0,"{""type"":""Point"",""coordinates"":[97.02524098411791,25.577927719419314]}"
119,10,0.3002786636352539,140.25180053710938,2020-11-10,73.82091522216797,0,4.0,0.0,2020-11-10,2020-11-09,15.541244506835938,294.1705017089844,2020-11-11,0.0,0.0,2020-11-10,0.41608938574790955,4.0,"{""type"":""Point"",""coordinates"":[91.294787451908,25.96373334822083]}"
120,10,0.07620252668857574,170.03211975097656,2023-08-14,381.6435852050781,0,2.0,15.379999160766602,2023-08-14,2023-08-13,24.089683532714844,299.6583557128906,2023-08-15,14.399999618530273,18.75,2023-08-14,0.4570446014404297,2.0,"{""type"":""Point"",""coordinates"":[95.21511604652567,26.974860683399278]}"
121,10,0.18523454666137695,111.3600845336914,2020-09-18,1514.428466796875,0,1.0,0.3700000047683716,2020-09-18,2020-09-17,47.401241302490234,289.9051513671875,2020-09-19,3.1700000762939453,4.166666507720947,2020-09-18,0.4256744384765625,1.0,"{""type"":""Point"",""coordinates"":[95.1895310917724,29.281949282318323]}"
122,30,0.11448072642087936,75.95490264892578,2020-02-05,4560.50244140625,0,10.0,0.0,2020-02-05,2020-02-04,27.13143539428711,271.0616760253906,2020-02-06,0.029999999329447746,0.0,2020-02-05,0.26767539978027344,10.0,"{""type"":""Point"",""coordinates"":[92.09278036651952,28.433760982301763]}"
123,40,-3.235697513446212E-4,161.3464813232422,2023-06-09,75.0295639038086,0,4.0,1.809999942779541,2023-06-09,2023-06-08,2.5252161026000977,306.7166748046875,2023-06-10,0.0,0.0,2023-06-09,0.1897227019071579,1.0,"{""type"":""Point"",""coordinates"":[88.32155455088343,26.33419765722774]}"
124,40,-0.06826391816139221,25.86939239501953,2022-04-14,207.13368225097656,0,3.0,0.0,2022-04-14,2022-04-13,1.9918445348739624,298.4462890625,2022-04-15,1.6399999856948853,2.0833332538604736,2022-04-14,0.2899697721004486,3.0,"{""type"":""Point"",""coordinates"":[96.42994657665916,24.95773365402668]}"
125,80,-0.03265540301799774,-0.0,2023-09-15,0.0,0,0.0,0.0,2023-09-15,2023-09-14,0.0,0.0,2023-09-16,3.1399998664855957,0.0,2023-09-15,0.0,0.0,"{""type"":""Point"",""coordinates"":[90.0293352043822,21.85910286491896]}"
126,40,0.5936627388000488,259.8888854980469,2019-05-12,8.915824890136719,0,3.0,0.0,2019-05-12,2019-05-11,0.7022958993911743,306.0263671875,2019-05-13,0.0,0.0,2019-05-12,0.22056834399700165,3.0,"{""type"":""Point"",""coordinates"":[89.1346226515816,23.204443696330305]}"
127,30,0.09407997876405716,204.47564697265625,2022-04-22,4738.14990234375,0,1.0,1.1799999475479126,2022-04-22,2022-04-21,22.93347930908203,277.6673889160156,2022-04-23,0.0,0.0,2022-04-22,0.2209625244140625,1.0,"{""type"":""Point"",""coordinates"":[91.09432039392536,28.78547806078654]}"
128,30,0.059469323605298996,20.278430938720703,2020-09-06,4014.68212890625,0,3.0,0.41999998688697815,2020-09-06,2020-09-05,33.38066864013672,283.0113830566406,2020-09-07,0.0,0.0,2020-09-06,0.421600341796875,3.0,"{""type"":""Point"",""coordinates"":[96.50504696427028,28.827176465004285]}"
129,10,0.23478011786937714,242.0817108154297,2020-09-26,739.8502807617188,0,3.0,10.529999732971191,2020-09-26,2020-09-25,19.146488189697266,294.1191711425781,2020-09-27,2.3999998569488525,4.166666507720947,2020-09-26,0.4159463346004486,3.0,"{""type"":""Point"",""coordinates"":[93.22415596723428,23.0351272093346]}"
130,10,0.0571892149746418,285.7252502441406,2023-09-19,397.79315185546875,0,1.0,78.22000122070312,2023-09-19,2023-09-18,9.94200611114502,298.8083190917969,2023-09-20,32.61000061035156,41.66666793823242,2023-09-19,0.47487130761146545,1.0,"{""type"":""Point"",""coordinates"":[95.52517186063096,25.15341859501502]}"
131,95,0.0637812688946724,203.2802734375,2021-06-28,5.369256973266602,0,2.0,1.8799998760223389,2021-06-28,2021-06-27,2.1486024856567383,302.7460021972656,2021-06-29,2.990000009536743,2.0833332538604736,2021-06-28,0.4729347229003906,2.0,"{""type"":""Point"",""coordinates"":[89.23700336956178,21.87507567823297]}"
132,40,0.2620137333869934,230.0442657470703,2022-07-02,13.796343803405762,0,208.0,0.609000027179718,2022-07-02,2022-07-01,0.26380911469459534,303.0769958496094,2022-07-03,10.239999771118164,12.5,2022-07-02,0.3942953646183014,3.0,"{""type"":""Point"",""coordinates"":[88.17919393098529,23.040274052125895]}"
133,40,0.2731831967830658,153.70645141601562,2023-12-04,164.10743713378906,0,23410.0,0.0,2023-12-04,2023-12-03,1.4345979690551758,294.12103271484375,2023-12-05,0.2800000011920929,0.0,2023-12-04,0.3776467740535736,23396.0,"{""type"":""Point"",""coordinates"":[95.93701992862269,25.33696474821986]}"
134,10,0.1339440494775772,128.10182189941406,2022-05-01,340.2311096191406,0,165.0,0.0,2022-05-01,2022-04-30,11.548108100891113,302.54931640625,2022-05-02,0.359000027179718,0.0,2022-05-01,0.14897219836711884,165.0,"{""type"":""Point"",""coordinates"":[94.51817130978117,24.25729676826325]}"
135,40,0.015496980398893356,204.85308837890625,2020-01-24,70.80266571044922,0,16.0,0.0,2020-01-24,2020-01-23,0.3835126757621765,290.208251953125,2020-01-25,0.0,0.0,2020-01-24,0.15616290271282196,16.0,"{""type"":""Point"",""coordinates"":[88.47921043010045,26.31261853378879]}"
136,10,0.014064356684684753,77.31659698486328,2021-08-27,2545.282470703125,0,3.0,447.8999938964844,2021-08-27,2021-08-26,41.67420196533203,290.86517333984375,2021-08-28,128.00999450683594,83.33333587646484,2021-08-27,0.42887941002845764,3.0,"{""type"":""Point"",""coordinates"":[95.34294978208719,28.46740718004963]}"
137,60,0.05331239104270935,274.0496826171875,2022-11-24,4696.4208984375,0,18.0,0.0,2022-11-24,2022-11-23,1.4105125665664673,272.8387756347656,2022-11-25,0.0,0.0,2022-11-24,0.27007102966308594,1.0,"{""type"":""Point"",""coordinates"":[88.6164661287504,28.571184628824817]}"
138,40,-0.01596161723136902,272.15093994140625,2023-08-28,1.6985080242156982,0,1.0,9.210000038146973,2023-08-28,2023-08-27,1.4102237224578857,302.73358154296875,2023-08-29,13.889999389648438,18.75,2023-08-28,0.4780546724796295,1.0,"{""type"":""Point"",""coordinates"":[89.4697495702733,22.60605912593909]}"
139,10,0.48481738567352295,108.45003509521484,2021-12-10,601.4266357421875,0,1.0,0.0,2021-12-10,2021-12-09,29.998619079589844,287.3431091308594,2021-12-11,0.0,0.0,2021-12-10,0.342742919921875,1.0,"{""type"":""Point"",""coordinates"":[92.79737448563478,27.17168176349206]}"
140,10,0.07441090047359467,5.547014236450195,2023-05-21,1800.239501953125,0,1.0,2.5299999713897705,2023-05-21,2023-05-20,11.763526916503906,288.96221923828125,2023-05-22,3.7599997520446777,6.25,2023-05-21,0.4225870668888092,1.0,"{""type"":""Point"",""coordinates"":[88.32646367629984,27.277677704333982]}"
141,10,0.14045608043670654,53.727516174316406,2019-04-18,840.5322875976562,0,1661.0,59.59000015258789,2019-04-18,2019-04-17,34.571533203125,290.19439697265625,2019-04-19,0.07999999821186066,0.0,2019-04-18,0.41754150390625,1.0,"{""type"":""Point"",""coordinates"":[93.07418927197998,27.525139198157607]}"
142,90,-0.1644762009382248,108.68830108642578,2022-11-04,1.9119271039962769,0,12.0,0.14000000059604645,2022-11-04,2022-11-03,0.1960257589817047,299.10516357421875,2022-11-05,0.0,0.0,2022-11-04,0.3043231964111328,1.0,"{""type"":""Point"",""coordinates"":[90.99624332322493,24.61512283551211]}"
143,80,-0.02448783628642559,-0.0,2021-06-16,0.0,0,37755.0,1545689.625,2021-06-16,2021-06-15,0.0,301.1119079589844,2021-06-17,17.059999465942383,29.16666603088379,2021-06-16,0.47873368859291077,37755.0,"{""type"":""Point"",""coordinates"":[89.58305956195032,22.772764551899318]}"
144,10,0.35250118374824524,42.75944519042969,2022-11-04,192.0448760986328,0,1.0,0.009999999776482582,2022-11-04,2022-11-03,4.346590518951416,295.592041015625,2022-11-05,2.679999828338623,4.166666507720947,2022-11-04,0.40409788489341736,1.0,"{""type"":""Point"",""coordinates"":[95.75310829815425,25.29216499498012]}"
145,10,0.08601835370063782,44.4931526184082,2020-07-30,425.239013671875,0,3.0,124.81999206542969,2020-07-30,2020-07-29,16.158353805541992,299.1484375,2020-07-31,5.440000057220459,10.416666984558105,2020-07-30,0.4902559816837311,2.0,"{""type"":""Point"",""coordinates"":[92.55210540408157,25.92462026756867]}"
146,30,0.057213328778743744,18.67593002319336,2019-06-24,4896.5458984375,0,15.0,7.199999809265137,2019-06-24,2019-06-23,20.200197219848633,285.7701721191406,2019-06-25,0.0,0.0,2019-06-24,0.3588447570800781,15.0,"{""type"":""Point"",""coordinates"":[92.18424690664783,28.567522273045093]}"
147,40,0.09887957572937012,176.45172119140625,2020-01-14,18.40427017211914,0,2.0,0.0,2020-01-14,2020-01-13,0.3052566945552826,291.94781494140625,2020-01-15,0.0,0.0,2020-01-14,0.2073332518339157,2.0,"{""type"":""Point"",""coordinates"":[90.1303224011128,25.13710160956645]}"
148,80,-0.236370250582695,-0.0,2022-11-24,17.5,0,1.0,0.0,2022-11-24,2022-11-23,0.0,294.2291564941406,2022-11-25,0.0,0.0,2022-11-24,0.30181312561035156,1.0,"{""type"":""Point"",""coordinates"":[89.74599197623678,25.54554861323004]}"
149,10,0.2916467785835266,260.0904846191406,2019-02-16,1931.0770263671875,0,1.0,0.0,2019-02-16,2019-02-15,21.6573543548584,290.9791259765625,2019-02-17,0.28999999165534973,0.0,2019-02-16,0.19212913513183594,1.0,"{""type"":""Point"",""coordinates"":[93.6630652012834,24.47391885725137]}"
150,30,0.09342983365058899,345.9737854003906,2023-12-23,4396.48779296875,0,1.0,0.0,2023-12-23,2023-12-22,24.242712020874023,271.66290283203125,2023-12-24,0.0,0.0,2023-12-23,0.35304704308509827,1.0,"{""type"":""Point"",""coordinates"":[89.77688901663736,29.270393209234477]}"
151,100,-0.00837609264999628,341.53765869140625,2022-07-19,4364.71630859375,0,3.0,3.2699999809265137,2022-07-19,2022-07-18,26.272151947021484,278.65020751953125,2022-07-20,9.289999961853027,8.333333015441895,2022-07-19,0.4094168245792389,3.0,"{""type"":""Point"",""coordinates"":[96.61761235973128,29.181736802433957]}"
152,40,0.005948287434875965,9.934366226196289,2019-08-03,837.0318603515625,0,11.0,26.729999542236328,2019-08-03,2019-08-02,4.090622425079346,297.981201171875,2019-08-04,20.03999900817871,14.583333015441895,2019-08-03,0.4691397249698639,11.0,"{""type"":""Point"",""coordinates"":[97.38573793434564,22.210653667952208]}"
153,10,0.40500906109809875,308.90045166015625,2023-01-01,15.759188652038574,0,3.0,0.0,2023-01-01,2022-12-31,3.242795467376709,292.45135498046875,2023-01-02,0.0010000000474974513,0.0,2023-01-01,0.1515076905488968,3.0,"{""type"":""Point"",""coordinates"":[89.20132531930379,23.679517750551266]}"
154,60,0.0037260055541992188,69.77046203613281,2023-07-16,5400.86328125,0,1.0,4.639999866485596,2023-07-16,2023-07-15,16.59343719482422,282.76507568359375,2023-07-17,15.399999618530273,14.583333015441895,2023-07-16,0.4052836000919342,1.0,"{""type"":""Point"",""coordinates"":[89.35437132657361,28.376658891502515]}"
155,10,0.050156235694885254,146.15554809570312,2023-08-29,347.87060546875,0,1.0,28.17999839782715,2023-08-29,2023-08-28,29.302215576171875,298.7519226074219,2023-08-30,0.0,0.0,2023-08-29,0.4683602750301361,1.0,"{""type"":""Point"",""coordinates"":[96.7997751869129,25.50623269255311]}"
156,10,0.07298581302165985,146.7101287841797,2023-03-15,575.1300659179688,0,1.0,26.3799991607666,2023-03-15,2023-03-14,18.025468826293945,292.4038391113281,2023-03-16,28.84000015258789,25.0,2023-03-15,0.16315142810344696,1.0,"{""type"":""Point"",""coordinates"":[91.78578277083824,26.87606124679263]}"
157,10,0.13346025347709656,94.81651306152344,2020-05-23,69.50116729736328,0,5.0,52.13999938964844,2020-05-23,2020-05-22,1.4613574743270874,298.1614074707031,2020-05-24,12.420000076293945,18.75,2020-05-23,0.4669342041015625,3.0,"{""type"":""Point"",""coordinates"":[92.89661041584965,26.54169753853582]}"
158,10,0.029588015750050545,32.01472473144531,2020-09-29,390.6441955566406,0,1.0,0.0,2020-09-29,2020-09-28,21.379011154174805,300.3414001464844,2020-09-30,70.3699951171875,35.41666793823242,2020-09-29,0.46450552344322205,1.0,"{""type"":""Point"",""coordinates"":[94.9315001263479,23.218177809898794]}"
159,60,-0.01503728423267603,36.87660217285156,2023-12-19,5515.06884765625,0,5.0,0.0,2023-12-19,2023-12-18,14.364090919494629,268.37457275390625,2023-12-20,0.0,0.0,2023-12-19,0.41094970703125,1.0,"{""type"":""Point"",""coordinates"":[91.0829131983562,28.48402698795151]}"
160,10,0.4622266888618469,350.02545166015625,2020-01-26,91.51271057128906,0,2.0,0.0,2020-01-26,2020-01-25,18.795320510864258,292.5805358886719,2020-01-27,0.0,0.0,2020-01-26,0.1752961426973343,1.0,"{""type"":""Point"",""coordinates"":[92.12632630601098,21.875564482535765]}"
161,10,0.048101264983415604,323.909423828125,2023-02-11,2968.619384765625,0,2.0,9.679999351501465,2023-02-11,2023-02-10,41.347755432128906,276.6967468261719,2023-02-12,4.650000095367432,0.0,2023-02-11,0.3841311037540436,2.0,"{""type"":""Point"",""coordinates"":[90.64223420087846,27.405616713090314]}"
162,50,0.08152259886264801,179.5745086669922,2021-06-25,24.152240753173828,0,2.0,1.3600000143051147,2021-06-25,2021-06-24,2.702568769454956,301.8299560546875,2021-06-26,12.479999542236328,20.83333396911621,2021-06-25,0.40617814660072327,1.0,"{""type"":""Point"",""coordinates"":[88.59842242796445,24.171118033775652]}"
163,10,0.39405593276023865,200.02816772460938,2023-11-21,497.3134460449219,0,1.0,0.09999999403953552,2023-11-21,2023-11-20,15.685469627380371,294.22540283203125,2023-11-22,1.0099999904632568,0.0,2023-11-21,0.4695211946964264,1.0,"{""type"":""Point"",""coordinates"":[95.03231798865879,23.894087857699272]}"
164,10,0.08727975189685822,206.87579345703125,2020-06-11,411.5823974609375,0,318.0,81.13999938964844,2020-06-11,2020-06-10,6.147927284240723,295.67877197265625,2020-06-12,30.25,10.416666984558105,2020-06-11,0.3566436767578125,2.0,"{""type"":""Point"",""coordinates"":[88.6969804076782,26.9839068612724]}"
165,10,0.42973870038986206,355.32501220703125,2022-12-31,1697.03564453125,0,1.0,0.0,2022-12-31,2022-12-30,36.46058654785156,285.3082580566406,2023-01-01,0.0,0.0,2022-12-31,0.16709136962890625,1.0,"{""type"":""Point"",""coordinates"":[93.81983819170907,21.63184870729132]}"
166,10,0.27022212743759155,107.19303131103516,2022-04-30,472.36328125,0,6.0,0.0,2022-04-30,2022-04-29,23.617704391479492,300.5652770996094,2022-05-01,7.5,4.166666507720947,2022-04-30,0.19901593029499054,6.0,"{""type"":""Point"",""coordinates"":[92.81284573748839,23.678066140234566]}"
167,10,0.7810623049736023,50.42098617553711,2020-03-30,327.0379943847656,0,1.0,0.0,2020-03-30,2020-03-29,12.531866073608398,298.8573303222656,2020-03-31,0.0,0.0,2020-03-30,0.2907562255859375,1.0,"{""type"":""Point"",""coordinates"":[96.2487766909168,25.189652995013617]}"
168,10,0.8202108144760132,145.3098602294922,2019-02-18,343.6661071777344,0,6.0,26.749998092651367,2019-02-18,2019-02-17,7.95051383972168,291.458984375,2019-02-19,0.0,0.0,2019-02-18,0.1946818083524704,5.0,"{""type"":""Point"",""coordinates"":[92.43733323156715,23.4918075214358]}"
169,10,0.7086167335510254,13.86483383178711,2022-11-21,1122.076904296875,0,34.0,0.14000000059604645,2022-11-21,2022-11-20,17.770349502563477,291.0627746582031,2022-11-22,0.0,0.0,2022-11-21,0.3053677976131439,2.0,"{""type"":""Point"",""coordinates"":[93.68697962593866,24.10393713801585]}"
170,40,0.10370638966560364,113.915771484375,2020-11-26,90.09600067138672,0,5.0,0.0,2020-11-26,2020-11-25,0.5354731678962708,295.31329345703125,2020-11-27,0.0,0.0,2020-11-26,0.3275585174560547,4.0,"{""type"":""Point"",""coordinates"":[94.69628247746796,22.80040301613594]}"
171,10,0.058016661554574966,273.677734375,2022-05-01,532.5717163085938,0,1.0,20.559999465942383,2022-05-01,2022-04-30,4.748587608337402,302.7647399902344,2022-05-02,0.34800001978874207,0.0,2022-05-01,0.3079007565975189,1.0,"{""type"":""Point"",""coordinates"":[95.04668486235529,23.839818983122118]}"
172,10,0.0675860047340393,316.3710632324219,2023-04-24,2424.76708984375,0,1.0,7.979999542236328,2023-04-24,2023-04-23,28.993444442749023,283.6004333496094,2023-04-25,1.1899999380111694,0.0,2023-04-24,0.42098236083984375,1.0,"{""type"":""Point"",""coordinates"":[90.45106391144436,27.32599974923568]}"
173,10,0.28506359457969666,118.00105285644531,2022-01-14,109.47163391113281,0,1.0,0.0,2022-01-14,2022-01-13,1.8177855014801025,289.84820556640625,2022-01-15,2.489999771118164,2.0833332538604736,2022-01-14,0.1588878631591797,1.0,"{""type"":""Point"",""coordinates"":[94.41493164796844,27.508117848703066]}"
174,10,0.11339139193296432,97.03971099853516,2023-07-13,197.59121704101562,0,5.0,28.969999313354492,2023-07-13,2023-07-12,5.93241024017334,299.5959167480469,2023-07-14,69.18999481201172,68.75,2023-07-13,0.4874941408634186,1.0,"{""type"":""Point"",""coordinates"":[95.89187395654676,23.967189452404764]}"
175,40,0.030112847685813904,237.71084594726562,2020-09-14,29.58313751220703,0,4.0,123.68000030517578,2020-09-14,2020-09-13,0.6178471446037292,300.4324035644531,2020-09-15,74.76000213623047,39.58333206176758,2020-09-14,0.40419259667396545,4.0,"{""type"":""Point"",""coordinates"":[90.07685582012697,25.926454963819964]}"
176,10,0.08267814666032791,203.7278289794922,2022-10-06,2250.266357421875,0,3.0,41.619998931884766,2022-10-06,2022-10-05,35.457679748535156,290.4882507324219,2022-10-07,4.019999980926514,4.166666507720947,2022-10-06,0.4258594512939453,2.0,"{""type"":""Point"",""coordinates"":[94.00010240022397,28.314240113993954]}"
177,40,-0.01972273550927639,29.42106056213379,2022-05-05,91.79358673095703,0,2.0,0.429999977350235,2022-05-05,2022-05-04,0.4127442538738251,300.337646484375,2022-05-06,0.0,0.0,2022-05-05,0.4923807680606842,1.0,"{""type"":""Point"",""coordinates"":[94.85046820049192,22.48348388921749]}"
178,30,0.14952979981899261,16.421966552734375,2023-01-01,4895.228515625,0,1.0,0.0,2023-01-01,2022-12-31,7.859103202819824,270.5164794921875,2023-01-02,0.0020000000949949026,0.0,2023-01-01,0.2011229246854782,1.0,"{""type"":""Point"",""coordinates"":[88.1442235888627,28.470169815844613]}"
179,10,0.4610545039176941,286.6972351074219,2021-03-12,226.70030212402344,0,2.0,0.0,2021-03-12,2021-03-11,10.31139087677002,295.2581481933594,2021-03-13,0.0,0.0,2021-03-12,0.28097787499427795,1.0,"{""type"":""Point"",""coordinates"":[95.72775345945043,25.69090717113357]}"
180,40,0.41150039434432983,52.31671142578125,2019-01-28,21.285816192626953,0,36.0,12.59999942779541,2019-01-28,2019-01-27,0.4730397164821625,295.5458679199219,2019-01-29,0.0,0.0,2019-01-28,0.13279025256633759,36.0,"{""type"":""Point"",""coordinates"":[89.85240267346892,25.48015927598298]}"
181,10,0.07213772088289261,137.71041870117188,2022-05-11,486.5839538574219,0,421.0,1759.7799072265625,2022-05-11,2022-05-10,22.557302474975586,296.2257385253906,2022-05-12,15.779999732971191,10.416666984558105,2022-05-11,0.5009422302246094,421.0,"{""type"":""Point"",""coordinates"":[93.4157003163665,26.178382831576748]}"
182,40,0.027524150907993317,291.757080078125,2022-04-09,2297.070556640625,0,1.0,25.35999870300293,2022-04-09,2022-04-08,2.6828794479370117,272.8454284667969,2022-04-10,2.690000057220459,6.25,2022-04-09,0.3781178891658783,1.0,"{""type"":""Point"",""coordinates"":[96.74107951953675,29.00528181107226]}"
183,10,0.036135490983724594,155.4340057373047,2020-03-16,3413.749267578125,0,5.0,1.399999976158142,2020-03-16,2020-03-15,37.157188415527344,273.0100402832031,2020-03-17,0.20999999344348907,0.0,2020-03-16,0.3607368469238281,5.0,"{""type"":""Point"",""coordinates"":[89.43645607042768,27.5600983902746]}"
184,10,0.027507567778229713,69.87544250488281,2019-07-12,358.4539794921875,0,2.0,56.279998779296875,2019-07-12,2019-07-11,1.799480676651001,298.3235778808594,2019-07-13,17.959999084472656,14.583333015441895,2019-07-12,0.4240182340145111,2.0,"{""type"":""Point"",""coordinates"":[92.97550709726188,26.94930789043446]}"
185,40,0.011585484258830547,331.0403137207031,2020-08-31,3.376920461654663,0,22.0,13.4399995803833,2020-08-31,2020-08-30,2.9522602558135986,0.0,2020-09-01,8.9399995803833,10.416666984558105,2020-08-31,0.0,8.0,"{""type"":""Point"",""coordinates"":[88.45351813002925,21.830222697103707]}"
186,30,0.08172007650136948,271.1736145019531,2019-02-27,4165.8388671875,0,5.0,0.0,2019-02-27,2019-02-26,26.80109977722168,272.3526306152344,2019-02-28,0.0,0.0,2019-02-27,0.3093802034854889,5.0,"{""type"":""Point"",""coordinates"":[88.69199670141134,29.262942298546406]}"
187,40,0.1340935081243515,269.37286376953125,2020-02-22,64.44049072265625,0,1.0,0.07999999821186066,2020-02-22,2020-02-21,1.7198033332824707,296.2168273925781,2020-02-23,6.62999963760376,10.416666984558105,2020-02-22,0.1388835906982422,1.0,"{""type"":""Point"",""coordinates"":[88.43659980398755,26.203458259531185]}"
188,80,-0.09580326080322266,-0.0,2022-11-21,0.0,0,0.0,0.0,2022-11-21,2022-11-20,0.0,0.0,2022-11-22,0.0,0.0,2022-11-21,0.0,0.0,"{""type"":""Point"",""coordinates"":[91.56836958089205,21.90077168922135]}"
189,10,-0.007510102353990078,343.130859375,2022-10-04,2743.4501953125,0,2.0,7.4599995613098145,2022-10-04,2022-10-03,30.94521141052246,290.3049621582031,2022-10-05,15.00999927520752,25.0,2022-10-04,0.4023183286190033,1.0,"{""type"":""Point"",""coordinates"":[93.29809628809186,28.00902554275085]}"
190,10,0.8336236476898193,331.9051513671875,2021-02-09,253.00897216796875,0,1.0,0.0,2021-02-09,2021-02-08,10.484822273254395,291.6891784667969,2021-02-10,0.0,0.0,2021-02-09,0.13240878283977509,1.0,"{""type"":""Point"",""coordinates"":[92.6985675306262,22.121160546884088]}"
191,60,0.029303044080734253,267.2941589355469,2022-04-23,4369.4501953125,0,1.0,1.100000023841858,2022-04-23,2022-04-22,0.7098586559295654,280.11370849609375,2022-04-24,0.0,0.0,2022-04-23,0.14032681286334991,1.0,"{""type"":""Point"",""coordinates"":[88.07370008121588,28.194184583690085]}"
192,10,0.8728815317153931,287.8466796875,2020-02-06,710.6019897460938,0,15.0,0.0,2020-02-06,2020-02-05,25.176942825317383,286.4949951171875,2020-02-07,0.0,0.0,2020-02-06,0.23332659900188446,3.0,"{""type"":""Point"",""coordinates"":[93.07557191355431,23.665977667912774]}"
193,10,0.028595469892024994,137.13072204589844,2021-09-11,384.86480712890625,0,1.0,0.3400000035762787,2021-09-11,2021-09-10,19.737674713134766,296.4268493652344,2021-09-12,0.17000000178813934,0.0,2021-09-11,0.3795382082462311,1.0,"{""type"":""Point"",""coordinates"":[92.35943816708661,26.963922996636924]}"
194,10,0.174085333943367,35.17906951904297,2021-07-15,429.65484619140625,0,3.0,4.949999809265137,2021-07-15,2021-07-14,19.742549896240234,296.83489990234375,2021-07-16,1.6999999284744263,4.166666507720947,2021-07-15,0.4813575744628906,3.0,"{""type"":""Point"",""coordinates"":[94.32675074424007,26.177004127291255]}"
195,10,0.5743615031242371,102.34466552734375,2021-04-09,695.7242431640625,0,4.0,0.0,2021-04-09,2021-04-08,39.246543884277344,295.5155944824219,2021-04-10,0.0,0.0,2021-04-09,0.16044235229492188,1.0,"{""type"":""Point"",""coordinates"":[93.05150499698873,23.60452742484098]}"
196,40,0.09505533427000046,161.51670837402344,2022-10-05,71.879150390625,0,1.0,60.19999694824219,2022-10-05,2022-10-04,1.08502995967865,300.45220947265625,2022-10-06,5.0,4.166666507720947,2022-10-05,0.48845672607421875,1.0,"{""type"":""Point"",""coordinates"":[93.58827034413133,26.66165647283283]}"
197,10,0.11980878561735153,195.11329650878906,2023-11-09,1535.7838134765625,0,4.0,0.0,2023-11-09,2023-11-08,13.945106506347656,286.8031921386719,2023-11-10,0.0,0.0,2023-11-09,0.3729991912841797,4.0,"{""type"":""Point"",""coordinates"":[93.81414420227009,27.70132147171804]}"
198,60,-0.004558876622468233,46.28816604614258,2021-07-24,5057.4482421875,0,1.0,1.959999918937683,2021-07-24,2021-07-23,31.39327049255371,283.6258850097656,2021-07-25,7.710000038146973,10.416666984558105,2021-07-24,0.4202035367488861,1.0,"{""type"":""Point"",""coordinates"":[90.48649182516843,27.90458014583947]}"
199,10,0.126511812210083,196.65724182128906,2022-08-18,321.42388916015625,0,4.0,20.439998626708984,2022-08-18,2022-08-17,24.490360260009766,301.0361328125,2022-08-19,17.81999969482422,29.16666603088379,2022-08-18,0.47632279992103577,4.0,"{""type"":""Point"",""coordinates"":[96.95927386422632,26.531931479608723]}"
200,80,-0.3249344825744629,-0.0,2021-01-15,0.0,0,10.0,0.0,2021-01-15,2021-01-14,0.0,296.7706298828125,2021-01-16,0.0,0.0,2021-01-15,0.1418050080537796,2.0,"{""type"":""Point"",""coordinates"":[90.8441862426504,22.458039853499805]}"
201,60,0.040879298001527786,72.2959976196289,2021-04-10,5016.1259765625,0,2.0,0.0,2021-04-10,2021-04-09,20.878551483154297,274.2484130859375,2021-04-11,0.6699999570846558,0.0,2021-04-10,0.24231784045696259,2.0,"{""type"":""Point"",""coordinates"":[88.71837470616991,28.764826455736543]}"
202,10,0.07187102735042572,126.78763580322266,2023-05-31,126.45752716064453,0,1.0,6.089999675750732,2023-05-31,2023-05-30,30.861433029174805,302.99560546875,2023-06-01,160.22000122070312,33.33333206176758,2023-05-31,0.2918567657470703,1.0,"{""type"":""Point"",""coordinates"":[92.49487039019202,22.636988196283426]}"
203,10,0.08797721564769745,35.1108512878418,2020-02-08,36.56642150878906,0,1.0,0.0,2020-02-08,2020-02-07,0.9223877191543579,291.7002258300781,2020-02-09,0.0,0.0,2020-02-08,0.15120506286621094,1.0,"{""type"":""Point"",""coordinates"":[88.06133222188261,25.733221636800327]}"
204,10,0.43660685420036316,118.90441131591797,2020-01-09,573.218017578125,0,61.0,5.279999732971191,2020-01-09,2020-01-08,4.695544719696045,288.1114807128906,2020-01-10,5.62999963760376,8.333333015441895,2020-01-09,0.41792234778404236,2.0,"{""type"":""Point"",""coordinates"":[92.98233057887602,25.236830671229672]}"
205,10,0.11289995163679123,57.72541046142578,2022-06-10,138.0502471923828,0,1.0,11.109999656677246,2022-06-10,2022-06-09,1.618178367614746,297.9716796875,2022-06-11,49.43000030517578,41.66666793823242,2022-06-10,0.44710221886634827,1.0,"{""type"":""Point"",""coordinates"":[97.30907580828146,24.682218171736867]}"
206,10,0.13952098786830902,291.1728820800781,2019-05-28,8.04488754272461,0,2.0,0.0,2019-05-28,2019-05-27,1.7662056684494019,304.70556640625,2019-05-29,0.0,0.0,2019-05-28,0.28956350684165955,2.0,"{""type"":""Point"",""coordinates"":[91.17670785691995,22.910795629351053]}"
207,10,0.050607841461896896,220.87530517578125,2021-10-14,719.3981323242188,0,5.0,1.899999976158142,2021-10-14,2021-10-13,26.096115112304688,300.5199279785156,2021-10-15,84.90999603271484,14.583333015441895,2021-10-14,0.48058953881263733,5.0,"{""type"":""Point"",""coordinates"":[96.20928406638482,24.75593069510629]}"
208,10,0.3239373564720154,347.48101806640625,2019-03-02,298.2584228515625,0,1.0,0.04200000315904617,2019-03-02,2019-03-01,17.034347534179688,288.3961486816406,2019-03-03,0.0,0.0,2019-03-02,0.4527301788330078,1.0,"{""type"":""Point"",""coordinates"":[91.36374017675296,25.814378859039408]}"
209,40,0.00845091138035059,180.0,2019-09-27,770.5,0,1.0,18.15999984741211,2019-09-27,2019-09-26,0.1256164014339447,296.1307067871094,2019-09-28,6.710000038146973,14.583333015441895,2019-09-27,0.40356317162513733,1.0,"{""type"":""Point"",""coordinates"":[93.92224300391118,24.559490317946086]}"
210,40,0.3319590091705322,114.19740295410156,2019-11-02,205.25064086914062,0,2.0,0.14000000059604645,2019-11-02,2019-11-01,4.448807716369629,302.2017822265625,2019-11-03,0.0,0.0,2019-11-02,0.3232320249080658,2.0,"{""type"":""Point"",""coordinates"":[95.63366054032976,21.5862981562324]}"
211,10,0.810401201248169,156.01797485351562,2022-12-16,1413.34423828125,0,1.0,0.05999999865889549,2022-12-16,2022-12-15,18.023029327392578,286.3119201660156,2022-12-17,0.0,0.0,2022-12-16,0.28208795189857483,1.0,"{""type"":""Point"",""coordinates"":[95.87396412547787,26.991636242886027]}"
212,30,0.05571167171001434,246.45147705078125,2021-02-28,4929.77490234375,0,2.0,0.0,2021-02-28,2021-02-27,12.253646850585938,273.1689147949219,2021-03-01,0.0,0.0,2021-02-28,0.3028526306152344,2.0,"{""type"":""Point"",""coordinates"":[88.54582435195418,28.484750410117993]}"
213,10,0.3266242742538452,157.665771484375,2020-11-11,1020.2406005859375,0,1.0,0.0,2020-11-11,2020-11-10,28.203676223754883,288.6265563964844,2020-11-12,0.0,0.0,2020-11-11,0.3210315704345703,1.0,"{""type"":""Point"",""coordinates"":[88.52151239303824,27.202355323874265]}"
214,10,0.2413753867149353,306.9734191894531,2023-04-14,119.87663269042969,0,3.0,0.0,2023-04-14,2023-04-13,3.2541403770446777,299.051513671875,2023-04-15,0.0,0.0,2023-04-14,0.08489163964986801,3.0,"{""type"":""Point"",""coordinates"":[90.54328923619,26.718964797123874]}"
215,10,0.20215822756290436,141.9850311279297,2020-09-07,1.8250269889831543,0,3.0,3.5799999237060547,2020-09-07,2020-09-06,0.37971699237823486,302.9124450683594,2020-09-08,2.690000057220459,2.0833332538604736,2020-09-07,0.36129823327064514,1.0,"{""type"":""Point"",""coordinates"":[90.32061312995994,22.326014910447388]}"
216,10,0.053013257682323456,315.8942565917969,2021-03-24,1873.9674072265625,0,1.0,0.0,2021-03-24,2021-03-23,11.650327682495117,291.26190185546875,2021-03-25,0.0,0.0,2021-03-24,0.19999758899211884,1.0,"{""type"":""Point"",""coordinates"":[95.01020259870138,26.290669631403805]}"
217,30,0.01846984215080738,40.897953033447266,2020-12-02,3963.448486328125,0,2.0,0.01900000125169754,2020-12-02,2020-12-01,37.502471923828125,274.337646484375,2020-12-03,0.9199999570846558,0.0,2020-12-02,0.3889961242675781,1.0,"{""type"":""Point"",""coordinates"":[96.32069514353051,28.491372414347005]}"
218,10,0.22815722227096558,91.48507690429688,2021-12-04,161.67373657226562,0,1.0,0.0,2021-12-04,2021-12-03,2.0545477867126465,294.8397216796875,2021-12-05,1.6399999856948853,2.0833332538604736,2021-12-04,0.36730894446372986,1.0,"{""type"":""Point"",""coordinates"":[96.21128896903498,23.537304130839455]}"
219,40,0.10123588144779205,281.6628723144531,2019-12-30,10.53936767578125,0,5.0,0.0,2019-12-30,2019-12-29,4.35802698135376,291.2500305175781,2019-12-31,0.0,0.0,2019-12-30,0.2271982878446579,5.0,"{""type"":""Point"",""coordinates"":[88.69238005378725,23.306879683341595]}"
220,40,0.23198024928569794,165.20162963867188,2020-04-21,3.7638843059539795,0,7.0,22.5,2020-04-21,2020-04-20,0.23524443805217743,303.61517333984375,2020-04-22,34.439998626708984,22.91666603088379,2020-04-21,0.3018392026424408,1.0,"{""type"":""Point"",""coordinates"":[89.59482599906521,23.274755548212845]}"
221,40,0.13630443811416626,260.47052001953125,2021-11-04,2.0443549156188965,0,10.0,0.17999999225139618,2021-11-04,2021-11-03,0.3180174231529236,298.7474365234375,2021-11-05,0.0,0.0,2021-11-04,0.372760146856308,1.0,"{""type"":""Point"",""coordinates"":[90.23690727353565,21.875563872670917]}"
222,40,0.4198518693447113,93.33425903320312,2019-10-27,86.88263702392578,0,3.0,0.0,2019-10-27,2019-10-26,1.0818443298339844,301.2185363769531,2019-10-28,0.0,0.0,2019-10-27,0.4020754396915436,1.0,"{""type"":""Point"",""coordinates"":[95.89542593448435,22.182940109896943]}"
223,20,0.08237655460834503,14.1613187789917,2022-03-12,4419.0498046875,0,2.0,0.41999998688697815,2022-03-12,2022-03-11,29.278148651123047,272.1332092285156,2022-03-13,0.25999999046325684,0.0,2022-03-12,0.3563753664493561,2.0,"{""type"":""Point"",""coordinates"":[91.4772803893362,29.38768437771072]}"
224,80,-0.0733058899641037,-0.0,2021-05-23,0.0,0,0.0,0.0,2021-05-23,2021-05-22,0.0,0.0,2021-05-24,55.15999984741211,35.41666793823242,2021-05-23,0.0,0.0,"{""type"":""Point"",""coordinates"":[91.60052028172493,22.444159570354692]}"
225,40,0.08013161271810532,55.555206298828125,2020-08-30,29.231420516967773,0,9.0,244.6199951171875,2020-08-30,2020-08-29,1.1529357433319092,299.0643310546875,2020-08-31,0.0,0.0,2020-08-30,0.4213803708553314,9.0,"{""type"":""Point"",""coordinates"":[93.10076588523286,24.617156197340023]}"
226,10,0.8520219922065735,309.75909423828125,2022-12-19,910.947998046875,0,2.0,0.0,2022-12-19,2022-12-18,15.662778854370117,289.15411376953125,2022-12-20,0.0,0.0,2022-12-19,0.29299482703208923,2.0,"{""type"":""Point"",""coordinates"":[91.16896558347031,25.37512317137245]}"
227,60,0.0498783253133297,73.3305892944336,2021-09-06,668.8275146484375,0,1978.0,15448.1796875,2021-09-06,2021-09-05,3.6246132850646973,295.4344787597656,2021-09-07,2.319999933242798,2.0833332538604736,2021-09-06,0.4103056490421295,1978.0,"{""type"":""Point"",""coordinates"":[93.31279457511349,22.609962380615777]}"
228,40,0.13952408730983734,227.86752319335938,2019-12-12,127.49759674072266,0,954.0,1812.5999755859375,2019-12-12,2019-12-11,9.43085765838623,290.270751953125,2019-12-13,0.6599999666213989,2.0833332538604736,2019-12-12,0.2978992462158203,954.0,"{""type"":""Point"",""coordinates"":[95.38210189524024,27.87725460559938]}"
229,40,0.001817667274735868,178.26956176757812,2023-07-14,26.427898406982422,0,1.0,19.439998626708984,2023-07-14,2023-07-13,2.211477518081665,302.68524169921875,2023-07-15,37.029998779296875,18.75,2023-07-14,0.4103374481201172,1.0,"{""type"":""Point"",""coordinates"":[88.99846935481692,25.344235675592714]}"
230,40,0.19074268639087677,222.6175994873047,2022-10-19,31.640336990356445,0,16.0,0.0,2022-10-19,2022-10-18,0.31190845370292664,299.7967529296875,2022-10-20,0.0,0.0,2022-10-19,0.33669471740722656,16.0,"{""type"":""Point"",""coordinates"":[90.01657968854472,25.727817385766922]}"
231,10,0.5540033578872681,257.5078430175781,2020-03-06,404.1549987792969,0,73.0,0.0,2020-03-06,2020-03-05,7.014954566955566,292.9772033691406,2020-03-07,0.009999999776482582,0.0,2020-03-06,0.3679389953613281,73.0,"{""type"":""Point"",""coordinates"":[95.72844157282368,25.038779934690197]}"
232,40,0.478123277425766,234.61280822753906,2019-11-16,77.31365203857422,0,4.0,0.0,2019-11-16,2019-11-15,0.2170262485742569,299.6740417480469,2019-11-17,0.0,0.0,2019-11-16,0.39352545142173767,2.0,"{""type"":""Point"",""coordinates"":[96.083825897393,21.71226395275402]}"
233,30,0.022457944229245186,72.81212615966797,2019-04-02,4799.52587890625,0,3.0,0.04800000041723251,2019-04-02,2019-04-01,14.319319725036621,272.6744689941406,2019-04-03,0.0,0.0,2019-04-02,0.3262825012207031,2.0,"{""type"":""Point"",""coordinates"":[89.7635878824429,28.882497436918534]}"
234,10,0.8694003224372864,167.20059204101562,2022-12-13,359.7456970214844,0,2.0,0.0,2022-12-13,2022-12-12,8.678187370300293,291.77288818359375,2022-12-14,0.0,0.0,2022-12-13,0.2719535827636719,2.0,"{""type"":""Point"",""coordinates"":[95.37239503134761,25.11758065013847]}"
235,40,0.5566967725753784,156.64012145996094,2022-12-07,176.96109008789062,0,2.0,0.0,2022-12-07,2022-12-06,3.9751152992248535,297.05712890625,2022-12-08,0.0,0.0,2022-12-07,0.2622731626033783,2.0,"{""type"":""Point"",""coordinates"":[95.89548665571097,23.103116779561383]}"
236,40,-0.06420546025037766,318.15234375,2023-08-24,2.5214712619781494,0,3.0,37.97999954223633,2023-08-24,2023-08-23,0.5655763149261475,301.14239501953125,2023-08-25,32.29999923706055,43.75,2023-08-24,0.4222005307674408,3.0,"{""type"":""Point"",""coordinates"":[91.29769017846081,24.788802340989015]}"
237,10,0.10568497329950333,238.5901336669922,2019-09-15,883.08642578125,0,62.0,60.13999938964844,2019-09-15,2019-09-14,22.348806381225586,295.06396484375,2019-09-16,12.649999618530273,12.5,2019-09-15,0.4128367006778717,62.0,"{""type"":""Point"",""coordinates"":[93.79166344642908,22.567870516710357]}"
238,30,-0.004686593543738127,215.910400390625,2019-03-20,4097.19873046875,0,2.0,4.019999980926514,2019-03-20,2019-03-19,47.172203063964844,273.2017822265625,2019-03-21,0.19999998807907104,0.0,2019-03-20,0.32737159729003906,1.0,"{""type"":""Point"",""coordinates"":[96.42063531322954,28.869564957274235]}"
239,30,0.15869899094104767,282.7723693847656,2022-11-27,5012.8154296875,0,1.0,0.0,2022-11-27,2022-11-26,9.980484008789062,272.1100158691406,2022-11-28,0.0,0.0,2022-11-27,0.3500111997127533,1.0,"{""type"":""Point"",""coordinates"":[90.31916745872341,29.47773500268111]}"
240,60,0.06668942421674728,64.51045989990234,2020-10-03,4648.7822265625,0,80.0,0.0,2020-10-03,2020-10-02,4.579536437988281,283.3015441894531,2020-10-04,0.0,0.0,2020-10-03,0.35188165307044983,80.0,"{""type"":""Point"",""coordinates"":[90.36618635021334,28.876113713377993]}"
241,10,0.5286424160003662,150.59396362304688,2022-03-28,56.65461349487305,0,3.0,60.2599983215332,2022-03-28,2022-03-27,6.923398017883301,301.6720886230469,2022-03-29,0.0,0.0,2022-03-28,0.22479183971881866,2.0,"{""type"":""Point"",""coordinates"":[90.53388984113784,25.962473273492623]}"
242,30,0.012829745188355446,295.291259765625,2019-09-09,5459.2470703125,0,1.0,0.29999998211860657,2019-09-09,2019-09-08,9.585731506347656,286.2901611328125,2019-09-10,5.71999979019165,12.5,2019-09-09,0.41463470458984375,1.0,"{""type"":""Point"",""coordinates"":[88.26912533119601,28.889553696859902]}"
243,10,0.01949935592710972,264.5060729980469,2021-07-18,250.2395782470703,0,5.0,46.14999771118164,2021-07-18,2021-07-17,9.200129508972168,299.8247985839844,2021-07-19,51.880001068115234,39.58333206176758,2021-07-18,0.42132696509361267,5.0,"{""type"":""Point"",""coordinates"":[94.56059090620634,24.57530326857705]}"
244,30,0.07098327577114105,263.843505859375,2021-09-14,120.02469635009766,0,13.0,0.0,2021-09-14,2021-09-13,6.001957416534424,301.6368713378906,2021-09-15,9.09000015258789,10.416666984558105,2021-09-14,0.46325621008872986,7.0,"{""type"":""Point"",""coordinates"":[95.02214846023244,22.42146660911304]}"
245,40,0.16338275372982025,302.8461608886719,2023-11-25,15.459549903869629,0,6.0,0.0,2023-11-25,2023-11-24,0.067233145236969,295.6987609863281,2023-11-26,0.0,0.0,2023-11-25,0.4218330383300781,6.0,"{""type"":""Point"",""coordinates"":[91.40545161986044,23.51411546949138]}"
246,10,0.05497864633798599,184.05767822265625,2022-09-24,2074.691162109375,0,4.0,2.4000000953674316,2022-09-24,2022-09-23,28.64706802368164,290.2392883300781,2022-09-25,6.170000076293945,12.5,2022-09-24,0.42819342017173767,4.0,"{""type"":""Point"",""coordinates"":[92.45400387693206,27.35826615878972]}"
247,10,0.3700244426727295,242.77182006835938,2019-01-14,14.54840087890625,0,1.0,0.0,2019-01-14,2019-01-13,2.3362224102020264,293.6018981933594,2019-01-15,0.0,0.0,2019-01-14,0.15428097546100616,1.0,"{""type"":""Point"",""coordinates"":[89.17301816800263,22.957155821591716]}"
248,40,0.08258597552776337,318.2780456542969,2022-07-16,204.6531219482422,0,3.0,17.850000381469727,2022-07-16,2022-07-15,1.8378371000289917,299.9310302734375,2022-07-17,10.469999313354492,8.333333015441895,2022-07-16,0.4787820279598236,3.0,"{""type"":""Point"",""coordinates"":[96.71739376887919,23.135927162806624]}"
249,10,0.3190442621707916,115.0828857421875,2020-09-30,73.55970764160156,0,3.0,282.3900146484375,2020-09-30,2020-09-29,10.696442604064941,299.609130859375,2020-10-01,26.469999313354492,20.83333396911621,2020-09-30,0.41818299889564514,3.0,"{""type"":""Point"",""coordinates"":[92.53257748252864,22.637078295929594]}"
250,30,-0.007650814484804869,16.667781829833984,2019-09-27,2777.601806640625,0,5.0,0.0,2019-09-27,2019-09-26,19.918121337890625,287.0638122558594,2019-09-28,34.57999801635742,37.5,2019-09-27,0.4153404235839844,5.0,"{""type"":""Point"",""coordinates"":[92.02091901948458,27.221659863048743]}"
251,40,0.10022260248661041,41.60392379760742,2019-04-12,10.593574523925781,0,33.0,0.0,2019-04-12,2019-04-11,0.20887620747089386,297.8355407714844,2019-04-13,0.029999999329447746,0.0,2019-04-12,0.42793211340904236,33.0,"{""type"":""Point"",""coordinates"":[92.14836056759141,25.040906754651868]}"
252,40,0.18253383040428162,191.1462860107422,2022-07-31,141.58905029296875,0,1.0,3.069999933242798,2022-07-31,2022-07-30,1.3531107902526855,305.3035583496094,2022-08-01,16.40999984741211,8.333333015441895,2022-07-31,0.3880373537540436,1.0,"{""type"":""Point"",""coordinates"":[95.01986035165208,22.533052954834716]}"
253,95,-0.01929285377264023,229.7217559814453,2023-07-10,8.646623611450195,0,2.0,17.099998474121094,2023-07-10,2023-07-09,2.1851248741149902,302.9033508300781,2023-07-11,38.77000045776367,37.5,2023-07-10,0.48254331946372986,2.0,"{""type"":""Point"",""coordinates"":[89.42873469744536,22.216049076262767]}"
254,10,0.4649544656276703,241.13137817382812,2023-02-04,987.8863525390625,0,34.0,0.0,2023-02-04,2023-02-03,25.999698638916016,288.60772705078125,2023-02-05,0.0,0.0,2023-02-04,0.19808132946491241,34.0,"{""type"":""Point"",""coordinates"":[93.79813655565634,22.469043898258406]}"
255,10,0.07367898523807526,95.59520721435547,2021-12-06,3313.984130859375,0,321.0,664.469970703125,2021-12-06,2021-12-05,19.299081802368164,275.5191955566406,2021-12-07,3.419999837875366,0.0,2021-12-06,0.38717079162597656,321.0,"{""type"":""Point"",""coordinates"":[96.70218930183437,28.692776002268715]}"
256,40,0.02518690936267376,171.5453643798828,2020-07-01,6.43886137008667,0,6.0,136.97999572753906,2020-07-01,2020-06-30,0.22726067900657654,302.1913146972656,2020-07-02,84.90799713134766,79.16666412353516,2020-07-01,0.40086936950683594,6.0,"{""type"":""Point"",""coordinates"":[91.70081943186341,24.545385773395473]}"
257,40,0.17343060672283173,236.51856994628906,2023-10-03,93.7960433959961,0,1.0,8.359999656677246,2023-10-03,2023-10-02,1.9707359075546265,300.9818115234375,2023-10-04,30.149999618530273,27.08333396911621,2023-10-03,0.4411640167236328,1.0,"{""type"":""Point"",""coordinates"":[91.89264957539355,26.70494535032302]}"
258,10,0.006966599263250828,337.3297424316406,2022-06-27,910.1614990234375,0,3.0,42.39999771118164,2022-06-27,2022-06-26,54.17264175415039,293.3120422363281,2022-06-28,82.44999694824219,56.25,2022-06-27,0.4647115170955658,2.0,"{""type"":""Point"",""coordinates"":[96.42436915903302,27.719320198921196]}"
259,10,0.16807350516319275,17.074386596679688,2020-08-23,695.1346435546875,0,3.0,0.0,2020-08-23,2020-08-22,20.841577529907227,297.3385314941406,2020-08-24,0.0,0.0,2020-08-23,0.4632072448730469,3.0,"{""type"":""Point"",""coordinates"":[92.61390295239649,25.61410655951496]}"
260,30,0.026801224797964096,166.34585571289062,2021-05-17,3957.19482421875,0,5.0,0.0,2021-05-17,2021-05-16,4.888594150543213,283.8340148925781,2021-05-18,0.0,0.0,2021-05-17,0.3241850435733795,5.0,"{""type"":""Point"",""coordinates"":[88.69017641367039,29.165938157193768]}"
261,10,0.27569660544395447,255.05686950683594,2023-05-31,1255.7877197265625,0,3.0,0.0,2023-05-31,2023-05-30,35.80765151977539,292.4422912597656,2023-06-01,0.0,0.0,2023-05-31,0.3822917938232422,3.0,"{""type"":""Point"",""coordinates"":[91.40618388285233,27.186163385566964]}"
262,10,0.30190807580947876,247.54769897460938,2021-09-28,148.1546630859375,0,1.0,33.55999755859375,2021-09-28,2021-09-27,0.8282653093338013,299.5788269042969,2021-09-29,2.2699999809265137,0.0,2021-09-28,0.30262884497642517,1.0,"{""type"":""Point"",""coordinates"":[88.54870725250264,26.85381707674679]}"
263,10,0.3192638158798218,173.11721801757812,2022-01-06,2242.895263671875,0,1.0,1.8299999237060547,2022-01-06,2022-01-05,33.99290084838867,279.42083740234375,2022-01-07,1.059999942779541,0.0,2022-01-06,0.36459603905677795,1.0,"{""type"":""Point"",""coordinates"":[91.17495217709669,27.33051219340016]}"
264,10,0.45044657588005066,260.46954345703125,2022-10-27,338.47186279296875,0,1.0,0.0,2022-10-27,2022-10-26,9.754204750061035,295.2943115234375,2022-10-28,0.0,0.0,2022-10-27,0.496875137090683,1.0,"{""type"":""Point"",""coordinates"":[96.90556570038771,26.615649226171328]}"
265,10,0.1664578765630722,119.47281646728516,2023-07-30,250.4466552734375,0,1.0,16.529998779296875,2023-07-30,2023-07-29,5.844276428222656,301.899658203125,2023-07-31,3.9599997997283936,6.25,2023-07-30,0.4657325744628906,1.0,"{""type"":""Point"",""coordinates"":[94.61074791112644,22.043307838687358]}"
266,30,0.04205108433961868,285.3006896972656,2021-05-30,4227.6884765625,0,3.0,19.68000030517578,2021-05-30,2021-05-29,29.06971549987793,281.8301696777344,2021-05-31,0.0,0.0,2021-05-30,0.28045716881752014,3.0,"{""type"":""Point"",""coordinates"":[93.4160806209859,28.964506818488744]}"
267,100,-0.014885651879012585,145.05145263671875,2022-03-06,4233.107421875,0,7.0,0.0,2022-03-06,2022-03-05,38.26608657836914,275.0684509277344,2022-03-07,4.319999694824219,14.583333015441895,2022-03-06,0.3541056215763092,7.0,"{""type"":""Point"",""coordinates"":[93.56802432982636,28.536980220103146]}"
268,40,0.16816602647304535,349.041748046875,2019-05-04,7.545691967010498,0,2.0,208.1199951171875,2019-05-04,2019-05-03,1.5059138536453247,300.4635009765625,2019-05-05,53.189998626708984,43.75,2019-05-04,0.439007431268692,2.0,"{""type"":""Point"",""coordinates"":[91.57780357883819,25.072772866833468]}"
269,10,0.760515570640564,6.141374588012695,2021-02-11,841.8568725585938,0,3.0,0.0,2021-02-11,2021-02-10,41.764034271240234,288.0522766113281,2021-02-12,0.0,0.0,2021-02-11,0.1699810028076172,3.0,"{""type"":""Point"",""coordinates"":[93.12623822046456,23.55157540296185]}"
270,30,0.09742899984121323,290.6459045410156,2019-06-17,511.9759216308594,0,757.0,0.0,2019-06-17,2019-06-16,1.9785072803497314,296.58282470703125,2019-06-18,8.510000228881836,12.5,2019-06-17,0.48091697692871094,757.0,"{""type"":""Point"",""coordinates"":[96.3233325063729,22.93502421093455]}"
271,30,0.07841560244560242,303.71771240234375,2023-11-20,5020.30712890625,0,1.0,0.0,2023-11-20,2023-11-19,12.244416236877441,273.13775634765625,2023-11-21,0.0,0.0,2023-11-20,0.30641937255859375,1.0,"{""type"":""Point"",""coordinates"":[88.93348112504232,28.27354079120833]}"
272,10,0.11633527278900146,274.36907958984375,2021-11-15,3132.894287109375,0,7.0,1.9999998807907104,2021-11-15,2021-11-14,36.07215881347656,281.2731018066406,2021-11-16,1.5,0.0,2021-11-15,0.33419036865234375,1.0,"{""type"":""Point"",""coordinates"":[92.05842420526655,27.223914904170908]}"
273,10,0.381754994392395,196.26309204101562,2023-03-20,290.39453125,0,2.0,82.5,2023-03-20,2023-03-19,20.660968780517578,293.60174560546875,2023-03-21,69.29000091552734,43.75,2023-03-20,0.3285166323184967,2.0,"{""type"":""Point"",""coordinates"":[94.06131724270523,26.21625307432481]}"
274,95,0.12354259192943573,82.1844711303711,2021-10-25,22.058147430419922,0,9.0,0.0,2021-10-25,2021-10-24,1.599966049194336,0.0,2021-10-26,0.7400000095367432,0.0,2021-10-25,0.0,9.0,"{""type"":""Point"",""coordinates"":[90.91108683369386,22.146026435071366]}"
275,10,0.2978617548942566,345.8642883300781,2023-10-18,1021.6831665039062,0,23.0,1.3399999141693115,2023-10-18,2023-10-17,9.950252532958984,291.8113098144531,2023-10-19,0.0,0.0,2023-10-18,0.45484861731529236,2.0,"{""type"":""Point"",""coordinates"":[96.60655166378098,27.52478963866945]}"
276,10,0.12188708782196045,18.730453491210938,2021-02-07,2746.370361328125,0,2.0,4.839999675750732,2021-02-07,2021-02-06,22.49653434753418,276.25250244140625,2021-02-08,0.23999999463558197,0.0,2021-02-07,0.37152099609375,2.0,"{""type"":""Point"",""coordinates"":[94.22352424624248,28.472071605035012]}"
277,95,0.05853366106748581,340.51007080078125,2021-10-23,6.3907647132873535,0,110.0,0.0,2021-10-23,2021-10-22,1.5673015117645264,300.2545166015625,2021-10-24,0.0,0.0,2021-10-23,0.4480082094669342,110.0,"{""type"":""Point"",""coordinates"":[89.44741219657584,22.066919607861564]}"
278,10,0.004280376713722944,106.20279693603516,2022-07-09,2997.15576171875,0,1.0,30.889999389648438,2022-07-09,2022-07-08,23.91092872619629,292.0871887207031,2022-07-10,1.5699999332427979,0.0,2022-07-09,0.401324599981308,1.0,"{""type"":""Point"",""coordinates"":[91.08231214500701,27.347810280436473]}"
279,30,0.2638888955116272,301.0168151855469,2023-09-23,4536.5556640625,0,1.0,0.0,2023-09-23,2023-09-22,32.13664245605469,282.2689208984375,2023-09-24,3.7899999618530273,8.333333015441895,2023-09-23,0.3831748962402344,1.0,"{""type"":""Point"",""coordinates"":[91.89013118284,29.482226972352557]}"
280,10,0.10928774625062943,24.72146224975586,2020-05-27,1173.0291748046875,0,3.0,2.9099998474121094,2020-05-27,2020-05-26,12.95765209197998,297.7256774902344,2020-05-28,6.730000019073486,8.333333015441895,2020-05-27,0.41617393493652344,1.0,"{""type"":""Point"",""coordinates"":[96.77092926960185,22.75105506626007]}"
281,40,0.06810308992862701,310.5363464355469,2019-08-16,3.942126512527466,0,2.0,98.4000015258789,2019-08-16,2019-08-15,1.3280221223831177,301.3668212890625,2019-08-17,73.86000061035156,43.75,2019-08-16,0.42420515418052673,2.0,"{""type"":""Point"",""coordinates"":[89.79303019051345,22.904196574333024]}"
282,10,0.7967607975006104,210.73777770996094,2021-12-27,577.4345703125,0,3.0,5.779999732971191,2021-12-27,2021-12-26,26.595272064208984,287.1707458496094,2021-12-28,2.369999885559082,0.0,2021-12-27,0.3216285705566406,2.0,"{""type"":""Point"",""coordinates"":[96.88396941770954,25.75841258383559]}"
283,10,-0.0046396683901548386,42.13032913208008,2021-09-28,2914.80810546875,0,2.0,7.0,2021-09-28,2021-09-27,36.66189956665039,288.30938720703125,2021-09-29,0.75,0.0,2021-09-28,0.4700584411621094,2.0,"{""type"":""Point"",""coordinates"":[96.62992366276157,27.819232391212132]}"
284,10,0.38348180055618286,232.56675720214844,2023-12-11,1548.9793701171875,0,2.0,0.0,2023-12-11,2023-12-10,39.90837860107422,288.22283935546875,2023-12-12,0.0,0.0,2023-12-11,0.41509756445884705,2.0,"{""type"":""Point"",""coordinates"":[93.68447053513326,24.85983369934833]}"
285,10,0.06708637624979019,231.30860900878906,2021-06-13,247.16958618164062,0,2.0,8.34000015258789,2021-06-13,2021-06-12,28.611705780029297,299.25604248046875,2021-06-14,2.0899999141693115,4.166666507720947,2021-06-13,0.39221128821372986,2.0,"{""type"":""Point"",""coordinates"":[93.36229881461902,25.00363529557644]}"
286,95,0.10814764350652695,279.25634765625,2020-05-24,5.739916801452637,0,2.0,0.0,2020-05-24,2020-05-23,1.079576849937439,302.722900390625,2020-05-25,0.0,0.0,2020-05-24,0.42846107482910156,2.0,"{""type"":""Point"",""coordinates"":[89.43620502610989,21.980127149255395]}"
287,10,0.07484544813632965,320.4858093261719,2019-06-19,1221.527587890625,0,3.0,6.269999980926514,2019-06-19,2019-06-18,37.510009765625,291.5128173828125,2019-06-20,8.600000381469727,10.416666984558105,2019-06-19,0.42725563049316406,3.0,"{""type"":""Point"",""coordinates"":[97.09074760105159,27.5609777908414]}"
288,10,0.11071744561195374,9.6947603225708,2022-05-15,1344.2642822265625,0,2.0,26.34000015258789,2022-05-15,2022-05-14,36.00503158569336,296.0401916503906,2022-05-16,0.6499999761581421,0.0,2022-05-15,0.35758209228515625,2.0,"{""type"":""Point"",""coordinates"":[93.43202915693001,24.273157889365862]}"
289,10,0.01640479639172554,271.5565490722656,2021-06-22,461.5318603515625,0,13.0,0.0,2021-06-22,2021-06-21,32.17938995361328,301.74761962890625,2021-06-23,32.599998474121094,14.583333015441895,2021-06-22,0.48084449768066406,3.0,"{""type"":""Point"",""coordinates"":[93.07432004782329,26.52467102440814]}"
290,10,0.37714505195617676,160.46693420410156,2019-11-17,884.7120361328125,0,1.0,1.3700000047683716,2019-11-17,2019-11-16,31.27425193786621,292.0343933105469,2019-11-18,0.0,0.0,2019-11-17,0.4481830596923828,1.0,"{""type"":""Point"",""coordinates"":[95.6847807893541,26.742517687158973]}"
291,10,0.1075470894575119,182.40185546875,2020-01-16,3476.544677734375,0,133.0,0.25999999046325684,2020-01-16,2020-01-15,2.9145326614379883,273.9875183105469,2020-01-17,9.789999961853027,22.91666603088379,2020-01-16,0.3492164611816406,1.0,"{""type"":""Point"",""coordinates"":[94.51491218539164,29.258075521992847]}"
292,10,0.08104867488145828,184.8993682861328,2022-07-28,622.0367431640625,0,1.0,31.19999885559082,2022-07-28,2022-07-27,14.84502124786377,300.053466796875,2022-07-29,18.889999389648438,33.33333206176758,2022-07-28,0.40474066138267517,1.0,"{""type"":""Point"",""coordinates"":[93.55974600818118,27.017695205076564]}"
293,20,0.145326629281044,276.18402099609375,2021-05-19,164.94549560546875,0,12.0,22.899999618530273,2021-05-19,2021-05-18,2.801783561706543,303.72222900390625,2021-05-20,25.829999923706055,27.08333396911621,2021-05-19,0.3914553225040436,2.0,"{""type"":""Point"",""coordinates"":[96.47546803246513,23.165319557747093]}"
294,80,-0.06470707058906555,-0.0,2022-11-19,0.0,0,0.0,0.0,2022-11-19,2022-11-18,0.0,0.0,2022-11-20,0.14000000059604645,0.0,2022-11-19,0.0,0.0,"{""type"":""Point"",""coordinates"":[89.61221794655987,21.60004197085089]}"
295,10,0.13966979086399078,102.70904541015625,2021-02-20,2553.1552734375,0,1.0,7.039999961853027,2021-02-20,2021-02-19,22.789363861083984,281.2665100097656,2021-02-21,1.3700000047683716,0.0,2021-02-20,0.3866049349308014,1.0,"{""type"":""Point"",""coordinates"":[90.20073799965107,27.14728214710017]}"
296,80,-0.07793258130550385,102.51788330078125,2023-04-08,2.5664496421813965,0,0.0,0.0,2023-04-08,2023-04-07,0.15425775945186615,0.0,2023-04-09,0.0,0.0,2023-04-08,0.0,0.0,"{""type"":""Point"",""coordinates"":[90.68897124416118,22.746810656458322]}"
297,100,-0.029119975864887238,216.90277099609375,2022-07-23,4307.29296875,0,2.0,9.139999389648438,2022-07-23,2022-07-22,32.19664001464844,284.2032470703125,2022-07-24,3.0899999141693115,6.25,2022-07-23,0.422821044921875,2.0,"{""type"":""Point"",""coordinates"":[97.17396319600257,28.32709094332849]}"
298,10,0.6279702186584473,319.6947326660156,2021-12-05,21.85567283630371,0,6.0,8.619999885559082,2021-12-05,2021-12-04,7.975866317749023,295.0119934082031,2021-12-06,19.329999923706055,31.25,2021-12-05,0.21078045666217804,1.0,"{""type"":""Point"",""coordinates"":[91.97175213175608,25.000252746258724]}"
299,10,0.5713689923286438,174.67977905273438,2022-03-04,1104.853515625,0,3.0,0.0,2022-03-04,2022-03-03,42.04741287231445,288.4734802246094,2022-03-05,0.0,0.0,2022-03-04,0.25781503319740295,3.0,"{""type"":""Point"",""coordinates"":[93.72209053701143,24.89067015850106]}"
300,10,0.14787431061267853,32.912960052490234,2021-10-02,159.69131469726562,0,2.0,0.8899999856948853,2021-10-02,2021-10-01,5.153526306152344,299.72772216796875,2021-10-03,4.079999923706055,6.25,2021-10-02,0.4594084322452545,2.0,"{""type"":""Point"",""coordinates"":[94.26495415013294,24.00535593684424]}"
301,10,0.33120694756507874,119.76103210449219,2021-05-02,501.0733947753906,0,1.0,86.50299835205078,2021-05-02,2021-05-01,30.998247146606445,293.1697998046875,2021-05-03,29.81999969482422,12.5,2021-05-02,0.32410430908203125,1.0,"{""type"":""Point"",""coordinates"":[89.0211654548088,26.959893023895248]}"
302,80,-0.046541113406419754,-0.0,2020-07-09,0.0,0,0.0,0.0,2020-07-09,2020-07-08,0.0,0.0,2020-07-10,60.59000015258789,54.16666793823242,2020-07-09,0.0,0.0,"{""type"":""Point"",""coordinates"":[90.90533611998295,22.028707156386172]}"
303,40,0.20628321170806885,270.6694641113281,2022-10-24,16.64572525024414,0,2.0,2.429999828338623,2022-10-24,2022-10-23,0.8417603969573975,300.29156494140625,2022-10-25,24.969999313354492,41.66666793823242,2022-10-24,0.2753925323486328,1.0,"{""type"":""Point"",""coordinates"":[88.45467181131511,23.97411257639478]}"
304,40,0.07326678186655045,316.6947021484375,2022-05-11,302.7584533691406,0,2.0,92.58000183105469,2022-05-11,2022-05-10,12.011093139648438,297.935791015625,2022-05-12,64.04000091552734,41.66666793823242,2022-05-11,0.47375741600990295,2.0,"{""type"":""Point"",""coordinates"":[97.23035151373499,25.40046285805472]}"
305,40,0.3703840970993042,281.4967956542969,2019-12-09,9.07051944732666,0,22.0,0.0,2019-12-09,2019-12-08,0.6749414205551147,295.3201904296875,2019-12-10,0.0,0.0,2019-12-09,0.2360871583223343,22.0,"{""type"":""Point"",""coordinates"":[89.37438662125204,23.71961978060328]}"
306,30,0.07179003953933716,50.05561065673828,2019-10-17,5155.26708984375,0,10.0,0.0,2019-10-17,2019-10-16,3.9508345127105713,276.9853820800781,2019-10-18,0.0,0.0,2019-10-17,0.3165264129638672,10.0,"{""type"":""Point"",""coordinates"":[88.4535128943,29.438347281526898]}"
307,10,0.8368111848831177,349.6851501464844,2021-12-28,1185.9461669921875,0,179.0,0.0,2021-12-28,2021-12-27,21.405786514282227,280.92828369140625,2021-12-29,0.2199999988079071,0.0,2021-12-28,0.3563753664493561,179.0,"{""type"":""Point"",""coordinates"":[90.1869433135471,27.021735251326305]}"
308,40,0.1217709556221962,240.7039031982422,2022-11-01,54.80393981933594,0,27.0,0.0,2022-11-01,2022-10-31,0.3924126923084259,295.8857421875,2022-11-02,0.0010000000474974513,0.0,2022-11-01,0.42828813195228577,27.0,"{""type"":""Point"",""coordinates"":[92.2981281949642,26.1880862219575]}"
309,80,-0.034220144152641296,-0.0,2019-08-07,0.0,0,0.0,0.0,2019-08-07,2019-08-06,0.0,302.9102478027344,2019-08-08,34.21999740600586,45.83333206176758,2019-08-07,0.2325916290283203,0.0,"{""type"":""Point"",""coordinates"":[90.68178035774558,22.795921477686075]}"
310,30,0.09298592805862427,121.10258483886719,2019-11-13,1156.284423828125,0,2.0,0.0,2019-11-13,2019-11-12,18.11084747314453,291.577880859375,2019-11-14,0.0,0.0,2019-11-13,0.48036447167396545,2.0,"{""type"":""Point"",""coordinates"":[93.91040992839262,25.043748958091275]}"
311,80,-0.08167548477649689,-0.0,2023-04-09,0.0,0,1.0,0.0,2023-04-09,2023-04-08,0.0,0.0,2023-04-10,0.0,0.0,2023-04-09,0.0,1.0,"{""type"":""Point"",""coordinates"":[90.61700392106235,22.968390512540203]}"
312,40,0.219298854470253,287.4198913574219,2022-10-25,5.141325950622559,0,1.0,99.27999877929688,2022-10-25,2022-10-24,1.3634806871414185,296.517333984375,2022-10-26,0.009999999776482582,0.0,2022-10-25,0.43014654517173767,1.0,"{""type"":""Point"",""coordinates"":[88.85196726829315,23.12100220731315]}"
313,10,0.09077691286802292,260.0865783691406,2022-03-10,3685.45361328125,0,351.0,382.5899963378906,2022-03-10,2022-03-09,43.316410064697266,271.6640625,2022-03-11,0.0,0.0,2022-03-10,0.3315563201904297,351.0,"{""type"":""Point"",""coordinates"":[97.15768518978113,28.761644265626153]}"
314,50,0.30623477697372437,55.1270751953125,2019-10-09,110.51487731933594,0,1.0,0.0,2019-10-09,2019-10-08,0.2774103283882141,301.26507568359375,2019-10-10,0.0,0.0,2019-10-09,0.4574190676212311,1.0,"{""type"":""Point"",""coordinates"":[95.92253659058397,21.672050619045717]}"
315,10,0.8005450367927551,359.8272705078125,2019-02-05,557.85400390625,0,1.0,0.0,2019-02-05,2019-02-04,37.20520782470703,290.3987121582031,2019-02-06,0.0,0.0,2019-02-05,0.24110984802246094,1.0,"{""type"":""Point"",""coordinates"":[96.2966126751576,25.36514136274632]}"
316,10,0.32097554206848145,46.31846237182617,2020-01-31,87.34264373779297,0,2.0,0.0,2020-01-31,2020-01-30,1.174004316329956,290.29351806640625,2020-02-01,0.0,0.0,2020-01-31,0.20074208080768585,2.0,"{""type"":""Point"",""coordinates"":[89.45130767235452,26.61808340908793]}"
317,10,0.5762180685997009,27.404773712158203,2021-10-05,2228.344482421875,0,1.0,8.869999885559082,2021-10-05,2021-10-04,23.995996475219727,285.5708923339844,2021-10-06,0.4399999976158142,0.0,2021-10-05,0.4276847839355469,1.0,"{""type"":""Point"",""coordinates"":[89.73171983492313,27.11059392218175]}"
318,10,0.7380583882331848,256.3202209472656,2023-02-06,708.3827514648438,0,4.0,0.0,2023-02-06,2023-02-05,27.014995574951172,289.29608154296875,2023-02-07,0.0,0.0,2023-02-06,0.15061886608600616,1.0,"{""type"":""Point"",""coordinates"":[92.81730212951469,23.573370349542028]}"
319,10,0.20537331700325012,147.56617736816406,2022-09-30,142.63427734375,0,12.0,0.0,2022-09-30,2022-09-29,7.693699836730957,299.937255859375,2022-10-01,0.0,0.0,2022-09-30,0.3832785189151764,12.0,"{""type"":""Point"",""coordinates"":[97.39861131770901,25.313194314714654]}"
320,10,0.8285260796546936,294.97998046875,2021-01-30,117.31816101074219,0,14.0,0.0,2021-01-30,2021-01-29,5.390610694885254,291.98614501953125,2021-01-31,0.0,0.0,2021-01-30,0.22269439697265625,14.0,"{""type"":""Point"",""coordinates"":[96.68661939864812,24.845365887160185]}"
321,40,0.3312358856201172,194.11346435546875,2019-12-03,33.29608917236328,0,9.0,0.0,2019-12-03,2019-12-02,2.799551486968994,294.3624267578125,2019-12-04,0.0,0.0,2019-12-03,0.33080926537513733,9.0,"{""type"":""Point"",""coordinates"":[91.34602397957222,23.422122458405703]}"
322,20,0.07747790217399597,197.77304077148438,2021-10-06,820.9044189453125,0,2.0,19.579999923706055,2021-10-06,2021-10-05,22.394432067871094,295.76678466796875,2021-10-07,0.6499999761581421,0.0,2021-10-06,0.4649251401424408,1.0,"{""type"":""Point"",""coordinates"":[93.71803891351796,24.35897466975347]}"
323,10,0.06398475170135498,151.80328369140625,2020-08-10,1879.2744140625,0,6.0,61.05999755859375,2020-08-10,2020-08-09,31.863975524902344,288.5779113769531,2020-08-11,25.849998474121094,41.66666793823242,2020-08-10,0.4291330873966217,1.0,"{""type"":""Point"",""coordinates"":[89.55056972506539,27.07275618802723]}"
324,40,0.11038033664226532,242.75576782226562,2023-10-20,208.7751007080078,0,18.0,0.0,2023-10-20,2023-10-19,1.7392666339874268,297.96917724609375,2023-10-21,0.0,0.0,2023-10-20,0.42424774169921875,18.0,"{""type"":""Point"",""coordinates"":[96.19840750168022,24.32319956669646]}"
325,10,0.011550541035830975,170.14935302734375,2020-07-25,8.860286712646484,0,18.0,286.1999816894531,2020-07-25,2020-07-24,2.1916048526763916,301.4691467285156,2020-07-26,0.0,0.0,2020-07-25,0.4006989896297455,18.0,"{""type"":""Point"",""coordinates"":[91.11340572093802,23.62628946379486]}"
326,10,0.08011113107204437,40.77067184448242,2022-04-16,75.3840103149414,0,6.0,130.44000244140625,2022-04-16,2022-04-15,15.598681449890137,302.9025573730469,2022-04-17,0.0,0.0,2022-04-16,0.1333891600370407,6.0,"{""type"":""Point"",""coordinates"":[92.20562750521545,22.142357650116562]}"
327,10,0.255519837141037,110.45886993408203,2020-02-29,117.70601654052734,0,18.0,0.0,2020-02-29,2020-02-28,1.6073033809661865,292.2935485839844,2020-03-01,0.0,0.0,2020-02-29,0.27490678429603577,8.0,"{""type"":""Point"",""coordinates"":[88.5452024738031,26.70987817831479]}"
328,40,0.5897203087806702,208.94149780273438,2023-11-15,9.084354400634766,0,3.0,0.9599999785423279,2023-11-15,2023-11-14,0.42597496509552,298.42578125,2023-11-16,0.0,0.0,2023-11-15,0.1662464141845703,3.0,"{""type"":""Point"",""coordinates"":[88.15701598195464,22.881798838371683]}"
329,10,0.15380001068115234,262.38555908203125,2021-06-03,19.67580795288086,0,2.0,0.0,2021-06-03,2021-06-02,2.8598475456237793,302.4458923339844,2021-06-04,7.960000038146973,10.416666984558105,2021-06-03,0.38926759362220764,2.0,"{""type"":""Point"",""coordinates"":[88.90635255843702,25.068917019061217]}"
330,40,0.5810443758964539,70.68849182128906,2020-03-21,77.2898178100586,0,4.0,2.8999998569488525,2020-03-21,2020-03-20,0.9100603461265564,296.3607177734375,2020-03-22,20.260000228881836,20.83333396911621,2020-03-21,0.20017178356647491,1.0,"{""type"":""Point"",""coordinates"":[89.02984205799058,26.612742786480773]}"
331,60,0.22473281621932983,329.5671081542969,2021-10-14,14.688774108886719,0,2.0,0.0,2021-10-14,2021-10-13,1.9270461797714233,302.4247741699219,2021-10-15,1.5999999046325684,2.0833332538604736,2021-10-14,0.32945695519447327,1.0,"{""type"":""Point"",""coordinates"":[89.26656375373103,23.828551196030965]}"
332,40,0.05212157219648361,84.2816162109375,2021-05-23,73.30366516113281,0,1.0,4.0,2021-05-23,2021-05-22,0.23166035115718842,301.1611328125,2021-05-24,0.0,0.0,2021-05-23,0.448956161737442,1.0,"{""type"":""Point"",""coordinates"":[93.58608462367108,26.81267377107874]}"
333,60,0.06229646876454353,28.05333709716797,2019-08-27,4288.00927734375,0,226.0,0.0,2019-08-27,2019-08-26,14.86643123626709,286.0957336425781,2019-08-28,0.0,0.0,2019-08-27,0.38254356384277344,226.0,"{""type"":""Point"",""coordinates"":[89.91575780272075,28.84189664372504]}"
334,80,0.030981170013546944,-0.0,2021-12-15,0.0,0,0.0,0.0,2021-12-15,2021-12-14,0.0,0.0,2021-12-16,0.0,0.0,2021-12-15,0.0,0.0,"{""type"":""Point"",""coordinates"":[91.2953788446391,22.636314466560087]}"
335,95,0.46462154388427734,128.61683654785156,2021-11-19,5.519856929779053,0,1.0,0.0,2021-11-19,2021-11-18,0.8753824830055237,296.44427490234375,2021-11-20,0.07999999821186066,0.0,2021-11-19,0.32270050048828125,1.0,"{""type"":""Point"",""coordinates"":[89.34630357303149,21.983651472143478]}"
336,40,0.021147364750504494,90.81981658935547,2020-09-14,20.878007888793945,0,7.0,501.1300048828125,2020-09-14,2020-09-13,0.8486065864562988,301.5901184082031,2020-09-15,9.949999809265137,18.75,2020-09-14,0.41650834679603577,7.0,"{""type"":""Point"",""coordinates"":[89.82659988438007,25.15348721564718]}"
337,60,0.013144784606993198,200.08966064453125,2021-09-30,4896.11767578125,0,5.0,0.0,2021-09-30,2021-09-29,18.934368133544922,281.44610595703125,2021-10-01,0.0,0.0,2021-09-30,0.34915098547935486,5.0,"{""type"":""Point"",""coordinates"":[88.98222986136646,28.30724604732342]}"
338,40,0.12501493096351624,14.682271957397461,2021-04-09,86.59378051757812,0,10.0,1.440000057220459,2021-04-09,2021-04-08,2.604830026626587,297.95953369140625,2021-04-10,0.0,0.0,2021-04-09,0.29262861609458923,1.0,"{""type"":""Point"",""coordinates"":[93.54579427779618,26.879702077315674]}"
339,40,0.018354788422584534,334.332763671875,2020-09-05,11.783656120300293,0,134.0,0.8899999856948853,2020-09-05,2020-09-04,0.33068525791168213,302.5705261230469,2020-09-06,2.0899999141693115,4.166666507720947,2020-09-05,0.3626441955566406,1.0,"{""type"":""Point"",""coordinates"":[90.3465593172182,25.085583350122526]}"
340,10,0.07290094345808029,276.7638244628906,2022-10-25,2974.920654296875,0,1.0,123.16999816894531,2022-10-25,2022-10-24,32.5349006652832,283.53253173828125,2022-10-26,157.55999755859375,50.0,2022-10-25,0.39738401770591736,1.0,"{""type"":""Point"",""coordinates"":[96.0009842667731,28.723750883348238]}"
341,10,0.510785698890686,75.88642883300781,2022-12-03,1090.400146484375,0,8.0,0.0,2022-12-03,2022-12-02,24.706205368041992,283.7532043457031,2022-12-04,0.0,0.0,2022-12-03,0.40026792883872986,6.0,"{""type"":""Point"",""coordinates"":[88.46203656312514,27.363584585088823]}"
342,10,0.383750855922699,279.9916687011719,2023-12-20,758.545166015625,0,23.0,0.0,2023-12-20,2023-12-19,32.19593048095703,286.8932800292969,2023-12-21,0.0,0.0,2023-12-20,0.4317359924316406,1.0,"{""type"":""Point"",""coordinates"":[94.26293044245445,25.91826273469506]}"
343,40,0.6235344409942627,123.7412338256836,2019-03-20,19.681346893310547,0,4.0,0.0,2019-03-20,2019-03-19,0.488518625497818,297.9195556640625,2019-03-21,0.0,0.0,2019-03-20,0.23469097912311554,4.0,"{""type"":""Point"",""coordinates"":[88.605003129314,24.888857684039444]}"
344,40,0.037849679589271545,56.69386672973633,2019-06-15,780.4718017578125,0,6.0,162.72000122070312,2019-06-15,2019-06-14,0.5256557464599609,296.6127624511719,2019-06-16,33.07999801635742,25.0,2019-06-15,0.49437713623046875,3.0,"{""type"":""Point"",""coordinates"":[93.94540384445736,24.86975346387716]}"
345,10,0.18314696848392487,217.5274200439453,2021-10-07,212.1879425048828,0,1.0,0.0,2021-10-07,2021-10-06,5.8261542320251465,299.5545654296875,2021-10-08,0.0,0.0,2021-10-07,0.46405982971191406,1.0,"{""type"":""Point"",""coordinates"":[96.4949377395472,23.268869931525717]}"
346,60,0.07782769203186035,110.77269744873047,2022-12-24,4746.15771484375,0,94.0,0.0,2022-12-24,2022-12-23,6.2234086990356445,270.3796081542969,2022-12-25,0.0,0.0,2022-12-24,0.17219989001750946,2.0,"{""type"":""Point"",""coordinates"":[89.09147301245723,28.50222841569707]}"
347,10,0.4646945297718048,206.6291961669922,2023-01-29,412.1173095703125,0,2.0,0.0,2023-01-29,2023-01-28,23.041746139526367,291.827392578125,2023-01-30,0.0,0.0,2023-01-29,0.285919189453125,2.0,"{""type"":""Point"",""coordinates"":[93.64744413752288,26.50786098147759]}"
348,80,-0.011544699780642986,-0.0,2023-11-22,0.0,0,0.0,0.0,2023-11-22,2023-11-21,0.0,0.0,2023-11-23,0.0,0.0,2023-11-22,0.0,0.0,"{""type"":""Point"",""coordinates"":[90.69786997057524,21.733681862105605]}"
349,30,0.12306829541921616,245.98963928222656,2021-03-15,4307.64111328125,0,31.0,131.75,2021-03-15,2021-03-14,24.655132293701172,271.37518310546875,2021-03-16,1.7799999713897705,0.0,2021-03-15,0.3822460174560547,31.0,"{""type"":""Point"",""coordinates"":[93.12326909524286,28.829889238751193]}"
350,40,0.6363945603370667,100.77301025390625,2019-02-20,11.360977172851562,0,3.0,0.0,2019-02-20,2019-02-19,0.48029595613479614,297.9890441894531,2019-02-21,0.0,0.0,2019-02-20,0.1528352051973343,3.0,"{""type"":""Point"",""coordinates"":[88.28119048675728,23.152826229794726]}"
351,10,-0.006212806329131126,331.95965576171875,2022-06-30,264.3414001464844,0,10.0,77.19999694824219,2022-06-30,2022-06-29,15.574202537536621,299.544677734375,2022-07-01,17.520000457763672,29.16666603088379,2022-06-30,0.46866416931152344,10.0,"{""type"":""Point"",""coordinates"":[95.19401577372459,23.81198247855823]}"
352,30,-0.028788737952709198,170.88409423828125,2019-02-26,5313.5439453125,0,4.0,0.0,2019-02-26,2019-02-25,9.097979545593262,263.40960693359375,2019-02-27,0.0,0.0,2019-02-26,0.29705810546875,4.0,"{""type"":""Point"",""coordinates"":[88.24603643972584,27.92779894118669]}"
353,10,0.059623122215270996,19.66730308532715,2022-08-14,117.47846984863281,0,2.0,325.41998291015625,2022-08-14,2022-08-13,19.22761344909668,301.26409912109375,2022-08-15,12.229999542236328,12.5,2022-08-14,0.46394094824790955,2.0,"{""type"":""Point"",""coordinates"":[90.41844524225881,25.84803421434477]}"
354,40,0.032641250640153885,229.6260528564453,2020-05-11,5.34502649307251,0,137.0,1.5499999523162842,2020-05-11,2020-05-10,0.11566723138093948,303.22796630859375,2020-05-12,0.009999999776482582,0.0,2020-05-11,0.360931396484375,1.0,"{""type"":""Point"",""coordinates"":[90.13812592922264,23.277017342097906]}"
355,10,0.19002074003219604,242.85362243652344,2020-02-05,1247.3887939453125,0,8.0,0.5600000023841858,2020-02-05,2020-02-04,42.68288040161133,283.2916564941406,2020-02-06,0.029999999329447746,0.0,2020-02-05,0.3747730255126953,8.0,"{""type"":""Point"",""coordinates"":[94.92782891944263,26.316114421418824]}"
356,10,0.15464213490486145,224.63951110839844,2019-03-22,17.949050903320312,0,1.0,0.0,2019-03-22,2019-03-21,1.8703943490982056,300.18878173828125,2019-03-23,0.0,0.0,2019-03-22,0.14763259887695312,1.0,"{""type"":""Point"",""coordinates"":[89.98026865807785,24.899441952625505]}"
357,40,-0.013711461797356606,80.57837677001953,2021-08-21,786.7857666015625,0,106.0,1564.5599365234375,2021-08-21,2021-08-20,0.5885586738586426,296.150634765625,2021-08-22,2.180000066757202,4.166666507720947,2021-08-21,0.44903501868247986,106.0,"{""type"":""Point"",""coordinates"":[93.81939961842873,24.813451503237186]}"
358,10,0.008007478900253773,180.9004669189453,2021-06-14,1619.7939453125,0,6.0,600.7799682617188,2021-06-14,2021-06-13,46.31927490234375,294.6482238769531,2021-06-15,0.0,0.0,2021-06-14,0.405017226934433,6.0,"{""type"":""Point"",""coordinates"":[95.5805451722397,28.366246486890372]}"
359,80,-0.019470535218715668,-0.0,2022-09-24,0.0,0,5.0,21.939998626708984,2022-09-24,2022-09-23,0.0,0.0,2022-09-25,15.079999923706055,20.83333396911621,2022-09-24,0.0,2.0,"{""type"":""Point"",""coordinates"":[91.2777088721336,22.595609982103188]}"
360,10,0.0473676472902298,56.17250061035156,2019-07-08,1144.3662109375,0,5.0,87.20999908447266,2019-07-08,2019-07-07,25.351665496826172,298.7225341796875,2019-07-09,33.279998779296875,31.25,2019-07-08,0.4854818880558014,3.0,"{""type"":""Point"",""coordinates"":[94.29739894482609,26.124399894780257]}"
361,10,0.5412551760673523,295.20062255859375,2021-04-21,11.996607780456543,0,6.0,0.0,2021-04-21,2021-04-20,3.1579294204711914,305.57916259765625,2021-04-22,62.099998474121094,20.83333396911621,2021-04-21,0.16049957275390625,6.0,"{""type"":""Point"",""coordinates"":[89.59461591125448,24.16918413789862]}"
362,60,0.0997323989868164,239.4596405029297,2020-10-06,4255.064453125,0,12.0,0.0,2020-10-06,2020-10-05,30.77276611328125,282.5390625,2020-10-07,0.0,0.0,2020-10-06,0.3717447817325592,1.0,"{""type"":""Point"",""coordinates"":[89.47505801954043,28.921598931218348]}"
363,10,0.2694518566131592,28.477794647216797,2020-02-18,1925.5740966796875,0,3.0,0.0,2020-02-18,2020-02-17,25.579444885253906,284.3204040527344,2020-02-19,0.0,0.0,2020-02-18,0.4001859128475189,2.0,"{""type"":""Point"",""coordinates"":[88.42439136865134,27.213906191583973]}"
364,10,0.09321542829275131,332.76007080078125,2020-03-15,1510.228759765625,0,1.0,5.119999885559082,2020-03-15,2020-03-14,30.39745330810547,287.5150451660156,2020-03-16,2.819999933242798,6.25,2020-03-15,0.42352041602134705,1.0,"{""type"":""Point"",""coordinates"":[93.61907475822056,27.26224227893047]}"
365,10,0.02828749641776085,174.22286987304688,2021-03-29,3278.6806640625,0,1.0,0.0,2021-03-29,2021-03-28,24.913984298706055,274.7565612792969,2021-03-30,0.0,0.0,2021-03-29,0.4094168245792389,1.0,"{""type"":""Point"",""coordinates"":[95.88204602320054,29.109430648418037]}"
366,10,0.27726560831069946,330.1029968261719,2021-12-29,188.3365936279297,0,11.0,0.0,2021-12-29,2021-12-28,3.6495871543884277,289.87451171875,2021-12-30,0.0,0.0,2021-12-29,0.3403892517089844,11.0,"{""type"":""Point"",""coordinates"":[97.06200549667041,23.682365621458423]}"
367,60,0.017131933942437172,313.7710876464844,2022-06-02,241.1454315185547,0,8.0,3.7039999961853027,2022-06-02,2022-06-01,6.88538122177124,301.410888671875,2022-06-03,6.169999599456787,10.416666984558105,2022-06-02,0.4555244445800781,2.0,"{""type"":""Point"",""coordinates"":[95.12054998999513,23.058399872962106]}"
368,10,0.3061918020248413,20.51296043395996,2019-09-25,245.81109619140625,0,1.0,0.20999999344348907,2019-09-25,2019-09-24,15.266603469848633,298.7581787109375,2019-09-26,5.859999656677246,4.166666507720947,2019-09-25,0.44731268286705017,1.0,"{""type"":""Point"",""coordinates"":[96.14873667629081,23.094864742262757]}"
369,30,0.0036653627175837755,307.28509521484375,2023-09-13,220.07073974609375,0,2.0,30.619998931884766,2023-09-13,2023-09-12,3.405301570892334,299.7093505859375,2023-09-14,95.16999816894531,41.66666793823242,2023-09-13,0.47616514563560486,1.0,"{""type"":""Point"",""coordinates"":[96.08791924753997,25.533100111270464]}"
370,10,0.43950986862182617,141.536865234375,2022-11-05,214.84523010253906,0,9.0,0.0,2022-11-05,2022-11-04,3.0695769786834717,292.8759765625,2022-11-06,0.0,0.0,2022-11-05,0.36379560828208923,9.0,"{""type"":""Point"",""coordinates"":[96.21822572556849,26.702936001936138]}"
371,60,0.011754360049962997,278.15380859375,2021-06-30,5439.607421875,0,17.0,1215.3299560546875,2021-06-30,2021-06-29,10.874039649963379,280.3471984863281,2021-07-01,85.9000015258789,45.83333206176758,2021-06-30,0.3324209749698639,17.0,"{""type"":""Point"",""coordinates"":[92.52870347680503,28.039739770472547]}"
372,10,-0.02181592769920826,68.31462860107422,2022-06-27,16.4003963470459,0,2.0,4.670000076293945,2022-06-27,2022-06-26,2.4942212104797363,302.1967468261719,2022-06-28,7.429999828338623,12.5,2022-06-27,0.3972676694393158,1.0,"{""type"":""Point"",""coordinates"":[91.79975918695834,24.465547450870602]}"
373,60,0.0661170482635498,217.93064880371094,2023-11-28,5213.7724609375,0,3.0,0.0,2023-11-28,2023-11-27,15.467950820922852,270.0786437988281,2023-11-29,0.0,0.0,2023-11-28,0.3758303225040436,2.0,"{""type"":""Point"",""coordinates"":[90.86690982209454,28.565257139991875]}"
374,30,-0.030995840206742287,234.6128387451172,2023-04-11,4589.56591796875,0,4.0,7.039999961853027,2023-04-11,2023-04-10,27.397003173828125,277.2154235839844,2023-04-12,5.859999656677246,4.166666507720947,2023-04-11,0.4029146730899811,4.0,"{""type"":""Point"",""coordinates"":[93.83857913318425,29.276567654514363]}"
375,40,0.2940533757209778,166.01918029785156,2019-03-10,42.199642181396484,0,3.0,0.0,2019-03-10,2019-03-09,3.7352077960968018,294.0717468261719,2019-03-11,0.0,0.0,2019-03-10,0.34711265563964844,1.0,"{""type"":""Point"",""coordinates"":[90.92431790217242,26.275700051088744]}"
376,10,0.8892088532447815,149.34805297851562,2020-12-08,480.8890380859375,0,3.0,0.0,2020-12-08,2020-12-07,28.851991653442383,292.8722839355469,2020-12-09,0.0,0.0,2020-12-08,0.28302001953125,3.0,"{""type"":""Point"",""coordinates"":[96.30015954024265,22.08608583168561]}"
377,10,-0.016887536272406578,20.693222045898438,2023-07-22,1840.978759765625,0,1.0,13.869999885559082,2023-07-22,2023-07-21,33.49712371826172,293.94219970703125,2023-07-23,30.93000030517578,22.91666603088379,2023-07-22,0.41408729553222656,1.0,"{""type"":""Point"",""coordinates"":[90.0028327397278,27.09778332384052]}"
378,10,0.4233355224132538,41.8082275390625,2020-10-22,123.51918029785156,0,3.0,0.5699999928474426,2020-10-22,2020-10-21,1.517782211303711,298.99627685546875,2020-10-23,61.03999710083008,47.91666793823242,2020-10-22,0.46402230858802795,3.0,"{""type"":""Point"",""coordinates"":[97.12202880508487,24.051055136333986]}"
379,30,0.33079981803894043,175.95947265625,2023-01-22,154.3185577392578,0,3.0,0.0,2023-01-22,2023-01-21,1.0913666486740112,297.3603820800781,2023-01-23,0.0,0.0,2023-01-22,0.25123152136802673,3.0,"{""type"":""Point"",""coordinates"":[95.36615064739915,21.93406133424124]}"
380,60,0.05542793124914169,224.8580322265625,2020-03-23,4456.466796875,0,10.0,0.0,2020-03-23,2020-03-22,0.5909457206726074,272.92840576171875,2020-03-24,0.1599999964237213,0.0,2020-03-23,0.3032341003417969,1.0,"{""type"":""Point"",""coordinates"":[88.337669981413,28.48529196741671]}"
381,10,0.04962002858519554,256.8966369628906,2021-12-06,3010.39013671875,0,3.0,4.049999713897705,2021-12-06,2021-12-05,45.08515930175781,283.236083984375,2021-12-07,1.090000033378601,0.0,2021-12-06,0.3559182584285736,3.0,"{""type"":""Point"",""coordinates"":[96.70000703785153,27.628631494712767]}"
382,10,0.3957943916320801,6.173635482788086,2020-12-15,191.32113647460938,0,6.0,0.0,2020-12-15,2020-12-14,6.7235331535339355,291.8409423828125,2020-12-16,0.0,0.0,2020-12-15,0.3169657289981842,6.0,"{""type"":""Point"",""coordinates"":[96.51961779634853,25.585173965128995]}"
383,10,0.05775411054491997,258.9248046875,2021-06-14,198.2449951171875,0,1.0,22.18000030517578,2021-06-14,2021-06-13,12.551063537597656,300.6950988769531,2021-06-15,0.0,0.0,2021-06-14,0.3651339113712311,1.0,"{""type"":""Point"",""coordinates"":[92.41464909267071,22.87760532065596]}"
384,60,0.009442334063351154,335.3609313964844,2020-06-22,5208.27734375,0,2.0,0.0,2020-06-22,2020-06-21,4.266994953155518,274.1384582519531,2020-06-23,0.3400000035762787,0.0,2020-06-22,0.4199880063533783,1.0,"{""type"":""Point"",""coordinates"":[88.83944726561583,28.082691065433067]}"
385,40,0.029942648485302925,100.9892349243164,2020-07-23,3.448787212371826,0,1.0,28.92999839782715,2020-07-23,2020-07-22,3.8833987712860107,0.0,2020-07-24,91.08999633789062,60.41666793823242,2020-07-23,0.0,1.0,"{""type"":""Point"",""coordinates"":[90.82013872883773,22.79033780021378]}"
386,60,0.3166297376155853,155.9248809814453,2022-01-07,45.950679779052734,0,1862.0,0.0,2022-01-07,2022-01-06,3.3640143871307373,291.78924560546875,2022-01-08,0.0,0.0,2022-01-07,0.15287208557128906,1.0,"{""type"":""Point"",""coordinates"":[90.82160596100837,26.38670223457589]}"
387,40,0.28980234265327454,193.93344116210938,2019-05-15,24.048629760742188,0,3.0,3.9599997997283936,2019-05-15,2019-05-14,0.17569658160209656,303.7268981933594,2019-05-16,0.4899999797344208,0.0,2019-05-15,0.23370297253131866,3.0,"{""type"":""Point"",""coordinates"":[88.13595279563673,25.27874300456519]}"
388,40,0.06470168381929398,83.71397399902344,2020-03-10,13.838760375976562,0,2.0,0.0,2020-03-10,2020-03-09,1.379232406616211,296.2033996582031,2020-03-11,0.0,0.0,2020-03-10,0.2762521207332611,1.0,"{""type"":""Point"",""coordinates"":[88.14421211383572,23.654898547142164]}"
389,10,0.22054755687713623,115.90036010742188,2023-10-26,112.9830551147461,0,12.0,1.9199999570846558,2023-10-26,2023-10-25,2.226044178009033,297.86322021484375,2023-10-27,6.769999980926514,10.416666984558105,2023-10-26,0.39877191185951233,12.0,"{""type"":""Point"",""coordinates"":[93.87352769606314,26.421528161269478]}"
390,10,0.37658748030662537,89.42771911621094,2021-04-30,9.29295825958252,0,45.0,0.0,2021-04-30,2021-04-29,10.243884086608887,304.2822265625,2021-05-01,35.18000030517578,10.416666984558105,2021-04-30,0.1261138916015625,45.0,"{""type"":""Point"",""coordinates"":[91.95387082545328,22.02027694710454]}"
391,10,0.11830669641494751,341.1673583984375,2022-08-30,372.1214904785156,0,1.0,10.50999927520752,2022-08-30,2022-08-29,27.58829116821289,300.3853454589844,2022-08-31,9.729999542236328,8.333333015441895,2022-08-30,0.48907533288002014,1.0,"{""type"":""Point"",""coordinates"":[96.89064786200326,25.026938025339266]}"
392,10,0.056495584547519684,220.14212036132812,2020-04-30,974.4501953125,0,3.0,79.29000091552734,2020-04-30,2020-04-29,34.41384506225586,290.7983703613281,2020-05-01,5.739999771118164,12.5,2020-04-30,0.3578376770019531,3.0,"{""type"":""Point"",""coordinates"":[88.71417972288783,27.014035835157312]}"
393,30,0.38781026005744934,106.13787841796875,2019-12-14,4579.47509765625,0,2.0,0.0,2019-12-14,2019-12-13,23.71324348449707,271.41326904296875,2019-12-15,0.0,0.0,2019-12-14,0.36260923743247986,2.0,"{""type"":""Point"",""coordinates"":[93.42624687515796,29.311678160595847]}"
394,10,0.14989438652992249,278.9405517578125,2020-08-07,235.26881408691406,0,1.0,20.459999084472656,2020-08-07,2020-08-06,7.664076328277588,301.65667724609375,2020-08-08,39.15999984741211,25.0,2020-08-07,0.42907586693763733,1.0,"{""type"":""Point"",""coordinates"":[96.9118973758293,26.309155881711195]}"
395,10,0.4503154456615448,50.644813537597656,2023-01-10,80.85871887207031,0,8.0,0.0,2023-01-10,2023-01-09,14.853035926818848,289.92041015625,2023-01-11,0.0,0.0,2023-01-10,0.1483936309814453,1.0,"{""type"":""Point"",""coordinates"":[89.35969558707491,26.607806962277344]}"
396,40,0.011794493533670902,133.5557861328125,2022-09-21,19.854854583740234,0,1.0,38.39999771118164,2022-09-21,2022-09-20,0.5707173943519592,301.36492919921875,2022-09-22,1.25,0.0,2022-09-21,0.45514044165611267,1.0,"{""type"":""Point"",""coordinates"":[92.6047056606051,24.65882401267664]}"
397,10,0.12912151217460632,218.71682739257812,2021-06-06,25.77495002746582,0,10.0,528.0999755859375,2021-06-06,2021-06-05,9.141195297241211,299.1319274902344,2021-06-07,21.770000457763672,18.75,2021-06-06,0.42320123314857483,10.0,"{""type"":""Point"",""coordinates"":[91.92002244452539,24.956524065148717]}"
398,40,0.0762985423207283,271.0792541503906,2019-06-20,14.717193603515625,0,73.0,4829.2998046875,2019-06-20,2019-06-19,11.635396003723145,300.4633483886719,2019-06-21,10.039999961853027,8.333333015441895,2019-06-20,0.41736412048339844,70.0,"{""type"":""Point"",""coordinates"":[92.11568550869153,21.800118211265406]}"
399,80,5.560256540775299E-4,-0.0,2020-05-22,56.5,0,3.0,136.739990234375,2020-05-22,2020-05-21,0.0,296.6724548339844,2020-05-23,17.020000457763672,20.83333396911621,2020-05-22,0.4831930696964264,1.0,"{""type"":""Point"",""coordinates"":[92.50018197855219,26.581135729973]}"
400,40,0.008986763656139374,39.5123176574707,2022-05-02,72.71981811523438,0,2.0,0.9860000014305115,2022-05-02,2022-05-01,0.7673595547676086,296.7519226074219,2022-05-03,6.630000114440918,6.25,2022-05-02,0.40003904700279236,1.0,"{""type"":""Point"",""coordinates"":[92.95217303035233,26.75848449226996]}"
401,40,0.17159153521060944,274.03643798828125,2020-06-04,1.89008629322052,0,1.0,6.62999963760376,2020-06-04,2020-06-03,0.17308785021305084,301.6352233886719,2020-06-05,32.30999755859375,20.83333396911621,2020-06-04,0.34784063696861267,1.0,"{""type"":""Point"",""coordinates"":[89.91884444705362,22.200804320370718]}"
402,70,-0.02315414510667324,96.29055786132812,2021-04-21,6211.59716796875,0,2.0,0.0,2021-04-21,2021-04-20,24.378625869750977,265.81353759765625,2021-04-22,0.0,0.0,2021-04-21,0.22786903381347656,1.0,"{""type"":""Point"",""coordinates"":[90.49149497999758,28.162639904188683]}"
403,10,0.09653805196285248,49.98777770996094,2020-05-25,903.94921875,0,3.0,0.0,2020-05-25,2020-05-24,46.68468475341797,297.1233215332031,2020-05-26,1.149999976158142,0.0,2020-05-25,0.30241456627845764,2.0,"{""type"":""Point"",""coordinates"":[93.03066502163477,23.38325013054697]}"
404,30,0.28875601291656494,309.89141845703125,2021-02-26,52.8441047668457,0,1457.0,7663.81982421875,2021-02-26,2021-02-25,0.46287456154823303,295.8209533691406,2021-02-27,2.2100000381469727,4.166666507720947,2021-02-26,0.24662017822265625,1457.0,"{""type"":""Point"",""coordinates"":[90.16497214234367,26.501555526925642]}"
405,40,0.10900291055440903,112.40169525146484,2022-09-27,6.399601936340332,0,4.0,28.439998626708984,2022-09-27,2022-09-26,0.2609715163707733,302.32757568359375,2022-09-28,3.819999933242798,6.25,2022-09-27,0.3857707977294922,4.0,"{""type"":""Point"",""coordinates"":[90.00432490298839,23.99079150428353]}"
406,10,0.5040479302406311,7.788980484008789,2020-12-09,72.27893829345703,0,3.0,0.0,2020-12-09,2020-12-08,0.6675193309783936,298.5695495605469,2020-12-10,0.0,0.0,2020-12-09,0.25504937767982483,3.0,"{""type"":""Point"",""coordinates"":[95.20626012132723,22.03702746218255]}"
407,40,0.02274777740240097,120.22693634033203,2019-06-10,15.721470832824707,0,1.0,4.460000038146973,2019-06-10,2019-06-09,0.6438902020454407,301.7467956542969,2019-06-11,20.60999870300293,18.75,2019-06-10,0.49624189734458923,1.0,"{""type"":""Point"",""coordinates"":[92.60687947392735,24.8971939211815]}"
408,40,0.17013269662857056,137.15255737304688,2023-11-20,7.989894390106201,0,4.0,0.0,2023-11-20,2023-11-19,0.28548550605773926,297.2152404785156,2023-11-21,0.07999999821186066,0.0,2023-11-20,0.38017019629478455,4.0,"{""type"":""Point"",""coordinates"":[91.9222979934084,24.748643368664467]}"
409,10,0.043317582458257675,175.9808807373047,2021-09-27,2.773376226425171,0,1.0,4.259999752044678,2021-09-27,2021-09-26,0.2453552931547165,302.3981018066406,2021-09-28,31.329999923706055,37.5,2021-09-27,0.46903228759765625,1.0,"{""type"":""Point"",""coordinates"":[90.09342095982811,22.119566531707914]}"
410,90,0.3260760009288788,116.10731506347656,2021-12-21,3.3064749240875244,0,29.0,0.0,2021-12-21,2021-12-20,4.347818851470947,291.7591247558594,2021-12-22,0.0,0.0,2021-12-21,0.2534751892089844,2.0,"{""type"":""Point"",""coordinates"":[91.07116752594973,25.10201942940201]}"
411,10,0.08599911630153656,26.755949020385742,2021-04-21,1049.1722412109375,0,3.0,0.0,2021-04-21,2021-04-20,9.140523910522461,297.52691650390625,2021-04-22,0.0,0.0,2021-04-21,0.2650178372859955,3.0,"{""type"":""Point"",""coordinates"":[96.4825041853602,22.313332243354115]}"
412,40,0.33894461393356323,140.31747436523438,2023-03-06,6.4477128982543945,0,12.0,0.0,2023-03-06,2023-03-05,0.7008643746376038,301.0838623046875,2023-03-07,0.0,0.0,2023-03-06,0.1409028321504593,12.0,"{""type"":""Point"",""coordinates"":[90.83467060197349,24.34286845962101]}"
413,40,0.14443252980709076,155.3295135498047,2020-11-06,10.91934585571289,0,11.0,0.0,2020-11-06,2020-11-05,0.5185343027114868,297.5474548339844,2020-11-07,0.0,0.0,2020-11-06,0.3730398714542389,11.0,"{""type"":""Point"",""coordinates"":[91.4686536527114,24.194547436660972]}"
414,40,0.2940085232257843,358.3244323730469,2020-11-29,4.391962051391602,0,27.0,0.0,2020-11-29,2020-11-28,0.047260869294404984,295.8318176269531,2020-11-30,0.0,0.0,2020-11-29,0.1882680207490921,27.0,"{""type"":""Point"",""coordinates"":[88.73671427254423,22.869524019952944]}"
415,80,-0.4105302393436432,-0.0,2020-12-25,0.0,0,0.0,0.0,2020-12-25,2020-12-24,0.0,0.0,2020-12-26,0.0,0.0,2020-12-25,0.0,0.0,"{""type"":""Point"",""coordinates"":[90.20861978416677,21.67664889085971]}"
416,10,0.1913134604692459,161.80734252929688,2022-04-08,317.94219970703125,0,309.0,115.87999725341797,2022-04-08,2022-04-07,44.824222564697266,293.7138366699219,2022-04-09,22.0,25.0,2022-04-08,0.4190349578857422,2.0,"{""type"":""Point"",""coordinates"":[94.59892268436069,27.662683095379922]}"
417,40,0.44398728013038635,40.23041534423828,2019-11-09,40.48114776611328,0,4.0,0.0,2019-11-09,2019-11-08,0.11981124430894852,298.2120361328125,2019-11-10,1.1899999380111694,2.0833332538604736,2019-11-09,0.2538808286190033,4.0,"{""type"":""Point"",""coordinates"":[89.24993539616283,26.11059955285739]}"
418,60,0.019626975059509277,295.50250244140625,2022-10-15,517.2947998046875,0,30.0,1.4799998998641968,2022-10-15,2022-10-14,1.7959784269332886,298.5956115722656,2022-10-16,0.0,0.0,2022-10-15,0.4739341735839844,4.0,"{""type"":""Point"",""coordinates"":[91.14153297529394,25.24135723258129]}"
419,40,0.24733127653598785,89.19605255126953,2023-10-15,120.10083770751953,0,6.0,0.0,2023-10-15,2023-10-14,0.2995656728744507,300.3248596191406,2023-10-16,0.0,0.0,2023-10-15,0.428790420293808,1.0,"{""type"":""Point"",""coordinates"":[95.55115957155583,22.886808398285332]}"
420,40,0.05228664353489876,337.4544372558594,2019-07-07,3.4820406436920166,0,1.0,32.18000030517578,2019-07-07,2019-07-06,0.012175469659268856,301.64190673828125,2019-07-08,44.72999954223633,43.75,2019-07-07,0.3749491274356842,1.0,"{""type"":""Point"",""coordinates"":[90.49941988194519,23.24703001449125]}"
421,10,0.6259410381317139,124.82798767089844,2019-11-21,202.4478302001953,0,2.0,0.0,2019-11-21,2019-11-20,8.628634452819824,293.6290588378906,2019-11-22,0.0,0.0,2019-11-21,0.4072354733943939,2.0,"{""type"":""Point"",""coordinates"":[95.34024827683804,25.34502672687907]}"
422,30,-0.0011479711392894387,281.3087158203125,2023-07-08,4166.80615234375,0,1.0,3.119999885559082,2023-07-08,2023-07-07,24.33125114440918,285.4477233886719,2023-07-09,11.010000228881836,12.5,2023-07-08,0.42436280846595764,1.0,"{""type"":""Point"",""coordinates"":[91.99639995585107,27.54176723862747]}"
423,10,0.1857498735189438,199.08116149902344,2021-11-11,4004.04736328125,0,9.0,0.0,2021-11-11,2021-11-10,36.44709014892578,276.87255859375,2021-11-12,0.0,0.0,2021-11-11,0.3107369840145111,5.0,"{""type"":""Point"",""coordinates"":[97.39913523220166,28.22282421906031]}"
424,10,0.7039713859558105,186.96612548828125,2019-02-07,522.6588134765625,0,9.0,0.0,2019-02-07,2019-02-06,24.34490966796875,292.9128112792969,2019-02-08,0.0,0.0,2019-02-07,0.2619660794734955,9.0,"{""type"":""Point"",""coordinates"":[94.34454799621346,21.66030726590537]}"
425,10,0.015190410427749157,119.99016571044922,2020-05-31,4216.68701171875,0,3.0,34.28999710083008,2020-05-31,2020-05-30,21.076473236083984,278.57501220703125,2020-06-01,1.2899999618530273,2.0833332538604736,2020-05-31,0.4234708249568939,3.0,"{""type"":""Point"",""coordinates"":[92.36704312478015,27.592936627469605]}"
426,40,0.42258286476135254,61.603023529052734,2022-04-12,11.367486953735352,0,23.0,0.0,2022-04-12,2022-04-11,0.5537903904914856,305.9839782714844,2022-04-13,0.0,0.0,2022-04-12,0.17178218066692352,23.0,"{""type"":""Point"",""coordinates"":[88.51376573968467,23.88018391608835]}"
427,10,0.37766334414482117,131.41525268554688,2022-03-09,25.01424217224121,0,1.0,0.0,2022-03-09,2022-03-08,1.895427942276001,298.241943359375,2022-03-10,0.0,0.0,2022-03-09,0.17214202880859375,1.0,"{""type"":""Point"",""coordinates"":[88.09113059941942,25.020473595174252]}"
428,10,0.09762502461671829,295.81787109375,2021-07-01,443.6204833984375,0,18596.0,797396.4375,2021-07-01,2021-06-30,1.7618314027786255,293.483154296875,2021-07-02,10.071999549865723,8.333333015441895,2021-07-01,0.42866262793540955,18596.0,"{""type"":""Point"",""coordinates"":[92.79871704628638,27.30821873223498]}"
429,40,0.032700005918741226,30.720895767211914,2022-07-25,93.32879638671875,0,96.0,2700.47998046875,2022-07-25,2022-07-24,0.3166971802711487,302.384521484375,2022-07-26,22.90999984741211,25.0,2022-07-25,0.4172077178955078,96.0,"{""type"":""Point"",""coordinates"":[95.35895090467112,22.55476900214415]}"
430,80,-0.022040581330657005,-0.0,2019-08-04,0.0,0,0.0,0.0,2019-08-04,2019-08-03,0.0,0.0,2019-08-05,7.759999752044678,10.416666984558105,2019-08-04,0.0,0.0,"{""type"":""Point"",""coordinates"":[90.81935473577924,21.73744925470786]}"
431,40,0.29725754261016846,261.75665283203125,2020-07-05,6.706537246704102,0,2.0,20.06999969482422,2020-07-05,2020-07-04,1.1186946630477905,301.6739807128906,2020-07-06,25.139999389648438,22.91666603088379,2020-07-05,0.4680042266845703,1.0,"{""type"":""Point"",""coordinates"":[91.23737155080045,23.370015932481422]}"
432,10,0.034137796610593796,243.0513458251953,2023-10-09,1008.1546630859375,0,1.0,0.17000000178813934,2023-10-09,2023-10-08,29.5004940032959,298.3236999511719,2023-10-10,16.28999900817871,14.583333015441895,2023-10-09,0.4905783236026764,1.0,"{""type"":""Point"",""coordinates"":[95.93408968677417,26.027304259996573]}"
433,10,0.4561171531677246,25.330610275268555,2023-10-26,1282.4139404296875,0,2.0,59.55999755859375,2023-10-26,2023-10-25,19.51561164855957,290.42181396484375,2023-10-27,4.059999942779541,8.333333015441895,2023-10-26,0.40411314368247986,2.0,"{""type"":""Point"",""coordinates"":[96.93712736859288,27.1932372956958]}"
434,10,0.2246982306241989,338.48699951171875,2020-01-03,197.6940460205078,0,2.0,3.3999998569488525,2020-01-03,2020-01-02,24.171293258666992,293.9573059082031,2020-01-04,2.629999876022339,6.25,2020-01-03,0.3432750701904297,1.0,"{""type"":""Point"",""coordinates"":[96.08716185476113,22.35854754532535]}"
435,10,0.7131768465042114,311.4401550292969,2019-04-25,201.14434814453125,0,1.0,0.0,2019-04-25,2019-04-24,2.5072362422943115,303.8716125488281,2019-04-26,0.0,0.0,2019-04-25,0.2865072786808014,1.0,"{""type"":""Point"",""coordinates"":[96.84443904900263,23.66849599032832]}"
436,10,0.4418548047542572,19.8443546295166,2023-03-04,232.3878173828125,0,4.0,0.0,2023-03-04,2023-03-03,13.9917631149292,299.5335388183594,2023-03-05,0.0,0.0,2023-03-04,0.24884605407714844,4.0,"{""type"":""Point"",""coordinates"":[95.9698749121403,23.329910916856573]}"
437,10,0.1385686695575714,93.45599365234375,2019-08-04,113.50004577636719,0,1.0,14.839999198913574,2019-08-04,2019-08-03,13.207895278930664,300.721435546875,2019-08-05,78.11000061035156,29.16666603088379,2019-08-04,0.3963082730770111,1.0,"{""type"":""Point"",""coordinates"":[91.97821581618383,23.229553299201072]}"
438,40,0.2299962192773819,227.01873779296875,2019-05-09,2.8503355979919434,0,7.0,0.0,2019-05-09,2019-05-08,3.9241528511047363,304.0856628417969,2019-05-10,0.0,0.0,2019-05-09,0.2645956575870514,7.0,"{""type"":""Point"",""coordinates"":[90.17753309470334,23.27386496573904]}"
439,60,0.44097891449928284,16.610612869262695,2023-12-02,101.72188568115234,0,11.0,22.219999313354492,2023-12-02,2023-12-01,1.4923487901687622,297.4007873535156,2023-12-03,0.09999999403953552,0.0,2023-12-02,0.3490409851074219,11.0,"{""type"":""Point"",""coordinates"":[95.85694264956426,21.772974359893684]}"
440,30,0.0303975660353899,67.48143005371094,2021-09-02,4698.9482421875,0,2.0,0.06200000271201134,2021-09-02,2021-09-01,27.067434310913086,287.7210693359375,2021-09-03,2.2699999809265137,2.0833332538604736,2021-09-02,0.414264053106308,1.0,"{""type"":""Point"",""coordinates"":[89.07770535127565,29.046100891103702]}"
441,10,0.19713248312473297,102.78596496582031,2021-08-21,3.6431329250335693,0,14.0,247.9399871826172,2021-08-21,2021-08-20,4.475221633911133,299.7763671875,2021-08-22,0.0,0.0,2021-08-21,0.4210599362850189,14.0,"{""type"":""Point"",""coordinates"":[90.05891382688745,22.83506013307222]}"
442,40,0.45663660764694214,57.408626556396484,2020-04-14,11.595486640930176,0,5.0,0.0,2020-04-14,2020-04-13,5.0812859535217285,305.3524475097656,2020-04-15,0.0,0.0,2020-04-14,0.23599815368652344,5.0,"{""type"":""Point"",""coordinates"":[91.39728128405447,23.223480946651783]}"
443,10,0.18825313448905945,219.69973754882812,2019-01-03,2217.189453125,0,3.0,0.0,2019-01-03,2019-01-02,20.73133087158203,277.73504638671875,2019-01-04,21.260000228881836,12.5,2019-01-03,0.3226509094238281,3.0,"{""type"":""Point"",""coordinates"":[94.23580850633101,28.288181536191907]}"
444,30,0.10651420056819916,144.23684692382812,2021-11-15,4693.2021484375,0,9.0,0.0,2021-11-15,2021-11-14,16.3057861328125,273.18701171875,2021-11-16,0.09999999403953552,0.0,2021-11-15,0.37060990929603577,9.0,"{""type"":""Point"",""coordinates"":[93.41468166541799,28.768271212528113]}"
445,30,0.10128205269575119,348.35955810546875,2020-12-31,4542.2421875,0,6.0,0.0,2020-12-31,2020-12-30,5.704951286315918,269.7671203613281,2021-01-01,0.0,0.0,2020-12-31,0.07825151830911636,6.0,"{""type"":""Point"",""coordinates"":[88.30526093335489,28.363880428968365]}"
446,10,0.28221428394317627,283.53948974609375,2021-10-25,119.86859130859375,0,4.0,0.0,2021-10-25,2021-10-24,3.3786709308624268,299.0678405761719,2021-10-26,0.0,0.0,2021-10-25,0.4249795377254486,1.0,"{""type"":""Point"",""coordinates"":[91.84930863776057,23.246259371933604]}"
447,100,-0.00492917001247406,41.632083892822266,2020-07-23,4018.408935546875,0,1.0,10.90999984741211,2020-07-23,2020-07-22,27.94830894470215,285.84442138671875,2020-07-24,2.1499998569488525,0.0,2020-07-23,0.4266071319580078,1.0,"{""type"":""Point"",""coordinates"":[93.95540589015404,28.55500084688667]}"
448,30,0.07668529450893402,316.6390380859375,2021-06-05,4594.212890625,0,1.0,0.7400000095367432,2021-06-05,2021-06-04,1.8543552160263062,285.0570373535156,2021-06-06,3.869999885559082,4.166666507720947,2021-06-05,0.30397987365722656,1.0,"{""type"":""Point"",""coordinates"":[92.29320409709568,29.405468295873607]}"
449,40,0.017830124124884605,269.5786437988281,2023-05-22,89.4544677734375,0,7.0,146.86000061035156,2023-05-22,2023-05-21,2.791154146194458,299.2601318359375,2023-05-23,0.0,0.0,2023-05-22,0.44688859581947327,7.0,"{""type"":""Point"",""coordinates"":[94.15615900805847,26.62638529019854]}"
450,30,0.058984071016311646,139.76046752929688,2021-09-07,4859.79150390625,0,2.0,35.18000030517578,2021-09-07,2021-09-06,30.540369033813477,283.6833190917969,2021-09-08,0.5999999642372131,0.0,2021-09-07,0.41864141821861267,2.0,"{""type"":""Point"",""coordinates"":[89.92905485414826,28.80290833857015]}"
451,10,0.34324291348457336,186.86846923828125,2019-09-16,106.08080291748047,0,3.0,32.790000915527344,2019-09-16,2019-09-15,5.29647970199585,301.2718200683594,2019-09-17,56.28999710083008,41.66666793823242,2019-09-16,0.49439749121665955,3.0,"{""type"":""Point"",""coordinates"":[94.94648142468051,27.10811442466134]}"
452,30,0.3815959095954895,153.28700256347656,2021-06-04,163.01947021484375,0,270.0,0.0,2021-06-04,2021-06-03,0.660971462726593,300.178955078125,2021-06-05,9.229999542236328,10.416666984558105,2021-06-04,0.3920046389102936,3.0,"{""type"":""Point"",""coordinates"":[88.32424035942387,26.770655532874027]}"
453,10,0.19847828149795532,358.966064453125,2023-03-07,52.43478775024414,0,1.0,0.0,2023-03-07,2023-03-06,2.7447052001953125,299.33734130859375,2023-03-08,0.0,0.0,2023-03-07,0.14291445910930634,1.0,"{""type"":""Point"",""coordinates"":[90.04641287210761,26.242913185564948]}"
454,10,0.6924203038215637,319.1697082519531,2019-11-26,416.3399353027344,0,1.0,0.0,2019-11-26,2019-11-25,2.435516595840454,290.3368225097656,2019-11-27,0.0,0.0,2019-11-26,0.3633136749267578,1.0,"{""type"":""Point"",""coordinates"":[97.3570233604931,27.445232974502336]}"
455,10,0.10809453576803207,2.3444151878356934,2022-01-26,2287.813720703125,0,3.0,0.14000000059604645,2022-01-26,2022-01-25,33.90388107299805,279.4488830566406,2022-01-27,0.6899999976158142,0.0,2022-01-26,0.37809816002845764,1.0,"{""type"":""Point"",""coordinates"":[93.29867776369713,27.290872356274175]}"
456,80,-0.14025013148784637,-0.0,2021-12-24,0.0,0,0.0,0.0,2021-12-24,2021-12-23,0.0,0.0,2021-12-25,0.809999942779541,2.0833332538604736,2021-12-24,0.0,0.0,"{""type"":""Point"",""coordinates"":[90.61858761487844,23.09294843414717]}"
457,10,0.028259633108973503,343.13818359375,2020-04-23,3998.59228515625,0,2.0,5.990000247955322,2020-04-23,2020-04-22,34.93045425415039,278.62811279296875,2020-04-24,1.1100000143051147,2.0833332538604736,2020-04-23,0.42312559485435486,1.0,"{""type"":""Point"",""coordinates"":[90.07025524151852,27.720579739148025]}"
458,30,0.19887252151966095,212.67457580566406,2023-05-05,922.8759765625,0,8.0,17.31999969482422,2023-05-05,2023-05-04,3.2952158451080322,298.7738342285156,2023-05-06,1.3899999856948853,2.0833332538604736,2023-05-05,0.30911192297935486,4.0,"{""type"":""Point"",""coordinates"":[96.57333734403323,21.99156299001942]}"
459,40,0.08568084239959717,358.4977722167969,2022-01-06,15.503840446472168,0,2.0,0.5999999642372131,2022-01-06,2022-01-05,0.12815655767917633,292.7534484863281,2022-01-07,0.0,0.0,2022-01-06,0.1596342772245407,2.0,"{""type"":""Point"",""coordinates"":[89.45589186747179,24.909275135146295]}"
460,10,0.2914580702781677,189.0836639404297,2023-06-27,160.94090270996094,0,3.0,2.0399999618530273,2023-06-27,2023-06-26,1.7871098518371582,300.82684326171875,2023-06-28,0.0,0.0,2023-06-27,0.4789956510066986,3.0,"{""type"":""Point"",""coordinates"":[94.96752297293519,24.360382766645138]}"
461,10,0.07373657077550888,167.32369995117188,2020-09-07,137.23013305664062,0,2.0,30.479999542236328,2020-09-07,2020-09-06,1.5707039833068848,300.23236083984375,2020-09-08,7.409999847412109,14.583333015441895,2020-09-07,0.4945087432861328,2.0,"{""type"":""Point"",""coordinates"":[95.77216075004914,27.735715259290796]}"
462,30,0.17724698781967163,278.670166015625,2021-01-13,5239.7705078125,0,1.0,0.0,2021-01-13,2021-01-12,16.769508361816406,272.33770751953125,2021-01-14,0.0,0.0,2021-01-13,0.30630430579185486,1.0,"{""type"":""Point"",""coordinates"":[89.6091539190982,29.23677100649025]}"
463,30,-0.00931099709123373,189.40916442871094,2022-10-13,3738.5341796875,0,3.0,96.14999389648438,2022-10-13,2022-10-12,18.13640022277832,282.671630859375,2022-10-14,23.03999900817871,20.83333396911621,2022-10-13,0.4282124936580658,3.0,"{""type"":""Point"",""coordinates"":[96.09506605273347,28.788633204898158]}"
464,10,0.4662630558013916,276.1615905761719,2022-11-03,264.2362976074219,0,3.0,0.0,2022-11-03,2022-11-02,13.356180191040039,297.37213134765625,2022-11-04,0.0,0.0,2022-11-03,0.38673529028892517,3.0,"{""type"":""Point"",""coordinates"":[94.58527859782743,22.792866514542066]}"
465,50,0.18617329001426697,46.314918518066406,2021-06-05,10.484733581542969,0,7.0,0.0,2021-06-05,2021-06-04,1.5832200050354004,305.0865783691406,2021-06-06,31.06999969482422,20.83333396911621,2021-06-05,0.3528614044189453,7.0,"{""type"":""Point"",""coordinates"":[88.38376510365553,22.91270121698357]}"
466,10,0.2085244208574295,121.96054077148438,2019-06-19,108.64740753173828,0,3.0,366.1199951171875,2019-06-19,2019-06-18,28.269237518310547,302.7683410644531,2019-06-20,107.44999694824219,33.33333206176758,2019-06-19,0.31474748253822327,3.0,"{""type"":""Point"",""coordinates"":[92.32240497556003,22.6602461709177]}"
467,40,0.3214273154735565,215.746826171875,2019-11-29,12.125226974487305,0,1.0,0.0,2019-11-29,2019-11-28,2.5098657608032227,295.9497375488281,2019-11-30,0.0,0.0,2019-11-29,0.2629305422306061,1.0,"{""type"":""Point"",""coordinates"":[90.62816260893892,24.6139322007425]}"
468,40,0.15989522635936737,258.47900390625,2022-01-06,761.8250732421875,0,900.0,0.0,2022-01-06,2022-01-05,0.8544929027557373,284.8026123046875,2022-01-07,0.0,0.0,2022-01-06,0.2193431854248047,900.0,"{""type"":""Point"",""coordinates"":[93.83883598962765,25.22472035511101]}"
469,10,0.13421662151813507,106.09188079833984,2019-07-12,188.6375732421875,0,2.0,245.72000122070312,2019-07-12,2019-07-11,27.733736038208008,297.6412048339844,2019-07-13,149.1199951171875,72.91666412353516,2019-07-12,0.42783990502357483,1.0,"{""type"":""Point"",""coordinates"":[92.48728524484741,22.61532280605983]}"
470,10,0.5352666974067688,78.82817077636719,2022-11-15,156.33216857910156,0,29.0,0.0,2022-11-15,2022-11-14,18.085649490356445,293.8297119140625,2022-11-16,0.0,0.0,2022-11-15,0.24387995898723602,29.0,"{""type"":""Point"",""coordinates"":[92.6838068784316,22.687711364470307]}"
471,40,0.13632169365882874,41.63800048828125,2022-05-02,169.8004150390625,0,14.0,101.45800018310547,2022-05-02,2022-05-01,0.8379213213920593,297.47467041015625,2022-05-03,11.989999771118164,10.416666984558105,2022-05-02,0.46001943945884705,14.0,"{""type"":""Point"",""coordinates"":[96.48443685087916,25.285670205504747]}"
472,10,0.6243516802787781,343.04437255859375,2021-02-07,485.53778076171875,0,2.0,2.8399999141693115,2021-02-07,2021-02-06,11.629570007324219,290.5899658203125,2021-02-08,0.009999999776482582,0.0,2021-02-07,0.37965330481529236,1.0,"{""type"":""Point"",""coordinates"":[92.66157448665236,25.765745646691165]}"
473,10,0.05242867022752762,312.9393310546875,2020-08-02,1038.444580078125,0,14.0,6.944000244140625,2020-08-02,2020-08-01,28.101499557495117,296.46380615234375,2020-08-03,0.0,0.0,2020-08-02,0.4232196807861328,14.0,"{""type"":""Point"",""coordinates"":[95.0706477571625,28.280330160479746]}"
474,40,0.19485044479370117,96.02061462402344,2020-02-03,13.202849388122559,0,3.0,0.0,2020-02-03,2020-02-02,0.37524574995040894,291.8060607910156,2020-02-04,0.0,0.0,2020-02-03,0.17753982543945312,3.0,"{""type"":""Point"",""coordinates"":[89.49058285418609,24.643007873173353]}"
475,40,0.15382254123687744,27.78223991394043,2021-01-21,3.418846368789673,0,1.0,0.0,2021-01-21,2021-01-20,0.26870590448379517,295.3624267578125,2021-01-22,0.0,0.0,2021-01-21,0.14611117541790009,1.0,"{""type"":""Point"",""coordinates"":[90.55175634307449,23.37811679319699]}"
476,10,0.03833061456680298,202.4237823486328,2020-07-30,483.4391174316406,0,30.0,33.55999755859375,2020-07-30,2020-07-29,32.13353729248047,295.6952209472656,2020-07-31,5.699999809265137,6.25,2020-07-30,0.41915765404701233,4.0,"{""type"":""Point"",""coordinates"":[93.59545998717252,24.71707324182515]}"
477,40,0.16462251543998718,64.89415740966797,2020-02-28,703.9651489257812,0,2.0,0.0,2020-02-28,2020-02-27,7.413923263549805,295.34698486328125,2020-02-29,0.0,0.0,2020-02-28,0.2492949217557907,2.0,"{""type"":""Point"",""coordinates"":[96.67486750046068,22.1346599346075]}"
478,40,0.546651303768158,241.5880126953125,2023-12-14,4.747164726257324,0,213.0,0.0,2023-12-14,2023-12-13,0.7133575081825256,294.3755187988281,2023-12-15,0.0,0.0,2023-12-14,0.2563578188419342,213.0,"{""type"":""Point"",""coordinates"":[91.9881298795677,22.270069268801315]}"
479,10,0.053702566772699356,97.32891082763672,2021-08-03,218.0500030517578,0,4.0,0.0,2021-08-03,2021-08-02,6.438710689544678,299.4868469238281,2021-08-04,2.299999952316284,2.0833332538604736,2021-08-03,0.4699796140193939,4.0,"{""type"":""Point"",""coordinates"":[95.6175771200786,25.363872961494042]}"
480,10,0.727171003818512,169.9204864501953,2019-03-08,237.98660278320312,0,1.0,0.0,2019-03-08,2019-03-07,4.832042217254639,293.7409973144531,2019-03-09,0.0,0.0,2019-03-08,0.404449462890625,1.0,"{""type"":""Point"",""coordinates"":[95.85981895880151,24.10519269688854]}"
481,100,0.04641623795032501,333.8276062011719,2020-10-31,4902.90625,0,1.0,0.0,2020-10-31,2020-10-30,10.483853340148926,277.68988037109375,2020-11-01,0.0,0.0,2020-10-31,0.3853963315486908,1.0,"{""type"":""Point"",""coordinates"":[93.29075143380436,28.71767683782086]}"
482,40,0.03571807220578194,317.1894836425781,2021-08-23,3.1500632762908936,0,1.0,1.6399999856948853,2021-08-23,2021-08-22,1.7651715278625488,302.6810302734375,2021-08-24,12.470000267028809,8.333333015441895,2021-08-23,0.47422346472740173,1.0,"{""type"":""Point"",""coordinates"":[89.74276879635661,22.468132928730586]}"
483,100,0.04201206564903259,76.6448974609375,2021-10-11,4947.4599609375,0,1.0,0.85999995470047,2021-10-11,2021-10-10,26.458919525146484,278.6693115234375,2021-10-12,0.1599999964237213,0.0,2021-10-11,0.2279173582792282,1.0,"{""type"":""Point"",""coordinates"":[92.08946716189695,28.19726675775543]}"
484,30,0.19234676659107208,54.914772033691406,2021-11-11,4697.810546875,0,1.0,0.0,2021-11-11,2021-11-10,9.113905906677246,272.9585876464844,2021-11-12,0.0,0.0,2021-11-11,0.2965151369571686,1.0,"{""type"":""Point"",""coordinates"":[90.22700750080118,29.260862909022002]}"
485,10,0.26881876587867737,146.93814086914062,2020-03-14,194.7212677001953,0,284.0,0.0,2020-03-14,2020-03-13,3.1157686710357666,300.6146545410156,2020-03-15,0.0,0.0,2020-03-14,0.2769451141357422,284.0,"{""type"":""Point"",""coordinates"":[95.7912038004045,23.926751980564156]}"
486,40,0.21195051074028015,343.2535095214844,2023-10-19,86.39490509033203,0,1.0,0.0,2023-10-19,2023-10-18,9.34370231628418,297.08843994140625,2023-10-20,0.0,0.0,2023-10-19,0.3572317659854889,1.0,"{""type"":""Point"",""coordinates"":[92.76041532012299,26.76000285036239]}"
487,40,0.08069218695163727,216.97518920898438,2023-08-12,12.190784454345703,0,3.0,5.309999942779541,2023-08-12,2023-08-11,0.18057654798030853,303.2313537597656,2023-08-13,71.41999816894531,54.16666793823242,2023-08-12,0.40335527062416077,1.0,"{""type"":""Point"",""coordinates"":[89.13769111342039,24.641206850047567]}"
488,10,0.16036397218704224,348.7574462890625,2021-04-23,4071.11767578125,0,2.0,6.960000038146973,2021-04-23,2021-04-22,26.474384307861328,279.2312316894531,2021-04-24,0.0,0.0,2021-04-23,0.41775766015052795,2.0,"{""type"":""Point"",""coordinates"":[91.99253931642207,27.319184119624556]}"
489,40,0.3250640630722046,91.88465118408203,2019-05-24,11.767196655273438,0,6717.0,3490.760009765625,2019-05-24,2019-05-23,0.8180246949195862,300.33013916015625,2019-05-25,41.34000015258789,25.0,2019-05-24,0.4194145202636719,6713.0,"{""type"":""Point"",""coordinates"":[90.25903997225724,24.850508025544467]}"
490,10,0.7262401580810547,174.74916076660156,2021-03-02,229.49855041503906,0,1.0,0.0020000000949949026,2021-03-02,2021-03-01,13.661083221435547,297.10498046875,2021-03-03,0.0,0.0,2021-03-02,0.13846778869628906,1.0,"{""type"":""Point"",""coordinates"":[92.2896945492959,21.550310541163455]}"
491,10,0.2984909415245056,33.1496696472168,2023-03-06,15.945923805236816,0,1.0,0.0,2023-03-06,2023-03-05,0.8338383436203003,301.1302490234375,2023-03-07,0.0,0.0,2023-03-06,0.13261795043945312,1.0,"{""type"":""Point"",""coordinates"":[89.11034844362352,24.098508909174043]}"
492,10,0.1341547966003418,355.478271484375,2023-04-05,716.1790771484375,0,1.0,4.899999618530273,2023-04-05,2023-04-04,30.398509979248047,293.78668212890625,2023-04-06,0.0,0.0,2023-04-05,0.2670072019100189,1.0,"{""type"":""Point"",""coordinates"":[92.8261652928672,23.382191529453227]}"
493,30,0.11528530716896057,341.6875305175781,2021-12-27,4186.03466796875,0,5.0,0.0,2021-12-27,2021-12-26,21.953296661376953,271.9037170410156,2021-12-28,0.0,0.0,2021-12-27,0.3562126159667969,2.0,"{""type"":""Point"",""coordinates"":[97.29436097098659,28.42559012042757]}"
494,10,0.19344401359558105,251.64639282226562,2023-10-11,305.04486083984375,0,1.0,0.0,2023-10-11,2023-10-10,16.33441162109375,299.5997619628906,2023-10-12,0.0,0.0,2023-10-11,0.46823692321777344,1.0,"{""type"":""Point"",""coordinates"":[92.63006719769086,25.961937221218122]}"
495,40,0.017236975952982903,192.2672882080078,2020-05-27,24.596187591552734,0,1.0,223.38999938964844,2020-05-27,2020-05-26,2.389901638031006,298.2254333496094,2020-05-28,67.58000183105469,29.16666603088379,2020-05-27,0.42770448327064514,1.0,"{""type"":""Point"",""coordinates"":[89.72450698415273,25.755906736742844]}"
496,10,-0.00806437898427248,199.9821014404297,2020-07-03,2508.056884765625,0,1.0,4.489999771118164,2020-07-03,2020-07-02,35.716495513916016,293.2391662597656,2020-07-04,47.45000076293945,47.91666793823242,2020-07-03,0.424163818359375,1.0,"{""type"":""Point"",""coordinates"":[88.01547538002382,27.047846309469612]}"
497,10,0.2624439299106598,198.72021484375,2023-12-14,387.33160400390625,0,23.0,0.0,2023-12-14,2023-12-13,13.543469429016113,292.1853332519531,2023-12-15,0.0,0.0,2023-12-14,0.3718128204345703,2.0,"{""type"":""Point"",""coordinates"":[92.36706756771675,23.834621507475376]}"
498,100,1.4886965800542384E-4,2.4812052249908447,2020-08-02,4754.53466796875,0,1.0,5.211999893188477,2020-08-02,2020-08-01,26.307607650756836,281.39886474609375,2020-08-03,45.72999954223633,37.5,2020-08-02,0.41329893469810486,1.0,"{""type"":""Point"",""coordinates"":[91.96949543560616,27.85876240896427]}"
499,10,-0.009819545783102512,227.97769165039062,2022-06-02,3274.316162109375,0,1.0,25.373998641967773,2022-06-02,2022-06-01,27.9931697845459,291.0859375,2022-06-03,47.68000030517578,20.83333396911621,2022-06-02,0.4901631772518158,1.0,"{""type"":""Point"",""coordinates"":[96.54604269625315,27.797062792131893]}"
500,10,0.2408326268196106,197.8800811767578,2021-12-22,2956.033935546875,0,22.0,1.0999999046325684,2021-12-22,2021-12-21,14.685712814331055,274.688720703125,2021-12-23,0.019999999552965164,0.0,2021-12-22,0.3032398223876953,22.0,"{""type"":""Point"",""coordinates"":[90.7835564370248,27.314215484942867]}"
501,60,0.19773109257221222,195.21682739257812,2021-11-04,42.09095001220703,0,1.0,0.0,2021-11-04,2021-11-03,1.0135695934295654,296.68316650390625,2021-11-05,0.0,0.0,2021-11-04,0.2737515866756439,1.0,"{""type"":""Point"",""coordinates"":[88.06793712243807,25.905117738387204]}"
502,80,-0.1639707386493683,-0.0,2022-06-16,4.0,0,2.0,1.7499998807907104,2022-06-16,2022-06-15,0.0,302.6265869140625,2022-06-17,18.639999389648438,27.08333396911621,2022-06-16,0.45317840576171875,1.0,"{""type"":""Point"",""coordinates"":[89.67058292754966,24.134133592935274]}"
503,80,0.001603388343937695,335.5450439453125,2020-03-19,1.514142632484436,0,1.0,0.0,2020-03-19,2020-03-18,0.12528778612613678,301.2732849121094,2020-03-20,0.0,0.0,2020-03-19,0.1400025635957718,1.0,"{""type"":""Point"",""coordinates"":[91.89407472733237,21.669408433824]}"
504,40,0.24152161180973053,188.8625030517578,2019-05-15,105.9703369140625,0,1.0,0.0,2019-05-15,2019-05-14,1.2717230319976807,304.31268310546875,2019-05-16,0.4099999964237213,0.0,2019-05-15,0.25187554955482483,1.0,"{""type"":""Point"",""coordinates"":[96.43232436854977,24.13423768436452]}"
505,10,0.5164272785186768,31.416086196899414,2019-05-14,427.7301330566406,0,1.0,7.289999961853027,2019-05-14,2019-05-13,19.445711135864258,304.90985107421875,2019-05-15,8.09999942779541,8.333333015441895,2019-05-14,0.3081728518009186,1.0,"{""type"":""Point"",""coordinates"":[95.15313105551797,24.128229723698304]}"
506,10,0.029831064864993095,96.8136978149414,2019-09-04,4060.693603515625,0,10.0,7.989999771118164,2019-09-04,2019-09-03,43.70637130737305,286.3138427734375,2019-09-05,3.6999998092651367,2.0833332538604736,2019-09-04,0.4053668975830078,1.0,"{""type"":""Point"",""coordinates"":[93.2375068166899,28.375788876000115]}"
507,10,0.5808212757110596,125.97282409667969,2021-04-15,9.042390823364258,0,1.0,0.0,2021-04-15,2021-04-14,7.376377582550049,306.53448486328125,2021-04-16,0.08999999612569809,0.0,2021-04-15,0.1424999237060547,1.0,"{""type"":""Point"",""coordinates"":[89.26952056435015,22.756646038169592]}"
508,10,0.14005598425865173,86.22472381591797,2021-09-25,1007.906494140625,0,5.0,0.0,2021-09-25,2021-09-24,17.272171020507812,295.73406982421875,2021-09-26,0.0,0.0,2021-09-25,0.4031105041503906,5.0,"{""type"":""Point"",""coordinates"":[93.17294776059371,23.41261778418883]}"
509,100,-0.0020410767756402493,20.869495391845703,2022-09-27,4419.94189453125,0,1.0,4.730000019073486,2022-09-27,2022-09-26,30.369556427001953,284.4241943359375,2022-09-28,2.2100000381469727,0.0,2022-09-27,0.42276063561439514,1.0,"{""type"":""Point"",""coordinates"":[97.42877722418051,28.210758088066534]}"
510,10,0.38500329852104187,14.552451133728027,2023-09-23,1016.3580932617188,0,3.0,16.739999771118164,2023-09-23,2023-09-22,24.583881378173828,291.5910339355469,2023-09-24,5.869999885559082,0.0,2023-09-23,0.4281139373779297,3.0,"{""type"":""Point"",""coordinates"":[92.91026677832393,27.60077008952133]}"
511,10,0.8638589978218079,163.32090759277344,2021-11-25,298.81573486328125,0,5.0,0.0,2021-11-25,2021-11-24,1.2145929336547852,290.4232482910156,2021-11-26,2.7699999809265137,4.166666507720947,2021-11-25,0.3322804868221283,5.0,"{""type"":""Point"",""coordinates"":[96.83180388657152,26.69387569934119]}"
512,10,0.3806888163089752,207.53639221191406,2019-12-05,253.3428955078125,0,13.0,0.0,2019-12-05,2019-12-04,11.61060619354248,290.0561828613281,2019-12-06,0.0,0.0,2019-12-05,0.19846408069133759,1.0,"{""type"":""Point"",""coordinates"":[91.18773744554396,26.809262398858817]}"
513,80,-0.3960329294204712,-0.0,2023-03-08,0.0,0,0.0,0.0,2023-03-08,2023-03-07,0.0,301.9577331542969,2023-03-09,1.5299999713897705,0.0,2023-03-08,0.24805450439453125,0.0,"{""type"":""Point"",""coordinates"":[89.43861418493114,22.339834149268118]}"
514,40,0.32051876187324524,358.1151428222656,2019-01-24,57.40541076660156,0,3.0,0.0,2019-01-24,2019-01-23,0.3059993088245392,292.1392517089844,2019-01-25,0.0,0.0,2019-01-24,0.3078804016113281,1.0,"{""type"":""Point"",""coordinates"":[92.54615119304708,26.263838160807385]}"
515,10,0.13915982842445374,272.7040100097656,2020-10-16,1232.3746337890625,0,1.0,2.2300000190734863,2020-10-16,2020-10-15,34.39854049682617,294.793701171875,2020-10-17,1.8399999141693115,0.0,2020-10-16,0.4611269533634186,1.0,"{""type"":""Point"",""coordinates"":[94.37571908284454,25.831361120508408]}"
516,40,0.05104983597993851,192.0047607421875,2020-07-09,6.000301361083984,0,4.0,21.599998474121094,2020-07-09,2020-07-08,0.2613005042076111,302.13739013671875,2020-07-10,37.87999725341797,29.16666603088379,2020-07-09,0.41201338171958923,4.0,"{""type"":""Point"",""coordinates"":[89.4731079640644,23.43353516614864]}"
517,10,0.1363597959280014,1.7773256301879883,2022-05-04,971.7180786132812,0,3.0,220.8300018310547,2022-05-04,2022-05-03,31.350345611572266,293.42755126953125,2022-05-05,0.28999999165534973,0.0,2022-05-04,0.488110214471817,3.0,"{""type"":""Point"",""coordinates"":[94.09983065091639,25.10033351879299]}"
518,80,-0.03125803917646408,-0.0,2021-03-16,0.0,0,0.0,0.0,2021-03-16,2021-03-15,0.0,302.6595458984375,2021-03-17,0.0,0.0,2021-03-16,0.28420892357826233,0.0,"{""type"":""Point"",""coordinates"":[88.6967826495416,22.077593828981797]}"
519,60,0.03372108191251755,318.4698791503906,2022-01-13,4372.4169921875,0,1366.0,27.31999969482422,2022-01-13,2022-01-12,0.4137844443321228,269.80596923828125,2022-01-14,0.0,0.0,2022-01-13,0.31487464904785156,1366.0,"{""type"":""Point"",""coordinates"":[88.08178436075042,28.177656813381017]}"
520,60,0.09481757879257202,-0.0,2020-04-07,23.0,0,1.0,0.0,2020-04-07,2020-04-06,0.0,303.9254150390625,2020-04-08,0.0,0.0,2020-04-07,0.09685834497213364,1.0,"{""type"":""Point"",""coordinates"":[90.01109190554564,25.89336193673687]}"
521,30,0.2675304710865021,340.96697998046875,2020-04-24,408.822998046875,0,3.0,2.5,2020-04-24,2020-04-23,9.284930229187012,301.75225830078125,2020-04-25,11.0,18.75,2020-04-24,0.26211294531822205,2.0,"{""type"":""Point"",""coordinates"":[94.2064380388335,21.841025805080683]}"
522,40,0.27620333433151245,219.55609130859375,2023-07-12,96.89078521728516,0,2.0,10.239999771118164,2023-07-12,2023-07-11,0.5238338112831116,301.58123779296875,2023-07-13,34.779998779296875,37.5,2023-07-12,0.46404075622558594,1.0,"{""type"":""Point"",""coordinates"":[96.25041376908739,23.78303352124133]}"
523,10,0.356494665145874,209.88153076171875,2021-12-07,776.8458862304688,0,215.0,1145.949951171875,2021-12-07,2021-12-06,17.379539489746094,291.7156066894531,2021-12-08,0.8999999761581421,0.0,2021-12-07,0.33301544189453125,215.0,"{""type"":""Point"",""coordinates"":[96.22082765220621,25.90394741676506]}"
524,40,0.615412712097168,282.3463134765625,2023-11-21,44.34107208251953,0,1.0,0.0,2023-11-21,2023-11-20,5.967920780181885,297.84381103515625,2023-11-22,0.0,0.0,2023-11-21,0.17949676513671875,1.0,"{""type"":""Point"",""coordinates"":[89.85958467070556,25.418738552873105]}"
525,10,0.4293999671936035,272.0152587890625,2023-11-17,150.6503448486328,0,1.0,110.85999298095703,2023-11-17,2023-11-16,15.992008209228516,297.4718933105469,2023-11-18,110.1199951171875,50.0,2023-11-17,0.278778076171875,1.0,"{""type"":""Point"",""coordinates"":[92.11810950668777,23.475929815051305]}"
526,10,0.13514040410518646,269.7994079589844,2021-09-03,159.87852478027344,0,1.0,7.689999580383301,2021-09-03,2021-09-02,5.5290303230285645,299.92230224609375,2021-09-04,7.519999980926514,8.333333015441895,2021-09-03,0.4626706540584564,1.0,"{""type"":""Point"",""coordinates"":[96.26608567979073,21.67328186585804]}"
527,40,0.18569879233837128,104.39192199707031,2019-04-09,29.31247329711914,0,2.0,14.399999618530273,2019-04-09,2019-04-08,0.5395027995109558,297.7491149902344,2019-04-10,14.979999542236328,18.75,2019-04-09,0.3696072995662689,2.0,"{""type"":""Point"",""coordinates"":[89.01591154043047,25.532506197058723]}"
528,10,0.5002992749214172,128.52346801757812,2023-01-06,280.70257568359375,0,141.0,0.0,2023-01-06,2023-01-05,23.44193458557129,289.9696350097656,2023-01-07,0.0,0.0,2023-01-06,0.21494102478027344,1.0,"{""type"":""Point"",""coordinates"":[94.53604745906345,24.045928324830516]}"
529,10,0.8348681926727295,263.35882568359375,2019-12-13,1397.4996337890625,0,1.0,0.0,2019-12-13,2019-12-12,22.313016891479492,287.4352722167969,2019-12-14,0.0,0.0,2019-12-13,0.20653343200683594,1.0,"{""type"":""Point"",""coordinates"":[93.23427825478115,22.866819080049595]}"
530,10,0.3119220733642578,237.63694763183594,2019-04-19,109.11271667480469,0,3.0,0.0,2019-04-19,2019-04-18,6.451878547668457,309.70770263671875,2019-04-20,0.0,0.0,2019-04-19,0.2592519223690033,1.0,"{""type"":""Point"",""coordinates"":[95.9799186128918,21.91639191316375]}"
531,10,-9.44437924772501E-4,335.9185791015625,2022-04-09,1063.4315185546875,0,9.0,18.369998931884766,2022-04-09,2022-04-08,31.155221939086914,288.2114562988281,2022-04-10,0.3199999928474426,0.0,2022-04-09,0.4258384704589844,1.0,"{""type"":""Point"",""coordinates"":[95.54960224356596,28.30786267511308]}"
532,40,0.08601733297109604,72.5103759765625,2022-05-26,3.210108995437622,0,3.0,12.889999389648438,2022-05-26,2022-05-25,0.5452519655227661,302.9483947753906,2022-05-27,34.45000076293945,10.416666984558105,2022-05-26,0.3764839172363281,1.0,"{""type"":""Point"",""coordinates"":[90.88604404342857,23.204698034886185]}"
533,10,0.07987385243177414,140.7339630126953,2021-06-02,41.96187973022461,0,1.0,5.724999904632568,2021-06-02,2021-06-01,1.3477156162261963,300.7041015625,2021-06-03,0.019999999552965164,0.0,2021-06-02,0.40394020080566406,1.0,"{""type"":""Point"",""coordinates"":[89.14245730172107,25.864301224480744]}"
534,40,0.11785977333784103,186.84268188476562,2019-09-23,107.58749389648438,0,9.0,152.6999969482422,2019-09-23,2019-09-22,0.8168438673019409,300.5330505371094,2019-09-24,39.459999084472656,37.5,2019-09-23,0.39570364356040955,5.0,"{""type"":""Point"",""coordinates"":[94.43337501414308,27.49307860294922]}"
535,40,0.3862592577934265,16.68402671813965,2022-10-10,383.30023193359375,0,374.0,1892.43994140625,2022-10-10,2022-10-09,1.6672284603118896,297.3923645019531,2022-10-11,2.9600000381469727,6.25,2022-10-10,0.48834228515625,374.0,"{""type"":""Point"",""coordinates"":[93.82500693677719,25.684746704561395]}"
536,10,0.06496337801218033,341.7730407714844,2023-06-30,743.110107421875,0,5.0,6.479999542236328,2023-06-30,2023-06-29,29.56058120727539,299.02374267578125,2023-07-01,88.51000213623047,33.33333206176758,2023-06-30,0.47904905676841736,3.0,"{""type"":""Point"",""coordinates"":[96.63793699637691,22.07426757559974]}"
537,10,0.16904841363430023,153.95538330078125,2021-03-05,403.79364013671875,0,1.0,0.08999999612569809,2021-03-05,2021-03-04,6.495234489440918,292.5577697753906,2021-03-06,0.04999999701976776,0.0,2021-03-05,0.3471762239933014,1.0,"{""type"":""Point"",""coordinates"":[97.43449871985695,26.27189643477299]}"
538,40,0.1104448214173317,291.0556640625,2019-06-11,7.555051326751709,0,1.0,2.740000009536743,2019-06-11,2019-06-10,0.1393054574728012,300.9251403808594,2019-06-12,3.859999895095825,6.25,2019-06-11,0.46180596947669983,1.0,"{""type"":""Point"",""coordinates"":[91.29311822313484,25.133523494457403]}"
539,40,0.14195989072322845,253.42959594726562,2019-04-19,200.37063598632812,0,3.0,0.0,2019-04-19,2019-04-18,0.7527998089790344,304.7160949707031,2019-04-20,0.0,0.0,2019-04-19,0.2854461669921875,3.0,"{""type"":""Point"",""coordinates"":[95.79331199099771,23.90404714575391]}"
540,10,0.14050115644931793,73.43927001953125,2019-04-03,871.3535766601562,0,1.0,52.59000015258789,2019-04-03,2019-04-02,14.460949897766113,293.81378173828125,2019-04-04,0.29999998211860657,0.0,2019-04-03,0.46545282006263733,1.0,"{""type"":""Point"",""coordinates"":[93.70671994531514,26.378670208077065]}"
541,30,0.1343778371810913,82.60867309570312,2019-01-30,3682.57470703125,0,2.0,0.0,2019-01-30,2019-01-29,4.470542907714844,269.45965576171875,2019-01-31,0.0,0.0,2019-01-30,0.3701407015323639,1.0,"{""type"":""Point"",""coordinates"":[91.82169110692607,29.35842100947436]}"
542,30,0.050791386514902115,182.05628967285156,2019-06-26,5044.0927734375,0,1.0,0.9199999570846558,2019-06-26,2019-06-25,19.468765258789062,288.8111572265625,2019-06-27,0.009999999776482582,0.0,2019-06-26,0.2194703370332718,1.0,"{""type"":""Point"",""coordinates"":[88.96791975281278,28.74470275811883]}"
543,10,0.01882314868271351,282.73858642578125,2019-08-28,748.1969604492188,0,2.0,42.189998626708984,2019-08-28,2019-08-27,7.235701560974121,297.7032165527344,2019-08-29,47.2599983215332,27.08333396911621,2019-08-28,0.4807993471622467,1.0,"{""type"":""Point"",""coordinates"":[97.16709520756851,21.517853394257486]}"
544,40,0.031143669039011,75.8011474609375,2020-01-30,53.135257720947266,0,6.0,0.0,2020-01-30,2020-01-29,0.09550292789936066,291.9477844238281,2020-01-31,0.0,0.0,2020-01-30,0.16221873462200165,6.0,"{""type"":""Point"",""coordinates"":[88.7164565507145,26.088618869945524]}"
545,80,-0.05193272605538368,-0.0,2022-10-20,0.0,0,5.0,0.0,2022-10-20,2022-10-19,0.0,301.0707702636719,2022-10-21,0.0,0.0,2022-10-20,0.34407106041908264,5.0,"{""type"":""Point"",""coordinates"":[90.78587913439146,23.85679479486709]}"
546,10,0.6204349994659424,239.67332458496094,2020-02-26,8.280008316040039,0,1.0,1.2599999904632568,2020-02-26,2020-02-25,4.506751537322998,299.0307922363281,2020-02-27,5.829999923706055,8.333333015441895,2020-02-26,0.19581222534179688,1.0,"{""type"":""Point"",""coordinates"":[90.10795486394517,22.23746643746983]}"
547,50,0.054580140858888626,293.5310363769531,2019-11-03,4183.3681640625,0,1506.0,0.0,2019-11-03,2019-11-02,6.395875930786133,273.8599853515625,2019-11-04,0.0,0.0,2019-11-03,0.3581326901912689,1506.0,"{""type"":""Point"",""coordinates"":[89.3190820346546,28.81957637884548]}"
548,80,-0.051742468029260635,-0.0,2019-11-06,47.5,0,2.0,0.0,2019-11-06,2019-11-05,0.0,297.5328369140625,2019-11-07,0.0,0.0,2019-11-06,0.45293936133384705,2.0,"{""type"":""Point"",""coordinates"":[91.93612747409861,26.28391991039936]}"
549,10,0.06439073383808136,19.550642013549805,2021-10-16,813.2095947265625,0,1.0,38.45000076293945,2021-10-16,2021-10-15,28.958444595336914,299.54931640625,2021-10-17,21.03999900817871,25.0,2021-10-16,0.4627297818660736,1.0,"{""type"":""Point"",""coordinates"":[95.99742674174692,24.739342519982856]}"
550,40,0.010663350112736225,143.05267333984375,2023-09-17,135.0,0,27.0,0.0,2023-09-17,2023-09-16,3.289250373840332,301.26220703125,2023-09-18,106.52999877929688,31.25,2023-09-17,0.4631385803222656,27.0,"{""type"":""Point"",""coordinates"":[96.99651064522816,25.35387347149937]}"
551,40,0.22827449440956116,283.26959228515625,2021-12-09,139.11099243164062,0,1.0,0.0,2021-12-09,2021-12-08,1.085037350654602,298.1817626953125,2021-12-10,0.0,0.0,2021-12-09,0.29961204528808594,1.0,"{""type"":""Point"",""coordinates"":[94.95949492739256,22.18357967525233]}"
552,10,0.3514290750026703,239.39646911621094,2022-11-24,248.12936401367188,0,21.0,0.0,2022-11-24,2022-11-23,15.630215644836426,293.5429382324219,2022-11-25,0.0,0.0,2022-11-24,0.2505359649658203,7.0,"{""type"":""Point"",""coordinates"":[92.33778184232764,23.68997009090305]}"
553,10,0.14945842325687408,330.7677917480469,2020-08-22,1499.5291748046875,0,3.0,0.0,2020-08-22,2020-08-21,29.10211181640625,288.53765869140625,2020-08-23,0.0,0.0,2020-08-22,0.39713478088378906,1.0,"{""type"":""Point"",""coordinates"":[96.07942293876462,28.66455833910497]}"
554,10,0.11947757005691528,17.23546600341797,2019-11-25,1891.06396484375,0,4.0,1.1399999856948853,2019-11-25,2019-11-24,38.54910659790039,278.6528625488281,2019-11-26,0.0,0.0,2019-11-25,0.38185247778892517,3.0,"{""type"":""Point"",""coordinates"":[95.59941893177363,29.439461642333026]}"
555,10,0.008702007122337818,48.730533599853516,2020-07-28,615.8849487304688,0,2.0,0.9199999570846558,2020-07-28,2020-07-27,29.460966110229492,298.35003662109375,2020-07-29,8.679999351501465,14.583333015441895,2020-07-28,0.48046875,2.0,"{""type"":""Point"",""coordinates"":[96.0294219645357,25.84762310826688]}"
556,40,-0.038008470088243484,260.6524963378906,2019-06-05,2.1899161338806152,0,2.0,189.01998901367188,2019-06-05,2019-06-04,0.3412444293498993,299.6191711425781,2019-06-06,35.65999984741211,33.33333206176758,2019-06-05,0.42590269446372986,2.0,"{""type"":""Point"",""coordinates"":[91.01204700501435,24.34395057625886]}"
557,80,-0.2564453184604645,-0.0,2019-12-15,0.0,0,0.0,0.0,2019-12-15,2019-12-14,0.0,0.0,2019-12-16,0.0,0.0,2019-12-15,0.0,0.0,"{""type"":""Point"",""coordinates"":[91.56360671433015,21.723915510200378]}"
558,40,0.03255245089530945,39.351722717285156,2021-06-01,88.76007843017578,0,4.0,332.47998046875,2021-06-01,2021-05-31,0.23192225396633148,301.01763916015625,2021-06-02,1.628999948501587,4.166666507720947,2021-06-01,0.46631622314453125,4.0,"{""type"":""Point"",""coordinates"":[94.4384256755717,27.217634528475408]}"
559,40,0.6998674869537354,125.23994445800781,2022-10-28,14.842761993408203,0,653.0,0.0,2022-10-28,2022-10-27,2.45426344871521,298.5215148925781,2022-10-29,0.0,0.0,2022-10-28,0.36349359154701233,653.0,"{""type"":""Point"",""coordinates"":[88.07295901667662,22.90905406479786]}"
560,10,0.7377582788467407,276.551025390625,2021-03-16,1066.845947265625,0,1.0,0.0,2021-03-16,2021-03-15,21.34894561767578,293.8332824707031,2021-03-17,0.0,0.0,2021-03-16,0.13342221081256866,1.0,"{""type"":""Point"",""coordinates"":[92.85488221269499,23.45991462320316]}"
561,100,0.026463434100151062,214.85269165039062,2021-04-02,4654.34326171875,0,1.0,0.017000000923871994,2021-04-02,2021-04-01,12.052825927734375,271.9378967285156,2021-04-03,0.0,0.0,2021-04-02,0.3263765871524811,1.0,"{""type"":""Point"",""coordinates"":[96.88919090372072,29.409806659459903]}"
562,40,0.25816941261291504,28.75906753540039,2021-02-11,76.75509643554688,0,1.0,0.0,2021-02-11,2021-02-10,0.658456563949585,298.0062255859375,2021-02-12,0.0,0.0,2021-02-11,0.26019731163978577,1.0,"{""type"":""Point"",""coordinates"":[95.93815260142952,21.773138466802802]}"
563,50,0.21061865985393524,231.94168090820312,2022-09-04,772.986328125,0,1.0,5.809999942779541,2022-09-04,2022-09-03,1.448853611946106,297.4829406738281,2022-09-05,5.659999847412109,10.416666984558105,2022-09-04,0.36675897240638733,1.0,"{""type"":""Point"",""coordinates"":[93.8308111258898,24.71554086578239]}"
564,10,0.28319597244262695,331.23089599609375,2021-03-06,1960.6573486328125,0,3.0,2.4599997997283936,2021-03-06,2021-03-05,8.926057815551758,284.6082458496094,2021-03-07,5.2099995613098145,8.333333015441895,2021-03-06,0.43923696875572205,2.0,"{""type"":""Point"",""coordinates"":[95.24832345824083,26.24521844668292]}"
565,10,0.12514126300811768,276.68115234375,2022-09-25,253.77354431152344,0,5.0,332.3499755859375,2022-09-25,2022-09-24,9.290632247924805,299.1731872558594,2022-09-26,29.18000030517578,29.16666603088379,2022-09-25,0.48674139380455017,5.0,"{""type"":""Point"",""coordinates"":[95.56646911490293,24.792822578003552]}"
566,10,0.0031841755844652653,66.51905059814453,2023-09-03,1293.5164794921875,0,21.0,0.0,2023-09-03,2023-09-02,44.500553131103516,292.25335693359375,2023-09-04,1.5299999713897705,0.0,2023-09-03,0.3970451354980469,21.0,"{""type"":""Point"",""coordinates"":[94.93057537615553,28.614684950570766]}"
567,40,0.1670645773410797,338.6949462890625,2019-09-02,9.387153625488281,0,2.0,96.447998046875,2019-09-02,2019-09-01,0.14401724934577942,304.2725524902344,2019-09-03,24.369998931884766,18.75,2019-09-02,0.357745498418808,2.0,"{""type"":""Point"",""coordinates"":[89.9175359871261,24.147897793098508]}"
568,10,0.11880998313426971,51.863460540771484,2021-10-10,2176.279296875,0,1.0,5.610000133514404,2021-10-10,2021-10-09,35.068458557128906,293.3922119140625,2021-10-11,3.559999942779541,6.25,2021-10-10,0.4021873474121094,1.0,"{""type"":""Point"",""coordinates"":[94.07692375573171,27.86254941411242]}"
569,10,0.2393002063035965,24.439653396606445,2023-04-03,247.40187072753906,0,3.0,0.0,2023-04-03,2023-04-02,28.9426326751709,298.90179443359375,2023-04-04,0.2800000011920929,0.0,2023-04-03,0.2855135500431061,1.0,"{""type"":""Point"",""coordinates"":[94.66678482045495,23.62071654131462]}"
570,10,0.06159206107258797,266.14111328125,2020-02-04,2779.8818359375,0,2.0,0.0,2020-02-04,2020-02-03,44.42265319824219,277.4312438964844,2020-02-05,0.0,0.0,2020-02-04,0.41794905066490173,2.0,"{""type"":""Point"",""coordinates"":[96.96492732520002,27.32936181335901]}"
571,60,0.004323190078139305,185.7552947998047,2020-06-11,5276.615234375,0,1.0,0.5,2020-06-11,2020-06-10,28.281978607177734,283.3959655761719,2020-06-12,0.6899999976158142,0.0,2020-06-11,0.40844979882240295,1.0,"{""type"":""Point"",""coordinates"":[91.7378083474138,29.41662249483072]}"
572,10,0.02784409560263157,188.9013214111328,2022-09-14,1929.3695068359375,0,1.0,0.5899999737739563,2022-09-14,2022-09-13,40.633026123046875,288.6517639160156,2022-09-15,0.4899999797344208,0.0,2022-09-14,0.38695716857910156,1.0,"{""type"":""Point"",""coordinates"":[95.95167146080087,28.66702551777101]}"
573,10,0.43183836340904236,178.67539978027344,2019-12-09,666.1412353515625,0,1.0,0.0,2019-12-09,2019-12-08,27.727426528930664,290.0028991699219,2019-12-10,0.0,0.0,2019-12-09,0.3826567232608795,1.0,"{""type"":""Point"",""coordinates"":[93.67447143172333,26.329882883644327]}"
574,100,0.0014897319488227367,132.51641845703125,2023-01-12,3943.13427734375,0,7.0,0.0,2023-01-12,2023-01-11,27.182708740234375,271.6979675292969,2023-01-13,0.17000000178813934,0.0,2023-01-12,0.3248271942138672,7.0,"{""type"":""Point"",""coordinates"":[96.70172867916958,28.591988028158678]}"
575,40,0.07886229455471039,35.68220901489258,2022-06-23,2.454763650894165,0,28.0,983.6399536132812,2022-06-23,2022-06-22,0.06998365372419357,302.2016296386719,2022-06-24,3.2699997425079346,4.166666507720947,2022-06-23,0.42567571997642517,28.0,"{""type"":""Point"",""coordinates"":[88.02629219145729,22.46324107015115]}"
576,40,0.21647909283638,260.5005798339844,2023-03-06,102.27139282226562,0,1.0,0.0,2023-03-06,2023-03-05,1.7808500528335571,300.3519287109375,2023-03-07,0.0,0.0,2023-03-06,0.24756939709186554,1.0,"{""type"":""Point"",""coordinates"":[96.0406858562128,23.29776596246605]}"
577,10,0.8205773234367371,229.61459350585938,2022-12-04,2151.712890625,0,1.0,0.0,2022-12-04,2022-12-03,31.484338760375977,289.64996337890625,2022-12-05,2.9499998092651367,6.25,2022-12-04,0.2931976318359375,1.0,"{""type"":""Point"",""coordinates"":[93.50563124144276,22.22614435244226]}"
578,10,-0.016113894060254097,59.7457389831543,2019-06-17,2570.687255859375,0,3.0,18.799999237060547,2019-06-17,2019-06-16,46.96036148071289,290.59454345703125,2019-06-18,2.929999828338623,2.0833332538604736,2019-06-17,0.4255714416503906,2.0,"{""type"":""Point"",""coordinates"":[89.9369811288772,27.202518517569906]}"
579,40,0.010228374972939491,316.11083984375,2023-01-20,20.17259979248047,0,2.0,0.0,2023-01-20,2023-01-19,1.2331687211990356,290.66619873046875,2023-01-21,0.0,0.0,2023-01-20,0.14644114673137665,2.0,"{""type"":""Point"",""coordinates"":[88.19241654460177,24.701254425428367]}"
580,40,0.11573075503110886,285.7287902832031,2021-10-01,1257.9381103515625,0,50.0,99.0,2021-10-01,2021-09-30,29.051109313964844,295.2337341308594,2021-10-02,0.5389999747276306,0.0,2021-10-01,0.38740411400794983,50.0,"{""type"":""Point"",""coordinates"":[94.59315563995115,25.395192955108385]}"
581,40,0.27767491340637207,305.72222900390625,2022-10-15,94.9552230834961,0,1.0,0.0,2022-10-15,2022-10-14,1.0108039379119873,302.13427734375,2022-10-16,0.0,0.0,2022-10-15,0.44520822167396545,1.0,"{""type"":""Point"",""coordinates"":[95.45323084855197,22.621861407556892]}"
582,40,0.20227426290512085,344.83038330078125,2021-05-21,10.537723541259766,0,21.0,410.7599792480469,2021-05-21,2021-05-20,0.6941407322883606,301.0716247558594,2021-05-22,13.619999885559082,10.416666984558105,2021-05-21,0.4035676419734955,21.0,"{""type"":""Point"",""coordinates"":[90.43635221720523,25.092517293737803]}"
583,10,0.2633061110973358,176.16073608398438,2023-10-24,639.1236572265625,0,3.0,3.0899999141693115,2023-10-24,2023-10-23,9.59627914428711,296.1915588378906,2023-10-25,7.989999771118164,10.416666984558105,2023-10-24,0.4096711575984955,3.0,"{""type"":""Point"",""coordinates"":[93.47139001483028,26.297660793549642]}"
584,10,0.1793745905160904,31.68168830871582,2021-03-21,28.09913444519043,0,75.0,0.0,2021-03-21,2021-03-20,1.0269633531570435,301.9720764160156,2021-03-22,0.0,0.0,2021-03-21,0.15023677051067352,1.0,"{""type"":""Point"",""coordinates"":[89.3587317124232,25.412830765593732]}"
585,40,0.023383021354675293,176.961181640625,2021-08-17,147.20753479003906,0,12.0,253.79998779296875,2021-08-17,2021-08-16,2.187270164489746,298.7791442871094,2021-08-18,17.529998779296875,27.08333396911621,2021-08-17,0.46388372778892517,12.0,"{""type"":""Point"",""coordinates"":[95.83641914175418,22.702943149460804]}"
586,60,0.06435330957174301,170.39695739746094,2022-05-05,4696.5068359375,0,1483.0,0.0,2022-05-05,2022-05-04,0.7982338666915894,276.1642150878906,2022-05-06,0.0,0.0,2022-05-05,0.32486405968666077,1483.0,"{""type"":""Point"",""coordinates"":[88.79275268897848,28.262597333501844]}"
587,60,0.004421745426952839,238.98902893066406,2023-04-06,5449.23193359375,0,1.0,0.0,2023-04-06,2023-04-05,12.128079414367676,273.19671630859375,2023-04-07,0.0,0.0,2023-04-06,0.2893829345703125,1.0,"{""type"":""Point"",""coordinates"":[88.64240081967861,28.8010827611332]}"
588,40,0.14039941132068634,289.5016784667969,2023-01-01,19.0,0,404.0,0.0,2023-01-01,2022-12-31,0.7313475608825684,291.7263488769531,2023-01-02,0.0020000000949949026,0.0,2023-01-01,0.1733887940645218,404.0,"{""type"":""Point"",""coordinates"":[88.01577422874294,24.469540984431543]}"
589,10,0.176744282245636,255.7821807861328,2020-04-27,2117.261474609375,0,1.0,1.559999942779541,2020-04-27,2020-04-26,38.955841064453125,291.77447509765625,2020-04-28,16.06999969482422,16.66666603088379,2020-04-27,0.3346576690673828,1.0,"{""type"":""Point"",""coordinates"":[93.77162919087924,23.549981984337563]}"
590,30,0.07136658579111099,234.20773315429688,2020-11-16,4854.89794921875,0,3.0,0.0,2020-11-16,2020-11-15,19.926143646240234,275.6246032714844,2020-11-17,0.0,0.0,2020-11-16,0.11441358178853989,3.0,"{""type"":""Point"",""coordinates"":[88.13399753380178,28.633225216538307]}"
591,10,0.25601091980934143,0.19401271641254425,2021-10-22,234.775634765625,0,1.0,16.600000381469727,2021-10-22,2021-10-21,22.820274353027344,297.37725830078125,2021-10-23,0.0,0.0,2021-10-22,0.47609391808509827,1.0,"{""type"":""Point"",""coordinates"":[96.91542304871584,24.95099874155812]}"
592,10,0.8344632983207703,203.7940673828125,2022-12-25,149.6337432861328,0,14.0,0.0,2022-12-25,2022-12-24,23.491634368896484,291.2948913574219,2022-12-26,0.0,0.0,2022-12-25,0.29806265234947205,14.0,"{""type"":""Point"",""coordinates"":[91.03226995413003,25.211621184280332]}"
593,10,0.13263919949531555,38.794029235839844,2020-11-12,336.16204833984375,0,1.0,0.0,2020-11-12,2020-11-11,19.442773818969727,293.396240234375,2020-11-13,0.0,0.0,2020-11-12,0.4211273193359375,1.0,"{""type"":""Point"",""coordinates"":[95.76858823923568,26.135106817211607]}"
594,40,0.016980597749352455,196.020263671875,2020-02-06,11.084251403808594,0,3.0,0.0,2020-02-06,2020-02-05,0.3378680646419525,293.6441650390625,2020-02-07,0.0,0.0,2020-02-06,0.1633116453886032,3.0,"{""type"":""Point"",""coordinates"":[90.56343032085152,24.6938265955641]}"
595,10,0.7503838539123535,282.6329650878906,2020-12-13,1248.0037841796875,0,2.0,0.0,2020-12-13,2020-12-12,30.95282745361328,287.7499084472656,2020-12-14,0.0,0.0,2020-12-13,0.2548408508300781,2.0,"{""type"":""Point"",""coordinates"":[93.69934945997846,21.863999491052915]}"
596,10,0.8085893988609314,307.999755859375,2021-02-01,547.9752807617188,0,5.0,0.0,2021-02-01,2021-01-31,22.23105239868164,285.9222717285156,2021-02-02,0.010000000707805157,0.0,2021-02-01,0.1655902862548828,1.0,"{""type"":""Point"",""coordinates"":[93.05432378893639,22.986352737594203]}"
597,20,-0.027127835899591446,231.78704833984375,2022-05-18,91.61319732666016,0,1.0,21.779998779296875,2022-05-18,2022-05-17,1.2345447540283203,296.3184509277344,2022-05-19,95.98999786376953,43.75,2022-05-18,0.43421682715415955,1.0,"{""type"":""Point"",""coordinates"":[94.27126856988976,27.28132346085518]}"
598,10,-0.014061614871025085,108.07856750488281,2022-09-30,3210.0615234375,0,1.0,2.169999837875366,2022-09-30,2022-09-29,29.54042625427246,287.1315002441406,2022-10-01,3.75,2.0833332538604736,2022-09-30,0.39842668175697327,1.0,"{""type"":""Point"",""coordinates"":[96.73131722288852,28.066889387191]}"
599,10,0.48890697956085205,118.10386657714844,2022-01-24,1111.0435791015625,0,1.0,0.1599999964237213,2022-01-24,2022-01-23,27.81913185119629,282.32733154296875,2022-01-25,0.0,0.0,2022-01-24,0.4235382080078125,1.0,"{""type"":""Point"",""coordinates"":[88.46777945926364,27.1508578947822]}"
600,60,0.3036811053752899,158.12338256835938,2021-01-30,1490.203369140625,0,1.0,0.019999999552965164,2021-01-30,2021-01-29,10.076129913330078,287.01275634765625,2021-01-31,0.0,0.0,2021-01-30,0.2724672853946686,1.0,"{""type"":""Point"",""coordinates"":[91.31554226894096,25.45254987748702]}"
601,40,0.3107983469963074,267.641845703125,2020-11-19,83.20657348632812,0,1.0,0.0,2020-11-19,2020-11-18,0.2503971755504608,294.42181396484375,2020-11-20,0.0,0.0,2020-11-19,0.35429635643959045,1.0,"{""type"":""Point"",""coordinates"":[94.06555971198343,27.04122289108458]}"
602,10,0.2562183439731598,341.96881103515625,2019-11-07,183.85855102539062,0,489.0,0.0,2019-11-07,2019-11-06,24.17633628845215,295.02093505859375,2019-11-08,0.0,0.0,2019-11-07,0.46263250708580017,489.0,"{""type"":""Point"",""coordinates"":[94.52854922117966,26.610764697241436]}"
603,50,0.0777282565832138,149.93231201171875,2023-07-07,7.312994956970215,0,11.0,42.77000045776367,2023-07-07,2023-07-06,0.3603403568267822,303.0466003417969,2023-07-08,15.389999389648438,12.5,2023-07-07,0.3758544921875,1.0,"{""type"":""Point"",""coordinates"":[88.49065145849116,22.732759501663732]}"
604,10,0.04442737251520157,210.86338806152344,2022-05-30,10.261005401611328,0,6.0,48.13999938964844,2022-05-30,2022-05-29,4.590267658233643,300.6836242675781,2022-05-31,4.190000057220459,8.333333015441895,2022-05-30,0.4244283139705658,1.0,"{""type"":""Point"",""coordinates"":[90.94600398138398,23.58626526790815]}"
605,40,0.13761286437511444,174.30499267578125,2023-05-18,81.70459747314453,0,3.0,0.0,2023-05-18,2023-05-17,0.45078274607658386,304.3797302246094,2023-05-19,3.3899998664855957,4.166666507720947,2023-05-18,0.42132440209388733,3.0,"{""type"":""Point"",""coordinates"":[95.5633533183517,21.984341034560714]}"
606,100,0.08465763181447983,221.8135223388672,2020-08-17,3931.58251953125,0,15.0,757.5699462890625,2020-08-17,2020-08-16,20.055631637573242,284.7318115234375,2020-08-18,29.06999969482422,22.91666603088379,2020-08-17,0.4281972348690033,11.0,"{""type"":""Point"",""coordinates"":[93.27137074546017,28.357794599948285]}"
607,10,0.07600290328264236,272.8977966308594,2021-09-05,20.048521041870117,0,1.0,6.419999599456787,2021-09-05,2021-09-04,8.846817016601562,303.3212585449219,2021-09-06,22.6299991607666,18.75,2021-09-05,0.4841715395450592,1.0,"{""type"":""Point"",""coordinates"":[90.38371982887392,24.181631714427176]}"
608,10,0.0012837762478739023,65.594970703125,2020-06-14,229.60133361816406,0,4.0,47.849998474121094,2020-06-14,2020-06-13,3.6268527507781982,298.05084228515625,2020-06-15,5.409999847412109,10.416666984558105,2020-06-14,0.4818967282772064,1.0,"{""type"":""Point"",""coordinates"":[96.25593094633169,25.038050718652457]}"
609,10,0.0011290760012343526,158.7283935546875,2020-05-30,899.5592041015625,0,2.0,0.0,2020-05-30,2020-05-29,30.480422973632812,292.90869140625,2020-05-31,14.489999771118164,10.416666984558105,2020-05-30,0.4751516878604889,1.0,"{""type"":""Point"",""coordinates"":[91.97793305318142,25.350321351311504]}"
610,10,0.14496374130249023,282.4505920410156,2019-06-16,237.69537353515625,0,147.0,8642.1298828125,2019-06-16,2019-06-15,21.857818603515625,298.2794189453125,2019-06-17,16.989999771118164,25.0,2019-06-16,0.35165467858314514,147.0,"{""type"":""Point"",""coordinates"":[89.95475774094305,26.743065317534928]}"
611,10,0.05891022831201553,213.31680297851562,2022-08-17,3235.892822265625,0,8.0,8.260000228881836,2022-08-17,2022-08-16,28.549211502075195,287.1597595214844,2022-08-18,3.8499999046325684,4.166666507720947,2022-08-17,0.40085792541503906,7.0,"{""type"":""Point"",""coordinates"":[97.0046024668246,28.831837292126295]}"
612,10,0.13396437466144562,149.3527374267578,2023-11-14,1875.3101806640625,0,2.0,0.0,2023-11-14,2023-11-13,9.865239143371582,289.019287109375,2023-11-15,0.17999999225139618,0.0,2023-11-14,0.3249104917049408,2.0,"{""type"":""Point"",""coordinates"":[94.21721745742904,25.496387537403283]}"
613,10,0.38444292545318604,215.599853515625,2021-01-18,1669.1083984375,0,16.0,0.0,2021-01-18,2021-01-17,21.99898910522461,283.0478820800781,2021-01-19,0.5999999642372131,0.0,2021-01-18,0.3260549008846283,2.0,"{""type"":""Point"",""coordinates"":[93.84654329926757,27.5010104506733]}"
614,10,0.2628597021102905,165.04307556152344,2020-11-17,38.92829895019531,0,3.0,0.0,2020-11-17,2020-11-16,13.210909843444824,297.63372802734375,2020-11-18,0.0,0.0,2020-11-17,0.32572683691978455,2.0,"{""type"":""Point"",""coordinates"":[91.21438381620838,23.61633642731275]}"
615,10,0.10286005586385727,14.914233207702637,2022-04-15,154.32427978515625,0,3.0,362.6099853515625,2022-04-15,2022-04-14,0.84873366355896,296.0241394042969,2022-04-16,47.40999984741211,20.83333396911621,2022-04-15,0.3223152160644531,3.0,"{""type"":""Point"",""coordinates"":[90.76363265228372,26.692710562829934]}"
616,10,0.5701379179954529,339.9139404296875,2019-01-07,592.3839111328125,0,109.0,0.0,2019-01-07,2019-01-06,10.662710189819336,285.1541748046875,2019-01-08,0.14999999105930328,0.0,2019-01-07,0.3052298128604889,109.0,"{""type"":""Point"",""coordinates"":[95.16361645985744,26.733257583075105]}"
617,30,0.5264370441436768,207.8917236328125,2021-02-03,220.7334442138672,0,2.0,0.0,2021-02-03,2021-02-02,5.25099515914917,295.0436706542969,2021-02-04,0.0,0.0,2021-02-03,0.24545414745807648,2.0,"{""type"":""Point"",""coordinates"":[95.94705906021844,23.24355467567602]}"
618,10,0.23957191407680511,218.56417846679688,2022-01-19,1260.4443359375,0,37.0,0.47999998927116394,2022-01-19,2022-01-18,39.40890121459961,276.1157531738281,2022-01-20,1.559999942779541,0.0,2022-01-19,0.36787477135658264,2.0,"{""type"":""Point"",""coordinates"":[95.13857864999255,29.250581448581674]}"
619,10,0.038337592035532,207.42202758789062,2021-07-10,533.2642822265625,0,1.0,90.27999877929688,2021-07-10,2021-07-09,23.3883056640625,299.13409423828125,2021-07-11,71.52999877929688,20.83333396911621,2021-07-10,0.42134666442871094,1.0,"{""type"":""Point"",""coordinates"":[92.26418903966494,21.614047886427482]}"
620,10,0.16282935440540314,265.1778259277344,2020-09-01,282.3728942871094,0,5.0,95.0999984741211,2020-09-01,2020-08-31,19.919702529907227,299.2483215332031,2020-09-02,8.47499942779541,14.583333015441895,2020-09-01,0.4083487093448639,2.0,"{""type"":""Point"",""coordinates"":[92.58942884837025,22.8211492561469]}"
621,10,0.21028931438922882,186.41116333007812,2022-08-20,783.3665161132812,0,8.0,7.21999979019165,2022-08-20,2022-08-19,20.84604835510254,299.54296875,2022-08-21,1.1899999380111694,2.0833332538604736,2022-08-20,0.4376748502254486,2.0,"{""type"":""Point"",""coordinates"":[96.25828247300664,25.399318646259506]}"
622,10,0.08900801837444305,240.822998046875,2023-04-27,120.95978546142578,0,2.0,0.19999998807907104,2023-04-27,2023-04-26,15.986105918884277,300.710205078125,2023-04-28,17.44999885559082,22.91666603088379,2023-04-27,0.3572947084903717,2.0,"{""type"":""Point"",""coordinates"":[93.00779030715684,25.760201503995475]}"
623,40,0.08813127130270004,102.02660369873047,2022-08-22,3.358330726623535,0,2.0,6.119999885559082,2022-08-22,2022-08-21,0.13769018650054932,302.51580810546875,2022-08-23,96.97000122070312,33.33333206176758,2022-08-22,0.29074668884277344,2.0,"{""type"":""Point"",""coordinates"":[90.58218901849057,23.23577360020629]}"
624,10,0.27404841780662537,298.24188232421875,2023-01-03,2225.401123046875,0,2.0,3.0199999809265137,2023-01-03,2023-01-02,30.3758602142334,275.2230224609375,2023-01-04,0.07999999821186066,0.0,2023-01-03,0.3275248110294342,2.0,"{""type"":""Point"",""coordinates"":[92.34168048726616,27.236269467724682]}"
625,40,0.06163021922111511,176.5763702392578,2023-01-17,4.786067485809326,0,1.0,0.0,2023-01-17,2023-01-16,0.15685229003429413,294.68487548828125,2023-01-18,0.0,0.0,2023-01-17,0.14940261840820312,1.0,"{""type"":""Point"",""coordinates"":[89.83062773569866,23.513510479116945]}"
626,40,0.03757758066058159,152.65782165527344,2021-06-28,152.2157745361328,0,1.0,154.47999572753906,2021-06-28,2021-06-27,0.657770574092865,299.4537048339844,2021-06-29,69.7699966430664,66.66666412353516,2021-06-28,0.47152963280677795,1.0,"{""type"":""Point"",""coordinates"":[97.07506238811244,25.448197452540175]}"
627,10,0.006906622089445591,89.75098419189453,2023-08-26,2071.028564453125,0,45.0,62.57999801635742,2023-08-26,2023-08-25,21.671817779541016,288.2358093261719,2023-08-27,73.41999816894531,33.33333206176758,2023-08-26,0.428863525390625,7.0,"{""type"":""Point"",""coordinates"":[93.35795010468722,28.220910044225388]}"
628,60,0.2641453742980957,196.9306640625,2023-05-16,113.17619323730469,0,1010.0,10019.2001953125,2023-05-16,2023-05-15,0.39692744612693787,301.64068603515625,2023-05-17,6.37999963760376,10.416666984558105,2023-05-16,0.44769859313964844,1010.0,"{""type"":""Point"",""coordinates"":[94.95375468514456,22.074337301933657]}"
629,10,0.0778043270111084,330.4740905761719,2019-03-05,224.44993591308594,0,13.0,28.34000015258789,2019-03-05,2019-03-04,8.339545249938965,290.6184387207031,2019-03-06,8.40999984741211,8.333333015441895,2019-03-05,0.4819577634334564,13.0,"{""type"":""Point"",""coordinates"":[95.32398736765553,27.088723399328106]}"
630,40,0.021844804286956787,311.11883544921875,2022-07-15,25.345720291137695,0,48.0,103.67999267578125,2022-07-15,2022-07-14,0.5254060626029968,305.0975036621094,2022-07-16,1.8899999856948853,4.166666507720947,2022-07-15,0.26836585998535156,48.0,"{""type"":""Point"",""coordinates"":[89.44840125280109,25.54000486167102]}"
631,10,0.34266987442970276,132.52096557617188,2022-12-05,8.812753677368164,0,1.0,0.0,2022-12-05,2022-12-04,1.889517903327942,296.3820495605469,2022-12-06,0.0,0.0,2022-12-05,0.16863124072551727,1.0,"{""type"":""Point"",""coordinates"":[91.37146602059141,24.682451007969732]}"
632,10,0.1222674697637558,235.79893493652344,2021-05-02,241.35548400878906,0,1.0,0.9179999828338623,2021-05-02,2021-05-01,20.40668296813965,300.8571472167969,2021-05-03,1.3299999237060547,2.0833332538604736,2021-05-02,0.31512704491615295,1.0,"{""type"":""Point"",""coordinates"":[95.97020133717146,25.394944752506984]}"
633,10,0.03458460792899132,308.2939758300781,2023-11-16,4155.94384765625,0,1.0,0.03999999910593033,2023-11-16,2023-11-15,28.215736389160156,273.9480285644531,2023-11-17,0.2199999839067459,0.0,2023-11-16,0.3872852325439453,1.0,"{""type"":""Point"",""coordinates"":[93.08495921790797,28.53629018872703]}"
634,70,-0.029811441898345947,357.5361328125,2022-07-27,5173.63623046875,0,1.0,2.3299999237060547,2022-07-27,2022-07-26,16.214168548583984,281.5812683105469,2022-07-28,20.34000015258789,14.583333015441895,2022-07-27,0.39767012000083923,1.0,"{""type"":""Point"",""coordinates"":[91.2932523873743,28.034695021718893]}"
635,40,0.18403443694114685,124.67200469970703,2019-02-09,78.0893325805664,0,2.0,25.099998474121094,2019-02-09,2019-02-08,0.5326169729232788,293.3236999511719,2019-02-10,0.029999999329447746,0.0,2019-02-09,0.2410786896944046,2.0,"{""type"":""Point"",""coordinates"":[91.96075288256695,26.664299505237548]}"
636,40,0.059139981865882874,0.07626129686832428,2020-05-05,123.12156677246094,0,8.0,0.0,2020-05-05,2020-05-04,0.786611795425415,301.2664489746094,2020-05-06,0.0,0.0,2020-05-05,0.40984153747558594,8.0,"{""type"":""Point"",""coordinates"":[96.27585342940174,22.199675446005596]}"
637,30,0.03490613400936127,166.9167022705078,2020-06-04,4427.4609375,0,3.0,0.3699999749660492,2020-06-04,2020-06-03,38.25613021850586,285.6437072753906,2020-06-05,1.3799999952316284,2.0833332538604736,2020-06-04,0.3736788332462311,1.0,"{""type"":""Point"",""coordinates"":[91.36201756497931,29.170887893993733]}"
638,10,0.049581509083509445,80.60614013671875,2020-08-25,1034.5045166015625,0,7.0,187.39999389648438,2020-08-25,2020-08-24,25.20152473449707,296.6552734375,2020-08-26,3.6499998569488525,4.166666507720947,2020-08-25,0.47209039330482483,4.0,"{""type"":""Point"",""coordinates"":[95.52203761747819,26.020474820083212]}"
639,30,0.06620857119560242,45.806949615478516,2023-09-10,4423.66796875,0,1.0,0.28999999165534973,2023-09-10,2023-09-09,14.97895622253418,287.01043701171875,2023-09-11,0.4099999964237213,0.0,2023-09-10,0.4181436002254486,1.0,"{""type"":""Point"",""coordinates"":[88.08531622201228,29.136844980103493]}"
640,10,0.018397392705082893,45.39170455932617,2020-07-10,2112.916748046875,0,65.0,5668.0,2020-07-10,2020-07-09,23.146318435668945,292.21649169921875,2020-07-11,14.1899995803833,25.0,2020-07-10,0.4545866549015045,65.0,"{""type"":""Point"",""coordinates"":[95.01257864909839,25.818139979208176]}"
641,10,0.453804075717926,194.8721160888672,2020-08-29,412.4129333496094,0,12.0,269.760009765625,2020-08-29,2020-08-28,9.535470008850098,299.2535400390625,2020-08-30,11.459999084472656,10.416666984558105,2020-08-29,0.4716663360595703,12.0,"{""type"":""Point"",""coordinates"":[92.81136750655469,25.477865855494585]}"
642,10,0.10507752746343613,302.2630615234375,2020-10-03,36.02794647216797,0,1.0,15.139999389648438,2020-10-03,2020-10-02,4.270905494689941,302.1973876953125,2020-10-04,4.309999942779541,10.416666984558105,2020-10-03,0.42094993591308594,1.0,"{""type"":""Point"",""coordinates"":[88.20089432039417,25.11896003956846]}"
643,10,0.10332434624433517,283.8933410644531,2020-08-31,3078.759765625,0,3.0,0.9599999785423279,2020-08-31,2020-08-30,18.47298812866211,287.30596923828125,2020-09-01,22.669998168945312,10.416666984558105,2020-08-31,0.4252389371395111,3.0,"{""type"":""Point"",""coordinates"":[91.14023023304314,27.798850936134585]}"
644,40,0.21769383549690247,167.10260009765625,2021-04-13,200.3670196533203,0,1.0,0.019999999552965164,2021-04-13,2021-04-12,0.4044255018234253,304.01959228515625,2021-04-14,0.12999999523162842,0.0,2021-04-13,0.2569948732852936,1.0,"{""type"":""Point"",""coordinates"":[95.87229100485168,23.869037000860445]}"
645,30,0.014860693365335464,309.037841796875,2020-06-09,4781.9736328125,0,19.0,87.0199966430664,2020-06-09,2020-06-08,13.208442687988281,281.9695129394531,2020-06-10,1.1399999856948853,0.0,2020-06-09,0.4166800081729889,19.0,"{""type"":""Point"",""coordinates"":[92.44940434318161,28.851701653318973]}"
646,10,0.12741601467132568,334.35784912109375,2020-05-04,405.1912841796875,0,102.0,276.41998291015625,2020-05-04,2020-05-03,18.71285629272461,296.39068603515625,2020-05-05,0.0,0.0,2020-05-04,0.39331626892089844,102.0,"{""type"":""Point"",""coordinates"":[93.90263501654476,22.267427128323856]}"
647,40,0.06831333786249161,152.5695343017578,2022-10-12,4.75307035446167,0,9.0,2.3399999141693115,2022-10-12,2022-10-11,0.20076823234558105,302.1669921875,2022-10-13,20.03999900817871,29.16666603088379,2022-10-12,0.3591702878475189,3.0,"{""type"":""Point"",""coordinates"":[90.15885049225562,23.7586490429598]}"
648,10,0.636344850063324,282.60321044921875,2021-01-02,1536.3203125,0,3.0,0.017999999225139618,2021-01-02,2021-01-01,22.388256072998047,284.5394592285156,2021-01-03,0.0,0.0,2021-01-02,0.2675132751464844,3.0,"{""type"":""Point"",""coordinates"":[94.32056627206981,25.20678568342999]}"
649,40,0.31739625334739685,40.6131706237793,2020-09-20,810.6858520507812,0,160.0,439.9999694824219,2020-09-20,2020-09-19,7.71966552734375,299.0778503417969,2020-09-21,4.400000095367432,8.333333015441895,2020-09-20,0.4691499173641205,160.0,"{""type"":""Point"",""coordinates"":[97.41876930277604,22.107286559461084]}"
650,10,0.42858263850212097,278.4886169433594,2023-11-20,88.9005126953125,0,1.0,0.0,2023-11-20,2023-11-19,7.591093063354492,295.47607421875,2023-11-21,0.0,0.0,2023-11-20,0.42733636498451233,1.0,"{""type"":""Point"",""coordinates"":[94.1841706678415,26.79394710583117]}"
651,10,0.8700252771377563,264.6988220214844,2021-01-01,2351.54638671875,0,5.0,0.0,2021-01-01,2020-12-31,23.833175659179688,284.712890625,2021-01-02,0.004000000189989805,0.0,2021-01-01,0.210235595703125,2.0,"{""type"":""Point"",""coordinates"":[93.47524337686909,22.463074365050794]}"
652,10,0.6781256794929504,151.4123077392578,2019-02-10,20.727794647216797,0,16.0,5.759999752044678,2019-02-10,2019-02-09,2.9569005966186523,295.79241943359375,2019-02-11,0.0,0.0,2019-02-10,0.31941351294517517,16.0,"{""type"":""Point"",""coordinates"":[90.17893683931628,24.473285746897005]}"
653,40,0.4891946315765381,275.8547668457031,2019-12-17,11.553810119628906,0,1.0,0.0,2019-12-17,2019-12-16,0.87941575050354,295.1212158203125,2019-12-18,0.0,0.0,2019-12-17,0.1825542449951172,1.0,"{""type"":""Point"",""coordinates"":[88.57296332818758,23.444962603719322]}"
654,10,0.018326615914702415,160.74530029296875,2023-07-09,1339.80078125,0,8.0,15.119998931884766,2023-07-09,2023-07-08,8.62411117553711,295.9888916015625,2023-07-10,66.75999450683594,50.0,2023-07-09,0.3533261716365814,8.0,"{""type"":""Point"",""coordinates"":[93.06049242629021,23.094950672648658]}"
655,10,0.04856497794389725,111.3045425415039,2023-09-04,1795.0614013671875,0,3.0,2.429999828338623,2023-09-04,2023-09-03,20.33189582824707,296.0579528808594,2023-09-05,1.5099998712539673,2.0833332538604736,2023-09-04,0.47365379333496094,3.0,"{""type"":""Point"",""coordinates"":[91.86155808046304,25.42905798150022]}"
656,60,0.09900446981191635,270.0,2023-03-09,0.0,0,4.0,5.900000095367432,2023-03-09,2023-03-08,4.68174934387207,301.3551330566406,2023-03-10,0.0,0.0,2023-03-09,0.13477389514446259,2.0,"{""type"":""Point"",""coordinates"":[90.58460110997622,23.558789490783738]}"
657,40,0.056042395532131195,308.0725402832031,2021-05-25,121.01223754882812,0,471.0,2199.56982421875,2021-05-25,2021-05-24,7.350347995758057,302.9486999511719,2021-05-26,11.469999313354492,14.583333015441895,2021-05-25,0.43802642822265625,471.0,"{""type"":""Point"",""coordinates"":[95.35522055666685,27.32895715760355]}"
658,10,0.175636887550354,149.08108520507812,2020-11-01,1996.63232421875,0,49.0,75.74999237060547,2020-11-01,2020-10-31,42.041873931884766,290.0149841308594,2020-11-02,0.05299999937415123,0.0,2020-11-01,0.3825225830078125,5.0,"{""type"":""Point"",""coordinates"":[91.69933154936675,27.046041656738343]}"
659,10,0.11231432855129242,31.548418045043945,2019-07-17,1437.5137939453125,0,1.0,5.699999809265137,2019-07-17,2019-07-16,36.78645706176758,293.58502197265625,2019-07-18,2.8299999237060547,0.0,2019-07-17,0.4233684539794922,1.0,"{""type"":""Point"",""coordinates"":[91.37907801717698,27.220961081740253]}"
660,10,0.01996653713285923,303.7579040527344,2022-06-17,2388.89892578125,0,27.0,189.05999755859375,2022-06-17,2022-06-16,23.93211555480957,288.10479736328125,2022-06-18,12.059999465942383,22.91666603088379,2022-06-17,0.42729124426841736,3.0,"{""type"":""Point"",""coordinates"":[94.27521079918117,28.5659421858665]}"
661,10,0.4972955286502838,290.3211364746094,2022-12-24,2192.635986328125,0,1.0,0.0,2022-12-24,2022-12-23,22.238988876342773,282.3212585449219,2022-12-25,0.009999999776482582,0.0,2022-12-24,0.26989808678627014,1.0,"{""type"":""Point"",""coordinates"":[91.38761616416383,27.327042549305087]}"
662,80,-0.009761424735188484,-0.0,2023-07-04,0.0,0,5.0,0.0,2023-07-04,2023-07-03,0.0,304.06658935546875,2023-07-05,0.699999988079071,0.0,2023-07-04,0.46457481384277344,2.0,"{""type"":""Point"",""coordinates"":[88.87349093050489,21.769947829146616]}"
663,30,0.054737262427806854,307.90087890625,2023-05-06,4718.56640625,0,15.0,0.0,2023-05-06,2023-05-05,13.94982624053955,271.939453125,2023-05-07,1.5399999618530273,2.0833332538604736,2023-05-06,0.41876664757728577,15.0,"{""type"":""Point"",""coordinates"":[89.26720635264111,27.886531676614158]}"
664,10,0.6769393086433411,98.77803039550781,2021-03-05,719.5393676757812,0,1.0,13.639999389648438,2021-03-05,2021-03-04,27.724529266357422,289.15093994140625,2021-03-06,27.600000381469727,33.33333206176758,2021-03-05,0.49299558997154236,1.0,"{""type"":""Point"",""coordinates"":[97.45639690370298,26.82380746700986]}"
665,80,-0.06966736912727356,-0.0,2023-06-22,0.0,0,0.0,0.0,2023-06-22,2023-06-21,0.0,0.0,2023-06-23,35.16999816894531,31.25,2023-06-22,0.0,0.0,"{""type"":""Point"",""coordinates"":[88.61322966082481,21.609639893320466]}"
666,10,0.1716422587633133,199.67861938476562,2023-08-01,1457.0185546875,0,3.0,65.93999481201172,2023-08-01,2023-07-31,43.465087890625,296.5859680175781,2023-08-02,4.680999755859375,2.0833332538604736,2023-08-01,0.48406028747558594,3.0,"{""type"":""Point"",""coordinates"":[92.02367910416427,27.03518325397068]}"
667,30,0.09557237476110458,305.3465881347656,2022-04-20,4558.79638671875,0,4.0,0.0,2022-04-20,2022-04-19,17.330188751220703,278.1413879394531,2022-04-21,0.0,0.0,2022-04-20,0.16762351989746094,4.0,"{""type"":""Point"",""coordinates"":[88.98732396120964,28.881619483383428]}"
668,10,0.06638219207525253,41.41007995605469,2020-05-11,412.7250061035156,0,17.0,0.0,2020-05-11,2020-05-10,27.077383041381836,299.3460388183594,2020-05-12,0.0,0.0,2020-05-11,0.24455642700195312,17.0,"{""type"":""Point"",""coordinates"":[92.93135420401751,22.36972484010513]}"
669,10,0.4446187913417816,58.1175651550293,2023-03-15,414.09283447265625,0,2.0,0.0,2023-03-15,2023-03-14,20.05544662475586,297.4958801269531,2023-03-16,35.80999755859375,22.91666603088379,2023-03-15,0.28202947974205017,2.0,"{""type"":""Point"",""coordinates"":[96.74195800647921,25.394001883835593]}"
670,10,0.8691318035125732,151.58871459960938,2022-12-09,74.02827453613281,0,2.0,0.0,2022-12-09,2022-12-08,20.106882095336914,294.3826904296875,2022-12-10,0.0,0.0,2022-12-09,0.16976673901081085,1.0,"{""type"":""Point"",""coordinates"":[90.23697184000827,25.246566413252474]}"
671,10,0.3020610809326172,265.5894470214844,2020-01-25,323.61077880859375,0,2.0,0.0,2020-01-25,2020-01-24,20.671443939208984,289.1054992675781,2020-01-26,0.0,0.0,2020-01-25,0.24579429626464844,1.0,"{""type"":""Point"",""coordinates"":[94.52718578841298,24.40787626862765]}"
672,100,-0.02388846129179001,339.141357421875,2019-03-22,4971.365234375,0,11.0,8.6899995803833,2019-03-22,2019-03-21,15.062411308288574,272.64727783203125,2019-03-23,0.0,0.0,2019-03-22,0.27240434288978577,11.0,"{""type"":""Point"",""coordinates"":[93.22439831682058,28.61830069470101]}"
673,30,0.17573048174381256,247.08026123046875,2022-07-14,3811.67919921875,0,5.0,0.09999999403953552,2022-07-14,2022-07-13,32.869354248046875,283.3088684082031,2022-07-15,0.0,0.0,2022-07-14,0.3312899172306061,5.0,"{""type"":""Point"",""coordinates"":[92.79848823514398,28.596575953567914]}"
674,40,0.04655060917139053,3.3511767387390137,2023-09-12,5.034660816192627,0,2.0,128.27999877929688,2023-09-12,2023-09-11,0.22855353355407715,303.5363464355469,2023-09-13,35.2599983215332,22.91666603088379,2023-09-12,0.42117181420326233,2.0,"{""type"":""Point"",""coordinates"":[91.07529655016882,24.00638465704821]}"
675,80,-0.4109973609447479,-0.0,2023-02-13,0.0,0,0.0,0.0,2023-02-13,2023-02-12,0.0,0.0,2023-02-14,0.0,0.0,2023-02-13,0.0,0.0,"{""type"":""Point"",""coordinates"":[89.80766835873646,21.60988366461565]}"
676,50,0.6363072395324707,173.5479278564453,2022-12-17,66.34164428710938,0,1.0,0.0,2022-12-17,2022-12-16,1.8671274185180664,299.2919921875,2022-12-18,0.0,0.0,2022-12-17,0.25735411047935486,1.0,"{""type"":""Point"",""coordinates"":[95.34068672984492,21.68437430223104]}"
677,10,0.10017115622758865,70.90817260742188,2023-01-25,10.994925498962402,0,1.0,0.0,2023-01-25,2023-01-24,7.9386067390441895,295.864013671875,2023-01-26,0.0,0.0,2023-01-25,0.25148454308509827,1.0,"{""type"":""Point"",""coordinates"":[91.48090516948368,23.07621782106938]}"
678,10,0.3476051092147827,179.5841522216797,2019-03-25,165.6094970703125,0,4.0,0.0,2019-03-25,2019-03-24,12.197497367858887,297.8497619628906,2019-03-26,0.0,0.0,2019-03-25,0.28586897253990173,3.0,"{""type"":""Point"",""coordinates"":[96.70628838688643,24.90085828345446]}"
679,10,0.04337428882718086,110.89175415039062,2020-03-25,1761.1962890625,0,17.0,61.87999725341797,2020-03-25,2020-03-24,43.818199157714844,275.5508117675781,2020-03-26,1.75,0.0,2020-03-25,0.4192720949649811,17.0,"{""type"":""Point"",""coordinates"":[93.01583196833238,27.965477459022697]}"
680,10,0.4723990857601166,273.6041259765625,2022-11-06,459.74005126953125,0,150.0,0.0,2022-11-06,2022-11-05,11.334701538085938,294.2626953125,2022-11-07,0.0,0.0,2022-11-06,0.39468321204185486,2.0,"{""type"":""Point"",""coordinates"":[93.23708902140909,26.379638425448142]}"
681,80,0.01685791090130806,-0.0,2020-03-26,63.5,0,205.0,219.34999084472656,2020-03-26,2020-03-25,0.0,297.4949035644531,2020-03-27,0.5699999928474426,0.0,2020-03-26,0.35804685950279236,205.0,"{""type"":""Point"",""coordinates"":[93.03983189123431,26.633472057355092]}"
682,40,0.023966802284121513,40.32240676879883,2023-07-23,1.733782172203064,0,29.0,11.0,2023-07-23,2023-07-22,0.07273362576961517,302.4447326660156,2023-07-24,8.710000038146973,8.333333015441895,2023-07-23,0.4004872739315033,2.0,"{""type"":""Point"",""coordinates"":[90.15348574935943,22.3936055440224]}"
683,10,0.5889944434165955,343.6004943847656,2019-04-26,1321.18115234375,0,3.0,4.769999980926514,2019-04-26,2019-04-25,28.09795570373535,297.6672058105469,2019-04-27,0.12999999523162842,0.0,2019-04-26,0.3386821746826172,3.0,"{""type"":""Point"",""coordinates"":[96.53232921500029,22.994193343082202]}"
684,10,0.32326534390449524,344.0101013183594,2020-02-29,17.808027267456055,0,1.0,0.0,2020-02-29,2020-02-28,4.674328804016113,296.5667419433594,2020-03-01,0.0,0.0,2020-02-29,0.19084930419921875,1.0,"{""type"":""Point"",""coordinates"":[89.94293431665884,24.558090863938915]}"
685,60,0.012194525450468063,168.683349609375,2023-04-06,5365.12158203125,0,1.0,0.0,2023-04-06,2023-04-05,15.032928466796875,273.54412841796875,2023-04-07,0.6499999761581421,0.0,2023-04-06,0.2389863282442093,1.0,"{""type"":""Point"",""coordinates"":[90.66696879841949,28.580554905927855]}"
686,60,0.035855453461408615,338.4115905761719,2021-09-26,239.80520629882812,0,11.0,5.900000095367432,2021-09-26,2021-09-25,3.391355514526367,301.7507019042969,2021-09-27,0.0,0.0,2021-09-26,0.439624160528183,1.0,"{""type"":""Point"",""coordinates"":[95.09081477190564,22.97003397342105]}"
687,80,0.055037032812833786,332.90765380859375,2019-10-26,38.76305389404297,0,8.0,674.9599609375,2019-10-26,2019-10-25,0.6160080432891846,294.38482666015625,2019-10-27,0.3199999928474426,0.0,2019-10-26,0.40182939171791077,8.0,"{""type"":""Point"",""coordinates"":[89.16806336141248,25.925469646252818]}"
688,10,0.06739244610071182,227.8026885986328,2022-08-12,647.1239624023438,0,4.0,34.38999938964844,2022-08-12,2022-08-11,41.478004455566406,300.60491943359375,2022-08-13,1.809999942779541,2.0833332538604736,2022-08-12,0.4674021303653717,1.0,"{""type"":""Point"",""coordinates"":[96.65987242981271,25.033464258941315]}"
689,30,0.08200027793645859,111.00031280517578,2020-10-20,4256.01708984375,0,1.0,0.0,2020-10-20,2020-10-19,34.0147705078125,282.4788513183594,2020-10-21,0.0,0.0,2020-10-20,0.24431674182415009,1.0,"{""type"":""Point"",""coordinates"":[88.73798854218492,29.315171939659198]}"
690,10,-0.03363969549536705,168.9272003173828,2022-02-19,759.01953125,0,3.0,0.0,2022-02-19,2022-02-18,13.519986152648926,289.2588195800781,2022-02-20,0.0,0.0,2022-02-19,0.3837496340274811,3.0,"{""type"":""Point"",""coordinates"":[90.92703622385771,25.554444075128227]}"
691,30,0.3479207754135132,74.50603485107422,2021-10-11,777.4749755859375,0,1.0,0.0,2021-10-11,2021-10-10,8.50956916809082,297.6339111328125,2021-10-12,0.0,0.0,2021-10-11,0.46580758690834045,1.0,"{""type"":""Point"",""coordinates"":[92.63082925904975,25.400626147491842]}"
692,10,0.2585247755050659,191.08212280273438,2022-02-19,191.36892700195312,0,47.0,0.0,2022-02-19,2022-02-18,9.251526832580566,290.6398620605469,2022-02-20,2.180000066757202,2.0833332538604736,2022-02-19,0.36357560753822327,44.0,"{""type"":""Point"",""coordinates"":[95.94618952630415,27.381773919929575]}"
693,10,0.8087949752807617,148.4807586669922,2019-02-05,1035.761962890625,0,18.0,1.4399999380111694,2019-02-05,2019-02-04,8.178196907043457,285.6089172363281,2019-02-06,0.0,0.0,2019-02-05,0.42678070068359375,18.0,"{""type"":""Point"",""coordinates"":[96.13864048214715,27.066478978959648]}"
694,80,-0.09610752016305923,-0.0,2020-02-02,0.0,0,0.0,0.0,2020-02-02,2020-02-01,0.0,0.0,2020-02-03,0.0,0.0,2020-02-02,0.0,0.0,"{""type"":""Point"",""coordinates"":[89.79263730323306,21.51393437876197]}"
695,10,0.3118073046207428,213.73556518554688,2021-10-15,137.4851531982422,0,5.0,0.0,2021-10-15,2021-10-14,5.800282955169678,300.42572021484375,2021-10-16,0.0,0.0,2021-10-15,0.30167198181152344,2.0,"{""type"":""Point"",""coordinates"":[88.51451588961606,26.729830719766753]}"
696,10,0.18570217490196228,287.6622314453125,2020-07-10,701.4592895507812,0,4.0,8.84000015258789,2020-07-10,2020-07-09,2.342895746231079,298.83758544921875,2020-07-11,2.1700000762939453,4.166666507720947,2020-07-10,0.4568754732608795,4.0,"{""type"":""Point"",""coordinates"":[97.19057831600077,22.092237673190915]}"
697,10,0.22969935834407806,59.27095031738281,2023-07-28,197.47036743164062,0,2.0,5.900000095367432,2023-07-28,2023-07-27,2.4080214500427246,300.85382080078125,2023-07-29,57.04999923706055,22.91666603088379,2023-07-28,0.47417259216308594,2.0,"{""type"":""Point"",""coordinates"":[94.73169727131493,24.38520148323597]}"
698,80,-0.07489494234323502,-0.0,2019-01-14,113.0,0,11.0,0.0,2019-01-14,2019-01-13,0.0,290.15399169921875,2019-01-15,0.0,0.0,2019-01-14,0.3563741147518158,11.0,"{""type"":""Point"",""coordinates"":[95.43016046498543,27.64413474543566]}"
699,80,-0.2211165428161621,-0.0,2021-02-03,0.0,0,0.0,0.0,2021-02-03,2021-02-02,0.0,0.0,2021-02-04,0.0,0.0,2021-02-03,0.0,0.0,"{""type"":""Point"",""coordinates"":[91.0117646832686,22.285214420786797]}"
700,10,0.07365252077579498,14.506163597106934,2022-10-19,1433.16259765625,0,2.0,2.2199997901916504,2022-10-19,2022-10-18,14.336328506469727,289.6436767578125,2022-10-20,0.0,0.0,2022-10-19,0.3789640963077545,2.0,"{""type"":""Point"",""coordinates"":[95.79386534536782,28.36437549839004]}"
701,60,0.014919551089406013,289.9112854003906,2023-11-13,5026.7880859375,0,4.0,0.0,2023-11-13,2023-11-12,17.367862701416016,271.4883728027344,2023-11-14,0.0,0.0,2023-11-13,0.3636881411075592,4.0,"{""type"":""Point"",""coordinates"":[92.13652408233752,29.474297504722596]}"
702,10,-0.012184062041342258,127.49739074707031,2020-06-09,2180.290283203125,0,1.0,0.20999999344348907,2020-06-09,2020-06-08,17.621644973754883,292.77825927734375,2020-06-10,13.3100004196167,8.333333015441895,2020-06-09,0.42578378319740295,1.0,"{""type"":""Point"",""coordinates"":[88.13426421735221,26.980205186056118]}"
703,60,0.05396367609500885,143.91458129882812,2021-03-01,4884.51611328125,0,2.0,0.0,2021-03-01,2021-02-28,18.497129440307617,273.25836181640625,2021-03-02,0.04000000283122063,0.0,2021-03-01,0.2713845670223236,2.0,"{""type"":""Point"",""coordinates"":[88.0061544572187,28.37815475337689]}"
704,10,0.1721755862236023,98.04750061035156,2021-11-20,631.5751342773438,0,2.0,0.0,2021-11-20,2021-11-19,22.058753967285156,292.8362731933594,2021-11-21,0.0,0.0,2021-11-20,0.39764150977134705,2.0,"{""type"":""Point"",""coordinates"":[96.11340974815495,24.851504699777625]}"
705,40,0.07328572869300842,224.5806884765625,2020-05-05,118.71244049072266,0,650.0,38706.44921875,2020-05-05,2020-05-04,0.4468686282634735,300.882080078125,2020-05-06,6.759999752044678,12.5,2020-05-05,0.40021514892578125,645.0,"{""type"":""Point"",""coordinates"":[95.36302988117697,27.471731240273417]}"
706,60,0.022334273904561996,173.0745849609375,2019-04-25,403.3103332519531,0,24.0,0.17999999225139618,2019-04-25,2019-04-24,3.3512749671936035,294.43817138671875,2019-04-26,0.0,0.0,2019-04-25,0.25382867455482483,1.0,"{""type"":""Point"",""coordinates"":[91.76008281113062,26.89208372344308]}"
707,100,0.03972233086824417,178.2515869140625,2022-02-28,4122.54150390625,0,29.0,289.41998291015625,2022-02-28,2022-02-27,63.814762115478516,273.529541015625,2022-03-01,8.979999542236328,16.66666603088379,2022-02-28,0.3365866243839264,29.0,"{""type"":""Point"",""coordinates"":[97.29519875839634,28.014963105324775]}"
708,40,0.07231942564249039,232.28390502929688,2019-10-07,41.08183670043945,0,4.0,0.0,2019-10-07,2019-10-06,0.6941220760345459,300.7712707519531,2019-10-08,36.03999710083008,25.0,2019-10-07,0.4056358337402344,1.0,"{""type"":""Point"",""coordinates"":[88.7367997956591,25.78602521194093]}"
709,30,0.26115962862968445,320.2481384277344,2019-04-30,1118.7615966796875,0,2.0,3.3499999046325684,2019-04-30,2019-04-29,28.69911766052246,293.45623779296875,2019-05-01,4.440000057220459,8.333333015441895,2019-04-30,0.4552980959415436,1.0,"{""type"":""Point"",""coordinates"":[95.38759430195937,25.999734114952524]}"
710,10,0.38288259506225586,284.6650085449219,2020-04-15,163.81210327148438,0,1116.0,0.0,2020-04-15,2020-04-14,4.259863376617432,302.503173828125,2020-04-16,24.369998931884766,14.583333015441895,2020-04-15,0.16046269237995148,1116.0,"{""type"":""Point"",""coordinates"":[94.41164544188845,24.290219058313085]}"
711,40,0.09049946069717407,159.3002471923828,2021-11-11,5.747466564178467,0,21.0,0.0,2021-11-11,2021-11-10,0.09461311995983124,296.717041015625,2021-11-12,0.0,0.0,2021-11-11,0.2320219725370407,1.0,"{""type"":""Point"",""coordinates"":[88.49312848519028,23.092385100441092]}"
712,10,0.03248298168182373,11.672357559204102,2019-07-11,3490.0107421875,0,31.0,6123.31982421875,2019-07-11,2019-07-10,31.536664962768555,284.1313781738281,2019-07-12,190.489990234375,75.0,2019-07-11,0.4281705319881439,28.0,"{""type"":""Point"",""coordinates"":[95.43334468218633,29.12630223863393]}"
713,10,0.15112397074699402,76.04277038574219,2020-08-05,218.8984832763672,0,307.0,7.949999809265137,2020-08-05,2020-08-04,24.33586311340332,300.45892333984375,2020-08-06,21.649999618530273,10.416666984558105,2020-08-05,0.45011329650878906,1.0,"{""type"":""Point"",""coordinates"":[91.19917694715431,25.838914353448725]}"
714,10,0.09403794258832932,213.11807250976562,2019-09-15,1535.79443359375,0,1.0,1.059999942779541,2019-09-15,2019-09-14,9.641681671142578,295.4247131347656,2019-09-16,0.14999999105930328,0.0,2019-09-15,0.4658114016056061,1.0,"{""type"":""Point"",""coordinates"":[97.4344199777564,21.543400596053353]}"
715,10,0.06368248909711838,269.5603942871094,2021-07-02,483.6900634765625,0,11.0,342.61700439453125,2021-07-02,2021-07-01,25.007980346679688,299.4970397949219,2021-07-03,10.510000228881836,16.66666603088379,2021-07-02,0.41966184973716736,11.0,"{""type"":""Point"",""coordinates"":[94.5162024135021,24.119461935070554]}"
716,10,0.02992224134504795,53.91980743408203,2023-08-17,960.9503173828125,0,1.0,65.33000183105469,2023-08-17,2023-08-16,29.668058395385742,296.73480224609375,2023-08-18,18.5,10.416666984558105,2023-08-17,0.42459550499916077,1.0,"{""type"":""Point"",""coordinates"":[93.78139556340885,22.373987832966648]}"
717,30,0.10602042824029922,39.57056427001953,2023-05-02,5264.99658203125,0,7.0,0.13300001621246338,2023-05-02,2023-05-01,4.534311294555664,273.9656677246094,2023-05-03,1.2699999809265137,0.0,2023-05-02,0.3666776120662689,7.0,"{""type"":""Point"",""coordinates"":[91.32056909785969,28.648223246983576]}"
718,100,0.08655975759029388,76.82025909423828,2023-09-10,4594.56201171875,0,1.0,3.179999828338623,2023-09-10,2023-09-09,25.066431045532227,272.82470703125,2023-09-11,1.659999966621399,0.0,2023-09-10,0.41990599036216736,1.0,"{""type"":""Point"",""coordinates"":[88.51761779728531,27.885392442930286]}"
719,30,0.13164493441581726,289.86865234375,2022-12-11,5042.4501953125,0,2.0,0.0,2022-12-11,2022-12-10,28.501977920532227,272.5519714355469,2022-12-12,0.0,0.0,2022-12-11,0.33186212182044983,2.0,"{""type"":""Point"",""coordinates"":[90.84100503515512,29.087374690907907]}"
720,40,0.07794215530157089,250.09007263183594,2021-08-16,131.9237060546875,0,68.0,7.169999599456787,2021-08-16,2021-08-15,0.39072561264038086,300.2882385253906,2021-08-17,39.89999771118164,43.75,2021-08-16,0.4625434875488281,1.0,"{""type"":""Point"",""coordinates"":[96.0965649000341,23.208743324991243]}"
721,30,0.06512898206710815,339.4094543457031,2019-11-18,4656.6328125,0,2.0,0.0,2019-11-18,2019-11-17,44.1252555847168,272.7283020019531,2019-11-19,0.08999999612569809,0.0,2019-11-18,0.36549949645996094,2.0,"{""type"":""Point"",""coordinates"":[92.33914906605571,29.012710736889442]}"
722,40,-0.06180005893111229,141.93746948242188,2021-10-01,3.5690550804138184,0,0.0,0.0,2021-10-01,2021-09-30,0.5378910303115845,0.0,2021-10-02,3.111999988555908,0.0,2021-10-01,0.0,0.0,"{""type"":""Point"",""coordinates"":[90.59432106896885,23.03145163272369]}"
723,10,-0.012768741697072983,181.27072143554688,2023-04-11,2777.025390625,0,94.0,202.09999084472656,2023-04-11,2023-04-10,32.36711883544922,277.851318359375,2023-04-12,2.919999837875366,0.0,2023-04-11,0.41861724853515625,94.0,"{""type"":""Point"",""coordinates"":[96.45547158450093,28.383195310376415]}"
724,10,0.0327414870262146,226.89144897460938,2019-08-01,547.7015380859375,0,15.0,216.63999938964844,2019-08-01,2019-07-31,16.474483489990234,295.6587829589844,2019-08-02,30.69499969482422,20.83333396911621,2019-08-01,0.42174339294433594,2.0,"{""type"":""Point"",""coordinates"":[93.93815830926259,23.416609712994997]}"
725,60,0.1014309898018837,49.0723991394043,2021-03-26,3587.831298828125,0,4.0,9.479999542236328,2021-03-26,2021-03-25,2.742034912109375,274.27996826171875,2021-03-27,0.019999999552965164,0.0,2021-03-26,0.35032781958580017,4.0,"{""type"":""Point"",""coordinates"":[91.50106402661149,29.24579678410977]}"
726,80,-0.10518364608287811,322.64215087890625,2022-02-23,95.00634765625,0,1.0,0.0,2022-02-23,2022-02-22,0.7149257063865662,292.39935302734375,2022-02-24,0.0,0.0,2022-02-23,0.22398440539836884,1.0,"{""type"":""Point"",""coordinates"":[96.49029978644229,24.306709565530028]}"
727,10,0.2758936882019043,293.0782165527344,2023-11-29,47.599143981933594,0,2.0,0.0,2023-11-29,2023-11-28,5.290816307067871,294.6907958984375,2023-11-30,0.9599999785423279,2.0833332538604736,2023-11-29,0.31058311462402344,1.0,"{""type"":""Point"",""coordinates"":[92.40996802049732,24.3423767104776]}"
728,10,0.2510407567024231,107.42022705078125,2022-12-12,4233.771484375,0,2.0,0.0,2022-12-12,2022-12-11,25.97398567199707,272.633544921875,2022-12-13,0.0,0.0,2022-12-12,0.35053253173828125,2.0,"{""type"":""Point"",""coordinates"":[93.37319146088467,29.175034786550633]}"
729,40,0.0824919268488884,90.09642791748047,2019-08-18,45.01976013183594,0,10.0,137.89999389648438,2019-08-18,2019-08-17,1.1413938999176025,301.9632568359375,2019-08-19,2.059999942779541,4.166666507720947,2019-08-18,0.47552362084388733,10.0,"{""type"":""Point"",""coordinates"":[91.10287248749171,25.983455269510667]}"
730,40,0.11823620647192001,25.451231002807617,2021-05-24,20.25204849243164,0,8.0,0.0,2021-05-24,2021-05-23,17.14630889892578,302.0492248535156,2021-05-25,82.90999603271484,31.25,2021-05-24,0.46173539757728577,8.0,"{""type"":""Point"",""coordinates"":[90.6944847960216,25.15694306328843]}"
731,10,0.6103536486625671,300.0299987792969,2019-04-23,834.5323486328125,0,55.0,20.899999618530273,2019-04-23,2019-04-22,27.42317771911621,294.05999755859375,2019-04-24,0.0,0.0,2019-04-23,0.2337392121553421,55.0,"{""type"":""Point"",""coordinates"":[93.40828681726867,23.90063012379872]}"
732,10,0.12518715858459473,354.3418884277344,2023-10-23,8.301213264465332,0,1.0,1.100000023841858,2023-10-23,2023-10-22,1.9844233989715576,301.18377685546875,2023-10-24,18.549999237060547,22.91666603088379,2023-10-23,0.2603963315486908,1.0,"{""type"":""Point"",""coordinates"":[90.97170995215602,23.36827859373145]}"
733,10,0.07538080215454102,214.554443359375,2020-07-31,425.5887145996094,0,73.0,19.369998931884766,2020-07-31,2020-07-30,18.658283233642578,296.418701171875,2020-08-01,1.5899999141693115,4.166666507720947,2020-07-31,0.4766763150691986,1.0,"{""type"":""Point"",""coordinates"":[97.22060388590434,25.794699345553592]}"
734,10,0.5026783347129822,349.01690673828125,2019-12-03,121.24198150634766,0,1.0,0.0,2019-12-03,2019-12-02,7.812628746032715,293.94964599609375,2019-12-04,0.0,0.0,2019-12-03,0.3224423825740814,1.0,"{""type"":""Point"",""coordinates"":[97.07022924932069,23.93212183163153]}"
735,40,0.03489094227552414,217.80831909179688,2023-08-26,93.69004821777344,0,4.0,45.91999816894531,2023-08-26,2023-08-25,0.48739880323410034,298.7640380859375,2023-08-27,38.81999969482422,29.16666603088379,2023-08-26,0.4272899627685547,4.0,"{""type"":""Point"",""coordinates"":[88.85609841247788,26.650989018258215]}"
736,30,0.5948272943496704,-0.0,2022-12-05,767.0,0,385.0,0.0,2022-12-05,2022-12-04,0.0,291.4035949707031,2022-12-06,2.68999981880188,0.0,2022-12-05,0.2787412106990814,385.0,"{""type"":""Point"",""coordinates"":[93.82631617264488,24.557822607771822]}"
737,60,0.15218621492385864,189.2111053466797,2021-08-05,3786.932861328125,0,4.0,69.87999725341797,2021-08-05,2021-08-04,0.7124679684638977,286.65618896484375,2021-08-06,16.549999237060547,29.16666603088379,2021-08-05,0.39569091796875,4.0,"{""type"":""Point"",""coordinates"":[89.48125089458227,29.356502920420184]}"
738,30,0.03588154911994934,238.3507537841797,2022-02-08,5164.1494140625,0,1.0,0.0,2022-02-08,2022-02-07,0.7715521454811096,270.349365234375,2022-02-09,0.0,0.0,2022-02-08,0.3346163332462311,1.0,"{""type"":""Point"",""coordinates"":[88.63307671558277,28.135179572060043]}"
739,10,0.14549468457698822,285.89422607421875,2022-01-26,1187.2518310546875,0,1.0,0.019999999552965164,2022-01-26,2022-01-25,24.339397430419922,283.4156799316406,2022-01-27,1.0199999809265137,0.0,2022-01-26,0.46360334753990173,1.0,"{""type"":""Point"",""coordinates"":[94.54768874580795,25.86254359770266]}"
740,10,0.8278569579124451,176.62387084960938,2021-02-02,397.0483093261719,0,76.0,0.0020000000949949026,2021-02-02,2021-02-01,6.795231342315674,292.8327331542969,2021-02-03,0.0,0.0,2021-02-02,0.2808926999568939,1.0,"{""type"":""Point"",""coordinates"":[94.76454806941003,23.42515576777891]}"
741,40,0.1282624751329422,355.52728271484375,2021-08-23,92.22392272949219,0,4112.0,44.619998931884766,2021-08-23,2021-08-22,0.20867468416690826,301.08221435546875,2021-08-24,48.68000030517578,35.41666793823242,2021-08-23,0.4211883544921875,1.0,"{""type"":""Point"",""coordinates"":[88.3775331117887,26.562272115385564]}"
742,40,0.17941606044769287,322.9875183105469,2020-10-21,61.74556350708008,0,8.0,0.0,2020-10-21,2020-10-20,0.5993732213973999,300.645751953125,2020-10-22,0.0,0.0,2020-10-21,0.4608325958251953,8.0,"{""type"":""Point"",""coordinates"":[92.80985504148451,26.397866512333984]}"
743,10,0.08818577975034714,209.8468017578125,2020-01-04,2716.553955078125,0,4.0,0.5699999928474426,2020-01-04,2020-01-03,42.48130416870117,276.7408447265625,2020-01-05,2.059999942779541,0.0,2020-01-04,0.3516807556152344,1.0,"{""type"":""Point"",""coordinates"":[90.69215768068308,27.262920133205938]}"
744,10,0.07955972850322723,252.38577270507812,2020-10-18,172.9522705078125,0,1.0,6.859999656677246,2020-10-18,2020-10-17,1.0958809852600098,299.5896911621094,2020-10-19,34.040000915527344,12.5,2020-10-18,0.4516073763370514,1.0,"{""type"":""Point"",""coordinates"":[95.11929692083899,24.73081230495664]}"
745,10,0.7751164436340332,250.94842529296875,2022-12-27,322.5983581542969,0,17.0,0.0,2022-12-27,2022-12-26,22.743480682373047,292.5193176269531,2022-12-28,0.4099999964237213,0.0,2022-12-27,0.29367828369140625,9.0,"{""type"":""Point"",""coordinates"":[94.7207713965204,23.879293029166032]}"
746,10,0.05331912264227867,324.54486083984375,2023-09-13,517.6275634765625,0,1.0,61.89999771118164,2023-09-13,2023-09-12,13.193700790405273,298.1203308105469,2023-09-14,34.09000015258789,27.08333396911621,2023-09-13,0.42005792260169983,1.0,"{""type"":""Point"",""coordinates"":[92.67836851550027,22.987835504940776]}"
747,80,-0.027920911088585854,-0.0,2022-07-16,109.0,0,7.0,0.10999999940395355,2022-07-16,2022-07-15,0.0,307.8937683105469,2022-07-17,6.559999942779541,12.5,2022-07-16,0.3819001615047455,1.0,"{""type"":""Point"",""coordinates"":[95.11213981150642,27.629312919538457]}"
748,10,0.3377555310726166,123.9720458984375,2019-04-18,1084.8515625,0,1.0,0.0,2019-04-18,2019-04-17,28.25381851196289,296.0290222167969,2019-04-19,0.0,0.0,2019-04-18,0.18563270568847656,1.0,"{""type"":""Point"",""coordinates"":[93.68124630957855,23.66691153587515]}"
749,10,0.12408759444952011,351.38909912109375,2022-11-01,1181.0447998046875,0,12.0,0.0,2022-11-01,2022-10-31,19.482336044311523,295.65625,2022-11-02,0.01900000125169754,0.0,2022-11-01,0.40869584679603577,12.0,"{""type"":""Point"",""coordinates"":[96.86973776498884,21.806132417532552]}"
750,30,0.19031503796577454,42.981449127197266,2019-03-27,617.572265625,0,1.0,0.0,2019-03-27,2019-03-26,20.993301391601562,300.072021484375,2019-03-28,0.0,0.0,2019-03-27,0.1343504637479782,1.0,"{""type"":""Point"",""coordinates"":[92.83431226779756,21.75544221391795]}"
751,40,0.11821712553501129,95.7186279296875,2023-08-09,10.0970458984375,0,3.0,23.260000228881836,2023-08-09,2023-08-08,0.21004445850849152,299.9448547363281,2023-08-10,46.529998779296875,22.91666603088379,2023-08-09,0.44452857971191406,2.0,"{""type"":""Point"",""coordinates"":[92.13033678778541,24.800930634557375]}"
752,10,0.3546793460845947,305.98504638671875,2023-02-12,12.520711898803711,0,11.0,0.0,2023-02-12,2023-02-11,3.6055238246917725,298.5288391113281,2023-02-13,0.0,0.0,2023-02-12,0.13882701098918915,11.0,"{""type"":""Point"",""coordinates"":[88.78172399179964,22.868028539316523]}"
753,10,0.0629708468914032,143.69688415527344,2020-07-12,69.69606018066406,0,1.0,18.06999969482422,2020-07-12,2020-07-11,3.3474507331848145,299.0084228515625,2020-07-13,13.40999984741211,22.91666603088379,2020-07-12,0.47897085547447205,1.0,"{""type"":""Point"",""coordinates"":[91.85989879338419,26.576280182022384]}"
754,10,0.020055565983057022,17.118661880493164,2021-08-11,1000.8712768554688,0,54.0,13.059999465942383,2021-08-11,2021-08-10,27.22709846496582,296.5589599609375,2021-08-12,99.6500015258789,56.25,2021-08-11,0.47715887427330017,1.0,"{""type"":""Point"",""coordinates"":[97.266154892211,23.042632073886907]}"
755,40,0.0339478999376297,15.958540916442871,2021-08-04,12.519551277160645,0,30.0,1001.0999755859375,2021-08-04,2021-08-03,2.5219573974609375,302.8771667480469,2021-08-05,15.819999694824219,18.75,2021-08-04,0.411999374628067,30.0,"{""type"":""Point"",""coordinates"":[90.13741179432526,24.244874252943493]}"
756,40,0.6628648638725281,276.9190673828125,2021-01-09,684.708984375,0,2.0,0.0,2021-01-09,2021-01-08,1.0900743007659912,292.4482421875,2021-01-10,0.0,0.0,2021-01-09,0.26529884338378906,1.0,"{""type"":""Point"",""coordinates"":[97.16736953996372,22.325543592615283]}"
757,30,0.19169002771377563,302.6012268066406,2022-02-12,1149.4749755859375,0,1.0,0.0,2022-02-12,2022-02-11,8.269173622131348,289.9072265625,2022-02-13,0.0,0.0,2022-02-12,0.259967178106308,1.0,"{""type"":""Point"",""coordinates"":[96.5417265391105,22.44832669169699]}"
758,10,0.17523786425590515,281.0553283691406,2022-01-29,608.3189697265625,0,761.0,1924.3699951171875,2022-01-29,2022-01-28,37.467140197753906,276.38104248046875,2022-01-30,5.389999866485596,6.25,2022-01-29,0.4230092465877533,743.0,"{""type"":""Point"",""coordinates"":[94.77503043291607,28.78676727447168]}"
759,10,0.10750462859869003,20.99664306640625,2022-02-07,2044.8560791015625,0,1.0,0.0,2022-02-07,2022-02-06,30.167388916015625,278.5552978515625,2022-02-08,0.6100000143051147,0.0,2022-02-07,0.4205563962459564,1.0,"{""type"":""Point"",""coordinates"":[94.5444054355405,28.418968698225278]}"
760,10,0.34692925214767456,71.25482177734375,2021-11-03,8.57834529876709,0,1.0,2.4700000286102295,2021-11-03,2021-11-02,7.110713005065918,297.97412109375,2021-11-04,0.0,0.0,2021-11-03,0.3605429232120514,1.0,"{""type"":""Point"",""coordinates"":[88.57209010230633,22.548269342175647]}"
761,10,0.013844720087945461,211.14752197265625,2022-04-28,3908.16845703125,0,1.0,5.799999713897705,2022-04-28,2022-04-27,24.313947677612305,275.7499084472656,2022-04-29,26.619998931884766,12.5,2022-04-28,0.4221839904785156,1.0,"{""type"":""Point"",""coordinates"":[89.91367200365438,27.762998792790217]}"
762,10,0.2074306160211563,244.34237670898438,2021-05-17,132.9437713623047,0,3.0,0.0,2021-05-17,2021-05-16,6.295637130737305,304.0157165527344,2021-05-18,0.0,0.0,2021-05-17,0.338488906621933,3.0,"{""type"":""Point"",""coordinates"":[94.65355606334565,22.960367462564175]}"
763,10,0.2744947671890259,2.2758007049560547,2021-08-18,153.74392700195312,0,3.0,153.0,2021-08-18,2021-08-17,26.725908279418945,298.3807678222656,2021-08-19,3.359999895095825,2.0833332538604736,2021-08-18,0.41874566674232483,3.0,"{""type"":""Point"",""coordinates"":[92.41511686099162,24.140646457027835]}"
764,10,0.08372423052787781,54.578006744384766,2020-08-24,454.0118713378906,0,3.0,11.640000343322754,2020-08-24,2020-08-23,20.591663360595703,299.50213623046875,2020-08-25,23.850000381469727,18.75,2020-08-24,0.4788494110107422,1.0,"{""type"":""Point"",""coordinates"":[91.29547436521794,25.89698966163191]}"
765,10,0.23617127537727356,201.78219604492188,2020-02-10,2175.680419921875,0,6.0,1.2400000095367432,2020-02-10,2020-02-09,25.26068687438965,284.7234191894531,2020-02-11,0.0,0.0,2020-02-10,0.31726646423339844,1.0,"{""type"":""Point"",""coordinates"":[94.71266830845482,25.13690323949126]}"
766,10,0.2550578713417053,46.954002380371094,2022-03-30,30.169965744018555,0,4.0,11.199999809265137,2022-03-30,2022-03-29,11.22042179107666,301.1040344238281,2022-03-31,0.3999999761581421,0.0,2022-03-30,0.3789176940917969,4.0,"{""type"":""Point"",""coordinates"":[91.2776522162639,23.543996357674782]}"
767,10,0.5512223243713379,288.1178894042969,2020-02-15,343.81268310546875,0,1.0,0.0,2020-02-15,2020-02-14,10.61573314666748,292.3717346191406,2020-02-16,0.0,0.0,2020-02-15,0.31089529395103455,1.0,"{""type"":""Point"",""coordinates"":[95.26344922239527,24.20723831196013]}"
768,10,0.26636216044425964,104.84977722167969,2023-12-23,78.16483306884766,0,1.0,0.0,2023-12-23,2023-12-22,9.182963371276855,291.2887878417969,2023-12-24,0.3199999928474426,0.0,2023-12-23,0.30763688683509827,1.0,"{""type"":""Point"",""coordinates"":[93.62802232034988,26.805305993857733]}"
769,10,0.08565948903560638,228.5074005126953,2021-11-30,3077.705322265625,0,2.0,3.4600000381469727,2021-11-30,2021-11-29,33.13302993774414,275.6273193359375,2021-12-01,2.1599998474121094,0.0,2021-11-30,0.3704325258731842,2.0,"{""type"":""Point"",""coordinates"":[94.47248636976211,28.98685051285793]}"
770,30,-0.02041754685342312,178.2198028564453,2019-01-21,3189.82080078125,0,338.0,0.0,2019-01-21,2019-01-20,12.371143341064453,272.46917724609375,2019-01-22,0.0,0.0,2019-01-21,0.33666929602622986,338.0,"{""type"":""Point"",""coordinates"":[96.4881688319352,29.33579850817887]}"
771,10,0.7786881327629089,117.64044189453125,2020-12-14,76.47850799560547,0,2.0,0.0,2020-12-14,2020-12-13,3.66076397895813,292.39373779296875,2020-12-15,0.0,0.0,2020-12-14,0.1671854704618454,2.0,"{""type"":""Point"",""coordinates"":[89.45920858803231,26.608377531891296]}"
772,40,0.16482892632484436,130.1103057861328,2022-02-05,32.70473861694336,0,29.0,2091.18994140625,2022-02-05,2022-02-04,0.2314579337835312,289.89215087890625,2022-02-06,0.0,0.0,2022-02-05,0.40116944909095764,29.0,"{""type"":""Point"",""coordinates"":[88.50939709483532,24.905675644578807]}"
773,10,0.030690668150782585,323.9599609375,2020-08-28,1342.4957275390625,0,8.0,664.239990234375,2020-08-28,2020-08-27,37.76228332519531,296.9731140136719,2020-08-29,58.84000015258789,29.16666603088379,2020-08-28,0.4653358459472656,8.0,"{""type"":""Point"",""coordinates"":[91.665968938068,25.67166190439192]}"
774,100,0.027051495388150215,121.88587951660156,2021-10-23,4500.8623046875,0,1.0,7.5,2021-10-23,2021-10-22,26.962486267089844,280.55938720703125,2021-10-24,0.0,0.0,2021-10-23,0.4211209714412689,1.0,"{""type"":""Point"",""coordinates"":[96.41637177179956,28.924584175653184]}"
775,80,-0.04545089229941368,-0.0,2020-01-09,0.0,0,0.0,0.0,2020-01-09,2020-01-08,0.0,0.0,2020-01-10,0.04999999701976776,0.0,2020-01-09,0.0,0.0,"{""type"":""Point"",""coordinates"":[91.25866585821689,22.041138573283117]}"
776,10,0.0643535852432251,62.321380615234375,2022-05-07,9.910666465759277,0,1.0,0.0,2022-05-07,2022-05-06,6.123419761657715,302.0276184082031,2022-05-08,0.0,0.0,2022-05-07,0.4331919252872467,1.0,"{""type"":""Point"",""coordinates"":[88.87698858486836,22.512381276009364]}"
777,60,0.04294692724943161,80.16110229492188,2023-09-30,420.17279052734375,0,4009.0,0.0,2023-09-30,2023-09-29,13.27752685546875,297.6763000488281,2023-10-01,1.1699999570846558,0.0,2023-09-30,0.4632600247859955,4009.0,"{""type"":""Point"",""coordinates"":[96.25524326437758,27.14264996432699]}"
778,10,0.09181720018386841,186.30816650390625,2023-05-29,1060.536865234375,0,3.0,26.579999923706055,2023-05-29,2023-05-28,23.32442855834961,294.3768310546875,2023-05-30,0.0,0.0,2023-05-29,0.34106507897377014,3.0,"{""type"":""Point"",""coordinates"":[94.99691516115352,26.013782418636367]}"
779,30,0.029602540656924248,86.03783416748047,2019-09-18,4509.947265625,0,1.0,1.5799999237060547,2019-09-18,2019-09-17,39.95636749267578,282.9675598144531,2019-09-19,2.3499999046325684,2.0833332538604736,2019-09-18,0.4233194887638092,1.0,"{""type"":""Point"",""coordinates"":[92.21562686182239,27.75238857751877]}"
780,40,0.1728375107049942,139.47959899902344,2021-04-08,128.78717041015625,0,494.0,0.0,2021-04-08,2021-04-07,0.33222171664237976,301.10748291015625,2021-04-09,0.0,0.0,2021-04-08,0.269195556640625,494.0,"{""type"":""Point"",""coordinates"":[96.28225024082536,23.56658743442346]}"
781,10,0.012669851072132587,64.40632629394531,2020-07-15,28.78618049621582,0,1.0,7.659999847412109,2020-07-15,2020-07-14,2.0863187313079834,301.75128173828125,2020-07-16,1.75,2.0833332538604736,2020-07-15,0.4048042297363281,1.0,"{""type"":""Point"",""coordinates"":[89.39813601266736,25.380926573668596]}"
782,30,0.06589029729366302,242.96987915039062,2019-06-18,4447.59619140625,0,2.0,0.0,2019-06-18,2019-06-17,25.800289154052734,290.4531555175781,2019-06-19,0.0,0.0,2019-06-18,0.16202163696289062,2.0,"{""type"":""Point"",""coordinates"":[89.1567403519191,29.009180477204247]}"
783,10,0.11882544308900833,269.9827880859375,2019-06-22,930.5071411132812,0,2.0,55.63999938964844,2019-06-22,2019-06-21,20.377105712890625,296.52386474609375,2019-06-23,4.940000057220459,4.166666507720947,2019-06-22,0.45871224999427795,2.0,"{""type"":""Point"",""coordinates"":[93.36578154314881,25.186746476961346]}"
784,10,0.14041022956371307,333.6961975097656,2020-02-06,223.5304412841797,0,1.0,1.1699999570846558,2020-02-06,2020-02-05,1.8625915050506592,289.74432373046875,2020-02-07,0.10999999940395355,0.0,2020-02-06,0.32505670189857483,1.0,"{""type"":""Point"",""coordinates"":[96.8768151826731,26.328204142915162]}"
785,10,0.26119107007980347,183.2012176513672,2021-10-03,178.5303955078125,0,25.0,6.999999523162842,2021-10-03,2021-10-02,4.7756829261779785,300.49822998046875,2021-10-04,1.2599999904632568,2.0833332538604736,2021-10-03,0.485333114862442,25.0,"{""type"":""Point"",""coordinates"":[94.71423320637585,22.66577961226835]}"
786,10,0.18454961478710175,320.1924133300781,2020-02-01,1481.496337890625,0,48.0,241.9199981689453,2020-02-01,2020-01-31,28.42436408996582,278.8514404296875,2020-02-02,1.7529999017715454,0.0,2020-02-01,0.3848133087158203,48.0,"{""type"":""Point"",""coordinates"":[90.76975946599913,27.207213666911095]}"
787,80,-0.150490865111351,-0.0,2022-04-10,66.5,0,2.0,71.56999969482422,2022-04-10,2022-04-09,0.0,295.3140869140625,2022-04-11,43.769996643066406,29.16666603088379,2022-04-10,0.49404335021972656,1.0,"{""type"":""Point"",""coordinates"":[93.29126225258314,26.70826698078948]}"
788,30,0.34282585978507996,206.04287719726562,2021-11-06,4766.65966796875,0,235.0,0.0,2021-11-06,2021-11-05,1.0982019901275635,272.67022705078125,2021-11-07,0.0,0.0,2021-11-06,0.19440841674804688,235.0,"{""type"":""Point"",""coordinates"":[88.68150296136254,28.69721500557674]}"
789,30,0.060410238802433014,158.33384704589844,2020-05-13,4534.962890625,0,6.0,0.0,2020-05-13,2020-05-12,11.970261573791504,277.1224670410156,2020-05-14,1.2599999904632568,2.0833332538604736,2020-05-13,0.27313360571861267,6.0,"{""type"":""Point"",""coordinates"":[88.17260364492114,28.328617800010033]}"
790,10,0.3444954454898834,358.0262451171875,2019-03-27,17.337566375732422,0,2.0,2.1599998474121094,2019-03-27,2019-03-26,1.1107836961746216,301.06744384765625,2019-03-28,0.0,0.0,2019-03-27,0.1614653319120407,1.0,"{""type"":""Point"",""coordinates"":[88.7142377145062,24.425423868871853]}"
791,10,0.47315821051597595,115.55657196044922,2022-01-15,604.4451293945312,0,10.0,151.6999969482422,2022-01-15,2022-01-14,26.83611297607422,287.1506652832031,2022-01-16,0.08999999612569809,0.0,2022-01-15,0.4493064880371094,10.0,"{""type"":""Point"",""coordinates"":[94.4382338673566,26.447138449281816]}"
792,70,-0.019028330221772194,265.90045166015625,2023-02-09,4715.47607421875,0,1.0,0.44999998807907104,2023-02-09,2023-02-08,26.426782608032227,273.4788818359375,2023-02-10,0.0,0.0,2023-02-09,0.3453909456729889,1.0,"{""type"":""Point"",""coordinates"":[93.52185375505088,28.606157920576578]}"
793,10,0.6813325881958008,55.17447280883789,2021-02-22,315.3054504394531,0,4.0,0.0,2021-02-22,2021-02-21,7.419168472290039,291.54827880859375,2021-02-23,0.0,0.0,2021-02-22,0.2656745910644531,4.0,"{""type"":""Point"",""coordinates"":[95.902116603003,26.39309250487163]}"
794,10,0.09898966550827026,170.11390686035156,2023-08-20,1018.3162841796875,0,28.0,33.97999954223633,2023-08-20,2023-08-19,24.203279495239258,296.57891845703125,2023-08-21,7.549999713897705,12.5,2023-08-20,0.4968223571777344,1.0,"{""type"":""Point"",""coordinates"":[96.07594435376237,27.17955323511278]}"
795,10,0.43243664503097534,45.50291442871094,2019-04-19,788.115966796875,0,2.0,0.0,2019-04-19,2019-04-18,18.769672393798828,298.5289306640625,2019-04-20,0.0,0.0,2019-04-19,0.3258107602596283,2.0,"{""type"":""Point"",""coordinates"":[97.00506767866845,23.120009717330788]}"
796,30,0.04362129792571068,188.45077514648438,2023-10-07,5132.83935546875,0,2.0,0.0,2023-10-07,2023-10-06,12.942514419555664,282.4739990234375,2023-10-08,0.0,0.0,2023-10-07,0.3906726837158203,2.0,"{""type"":""Point"",""coordinates"":[92.7853828614616,29.19512557008602]}"
797,40,0.08077086508274078,191.9827880859375,2022-01-18,9.596429824829102,0,2.0,0.0,2022-01-18,2022-01-17,0.20865948498249054,290.2611999511719,2022-01-19,0.03999999910593033,0.0,2022-01-18,0.3329048156738281,2.0,"{""type"":""Point"",""coordinates"":[91.93664827051688,25.1063366978077]}"
798,40,0.07585204392671585,299.8001708984375,2019-06-01,2.736098527908325,0,7.0,3.009999990463257,2019-06-01,2019-05-31,0.9028619527816772,306.4738464355469,2019-06-02,0.21000000834465027,0.0,2019-06-01,0.18691189587116241,7.0,"{""type"":""Point"",""coordinates"":[88.87421140518623,22.67604355188159]}"
799,80,-0.08366505056619644,121.23049926757812,2019-02-19,2.8924896717071533,0,2.0,0.0,2019-02-19,2019-02-18,0.556505560874939,0.0,2019-02-20,0.0,0.0,2019-02-19,0.0,2.0,"{""type"":""Point"",""coordinates"":[90.97496000781963,22.52122089055949]}"
800,10,0.054062675684690475,282.7869873046875,2021-06-27,1180.656494140625,0,2.0,51.84000015258789,2021-06-27,2021-06-26,31.475940704345703,296.43780517578125,2021-06-28,68.15999603271484,64.58333587646484,2021-06-27,0.42170462012290955,1.0,"{""type"":""Point"",""coordinates"":[94.96062780976914,28.154212416855668]}"
801,95,0.3695535361766815,38.40680694580078,2019-12-04,4.863697528839111,0,4.0,0.0,2019-12-04,2019-12-03,2.092066526412964,296.0299072265625,2019-12-05,0.0,0.0,2019-12-04,0.26567140221595764,4.0,"{""type"":""Point"",""coordinates"":[89.13674880525858,22.09871170271689]}"
802,10,0.02836533449590206,346.3613586425781,2019-08-15,272.5771484375,0,1.0,1.0699999332427979,2019-08-15,2019-08-14,18.835084915161133,299.37359619140625,2019-08-16,17.079999923706055,12.5,2019-08-15,0.4944699704647064,1.0,"{""type"":""Point"",""coordinates"":[96.61976952705173,25.988564016566926]}"
803,10,0.5594106912612915,309.43536376953125,2022-01-22,1895.7266845703125,0,35.0,4.549999713897705,2022-01-22,2022-01-21,43.75297164916992,276.69683837890625,2022-01-23,0.20999999344348907,0.0,2022-01-22,0.3965110778808594,35.0,"{""type"":""Point"",""coordinates"":[88.67710934524443,27.301762923892188]}"
804,40,0.12328007072210312,261.5323791503906,2019-09-04,71.77169036865234,0,29.0,274.04998779296875,2019-09-04,2019-09-03,5.542909622192383,301.5210266113281,2019-09-05,18.219999313354492,31.25,2019-09-04,0.4843839108943939,29.0,"{""type"":""Point"",""coordinates"":[90.17225393301611,25.374901457876526]}"
805,10,0.12092351168394089,131.40713500976562,2022-10-31,133.04759216308594,0,1.0,0.0,2022-10-31,2022-10-30,2.871100902557373,296.4994812011719,2022-11-01,0.0,0.0,2022-10-31,0.4529590606689453,1.0,"{""type"":""Point"",""coordinates"":[95.55552381901244,27.60526509507079]}"
806,10,0.13081413507461548,351.8323669433594,2022-08-04,6.96242094039917,0,1.0,49.119998931884766,2022-08-04,2022-08-03,2.282395362854004,302.144775390625,2022-08-05,10.9399995803833,22.91666603088379,2022-08-04,0.4119313657283783,1.0,"{""type"":""Point"",""coordinates"":[90.41859158623944,23.544727324721837]}"
807,10,0.6315236687660217,113.87171936035156,2019-11-13,424.5393371582031,0,47.0,0.0,2019-11-13,2019-11-12,20.714759826660156,292.9154357910156,2019-11-14,0.0,0.0,2019-11-13,0.4658489227294922,2.0,"{""type"":""Point"",""coordinates"":[97.23394618123463,26.013053146520406]}"
808,10,0.44419580698013306,229.9656219482422,2019-12-06,1159.02880859375,0,698.0,0.0,2019-12-06,2019-12-05,32.50556182861328,284.3348083496094,2019-12-07,0.0,0.0,2019-12-06,0.35646820068359375,698.0,"{""type"":""Point"",""coordinates"":[95.2160450217545,26.503681846791284]}"
809,40,0.5786892771720886,277.1890563964844,2022-11-15,30.9481143951416,0,2.0,0.0,2022-11-15,2022-11-14,0.9034090042114258,295.6325378417969,2022-11-16,0.0,0.0,2022-11-15,0.2631988525390625,2.0,"{""type"":""Point"",""coordinates"":[88.63618857952119,25.293648757960128]}"
810,10,0.12542064487934113,250.87319946289062,2023-09-08,425.4472961425781,0,1.0,34.61000061035156,2023-09-08,2023-09-07,5.684047698974609,300.0387878417969,2023-09-09,8.84000015258789,8.333333015441895,2023-09-08,0.423492431640625,1.0,"{""type"":""Point"",""coordinates"":[92.20931648665461,23.62847235569329]}"
811,10,0.18935099244117737,249.2165069580078,2021-02-18,1054.7431640625,0,79.0,8.260000228881836,2021-02-18,2021-02-17,25.250661849975586,280.035400390625,2021-02-19,1.9399999380111694,0.0,2021-02-18,0.27358055114746094,2.0,"{""type"":""Point"",""coordinates"":[96.83413181965852,27.896296595675395]}"
812,30,0.35482266545295715,304.8892822265625,2023-09-05,4318.357421875,0,4.0,0.0,2023-09-05,2023-09-04,33.39534378051758,285.3778991699219,2023-09-06,0.0,0.0,2023-09-05,0.3494504392147064,4.0,"{""type"":""Point"",""coordinates"":[91.48593325080458,29.107246220051362]}"
813,10,0.3361627161502838,25.371774673461914,2020-04-11,910.2991943359375,0,1.0,0.0,2020-04-11,2020-04-10,28.658153533935547,295.6888732910156,2020-04-12,1.5299999713897705,2.0833332538604736,2020-04-11,0.21445274353027344,1.0,"{""type"":""Point"",""coordinates"":[93.87776144460031,23.01947203773091]}"
814,30,0.012118048965930939,270.1446838378906,2022-05-22,1133.5006103515625,0,1.0,17.239999771118164,2022-05-22,2022-05-21,2.4644556045532227,297.780517578125,2022-05-23,3.7100000381469727,2.0833332538604736,2022-05-22,0.3791694641113281,1.0,"{""type"":""Point"",""coordinates"":[93.05156324136078,24.151281358444397]}"
815,10,0.463302344083786,104.83538055419922,2022-02-25,320.4648742675781,0,226.0,0.0,2022-02-25,2022-02-24,4.493896961212158,293.6371154785156,2022-02-26,0.0,0.0,2022-02-25,0.28819146752357483,2.0,"{""type"":""Point"",""coordinates"":[94.67438861822562,23.44092054188014]}"
816,10,0.6731881499290466,8.63693618774414,2021-04-30,119.06111145019531,0,1.0,4.110000133514404,2021-04-30,2021-04-29,34.44582748413086,301.5634765625,2021-05-01,27.369998931884766,22.91666603088379,2021-04-30,0.12266858667135239,1.0,"{""type"":""Point"",""coordinates"":[92.9259226845862,21.986128993292095]}"
817,10,0.12262525409460068,81.23420715332031,2021-10-09,65.33197021484375,0,1.0,2.25,2021-10-09,2021-10-08,7.124416828155518,301.3018493652344,2021-10-10,6.089999675750732,8.333333015441895,2021-10-09,0.46423593163490295,1.0,"{""type"":""Point"",""coordinates"":[91.82558244886457,26.177756833940702]}"
818,40,0.009020618163049221,230.76025390625,2020-10-10,2.0,0,2.0,8.639999389648438,2020-10-10,2020-10-09,4.944328308105469,305.41314697265625,2020-10-11,10.109999656677246,25.0,2020-10-10,0.2339324951171875,2.0,"{""type"":""Point"",""coordinates"":[89.9811230628678,23.715209419498233]}"
819,10,0.12125198543071747,185.5906219482422,2022-02-08,2201.353271484375,0,1.0,3.549999952316284,2022-02-08,2022-02-07,41.048583984375,286.92822265625,2022-02-09,0.0,0.0,2022-02-08,0.43258222937583923,1.0,"{""type"":""Point"",""coordinates"":[97.05385611463333,25.63527608850593]}"
820,10,0.10658621042966843,356.9252014160156,2023-03-08,2762.448486328125,0,4.0,0.0,2023-03-08,2023-03-07,35.498634338378906,282.4189147949219,2023-03-09,9.130000114440918,14.583333015441895,2023-03-08,0.39367929100990295,4.0,"{""type"":""Point"",""coordinates"":[88.05671213746064,27.253189294483764]}"
821,40,0.12288668751716614,43.42940902709961,2020-06-08,63.13030242919922,0,1692.0,10.09000015258789,2020-06-08,2020-06-07,0.7895912528038025,304.73419189453125,2020-06-09,5.599999904632568,8.333333015441895,2020-06-08,0.390148788690567,1.0,"{""type"":""Point"",""coordinates"":[95.44709032216419,21.762505509758498]}"
822,60,-0.004896664991974831,312.048583984375,2020-08-18,15.402676582336426,0,1.0,0.0,2020-08-18,2020-08-17,2.5440449714660645,301.6685485839844,2020-08-19,0.19999998807907104,0.0,2020-08-18,0.29354920983314514,1.0,"{""type"":""Point"",""coordinates"":[89.83070061198323,24.381768730941694]}"
823,10,0.08196300268173218,215.3037872314453,2019-10-27,1406.1123046875,0,2.0,43.709999084472656,2019-10-27,2019-10-26,34.1262092590332,289.6784973144531,2019-10-28,0.09999999403953552,0.0,2019-10-27,0.47402700781822205,1.0,"{""type"":""Point"",""coordinates"":[95.86142334497244,27.08802262880729]}"
824,10,0.004408881068229675,334.3258056640625,2019-04-05,4447.52734375,0,2.0,10.220000267028809,2019-04-05,2019-04-04,29.84819984436035,272.27069091796875,2019-04-06,0.009999999776482582,0.0,2019-04-05,0.2972196042537689,1.0,"{""type"":""Point"",""coordinates"":[97.27658342380104,28.654216660033445]}"
825,10,0.12471191585063934,169.7637939453125,2023-10-23,283.9138488769531,0,1.0,0.7799999713897705,2023-10-23,2023-10-22,21.187231063842773,300.47698974609375,2023-10-24,23.1299991607666,16.66666603088379,2023-10-23,0.3353970944881439,1.0,"{""type"":""Point"",""coordinates"":[91.7482912587025,24.03117746582244]}"
826,10,0.17217609286308289,268.4180603027344,2020-03-14,42.70313262939453,0,2.0,0.0,2020-03-14,2020-03-13,17.280973434448242,302.6905822753906,2020-03-15,0.0,0.0,2020-03-14,0.11910756677389145,2.0,"{""type"":""Point"",""coordinates"":[91.349208991276,23.148339887663795]}"
827,10,0.3278825879096985,129.54318237304688,2020-06-11,99.08977508544922,0,4.0,8.4399995803833,2020-06-11,2020-06-10,22.182422637939453,301.28399658203125,2020-06-12,0.0,0.0,2020-06-11,0.41595330834388733,4.0,"{""type"":""Point"",""coordinates"":[96.17771931257992,22.103967523199323]}"
828,40,0.09728658944368362,78.48274993896484,2023-09-20,152.31976318359375,0,2.0,40.72999954223633,2023-09-20,2023-09-19,1.01555335521698,302.2536926269531,2023-09-21,7.859999656677246,12.5,2023-09-20,0.430194228887558,1.0,"{""type"":""Point"",""coordinates"":[95.29850061662471,27.95770192227027]}"
829,10,0.25900688767433167,120.1922378540039,2023-02-17,122.21487426757812,0,891.0,0.0,2023-02-17,2023-02-16,3.3496482372283936,294.72369384765625,2023-02-18,0.0,0.0,2023-02-17,0.15636062622070312,6.0,"{""type"":""Point"",""coordinates"":[88.40911198844789,26.716872811021663]}"
830,40,0.7194733619689941,53.67292022705078,2022-12-17,152.6547088623047,0,11.0,0.0,2022-12-17,2022-12-16,3.9538168907165527,291.4261169433594,2022-12-18,0.0,0.0,2022-12-17,0.2754427492618561,11.0,"{""type"":""Point"",""coordinates"":[95.8536047967064,27.368624036879517]}"
831,10,0.29175707697868347,86.55597686767578,2020-09-19,637.2365112304688,0,1.0,2.2100000381469727,2020-09-19,2020-09-18,13.900116920471191,297.5143127441406,2020-09-20,0.0,0.0,2020-09-19,0.4870675504207611,1.0,"{""type"":""Point"",""coordinates"":[97.45172781038768,26.56484015694797]}"
832,20,0.3734033703804016,324.5481262207031,2022-03-10,187.6161651611328,0,6239.0,0.0,2022-03-10,2022-03-09,2.942229986190796,298.58428955078125,2022-03-11,0.0,0.0,2022-03-10,0.28557777404785156,6239.0,"{""type"":""Point"",""coordinates"":[95.650194583915,24.73618769049561]}"
833,10,0.06521429866552353,169.43641662597656,2021-11-04,490.25762939453125,0,1.0,0.0,2021-11-04,2021-11-03,14.661731719970703,296.2941589355469,2021-11-05,1.459999918937683,2.0833332538604736,2021-11-04,0.44263139367103577,1.0,"{""type"":""Point"",""coordinates"":[94.96040000675534,23.81911446640611]}"
834,10,0.17286570370197296,57.93833923339844,2019-05-01,3371.56884765625,0,1.0,10.260000228881836,2019-05-01,2019-04-30,47.96929168701172,272.8995666503906,2019-05-02,3.677999973297119,6.25,2019-05-01,0.42423248291015625,1.0,"{""type"":""Point"",""coordinates"":[97.01477149202212,28.74363947849791]}"
835,100,0.08416306227445602,179.26014709472656,2021-11-20,3515.082275390625,0,12.0,19.920000076293945,2021-11-20,2021-11-19,15.713275909423828,277.6626281738281,2021-11-21,0.07999999821186066,0.0,2021-11-20,0.3028615415096283,4.0,"{""type"":""Point"",""coordinates"":[96.3163757924803,28.474562371523504]}"
836,10,0.38874879479408264,291.7491149902344,2022-01-13,1141.241943359375,0,6.0,71.58000183105469,2022-01-13,2022-01-12,38.279598236083984,282.4154357910156,2022-01-14,2.0199999809265137,6.25,2022-01-13,0.4815451204776764,6.0,"{""type"":""Point"",""coordinates"":[97.41132996977854,27.617474752841623]}"
837,60,0.25054046511650085,205.31558227539062,2019-12-18,54.82713317871094,0,1.0,0.0,2019-12-18,2019-12-17,3.962806463241577,292.9933166503906,2019-12-19,0.0,0.0,2019-12-18,0.32984670996665955,1.0,"{""type"":""Point"",""coordinates"":[92.0589414695556,26.439660010340564]}"
838,10,0.19696539640426636,219.8905029296875,2020-04-14,812.3126220703125,0,2.0,0.0,2020-04-14,2020-04-13,37.9943733215332,296.52197265625,2020-04-15,0.0,0.0,2020-04-14,0.14505831897258759,2.0,"{""type"":""Point"",""coordinates"":[93.14786860021903,22.537657632164606]}"
839,10,0.194084033370018,132.01585388183594,2020-09-23,341.15509033203125,0,2.0,1.7400000095367432,2020-09-23,2020-09-22,22.294172286987305,298.36737060546875,2020-09-24,55.32999801635742,27.08333396911621,2020-09-23,0.46258544921875,2.0,"{""type"":""Point"",""coordinates"":[94.01419623328609,22.524100651684268]}"
840,10,0.27504056692123413,235.9873809814453,2019-06-19,134.49916076660156,0,10.0,213.5,2019-06-19,2019-06-18,17.789480209350586,302.1170654296875,2019-06-20,82.47000122070312,29.16666603088379,2019-06-19,0.3828449249267578,10.0,"{""type"":""Point"",""coordinates"":[92.17614508081992,23.859421204823363]}"
841,40,0.22009263932704926,10.849357604980469,2022-06-03,2.210996627807617,0,3.0,16.139999389648438,2022-06-03,2022-06-02,0.21087372303009033,301.35638427734375,2022-06-04,4.159999847412109,4.166666507720947,2022-06-03,0.4060497283935547,3.0,"{""type"":""Point"",""coordinates"":[90.45746159165377,23.013728004225538]}"
842,40,0.29421186447143555,65.18159484863281,2019-09-01,1973.8621826171875,0,94.0,1.4199999570846558,2019-09-01,2019-08-31,0.8719823956489563,285.09661865234375,2019-09-02,1.7259999513626099,2.0833332538604736,2019-09-01,0.4172821044921875,1.0,"{""type"":""Point"",""coordinates"":[96.69406801304731,28.85469714630477]}"
843,10,0.48443475365638733,112.1116714477539,2023-01-12,590.2222900390625,0,29.0,0.0,2023-01-12,2023-01-11,28.173423767089844,287.3488464355469,2023-01-13,0.0,0.0,2023-01-12,0.2540651857852936,2.0,"{""type"":""Point"",""coordinates"":[93.99926290926051,23.831939825448654]}"
844,40,0.5455597043037415,287.34197998046875,2021-04-09,5.197181224822998,0,13069.0,1045.52001953125,2021-04-09,2021-04-08,0.8581629395484924,304.8121337890625,2021-04-10,0.0,0.0,2021-04-09,0.1647167205810547,13069.0,"{""type"":""Point"",""coordinates"":[89.01490180421114,23.303272863806267]}"
845,40,0.06718872487545013,135.9132843017578,2019-09-22,43.387115478515625,0,12387.0,5078.669921875,2019-09-22,2019-09-21,5.585873126983643,301.8089599609375,2019-09-23,92.70999908447266,39.58333206176758,2019-09-22,0.4744224548339844,12387.0,"{""type"":""Point"",""coordinates"":[91.34313087394601,26.105561059063003]}"
846,30,0.0488472655415535,223.24803161621094,2021-08-06,4692.806640625,0,114.0,1211.8199462890625,2021-08-06,2021-08-05,12.136316299438477,284.2509765625,2021-08-07,0.0,0.0,2021-08-06,0.4178943634033203,114.0,"{""type"":""Point"",""coordinates"":[88.60232975439641,28.7997787243663]}"
847,40,0.24693743884563446,6.765688896179199,2019-01-10,1.7875127792358398,0,3.0,0.0,2019-01-10,2019-01-09,0.5119126439094543,293.6406555175781,2019-01-11,0.0,0.0,2019-01-10,0.14681370556354523,1.0,"{""type"":""Point"",""coordinates"":[89.97981990899602,22.695694255440767]}"
848,60,0.018423018977046013,297.6353454589844,2023-07-21,5148.36572265625,0,2.0,17.119998931884766,2023-07-21,2023-07-20,36.572322845458984,285.25238037109375,2023-07-22,1.899999976158142,4.166666507720947,2023-07-21,0.4127114713191986,2.0,"{""type"":""Point"",""coordinates"":[92.70515119849395,28.65043104263179]}"
849,40,0.1716296374797821,266.4406433105469,2022-08-19,8.861817359924316,0,1.0,141.1199951171875,2022-08-19,2022-08-18,0.5732733011245728,304.4872131347656,2022-08-20,6.440000057220459,12.5,2022-08-19,0.34994062781333923,1.0,"{""type"":""Point"",""coordinates"":[89.28341263279913,23.693197938467826]}"
850,40,0.19397549331188202,220.68063354492188,2021-08-28,47.081783294677734,0,3.0,106.13999938964844,2021-08-28,2021-08-27,0.1696787327528,299.7988586425781,2021-08-29,64.47999572753906,62.5,2021-08-28,0.5094960331916809,2.0,"{""type"":""Point"",""coordinates"":[91.40314044840545,26.12574860271506]}"
851,10,0.2200736105442047,51.61154556274414,2019-04-04,1741.14697265625,0,295.0,14.749999046325684,2019-04-04,2019-04-03,36.667724609375,283.6474609375,2019-04-05,3.169999837875366,0.0,2019-04-04,0.40955543518066406,295.0,"{""type"":""Point"",""coordinates"":[88.09893093899531,27.12951813493425]}"
852,30,0.09497206658124924,344.5120849609375,2023-11-20,4153.1923828125,0,8.0,0.0,2023-11-20,2023-11-19,31.38735008239746,274.0523986816406,2023-11-21,0.0,0.0,2023-11-20,0.3281618654727936,8.0,"{""type"":""Point"",""coordinates"":[91.35269107841593,29.179289080055824]}"
853,30,0.08001761138439178,256.03173828125,2023-08-22,4833.17822265625,0,2.0,14.419999122619629,2023-08-22,2023-08-21,13.275012016296387,285.14666748046875,2023-08-23,3.559999942779541,4.166666507720947,2023-08-22,0.42339515686035156,1.0,"{""type"":""Point"",""coordinates"":[91.6292601977117,28.76374021237272]}"
854,30,0.5127175450325012,203.7628936767578,2023-10-13,1123.8621826171875,0,1.0,1.2200000286102295,2023-10-13,2023-10-12,17.229772567749023,294.5388488769531,2023-10-14,0.0,0.0,2023-10-13,0.390759140253067,1.0,"{""type"":""Point"",""coordinates"":[93.18203462385425,23.311504475063806]}"
855,40,0.06342030316591263,250.6935272216797,2023-09-10,30.18108558654785,0,32.0,14.569999694824219,2023-09-10,2023-09-09,0.510891318321228,302.39520263671875,2023-09-11,2.6599998474121094,4.166666507720947,2023-09-10,0.39764466881752014,31.0,"{""type"":""Point"",""coordinates"":[89.13812208995161,25.630205190207956]}"
856,30,0.06618839502334595,26.100500106811523,2021-03-03,5154.11181640625,0,2.0,0.0,2021-03-03,2021-03-02,32.38869094848633,272.69818115234375,2021-03-04,0.0,0.0,2021-03-03,0.33974266052246094,2.0,"{""type"":""Point"",""coordinates"":[91.56024876692906,28.30510398653925]}"
857,10,0.7217833995819092,263.61016845703125,2023-02-07,120.85201263427734,0,1.0,0.0,2023-02-07,2023-02-06,3.2322463989257812,295.623291015625,2023-02-08,0.0,0.0,2023-02-07,0.1434141844511032,1.0,"{""type"":""Point"",""coordinates"":[96.61891151038863,24.441243791533903]}"
858,60,0.04182615131139755,148.4600372314453,2019-01-31,3575.669189453125,0,1.0,0.0,2019-01-31,2019-01-30,1.185855746269226,270.4177551269531,2019-02-01,0.0,0.0,2019-01-31,0.30859819054603577,1.0,"{""type"":""Point"",""coordinates"":[91.26006771321168,29.31341312728901]}"
859,10,0.17922274768352509,41.64229202270508,2023-05-13,216.07093811035156,0,5.0,70.93000030517578,2023-05-13,2023-05-12,18.10603904724121,304.60650634765625,2023-05-14,141.13999938964844,91.66666412353516,2023-05-13,0.13536961376667023,1.0,"{""type"":""Point"",""coordinates"":[93.96035884263347,23.17050494792081]}"
860,10,0.2169559895992279,16.538026809692383,2023-10-30,1254.1954345703125,0,1.0,0.0,2023-10-30,2023-10-29,25.597949981689453,290.0638732910156,2023-10-31,0.0,0.0,2023-10-30,0.447406142950058,1.0,"{""type"":""Point"",""coordinates"":[97.26595301534672,27.21969601530179]}"
861,10,0.3799787163734436,76.1115493774414,2022-03-30,309.45782470703125,0,2.0,0.0,2022-03-30,2022-03-29,14.26895809173584,297.02801513671875,2022-03-31,0.0,0.0,2022-03-30,0.1681804656982422,1.0,"{""type"":""Point"",""coordinates"":[94.27918183100637,23.802249812793637]}"
862,10,0.061058126389980316,257.6263122558594,2023-10-09,389.77166748046875,0,1.0,0.0,2023-10-09,2023-10-08,8.967106819152832,299.2884521484375,2023-10-10,18.209999084472656,27.08333396911621,2023-10-09,0.4711742401123047,1.0,"{""type"":""Point"",""coordinates"":[97.19402552307993,25.62672110464592]}"
863,10,0.14877983927726746,319.19921875,2023-04-07,562.3040161132812,0,2135.0,0.0,2023-04-07,2023-04-06,30.172775268554688,292.76275634765625,2023-04-08,0.0,0.0,2023-04-07,0.2841758728027344,1.0,"{""type"":""Point"",""coordinates"":[89.36591819028035,26.90366742283905]}"
864,30,0.10874560475349426,352.56719970703125,2021-07-16,4583.126953125,0,2.0,3.440000057220459,2021-07-16,2021-07-15,18.943368911743164,284.76617431640625,2021-07-17,5.419999599456787,10.416666984558105,2021-07-16,0.4263134002685547,2.0,"{""type"":""Point"",""coordinates"":[90.46230626473188,28.767959091802297]}"
865,10,0.2001226544380188,315.89422607421875,2021-09-03,531.4085083007812,0,1.0,36.5,2021-09-03,2021-09-02,7.916987895965576,298.19500732421875,2021-09-04,0.0,0.0,2021-09-03,0.4883066713809967,1.0,"{""type"":""Point"",""coordinates"":[92.75898166833211,25.536559051846453]}"
866,40,0.18207474052906036,262.9569091796875,2020-03-14,216.20687866210938,0,8.0,0.0,2020-03-14,2020-03-13,3.815357208251953,305.00836181640625,2020-03-15,0.0,0.0,2020-03-14,0.25216421484947205,8.0,"{""type"":""Point"",""coordinates"":[95.60198847046577,21.582653946185058]}"
867,95,0.44850870966911316,253.52462768554688,2020-04-08,7.820735454559326,0,1.0,0.0,2020-04-08,2020-04-07,0.8848587274551392,303.5986328125,2020-04-09,0.10999999940395355,0.0,2020-04-08,0.2669912874698639,1.0,"{""type"":""Point"",""coordinates"":[89.71026756475666,22.023526519706]}"
868,80,-0.0826273262500763,-0.0,2020-01-11,0.0,0,0.0,0.0,2020-01-11,2020-01-10,0.0,0.0,2020-01-12,0.0,0.0,2020-01-11,0.0,0.0,"{""type"":""Point"",""coordinates"":[90.36695764107964,21.74012003106516]}"
869,40,0.7259875535964966,118.55054473876953,2022-10-18,41.084228515625,0,684.0,0.0,2022-10-18,2022-10-17,0.13191206753253937,299.1009826660156,2022-10-19,0.0,0.0,2022-10-18,0.34357261657714844,684.0,"{""type"":""Point"",""coordinates"":[88.84759013862661,25.844541170055987]}"
870,10,0.05767363682389259,279.4027404785156,2021-05-22,380.0704040527344,0,3.0,38.7599983215332,2021-05-22,2021-05-21,17.555540084838867,298.07861328125,2021-05-23,50.12999725341797,33.33333206176758,2021-05-22,0.49721527099609375,1.0,"{""type"":""Point"",""coordinates"":[95.17644104578704,26.94990942456074]}"
871,30,0.09304381906986237,21.494657516479492,2021-03-25,3914.127197265625,0,4.0,0.0,2021-03-25,2021-03-24,16.712236404418945,276.8345642089844,2021-03-26,0.0,0.0,2021-03-25,0.20346641540527344,3.0,"{""type"":""Point"",""coordinates"":[89.24618369112154,29.312170427316786]}"
872,10,0.0025226562283933163,353.96148681640625,2019-10-04,2038.865478515625,0,1.0,0.8700000047683716,2019-10-04,2019-10-03,14.716830253601074,291.8585510253906,2019-10-05,9.389999389648438,10.416666984558105,2019-10-04,0.3918800354003906,1.0,"{""type"":""Point"",""coordinates"":[93.51835544664414,22.60212272211434]}"
873,30,0.8238403797149658,351.6733093261719,2019-11-23,212.11782836914062,0,3.0,0.0,2019-11-23,2019-11-22,1.1090433597564697,294.1177978515625,2019-11-24,0.0,0.0,2019-11-23,0.39833512902259827,3.0,"{""type"":""Point"",""coordinates"":[96.89672927743216,24.536525657792478]}"
874,60,0.03039226494729519,89.87094116210938,2020-05-01,216.3579559326172,0,1.0,0.9599999785423279,2020-05-01,2020-04-30,24.458789825439453,302.82928466796875,2020-05-02,0.17400000989437103,0.0,2020-05-01,0.4229685366153717,1.0,"{""type"":""Point"",""coordinates"":[95.10094466620838,22.07678610412258]}"
875,10,-0.016494398936629295,164.02456665039062,2019-07-01,1531.9803466796875,0,6.0,0.49000000953674316,2019-07-01,2019-06-30,44.28129959106445,294.6776123046875,2019-07-02,40.058998107910156,39.58333206176758,2019-07-01,0.4124412536621094,1.0,"{""type"":""Point"",""coordinates"":[88.8505699380809,27.083622527120863]}"
876,10,0.02136349305510521,335.4706115722656,2022-08-25,1326.8060302734375,0,2.0,6.909999847412109,2022-08-25,2022-08-24,6.996129989624023,298.7657470703125,2022-08-26,0.0,0.0,2022-08-25,0.4939117431640625,1.0,"{""type"":""Point"",""coordinates"":[97.16260085474298,26.029734987835973]}"
877,70,-0.00720156729221344,122.25191497802734,2021-09-29,5048.2177734375,0,1.0,0.0,2021-09-29,2021-09-28,44.78664016723633,283.390869140625,2021-09-30,0.0,0.0,2021-09-29,0.3716653287410736,1.0,"{""type"":""Point"",""coordinates"":[97.37146297637443,29.189529200860004]}"
878,10,0.31921836733818054,116.98483276367188,2019-02-02,126.10527038574219,0,1.0,0.8569999933242798,2019-02-02,2019-02-01,1.546141505241394,289.954833984375,2019-02-03,0.0,0.0,2019-02-02,0.38545799255371094,1.0,"{""type"":""Point"",""coordinates"":[93.8258041465123,26.224101385123554]}"
879,30,0.042828649282455444,319.3857116699219,2020-08-15,4096.83544921875,0,1.0,13.969999313354492,2020-08-15,2020-08-14,26.424835205078125,288.2280578613281,2020-08-16,3.569999933242798,2.0833332538604736,2020-08-15,0.42690911889076233,1.0,"{""type"":""Point"",""coordinates"":[97.07867621267559,28.015646051275336]}"
880,80,-0.08960167318582535,-0.0,2022-07-02,0.0,0,0.0,0.0,2022-07-02,2022-07-01,0.0,0.0,2022-07-03,37.82999801635742,29.16666603088379,2022-07-02,0.0,0.0,"{""type"":""Point"",""coordinates"":[89.3285677103389,21.67542291929351]}"
881,30,0.12091239541769028,140.85438537597656,2021-12-19,4802.32666015625,0,8.0,0.0,2021-12-19,2021-12-18,10.493718147277832,272.1078186035156,2021-12-20,0.0,0.0,2021-12-19,0.3410358428955078,8.0,"{""type"":""Point"",""coordinates"":[89.28015778359773,28.12357403093799]}"
882,30,0.04182625934481621,95.05803680419922,2022-05-21,4918.76513671875,0,1.0,0.2199999988079071,2022-05-21,2022-05-20,11.867748260498047,281.7517395019531,2022-05-22,0.0,0.0,2022-05-21,0.38618215918540955,1.0,"{""type"":""Point"",""coordinates"":[92.09216010206738,28.589486325031025]}"
883,10,0.23855973780155182,206.39218139648438,2020-11-17,242.9738311767578,0,1.0,0.0,2020-11-17,2020-11-16,6.588772296905518,294.74163818359375,2020-11-18,0.0,0.0,2020-11-17,0.3613090515136719,1.0,"{""type"":""Point"",""coordinates"":[94.70129867447086,24.29659005434742]}"
884,10,0.1888405680656433,107.25381469726562,2022-05-03,10.35254955291748,0,2.0,0.0,2022-05-03,2022-05-02,5.815250396728516,300.435791015625,2022-05-04,103.01000213623047,22.91666603088379,2022-05-03,0.3771934509277344,2.0,"{""type"":""Point"",""coordinates"":[90.85399435693793,24.43100251718671]}"
885,10,0.1797436624765396,71.08497619628906,2023-08-06,371.45733642578125,0,3.0,323.739990234375,2023-08-06,2023-08-05,21.906784057617188,297.257568359375,2023-08-07,381.489990234375,100.0,2023-08-06,0.42140325903892517,2.0,"{""type"":""Point"",""coordinates"":[92.64510709667768,21.973777158869943]}"
886,60,0.05144347995519638,62.54677963256836,2023-05-28,15.623851776123047,0,2.0,0.0,2023-05-28,2023-05-27,1.2715147733688354,302.3952941894531,2023-05-29,0.0,0.0,2023-05-28,0.38138070702552795,2.0,"{""type"":""Point"",""coordinates"":[88.92378594351675,23.91848272437818]}"
887,40,0.5493360757827759,184.748046875,2023-12-10,81.16958618164062,0,3939.0,0.0,2023-12-10,2023-12-09,0.5125332474708557,297.0456237792969,2023-12-11,0.0,0.0,2023-12-10,0.4273395538330078,3939.0,"{""type"":""Point"",""coordinates"":[95.75360197755857,22.303773174492303]}"
888,40,0.025579413399100304,259.01251220703125,2023-09-02,15.833011627197266,0,2.0,10.279999732971191,2023-09-02,2023-09-01,0.09351330995559692,304.9646911621094,2023-09-03,0.0,0.0,2023-09-02,0.3195749819278717,2.0,"{""type"":""Point"",""coordinates"":[89.37476231268896,24.766395474789288]}"
889,40,0.5576338171958923,217.88812255859375,2020-12-06,116.10224151611328,0,6109.0,0.0,2020-12-06,2020-12-05,5.837549686431885,291.1755676269531,2020-12-07,0.0,0.0,2020-12-06,0.4030488431453705,6109.0,"{""type"":""Point"",""coordinates"":[95.31891527811453,27.19078087068774]}"
890,10,0.06081719323992729,264.38128662109375,2022-06-01,179.76190185546875,0,1.0,4.610000133514404,2022-06-01,2022-05-31,25.948972702026367,299.1895751953125,2022-06-02,6.211999893188477,10.416666984558105,2022-06-01,0.4094657897949219,1.0,"{""type"":""Point"",""coordinates"":[92.44198987667161,22.75081691709389]}"
891,10,0.13408911228179932,304.5488586425781,2021-10-31,3.0757393836975098,0,1.0,0.0,2021-10-31,2021-10-30,1.4384832382202148,300.8665771484375,2021-11-01,0.0,0.0,2021-10-31,0.32324790954589844,1.0,"{""type"":""Point"",""coordinates"":[91.87739070016234,22.31599965633537]}"
892,10,0.01095721498131752,286.511962890625,2019-08-10,1500.9173583984375,0,1.0,11.4399995803833,2019-08-10,2019-08-09,19.36394500732422,296.4739990234375,2019-08-11,0.3999999761581421,0.0,2019-08-10,0.48562559485435486,1.0,"{""type"":""Point"",""coordinates"":[97.42220768783864,23.61263006056931]}"
893,10,0.41691797971725464,235.9737548828125,2020-11-07,75.84423065185547,0,51.0,0.0,2020-11-07,2020-11-06,32.06305694580078,294.49462890625,2020-11-08,0.0,0.0,2020-11-07,0.38988304138183594,1.0,"{""type"":""Point"",""coordinates"":[93.05177654192659,24.437631860832703]}"
894,10,0.30190619826316833,253.30665588378906,2022-09-09,418.721923828125,0,4.0,0.0,2022-09-09,2022-09-08,35.89277267456055,300.4932556152344,2022-09-10,6.089999675750732,10.416666984558105,2022-09-09,0.40074729919433594,4.0,"{""type"":""Point"",""coordinates"":[92.92047367233405,24.309519410520068]}"
895,80,-0.23452356457710266,-0.0,2021-04-16,0.0,0,0.0,0.0,2021-04-16,2021-04-15,0.0,0.0,2021-04-17,0.0,0.0,2021-04-16,0.0,0.0,"{""type"":""Point"",""coordinates"":[89.75225692277596,21.774988627889858]}"
896,10,0.06499852240085602,106.86833953857422,2022-05-19,1179.4896240234375,0,1.0,7.769999980926514,2022-05-19,2022-05-18,10.223553657531738,296.2274169921875,2022-05-20,3.299999952316284,6.25,2022-05-19,0.49813398718833923,1.0,"{""type"":""Point"",""coordinates"":[96.47937260570413,25.905511441648365]}"
897,10,0.031530581414699554,274.4624328613281,2020-09-30,1390.3853759765625,0,1.0,4.070000171661377,2020-09-30,2020-09-29,51.25550842285156,296.4267578125,2020-10-01,5.679999828338623,10.416666984558105,2020-09-30,0.42907142639160156,1.0,"{""type"":""Point"",""coordinates"":[93.79885697450311,25.52634957740412]}"
898,10,0.29197385907173157,238.02011108398438,2020-01-01,65.7626724243164,0,112.0,0.0,2020-01-01,2019-12-31,5.552253246307373,292.33001708984375,2020-01-02,1.684000015258789,2.0833332538604736,2020-01-01,0.1742127686738968,112.0,"{""type"":""Point"",""coordinates"":[92.43708218247356,23.210942992739625]}"
899,30,0.08617313206195831,56.3719596862793,2022-12-21,4891.77294921875,0,1.0,0.0,2022-12-21,2022-12-20,31.318742752075195,272.43316650390625,2022-12-22,0.0,0.0,2022-12-21,0.31689515709877014,1.0,"{""type"":""Point"",""coordinates"":[91.48586324834454,29.07405704676244]}"
900,10,0.09100962430238724,78.00828552246094,2022-05-13,1351.96826171875,0,1.0,2.869999885559082,2022-05-13,2022-05-12,19.9685001373291,294.4978942871094,2022-05-14,25.899999618530273,22.91666603088379,2022-05-13,0.48718389868736267,1.0,"{""type"":""Point"",""coordinates"":[94.54828385804991,26.169909887860175]}"
901,10,0.30492889881134033,126.90254974365234,2019-04-11,734.3529663085938,0,1.0,0.7599999904632568,2019-04-11,2019-04-10,22.859575271606445,295.2788391113281,2019-04-12,0.0,0.0,2019-04-11,0.22341091930866241,1.0,"{""type"":""Point"",""coordinates"":[93.8445018855865,22.1541036777576]}"
902,90,0.049599431455135345,-0.0,2021-09-26,0.0,0,1953.0,181.16000366210938,2021-09-26,2021-09-25,0.0,303.64532470703125,2021-09-27,22.170000076293945,14.583333015441895,2021-09-26,0.4703337252140045,7.0,"{""type"":""Point"",""coordinates"":[90.4831833560484,23.9096063223587]}"
903,10,0.014820676296949387,25.716962814331055,2023-07-13,3242.64404296875,0,9.0,53.07999801635742,2023-07-13,2023-07-12,31.07183837890625,284.4403991699219,2023-07-14,9.739999771118164,6.25,2023-07-13,0.42878594994544983,4.0,"{""type"":""Point"",""coordinates"":[95.11959224558149,29.474730899882168]}"
904,10,0.11932715773582458,321.19866943359375,2021-08-01,53.472312927246094,0,23.0,38.349998474121094,2021-08-01,2021-07-31,5.7854533195495605,300.3301086425781,2021-08-02,14.427999496459961,25.0,2021-08-01,0.42237600684165955,1.0,"{""type"":""Point"",""coordinates"":[91.27949851868252,26.558643146648762]}"
905,10,0.4487791359424591,346.79168701171875,2022-01-22,255.6357879638672,0,1.0,0.16999998688697815,2022-01-22,2022-01-21,20.737407684326172,289.40191650390625,2022-01-23,0.7399999499320984,0.0,2022-01-22,0.3077329099178314,1.0,"{""type"":""Point"",""coordinates"":[96.9281295045701,23.40266060254386]}"
906,10,0.11832517385482788,188.92886352539062,2022-11-01,483.58587646484375,0,11.0,0.0,2022-11-01,2022-10-31,26.626129150390625,291.634033203125,2022-11-02,0.0,0.0,2022-11-01,0.4327748715877533,11.0,"{""type"":""Point"",""coordinates"":[97.22822343278985,26.0519340414985]}"
907,10,0.03732399269938469,166.6389617919922,2020-11-06,978.1721801757812,0,1.0,0.0,2020-11-06,2020-11-05,35.25355529785156,294.1502990722656,2020-11-07,0.0,0.0,2020-11-06,0.41140174865722656,1.0,"{""type"":""Point"",""coordinates"":[93.79006840273004,22.142436994470508]}"
908,40,0.04093116521835327,94.32953643798828,2020-07-11,12.342814445495605,0,1.0,174.92999267578125,2020-07-11,2020-07-10,0.14350548386573792,297.9397888183594,2020-07-12,165.00999450683594,72.91666412353516,2020-07-11,0.48659005761146545,1.0,"{""type"":""Point"",""coordinates"":[92.1532373861226,25.057140492344598]}"
909,30,0.1540791243314743,162.3914337158203,2020-05-04,198.3123016357422,0,4.0,0.35999998450279236,2020-05-04,2020-05-03,2.781132459640503,301.82427978515625,2020-05-05,0.0,0.0,2020-05-04,0.48618826270103455,4.0,"{""type"":""Point"",""coordinates"":[95.07923441370275,22.677068912066275]}"
910,10,0.04725565016269684,141.4047088623047,2020-09-05,1670.8211669921875,0,3.0,18.03999900817871,2020-09-05,2020-09-04,21.093740463256836,289.4349365234375,2020-09-06,33.709999084472656,45.83333206176758,2020-09-05,0.4286111295223236,2.0,"{""type"":""Point"",""coordinates"":[92.68368986619278,27.620138554423477]}"
911,10,0.08578844368457794,296.32611083984375,2021-06-25,530.6930541992188,0,5.0,0.5399999618530273,2021-06-25,2021-06-24,16.224645614624023,299.8358154296875,2021-06-26,8.429999351501465,12.5,2021-06-25,0.46221986413002014,2.0,"{""type"":""Point"",""coordinates"":[96.71561615522766,23.17984822708416]}"
912,10,0.5372560024261475,221.2057342529297,2023-11-09,566.1338500976562,0,1.0,0.0,2023-11-09,2023-11-08,4.757980823516846,297.9045104980469,2023-11-10,0.0,0.0,2023-11-09,0.4381631314754486,1.0,"{""type"":""Point"",""coordinates"":[94.57318527161691,22.301702532267807]}"
913,10,0.5331284999847412,288.4488220214844,2022-12-11,277.41534423828125,0,1.0,0.0,2022-12-11,2022-12-10,15.677298545837402,295.2658386230469,2022-12-12,0.0,0.0,2022-12-11,0.1894092559814453,1.0,"{""type"":""Point"",""coordinates"":[92.49265327804757,22.49085055523982]}"
914,60,0.05074041709303856,341.5581970214844,2021-01-11,5404.07275390625,0,1.0,0.0,2021-01-11,2021-01-10,32.18514633178711,271.9068298339844,2021-01-12,0.0,0.0,2021-01-11,0.3579336702823639,1.0,"{""type"":""Point"",""coordinates"":[92.94996128895451,29.412565863696898]}"
915,10,0.036004818975925446,57.549896240234375,2023-05-08,776.331298828125,0,264.0,432.9599914550781,2023-05-08,2023-05-07,35.251380920410156,291.46044921875,2023-05-09,0.0,0.0,2023-05-08,0.4265003204345703,123.0,"{""type"":""Point"",""coordinates"":[92.97502756455876,27.399937176125032]}"
916,10,0.3201644718647003,224.758544921875,2020-12-31,46.32722473144531,0,2.0,0.0,2020-12-31,2020-12-30,4.616598129272461,290.3862609863281,2021-01-01,0.0,0.0,2020-12-31,0.1686350554227829,2.0,"{""type"":""Point"",""coordinates"":[90.27375164812828,26.253849980799178]}"
917,10,0.07465153187513351,198.18515014648438,2022-04-21,1616.8319091796875,0,935.0,1.5999999046325684,2022-04-21,2022-04-20,30.88299560546875,286.98089599609375,2022-04-22,0.3799999952316284,0.0,2022-04-21,0.40508079528808594,2.0,"{""type"":""Point"",""coordinates"":[90.8217638211556,27.183315469067445]}"
918,10,0.06595058739185333,142.09315490722656,2020-05-24,2649.743896484375,0,2.0,5.5,2020-05-24,2020-05-23,22.233665466308594,288.3379821777344,2020-05-25,2.1500000953674316,4.166666507720947,2020-05-24,0.421112060546875,1.0,"{""type"":""Point"",""coordinates"":[89.9326748546383,27.404414004917456]}"
919,10,-0.006957680452615023,53.674171447753906,2020-07-09,3385.466796875,0,3.0,115.88999938964844,2020-07-09,2020-07-08,38.97922134399414,290.25994873046875,2020-07-10,13.669999122619629,6.25,2020-07-09,0.4259967803955078,3.0,"{""type"":""Point"",""coordinates"":[90.69909734831147,27.33518722041803]}"
920,10,0.04472660273313522,147.8294219970703,2020-08-20,304.11688232421875,0,5.0,34.099998474121094,2020-08-20,2020-08-19,11.832086563110352,296.77294921875,2020-08-21,0.3499999940395355,0.0,2020-08-20,0.447479248046875,5.0,"{""type"":""Point"",""coordinates"":[96.46332833877001,25.679102064883594]}"
921,40,0.0896734818816185,281.1726989746094,2020-11-03,2.625288963317871,0,10993.0,3.4800000190734863,2020-11-03,2020-11-02,1.504103183746338,299.7994689941406,2020-11-04,0.0,0.0,2020-11-03,0.3753274381160736,4.0,"{""type"":""Point"",""coordinates"":[90.65902045616853,23.500992764803904]}"
922,10,0.12248456478118896,77.77969360351562,2019-11-16,927.99169921875,0,1.0,0.0,2019-11-16,2019-11-15,20.93845558166504,291.7001647949219,2019-11-17,0.0,0.0,2019-11-16,0.3627338409423828,1.0,"{""type"":""Point"",""coordinates"":[94.42596259971934,24.816350548286202]}"
923,10,0.7547327280044556,123.33049011230469,2022-03-15,239.02963256835938,0,1.0,0.07000000029802322,2022-03-15,2022-03-14,4.788987636566162,301.4996337890625,2022-03-16,0.0,0.0,2022-03-15,0.2541147768497467,1.0,"{""type"":""Point"",""coordinates"":[95.4324071557336,24.754741034225844]}"
924,10,0.26850318908691406,198.52444458007812,2023-03-20,45.476139068603516,0,1.0,17.989999771118164,2023-03-20,2023-03-19,10.617194175720215,295.5533142089844,2023-03-21,48.39999771118164,33.33333206176758,2023-03-20,0.3287455141544342,1.0,"{""type"":""Point"",""coordinates"":[90.05501352306311,25.23864728277439]}"
925,100,-0.04125792160630226,87.74409484863281,2022-05-17,4043.828857421875,0,49.0,485.29998779296875,2022-05-17,2022-05-16,26.670860290527344,281.9360046386719,2022-05-18,14.079999923706055,18.75,2022-05-17,0.42479386925697327,46.0,"{""type"":""Point"",""coordinates"":[95.0757244713119,29.441705929786174]}"
926,10,0.15819688141345978,212.63230895996094,2021-08-18,393.7269287109375,0,1.0,13.419999122619629,2021-08-18,2021-08-17,9.896828651428223,296.16998291015625,2021-08-19,39.459999084472656,39.58333206176758,2021-08-18,0.4375419616699219,1.0,"{""type"":""Point"",""coordinates"":[96.18946374716634,27.999390826973325]}"
927,30,-0.0017811123980209231,212.30908203125,2021-06-16,4886.09765625,0,1.0,0.0,2021-06-16,2021-06-15,9.54504108428955,284.48016357421875,2021-06-17,0.0,0.0,2021-06-16,0.40608787536621094,1.0,"{""type"":""Point"",""coordinates"":[93.69641824564656,29.277971645073464]}"
928,10,0.20996132493019104,67.2132568359375,2022-10-16,466.4547119140625,0,113.0,0.0,2022-10-16,2022-10-15,12.287410736083984,297.45513916015625,2022-10-17,8.369999885559082,14.583333015441895,2022-10-16,0.3963813781738281,113.0,"{""type"":""Point"",""coordinates"":[94.29712390882169,22.691318762346203]}"
929,30,0.22090676426887512,267.16839599609375,2020-10-28,958.4130859375,0,9.0,0.0,2020-10-28,2020-10-27,18.4292049407959,294.5283508300781,2020-10-29,0.0,0.0,2020-10-28,0.44166311621665955,1.0,"{""type"":""Point"",""coordinates"":[94.1461476831619,24.917467132871824]}"
930,40,0.24329231679439545,234.1665802001953,2021-12-21,1.870958924293518,0,3.0,0.0,2021-12-21,2021-12-20,0.19239741563796997,290.594970703125,2021-12-22,0.0,0.0,2021-12-21,0.3011271059513092,3.0,"{""type"":""Point"",""coordinates"":[89.83735169108986,23.17106754369271]}"
931,10,0.09500344842672348,224.8441925048828,2023-09-06,185.92401123046875,0,1.0,2.4100000858306885,2023-09-06,2023-09-05,3.068652629852295,302.40057373046875,2023-09-07,20.19999885559082,14.583333015441895,2023-09-06,0.44487062096595764,1.0,"{""type"":""Point"",""coordinates"":[95.12161810710965,24.87262518009478]}"
932,10,0.16009852290153503,274.2562561035156,2022-04-06,32.12548065185547,0,13.0,2.6999998092651367,2022-04-06,2022-04-05,0.7523428797721863,299.4692077636719,2022-04-07,12.969999313354492,16.66666603088379,2022-04-06,0.369708389043808,9.0,"{""type"":""Point"",""coordinates"":[89.99542688911446,25.822432014911733]}"
933,10,0.20191793143749237,108.9715576171875,2021-09-27,28.545637130737305,0,1804.0,0.0,2021-09-27,2021-09-26,8.876035690307617,303.2806701660156,2021-09-28,42.459999084472656,31.25,2021-09-27,0.40451493859291077,1804.0,"{""type"":""Point"",""coordinates"":[88.15662620115684,24.70627488421438]}"
934,20,0.07187499850988388,226.20556640625,2019-07-25,208.37347412109375,0,1.0,8.559999465942383,2019-07-25,2019-07-24,0.7155850529670715,302.2041931152344,2019-07-26,2.4600000381469727,4.166666507720947,2019-07-25,0.4318828582763672,1.0,"{""type"":""Point"",""coordinates"":[94.88202534769525,21.75071208277935]}"
935,70,-0.023526113480329514,254.1328582763672,2022-02-25,4806.8251953125,0,2.0,0.0,2022-02-25,2022-02-24,26.0150089263916,268.4737243652344,2022-02-26,0.0,0.0,2022-02-25,0.2256622314453125,2.0,"{""type"":""Point"",""coordinates"":[92.13029930349448,27.756094307126467]}"
936,40,0.09577736258506775,-0.0,2020-06-26,2.0,0,2.0,12.65999984741211,2020-06-26,2020-06-25,4.819000244140625,304.6355895996094,2020-06-27,7.029999732971191,14.583333015441895,2020-06-26,0.23423893749713898,2.0,"{""type"":""Point"",""coordinates"":[89.91100203353014,23.65970519634954]}"
937,10,0.14897075295448303,341.5007629394531,2019-07-21,59.1255989074707,0,1.0,0.0,2019-07-21,2019-07-20,16.888423919677734,302.0789794921875,2019-07-22,6.589999675750732,8.333333015441895,2019-07-21,0.48149046301841736,1.0,"{""type"":""Point"",""coordinates"":[91.84838525245262,23.166329568126006]}"
938,10,0.42234987020492554,112.8689956665039,2019-01-25,264.8033142089844,0,2.0,0.0,2019-01-25,2019-01-24,3.518578052520752,289.2586975097656,2019-01-26,0.0,0.0,2019-01-25,0.13514454662799835,2.0,"{""type"":""Point"",""coordinates"":[90.76471285501034,26.756166684416904]}"
939,10,0.8106508851051331,82.16800689697266,2022-12-07,171.39404296875,0,2.0,0.0,2022-12-07,2022-12-06,1.21182382106781,293.4393615722656,2022-12-08,0.0,0.0,2022-12-07,0.272350937128067,1.0,"{""type"":""Point"",""coordinates"":[94.38395503391601,24.31176485020148]}"
940,10,0.11295850574970245,337.1523132324219,2020-02-18,4313.27978515625,0,5.0,6.909999847412109,2020-02-18,2020-02-17,37.246803283691406,271.7152404785156,2020-02-19,0.0,0.0,2020-02-18,0.36680665612220764,1.0,"{""type"":""Point"",""coordinates"":[92.4399625724002,29.108260974784347]}"
941,60,0.044940222054719925,258.8658752441406,2022-04-01,5042.31103515625,0,1.0,0.0,2022-04-01,2022-03-31,34.08237075805664,276.4844055175781,2022-04-02,0.036000002175569534,0.0,2022-04-01,0.19396908581256866,1.0,"{""type"":""Point"",""coordinates"":[89.6895090938931,28.497528417843164]}"
942,10,0.02912125363945961,339.3945007324219,2023-03-25,1752.27783203125,0,1.0,5.179999828338623,2023-03-25,2023-03-24,49.17485046386719,276.94732666015625,2023-03-26,4.340000152587891,8.333333015441895,2023-03-25,0.42395147681236267,1.0,"{""type"":""Point"",""coordinates"":[95.18562922705034,29.301750196490485]}"
943,30,0.012407127767801285,229.94325256347656,2019-08-19,5300.23681640625,0,21.0,0.0,2019-08-19,2019-08-18,15.080733299255371,282.9446105957031,2019-08-20,0.0,0.0,2019-08-19,0.35934576392173767,15.0,"{""type"":""Point"",""coordinates"":[88.81261444946978,28.48752961492462]}"
944,10,0.00510764354839921,166.41683959960938,2021-09-18,1991.707763671875,0,1.0,14.65999984741211,2021-09-18,2021-09-17,11.660127639770508,294.10589599609375,2021-09-19,19.639999389648438,27.08333396911621,2021-09-18,0.43243345618247986,1.0,"{""type"":""Point"",""coordinates"":[96.6670186401976,27.360449140466795]}"
945,100,-0.02203533798456192,314.12664794921875,2022-03-07,4856.54833984375,0,2.0,0.0,2022-03-07,2022-03-06,29.18239402770996,263.6257629394531,2022-03-08,0.0,0.0,2022-03-07,0.38077735900878906,2.0,"{""type"":""Point"",""coordinates"":[96.5376969264855,29.44900467235195]}"
946,10,0.44345521926879883,339.77252197265625,2021-12-28,1846.427978515625,0,2.0,1.209999918937683,2021-12-28,2021-12-27,35.4684944152832,283.1829833984375,2021-12-29,0.8999999761581421,0.0,2021-12-28,0.3298759460449219,1.0,"{""type"":""Point"",""coordinates"":[95.10643971856159,26.474471719024315]}"
947,30,0.10565356910228729,109.49017333984375,2023-09-27,4222.45458984375,0,3.0,1.7999999523162842,2023-09-27,2023-09-26,16.305723190307617,281.33544921875,2023-09-28,0.0,0.0,2023-09-27,0.41253218054771423,3.0,"{""type"":""Point"",""coordinates"":[91.86377052703462,27.67261181844316]}"
948,30,0.1524801254272461,125.32443237304688,2020-03-06,778.3466186523438,0,5.0,0.35999998450279236,2020-03-06,2020-03-05,0.30213379859924316,291.4339294433594,2020-03-07,0.0,0.0,2020-03-06,0.305529922246933,2.0,"{""type"":""Point"",""coordinates"":[94.03812230272167,24.64239209112911]}"
949,10,0.3586450219154358,239.96609497070312,2019-04-15,55.7377815246582,0,1.0,0.0,2019-04-15,2019-04-14,8.977775573730469,301.37469482421875,2019-04-16,0.0,0.0,2019-04-15,0.3516082763671875,1.0,"{""type"":""Point"",""coordinates"":[91.76139720263497,23.310503812087756]}"
950,10,0.7404921650886536,2.750420570373535,2021-01-09,878.3770141601562,0,3.0,0.05999999865889549,2021-01-09,2021-01-08,13.641164779663086,288.553955078125,2021-01-10,0.0,0.0,2021-01-09,0.23543675243854523,2.0,"{""type"":""Point"",""coordinates"":[95.24990224032707,26.827238431858333]}"
951,80,-0.007402283139526844,-0.0,2023-02-20,69.0,0,54.0,0.0,2023-02-20,2023-02-19,0.0,295.5956115722656,2023-02-21,0.09999999403953552,0.0,2023-02-20,0.31712913513183594,54.0,"{""type"":""Point"",""coordinates"":[93.6626662909029,26.73837343986543]}"
952,70,-0.03396434336900711,36.68228530883789,2023-01-02,5614.46240234375,0,5.0,0.005000000353902578,2023-01-02,2023-01-01,25.729562759399414,269.04315185546875,2023-01-03,0.0,0.0,2023-01-02,0.3275146484375,5.0,"{""type"":""Point"",""coordinates"":[91.87908895222198,28.186479026361347]}"
953,10,0.7450936436653137,181.7064971923828,2022-11-24,857.6777954101562,0,2.0,0.0,2022-11-24,2022-11-23,26.36273193359375,289.5461120605469,2022-11-25,0.0,0.0,2022-11-24,0.3251533508300781,1.0,"{""type"":""Point"",""coordinates"":[96.70524797491075,26.808458830250537]}"
954,40,0.013165098614990711,257.54766845703125,2021-08-24,44.450069427490234,0,225.0,26912.25,2021-08-24,2021-08-23,0.13494232296943665,299.8836364746094,2021-08-25,87.18000030517578,54.16666793823242,2021-08-24,0.42853865027427673,225.0,"{""type"":""Point"",""coordinates"":[89.9185246979872,26.405883568685194]}"
955,10,0.11571769416332245,152.3658447265625,2021-08-05,116.33470916748047,0,1.0,35.15999984741211,2021-08-05,2021-08-04,21.252973556518555,299.32098388671875,2021-08-06,122.73999786376953,22.91666603088379,2021-08-05,0.40899085998535156,1.0,"{""type"":""Point"",""coordinates"":[92.30492871659814,23.55157593591835]}"
956,10,0.4331069588661194,219.53048706054688,2019-08-30,809.6679077148438,0,2.0,52.3599967956543,2019-08-30,2019-08-29,37.261478424072266,298.9806213378906,2019-08-31,36.29999923706055,16.66666603088379,2019-08-30,0.40658631920814514,2.0,"{""type"":""Point"",""coordinates"":[94.57607565007078,28.048580950258323]}"
957,30,0.061074722558259964,31.932537078857422,2022-07-27,3930.444580078125,0,1.0,2.009999990463257,2022-07-27,2022-07-26,30.73290252685547,287.2755432128906,2022-07-28,11.919999122619629,20.83333396911621,2022-07-27,0.4228464663028717,1.0,"{""type"":""Point"",""coordinates"":[96.49474746597575,28.88099051027033]}"
958,30,0.13771578669548035,98.0367431640625,2022-02-10,115.81303405761719,0,134.0,0.0,2022-02-10,2022-02-09,0.4615863263607025,289.048583984375,2022-02-11,0.0,0.0,2022-02-10,0.43573760986328125,1.0,"{""type"":""Point"",""coordinates"":[95.33305339288167,27.325587216010497]}"
959,80,0.02550026960670948,316.65789794921875,2020-09-09,148.0,0,24158.0,293761.28125,2020-09-09,2020-09-08,3.770554542541504,300.4378662109375,2020-09-10,5.039999961853027,8.333333015441895,2020-09-09,0.48444685339927673,24158.0,"{""type"":""Point"",""coordinates"":[96.77240759821518,25.444605854049424]}"
960,10,0.06668955087661743,249.30947875976562,2019-05-16,1537.8677978515625,0,208.0,1192.739990234375,2019-05-16,2019-05-15,38.19328689575195,289.2421569824219,2019-05-17,23.779998779296875,22.91666603088379,2019-05-16,0.4199593961238861,206.0,"{""type"":""Point"",""coordinates"":[90.50839609863267,27.079282686871366]}"
961,40,0.03269660100340843,18.38097381591797,2020-05-22,3.8320541381835938,0,42.0,0.0,2020-05-22,2020-05-21,0.1576366275548935,300.58929443359375,2020-05-23,0.0,0.0,2020-05-22,0.3997993469238281,4.0,"{""type"":""Point"",""coordinates"":[90.38720275691179,23.497969314804667]}"
962,10,0.5512924194335938,188.5160369873047,2020-11-04,32.864967346191406,0,72.0,28.189998626708984,2020-11-04,2020-11-03,3.726577043533325,298.6156921386719,2020-11-05,30.729999542236328,18.75,2020-11-04,0.40983453392982483,1.0,"{""type"":""Point"",""coordinates"":[92.29123430616495,22.637201125980873]}"
963,10,0.4744136333465576,219.43067932128906,2023-05-05,99.61007690429688,0,2.0,13.65999984741211,2023-05-05,2023-05-04,0.79006427526474,307.0543518066406,2023-05-06,1.1200000047683716,0.0,2023-05-05,0.2800852358341217,2.0,"{""type"":""Point"",""coordinates"":[95.51504051395966,22.63383735396121]}"
964,10,0.6042636036872864,212.45567321777344,2022-01-10,220.99896240234375,0,5.0,0.04999999701976776,2022-01-10,2022-01-09,26.25646209716797,290.5378723144531,2022-01-11,0.0,0.0,2022-01-10,0.31749024987220764,1.0,"{""type"":""Point"",""coordinates"":[91.90069283191812,25.999663285434796]}"
965,60,0.033920735120773315,222.01402282714844,2019-09-27,5063.37255859375,0,2.0,0.2800000011920929,2019-09-27,2019-09-26,34.30815887451172,279.314453125,2019-09-28,0.550000011920929,0.0,2019-09-27,0.39853158593177795,2.0,"{""type"":""Point"",""coordinates"":[93.02681017713515,29.47044223876292]}"
966,40,-0.05401330068707466,74.31201934814453,2021-08-25,2.6420817375183105,0,1.0,111.73999786376953,2021-08-25,2021-08-24,0.2799190878868103,302.197998046875,2021-08-26,22.26999855041504,29.16666603088379,2021-08-25,0.4184226989746094,1.0,"{""type"":""Point"",""coordinates"":[91.10858910034808,24.144800578031237]}"
967,30,0.053785163909196854,327.62115478515625,2021-04-09,5149.1005859375,0,21.0,0.0,2021-04-09,2021-04-08,2.603841781616211,272.8892822265625,2021-04-10,4.349999904632568,8.333333015441895,2021-04-09,0.3584683835506439,21.0,"{""type"":""Point"",""coordinates"":[91.26499209300941,28.644622636316125]}"
968,10,0.12137067317962646,49.05238723754883,2021-08-18,180.4519500732422,0,5.0,55.849998474121094,2021-08-18,2021-08-17,2.3323686122894287,298.7348327636719,2021-08-19,41.04999923706055,58.33333206176758,2021-08-18,0.485888808965683,5.0,"{""type"":""Point"",""coordinates"":[95.56123879851499,28.05309395271726]}"
969,40,0.22379589080810547,39.64446258544922,2022-01-11,55.9197998046875,0,6.0,0.0,2022-01-11,2022-01-10,0.33033645153045654,292.8918151855469,2022-01-12,10.4399995803833,14.583333015441895,2022-01-11,0.279492050409317,6.0,"{""type"":""Point"",""coordinates"":[92.38572324735397,26.15564814669137]}"
970,10,0.07065165042877197,59.35536575317383,2020-06-25,302.6296081542969,0,8.0,2649.0400390625,2020-06-25,2020-06-24,6.4042887687683105,298.5970458984375,2020-06-26,65.97999572753906,39.58333206176758,2020-06-25,0.4668935239315033,8.0,"{""type"":""Point"",""coordinates"":[96.05504154812122,27.665369968307918]}"
971,30,0.1899077594280243,65.48717498779297,2020-11-09,91.2188720703125,0,183.0,0.0,2020-11-09,2020-11-08,0.3650980293750763,299.0991516113281,2020-11-10,0.0,0.0,2020-11-09,0.4319661557674408,4.0,"{""type"":""Point"",""coordinates"":[95.50576759143203,22.404051032110328]}"
972,10,0.08373763412237167,333.96209716796875,2023-08-14,147.8686981201172,0,1828.0,30710.400390625,2023-08-14,2023-08-13,27.053524017333984,298.914794921875,2023-08-15,75.81999969482422,35.41666793823242,2023-08-14,0.4140472412109375,1828.0,"{""type"":""Point"",""coordinates"":[93.29337059062215,24.907584309156466]}"
973,40,0.0877678394317627,87.31062316894531,2022-02-12,37.565982818603516,0,22.0,0.0,2022-02-12,2022-02-11,0.5460668802261353,291.528564453125,2022-02-13,0.0,0.0,2022-02-12,0.320025771856308,22.0,"{""type"":""Point"",""coordinates"":[89.28688762631411,26.02431015263754]}"
974,50,0.08870340138673782,48.29463577270508,2022-12-15,11.580561637878418,0,32.0,0.0,2022-12-15,2022-12-14,4.07957649230957,296.1641845703125,2022-12-16,0.0,0.0,2022-12-15,0.19713909924030304,7.0,"{""type"":""Point"",""coordinates"":[88.29595862656784,22.51788687054401]}"
975,10,0.05791304633021355,299.95477294921875,2021-10-08,23.46158790588379,0,3.0,0.0,2021-10-08,2021-10-07,5.011320114135742,301.30145263671875,2021-10-09,0.0,0.0,2021-10-08,0.3778177797794342,1.0,"{""type"":""Point"",""coordinates"":[90.1534328704306,25.111039725108984]}"
976,10,0.77968829870224,58.317138671875,2022-12-03,11.611143112182617,0,4.0,0.0,2022-12-03,2022-12-02,10.07641887664795,295.7648620605469,2022-12-04,0.0,0.0,2022-12-03,0.1635863035917282,1.0,"{""type"":""Point"",""coordinates"":[89.97883123012474,23.836926690816014]}"
977,40,0.21912769973278046,348.33282470703125,2022-01-07,50.2971076965332,0,7.0,0.0,2022-01-07,2022-01-06,2.3113763332366943,292.3332824707031,2022-01-08,0.0,0.0,2022-01-07,0.28729248046875,7.0,"{""type"":""Point"",""coordinates"":[91.89559742158269,26.317452603715886]}"
978,10,0.3149506151676178,262.7696533203125,2020-01-06,1824.193359375,0,1.0,3.5299999713897705,2020-01-06,2020-01-05,13.094325065612793,281.0054016113281,2020-01-07,0.08999999612569809,0.0,2020-01-06,0.49589094519615173,1.0,"{""type"":""Point"",""coordinates"":[96.59206972588063,27.270336968801107]}"
979,10,0.4162377119064331,113.62188720703125,2023-11-22,56.559993743896484,0,10.0,0.0,2023-11-22,2023-11-21,2.2335431575775146,297.3506164550781,2023-11-23,0.0,0.0,2023-11-22,0.2679659426212311,10.0,"{""type"":""Point"",""coordinates"":[90.874663178195,25.951875260474175]}"
980,10,0.8673081398010254,185.21641540527344,2023-02-02,738.846435546875,0,3.0,1.312999963760376,2023-02-02,2023-02-01,21.80855941772461,293.54168701171875,2023-02-03,0.0,0.0,2023-02-02,0.262786865234375,1.0,"{""type"":""Point"",""coordinates"":[95.81887179608886,25.012809537852263]}"
981,10,0.24549469351768494,80.77913665771484,2019-05-16,99.11941528320312,0,32.0,624.3200073242188,2019-05-16,2019-05-15,31.101638793945312,302.0099792480469,2019-05-17,20.860000610351562,8.333333015441895,2019-05-16,0.31080055236816406,32.0,"{""type"":""Point"",""coordinates"":[92.04905818624135,22.740652744233653]}"
982,40,0.5787748098373413,348.2681884765625,2020-01-26,352.0036315917969,0,8.0,0.0,2020-01-26,2020-01-25,0.3850288987159729,287.2050476074219,2020-01-27,0.0,0.0,2020-01-26,0.3154945373535156,8.0,"{""type"":""Point"",""coordinates"":[91.05762407810175,25.282661784853314]}"
983,10,0.779043972492218,70.54265594482422,2020-02-12,1307.7166748046875,0,1.0,0.0,2020-02-12,2020-02-11,21.88850212097168,287.2704162597656,2020-02-13,0.0,0.0,2020-02-12,0.3222389221191406,1.0,"{""type"":""Point"",""coordinates"":[93.25216103498933,25.229384301385267]}"
984,40,-0.009071425534784794,356.0888366699219,2022-08-09,5.5947699546813965,0,1.0,2.9499998092651367,2022-08-09,2022-08-08,0.22528335452079773,303.58154296875,2022-08-10,2.009999990463257,2.0833332538604736,2022-08-09,0.40641212463378906,1.0,"{""type"":""Point"",""coordinates"":[90.8397164245561,24.292562340430564]}"
985,40,0.16276207566261292,249.2854461669922,2022-05-30,135.00640869140625,0,19326.0,0.0,2022-05-30,2022-05-29,0.6511908769607544,300.5687255859375,2022-05-31,2.419999837875366,4.166666507720947,2022-05-30,0.4476045072078705,19326.0,"{""type"":""Point"",""coordinates"":[94.31950452013247,24.07228364971483]}"
986,10,0.09390079975128174,156.88137817382812,2020-03-11,996.020751953125,0,150.0,0.23999999463558197,2020-03-11,2020-03-10,40.564903259277344,279.37298583984375,2020-03-12,0.2800000011920929,0.0,2020-03-11,0.424121230840683,4.0,"{""type"":""Point"",""coordinates"":[93.34976080629912,28.130886348693245]}"
987,10,0.04147234186530113,130.82814025878906,2019-03-06,2870.08984375,0,395.0,1.209999918937683,2019-03-06,2019-03-05,48.24062728881836,273.7923278808594,2019-03-07,0.429999977350235,0.0,2019-03-06,0.33802667260169983,1.0,"{""type"":""Point"",""coordinates"":[93.64763264508434,28.579286224232114]}"
988,40,0.051294416189193726,314.1485290527344,2020-12-25,35.65948486328125,0,2.0,0.0,2020-12-25,2020-12-24,3.557277202606201,291.0743103027344,2020-12-26,0.0,0.0,2020-12-25,0.281323105096817,2.0,"{""type"":""Point"",""coordinates"":[90.59091149446368,26.173958034541783]}"
989,10,0.17616412043571472,326.8768005371094,2020-03-23,84.79789733886719,0,1.0,6.75,2020-03-23,2020-03-22,17.221555709838867,296.02923583984375,2020-03-24,0.0,0.0,2020-03-23,0.26790109276771545,1.0,"{""type"":""Point"",""coordinates"":[90.22736076865814,25.8744869746093]}"
990,40,0.25041869282722473,276.6570739746094,2021-11-27,9.417254447937012,0,1.0,0.0,2021-11-27,2021-11-26,0.27597576379776,294.9725646972656,2021-11-28,0.0,0.0,2021-11-27,0.25903382897377014,1.0,"{""type"":""Point"",""coordinates"":[88.36439643135981,23.357550377272247]}"
991,10,0.10580740123987198,343.7154846191406,2023-10-11,252.74078369140625,0,6.0,0.0,2023-10-11,2023-10-10,17.492834091186523,298.6437072753906,2023-10-12,0.009999999776482582,0.0,2023-10-11,0.40049615502357483,3.0,"{""type"":""Point"",""coordinates"":[93.1445022715974,24.53732074249431]}"
992,30,0.2065119743347168,141.74252319335938,2023-12-06,3526.71240234375,0,2.0,0.5999999642372131,2023-12-06,2023-12-05,41.20835876464844,272.79534912109375,2023-12-07,0.0,0.0,2023-12-06,0.3703867495059967,2.0,"{""type"":""Point"",""coordinates"":[93.67374265921251,29.174806734852364]}"
993,10,0.6261483430862427,250.85305786132812,2021-11-25,246.7376251220703,0,1.0,0.0,2021-11-25,2021-11-24,2.60429310798645,290.843017578125,2021-11-26,0.0,0.0,2021-11-25,0.3253002166748047,1.0,"{""type"":""Point"",""coordinates"":[92.76378813119635,26.95119693358155]}"
994,10,0.8214250802993774,262.23675537109375,2022-03-01,249.54595947265625,0,1.0,0.0,2022-03-01,2022-02-28,9.72797679901123,295.426513671875,2022-03-02,0.029000001028180122,0.0,2022-03-01,0.2736797332763672,1.0,"{""type"":""Point"",""coordinates"":[95.2345089226068,24.621116940546436]}"
995,40,-0.4391070306301117,169.95602416992188,2023-11-08,2.415348529815674,0,6.0,0.0,2023-11-08,2023-11-07,1.3872401714324951,299.21435546875,2023-11-09,0.0,0.0,2023-11-08,0.21571795642375946,2.0,"{""type"":""Point"",""coordinates"":[91.20462223080982,24.788873482595474]}"
996,40,0.034209590405225754,289.4264221191406,2021-09-06,176.107177734375,0,42.0,77.14999389648438,2021-09-06,2021-09-05,0.8564507365226746,301.38604736328125,2021-09-07,26.6299991607666,27.08333396911621,2021-09-06,0.4059244692325592,5.0,"{""type"":""Point"",""coordinates"":[95.78757594216515,22.840601504448983]}"
997,30,0.023901404812932014,53.90550231933594,2019-09-30,5328.8291015625,0,2.0,1.4900000095367432,2019-09-30,2019-09-29,22.049488067626953,277.5595703125,2019-10-01,0.0,0.0,2019-09-30,0.2464873045682907,1.0,"{""type"":""Point"",""coordinates"":[90.39054734936916,28.30415988264842]}"
998,40,0.027519064024090767,116.76280975341797,2023-08-20,2.8695385456085205,0,7.0,1.1299999952316284,2023-08-20,2023-08-19,0.5989566445350647,302.90118408203125,2023-08-21,7.239999771118164,14.583333015441895,2023-08-20,0.40082359313964844,1.0,"{""type"":""Point"",""coordinates"":[89.79557036658677,22.7144115927817]}"
999,10,0.18468421697616577,299.0988464355469,2022-02-09,396.27276611328125,0,5.0,0.0,2022-02-09,2022-02-08,10.902496337890625,290.0554504394531,2022-02-10,0.0,0.0,2022-02-09,0.3457908630371094,2.0,"{""type"":""Point"",""coordinates"":[95.2162202948022,24.38564533224264]}"
