system:index,Map,NDVI,aspect,current_date,elevation,is_landslide,max_water_accumulation,prev_day_water_accumulation,prev_end,prev_start,slope,soil_temperature,today_end,today_expected_rain,today_rain_probability,today_start,volumetric_soil_moisture,water_accumulation,.geo
0,30,0.09293869882822037,3.238046884536743,2020-06-09,1560.0340576171875,1,1.0,4.460000038146973,2020-06-09,2020-06-08,26.342397689819336,295.58221435546875,2020-06-10,7.999999523162842,8.333333015441895,2020-06-09,0.39075788855552673,1.0,"{""type"":""Point"",""coordinates"":[76.855556,11.368889]}"
1,10,0.6093698143959045,169.63589477539062,2021-05-29,742.2283325195312,1,3.0,0.0,2021-05-29,2021-05-28,34.42050552368164,298.55535888671875,2021-05-30,0.9699999690055847,0.0,2021-05-29,0.3488636016845703,3.0,"{""type"":""Point"",""coordinates"":[76.855556,11.343056000000002]}"
2,10,0.3059721887111664,192.85353088378906,2023-10-15,755.4884643554688,1,2.0,76.45999908447266,2023-10-15,2023-10-14,33.49073791503906,298.22955322265625,2023-10-16,0.0,0.0,2023-10-15,0.38865724205970764,2.0,"{""type"":""Point"",""coordinates"":[76.863333,11.343889]}"
3,10,0.6107369065284729,137.99755859375,2019-03-01,782.9857788085938,1,2.0,0.0,2019-03-01,2019-02-28,32.136898040771484,298.2300720214844,2019-03-02,8.309000015258789,8.333333015441895,2019-03-01,0.19224803149700165,2.0,"{""type"":""Point"",""coordinates"":[76.861111,11.344167]}"
4,10,0.29036521911621094,134.00828552246094,2022-09-14,516.5970458984375,1,1.0,0.0,2022-09-14,2022-09-13,26.672590255737305,297.49273681640625,2022-09-15,1.3599998950958252,4.166666507720947,2022-09-14,0.3984222412109375,1.0,"{""type"":""Point"",""coordinates"":[76.873724,11.343727]}"
5,10,0.4599407911300659,178.38095092773438,2023-04-13,482.6106262207031,1,278.0,0.0,2023-04-13,2023-04-12,19.143033981323242,300.33355712890625,2023-04-14,0.0,0.0,2023-04-13,0.16139793395996094,278.0,"{""type"":""Point"",""coordinates"":[76.878333,11.346667]}"
6,10,0.24006053805351257,19.427871704101562,2022-03-19,1313.7982177734375,1,3.0,0.0,2022-03-19,2022-03-18,21.60703468322754,296.135009765625,2022-03-20,13.710000038146973,10.416666984558105,2022-03-19,0.21164004504680634,1.0,"{""type"":""Point"",""coordinates"":[76.903611,11.363333000000003]}"
7,30,0.044443730264902115,328.7479248046875,2020-09-07,1786.2396240234375,1,27.0,377.4599914550781,2020-09-07,2020-09-06,24.400352478027344,295.3042907714844,2020-09-08,0.5199999809265137,0.0,2020-09-07,0.4204063415527344,9.0,"{""type"":""Point"",""coordinates"":[76.904167,11.450277999999999]}"
8,30,0.025044424459338188,328.7479248046875,2019-12-06,1786.2396240234375,1,27.0,4.5,2019-12-06,2019-12-05,24.400352478027344,292.3010559082031,2019-12-07,1.7899999618530273,0.0,2019-12-06,0.39452552795410156,9.0,"{""type"":""Point"",""coordinates"":[76.904167,11.450277999999999]}"
9,30,0.10319650173187256,147.1746368408203,2022-09-16,1899.4013671875,1,1.0,0.0,2022-09-16,2022-09-15,13.407086372375488,295.1560974121094,2022-09-17,0.0,0.0,2022-09-16,0.39638519287109375,1.0,"{""type"":""Point"",""coordinates"":[76.909694,11.516353000000002]}"
10,10,0.24803534150123596,207.375,2023-11-05,1778.862548828125,1,89.0,4925.259765625,2023-11-05,2023-11-04,17.580303192138672,294.1247253417969,2023-11-06,32.599998474121094,31.25,2023-11-05,0.4146811068058014,89.0,"{""type"":""Point"",""coordinates"":[76.885,11.494167]}"
11,10,0.2638161778450012,90.04151916503906,2019-07-25,1720.4989013671875,1,27.0,105.29999542236328,2019-07-25,2019-07-24,29.561059951782227,294.10986328125,2019-07-26,20.529998779296875,14.583333015441895,2019-07-25,0.42285728454589844,27.0,"{""type"":""Point"",""coordinates"":[76.900556,11.4475]}"
12,10,0.7031158208847046,36.73945999145508,2022-02-11,453.278564453125,1,1.0,0.0,2022-02-11,2022-02-10,22.881757736206055,297.0732421875,2022-02-12,0.0,0.0,2022-02-11,0.18372344970703125,1.0,"{""type"":""Point"",""coordinates"":[76.912113,11.557460000000003]}"
13,10,0.1668759137392044,351.6897888183594,2022-05-19,1970.6385498046875,1,1.0,14.569999694824219,2022-05-19,2022-05-18,19.649017333984375,292.5767822265625,2022-05-20,14.549999237060547,10.416666984558105,2022-05-19,0.42635855078697205,1.0,"{""type"":""Point"",""coordinates"":[76.585917,11.500222]}"
14,10,0.12472996115684509,290.7960510253906,2020-11-11,2072.896240234375,1,5.0,0.0,2020-11-11,2020-11-10,23.34584617614746,291.9488220214844,2020-11-12,1.1899999380111694,4.166666507720947,2020-11-11,0.3779977262020111,5.0,"{""type"":""Point"",""coordinates"":[76.575,11.4675]}"
15,30,0.06957802921533585,82.05423736572266,2019-09-20,2094.58984375,1,4.0,17.479999542236328,2019-09-20,2019-09-19,13.56900405883789,292.7632751464844,2019-09-21,1.6200000047683716,0.0,2019-09-20,0.4110870361328125,4.0,"{""type"":""Point"",""coordinates"":[76.583889,11.4625]}"
16,30,0.08850938081741333,320.0177001953125,2022-12-20,2123.879150390625,1,2.0,0.23999999463558197,2022-12-20,2022-12-19,18.61359405517578,291.4615478515625,2022-12-21,2.869999885559082,8.333333015441895,2022-12-20,0.36591848731040955,1.0,"{""type"":""Point"",""coordinates"":[76.577778,11.466111]}"
17,80,0.012646212242543697,-0.0,2021-10-17,1981.5,1,70.0,4146.23974609375,2021-10-17,2021-10-16,0.0,290.8019714355469,2021-10-18,20.35999870300293,27.08333396911621,2021-10-17,0.4221254885196686,48.0,"{""type"":""Point"",""coordinates"":[76.606111,11.358332999999998]}"
18,80,0.10432448238134384,270.0,2020-01-12,1981.5,1,48.0,0.0,2020-01-12,2020-01-11,14.915080070495605,289.27593994140625,2020-01-13,1.6099998950958252,0.0,2020-01-12,0.30488839745521545,3.0,"{""type"":""Point"",""coordinates"":[76.605,11.362778]}"
19,30,0.12466949969530106,56.98219680786133,2020-09-23,2110.004150390625,1,2.0,12.359999656677246,2020-09-23,2020-09-22,12.596442222595215,290.5234375,2020-09-24,3.3399999141693115,4.166666507720947,2020-09-23,0.42011770606040955,2.0,"{""type"":""Point"",""coordinates"":[76.596389,11.3425]}"
20,10,0.1172054260969162,14.414334297180176,2020-12-12,2341.515625,1,1.0,3.6399998664855957,2020-12-12,2020-12-11,16.334428787231445,290.9780578613281,2020-12-13,0.4399999976158142,0.0,2020-12-12,0.37980079650878906,1.0,"{""type"":""Point"",""coordinates"":[76.577778,11.348333]}"
21,10,0.1353607326745987,74.10220336914062,2021-05-13,2250.572509765625,1,2.0,2.669999837875366,2021-05-13,2021-05-12,20.91501808166504,292.3560791015625,2021-05-14,5.420000076293945,10.416666984558105,2021-05-13,0.38421630859375,1.0,"{""type"":""Point"",""coordinates"":[76.578611,11.351944]}"
22,10,0.0167153999209404,99.75202178955078,2019-08-28,2190.927978515625,1,57.0,338.0099792480469,2019-08-28,2019-08-27,12.72189998626709,289.36328125,2019-08-29,4.159999847412109,4.166666507720947,2019-08-28,0.426708847284317,57.0,"{""type"":""Point"",""coordinates"":[76.578889,11.376111]}"
23,80,-0.021840423345565796,-0.0,2022-11-13,2211.5,1,10.0,783.0999755859375,2022-11-13,2022-11-12,0.0,288.4120788574219,2022-11-14,3.7199997901916504,4.166666507720947,2022-11-13,0.42462095618247986,10.0,"{""type"":""Point"",""coordinates"":[76.572222,11.375]}"
24,10,0.22642552852630615,276.8312683105469,2020-11-26,2118.558349609375,1,108.0,18.35999870300293,2020-11-26,2020-11-25,1.980970025062561,289.7900390625,2020-11-27,0.03999999910593033,0.0,2020-11-26,0.35380491614341736,108.0,"{""type"":""Point"",""coordinates"":[76.565833,11.410278]}"
25,10,0.3322218954563141,109.7714614868164,2020-03-15,955.1918334960938,1,1.0,0.0,2020-03-15,2020-03-14,15.6412353515625,298.1581115722656,2020-03-16,0.0,0.0,2020-03-15,0.34007707238197327,1.0,"{""type"":""Point"",""coordinates"":[76.441667,11.484166999999998]}"
26,10,0.45449215173721313,305.5906677246094,2023-06-03,942.8479614257812,1,8.0,12.629999160766602,2023-06-03,2023-06-02,6.167909145355225,295.033447265625,2023-06-04,24.049999237060547,14.583333015441895,2023-06-03,0.42413583397865295,1.0,"{""type"":""Point"",""coordinates"":[76.5,11.52]}"
27,10,0.08933494240045547,158.2342529296875,2020-07-21,949.0459594726562,1,1.0,53.11000061035156,2020-07-21,2020-07-20,17.717851638793945,293.607177734375,2020-07-22,0.0,0.0,2020-07-21,0.4255758821964264,1.0,"{""type"":""Point"",""coordinates"":[76.48,11.54]}"
28,10,0.6399725079536438,268.321533203125,2022-03-02,959.8861083984375,1,1.0,0.029000001028180122,2022-03-02,2022-03-01,24.789947509765625,294.9600524902344,2022-03-03,1.4399999380111694,2.0833332538604736,2022-03-02,0.18625323474407196,1.0,"{""type"":""Point"",""coordinates"":[76.47,11.53]}"
29,10,0.8352680206298828,268.321533203125,2020-01-29,959.8861083984375,1,1.0,0.0,2020-01-29,2020-01-28,24.789947509765625,294.0343933105469,2020-01-30,0.0,0.0,2020-01-29,0.24098332226276398,1.0,"{""type"":""Point"",""coordinates"":[76.47,11.53]}"
30,10,0.805349588394165,268.321533203125,2021-02-16,959.8861083984375,1,1.0,0.0,2021-02-16,2021-02-15,24.789947509765625,293.82958984375,2021-02-17,0.0,0.0,2021-02-16,0.2684694826602936,1.0,"{""type"":""Point"",""coordinates"":[76.47,11.53]}"
31,10,0.33421024680137634,268.321533203125,2019-06-14,959.8861083984375,1,1.0,22.600000381469727,2019-06-14,2019-06-13,24.789947509765625,294.05029296875,2019-06-15,0.0,0.0,2019-06-14,0.430908203125,1.0,"{""type"":""Point"",""coordinates"":[76.47,11.53]}"
32,10,0.10261233150959015,268.321533203125,2021-07-15,959.8861083984375,1,1.0,24.329999923706055,2021-07-15,2021-07-14,24.789947509765625,291.91693115234375,2021-07-16,116.40999603271484,81.25,2021-07-15,0.43499311804771423,1.0,"{""type"":""Point"",""coordinates"":[76.47,11.53]}"
33,10,0.34861209988594055,199.28945922851562,2023-12-26,947.1779174804688,1,1.0,0.0,2023-12-26,2023-12-25,4.914920806884766,294.00384521484375,2023-12-27,0.0,0.0,2023-12-26,0.3543281555175781,1.0,"{""type"":""Point"",""coordinates"":[76.46,11.53]}"
34,10,-7.748248026473448E-5,199.28945922851562,2023-06-24,947.1779174804688,1,1.0,4.299999713897705,2023-06-24,2023-06-23,4.914920806884766,294.0215148925781,2023-06-25,8.65999984741211,6.25,2023-06-24,0.41132673621177673,1.0,"{""type"":""Point"",""coordinates"":[76.46,11.53]}"
35,10,0.18546852469444275,27.886184692382812,2019-06-25,1162.0428466796875,1,5.0,13.089999198913574,2019-06-25,2019-06-24,13.731659889221191,295.8370666503906,2019-06-26,20.09000015258789,16.66666603088379,2019-06-25,0.4837322235107422,1.0,"{""type"":""Point"",""coordinates"":[76.4,11.53]}"
36,10,0.01983182691037655,27.886184692382812,2022-08-31,1162.0428466796875,1,5.0,38.90999984741211,2022-08-31,2022-08-30,13.731659889221191,295.38916015625,2022-09-01,37.58000183105469,20.83333396911621,2022-08-31,0.4666779935359955,1.0,"{""type"":""Point"",""coordinates"":[76.4,11.53]}"
37,10,0.2901569604873657,263.9189147949219,2023-04-01,1103.01708984375,1,1.0,0.0,2023-04-01,2023-03-31,19.90704917907715,297.1006164550781,2023-04-02,0.07500000298023224,0.0,2023-04-01,0.439196914434433,1.0,"{""type"":""Point"",""coordinates"":[76.41,11.54]}"
38,10,0.39779844880104065,263.9189147949219,2020-03-07,1103.01708984375,1,1.0,0.0,2020-03-07,2020-03-06,19.90704917907715,296.2567138671875,2020-03-08,0.0,0.0,2020-03-07,0.39414405822753906,1.0,"{""type"":""Point"",""coordinates"":[76.41,11.54]}"
39,10,0.08200950175523758,263.9189147949219,2022-06-20,1103.01708984375,1,1.0,5.649999618530273,2022-06-20,2022-06-19,19.90704917907715,294.87054443359375,2022-06-21,13.789999008178711,12.5,2022-06-20,0.47065162658691406,1.0,"{""type"":""Point"",""coordinates"":[76.41,11.54]}"
40,10,0.4825892746448517,263.9189147949219,2020-05-04,1103.01708984375,1,1.0,0.23999999463558197,2020-05-04,2020-05-03,19.90704917907715,297.9001159667969,2020-05-05,0.0,0.0,2020-05-04,0.45906320214271545,1.0,"{""type"":""Point"",""coordinates"":[76.41,11.54]}"
41,10,0.5908926725387573,77.6562728881836,2019-03-16,933.875,1,2.0,0.0,2019-03-16,2019-03-15,16.770832061767578,298.5459899902344,2019-03-17,0.0,0.0,2019-03-16,0.3207925260066986,2.0,"{""type"":""Point"",""coordinates"":[76.360556,11.495833000000001]}"
42,10,0.7362567782402039,202.85397338867188,2020-12-07,852.2406616210938,1,4.0,27.67999839782715,2020-12-07,2020-12-06,28.227081298828125,294.2105407714844,2020-12-08,16.139999389648438,10.416666984558105,2020-12-07,0.49189695715904236,4.0,"{""type"":""Point"",""coordinates"":[76.358333,11.475556000000001]}"
43,30,0.1391289234161377,292.60894775390625,2021-07-22,1102.0069580078125,1,2.0,39.619998931884766,2021-07-22,2021-07-21,21.97815704345703,293.7025451660156,2021-07-23,30.459999084472656,35.41666793823242,2021-07-22,0.4868501126766205,1.0,"{""type"":""Point"",""coordinates"":[76.36,11.48]}"
44,10,0.0882493406534195,263.2554626464844,2019-12-04,880.5623168945312,1,8.0,46.63999938964844,2019-12-04,2019-12-03,19.596853256225586,294.22723388671875,2019-12-05,0.0,0.0,2019-12-04,0.4599851071834564,8.0,"{""type"":""Point"",""coordinates"":[76.4125,11.469722000000003]}"
45,10,0.32603201270103455,53.029273986816406,2023-01-19,857.6077880859375,1,8.0,0.0,2023-01-19,2023-01-18,4.422578811645508,294.11114501953125,2023-01-20,0.0,0.0,2023-01-19,0.3029721677303314,8.0,"{""type"":""Point"",""coordinates"":[76.4111,11.470300000000002]}"
46,10,0.39569786190986633,342.66973876953125,2023-12-14,640.9827880859375,1,2.0,0.0,2023-12-14,2023-12-13,27.154020309448242,295.9667663574219,2023-12-15,0.0,0.0,2023-12-14,0.46663156151771545,2.0,"{""type"":""Point"",""coordinates"":[76.392803,11.437911]}"
47,10,0.02295617014169693,349.0222473144531,2019-08-23,196.6603546142578,1,1.0,20.689998626708984,2019-08-23,2019-08-22,31.322187423706055,294.5214538574219,2019-08-24,6.869999885559082,8.333333015441895,2019-08-23,0.48143959045410156,1.0,"{""type"":""Point"",""coordinates"":[76.357256,11.390106000000001]}"
48,10,0.1675589382648468,325.95330810546875,2019-07-25,193.2180633544922,1,1.0,13.84000015258789,2019-07-25,2019-07-24,29.129133224487305,294.9803771972656,2019-07-26,44.40999984741211,25.0,2019-07-25,0.49516549706459045,1.0,"{""type"":""Point"",""coordinates"":[76.356447,11.389817]}"
49,10,0.5296279788017273,274.3515625,2020-12-10,189.4753875732422,1,1.0,0.14000000059604645,2020-12-10,2020-12-09,26.617469787597656,296.2252197265625,2020-12-11,0.32999998331069946,0.0,2020-12-10,0.48339781165122986,1.0,"{""type"":""Point"",""coordinates"":[76.355147,11.389033]}"
50,10,0.1316789984703064,324.29217529296875,2020-09-02,107.12696838378906,1,1.0,50.821998596191406,2020-09-02,2020-09-01,19.98207664489746,296.41766357421875,2020-09-03,16.459999084472656,16.66666603088379,2020-09-02,0.48235511779785156,1.0,"{""type"":""Point"",""coordinates"":[76.365456,11.415881000000002]}"
51,10,0.7461085319519043,321.7051086425781,2021-03-13,121.04981994628906,1,1.0,0.0,2021-03-13,2021-03-12,30.593521118164062,297.9433288574219,2021-03-14,0.0,0.0,2021-03-13,0.32343801856040955,1.0,"{""type"":""Point"",""coordinates"":[76.364936,11.414706]}"
52,10,0.48758822679519653,249.71739196777344,2022-11-20,249.0106964111328,1,2.0,0.2199999988079071,2022-11-20,2022-11-19,28.227294921875,294.69622802734375,2022-11-21,0.0,0.0,2022-11-20,0.44027963280677795,1.0,"{""type"":""Point"",""coordinates"":[76.362556,11.394964]}"
53,10,0.11865780502557755,329.11712646484375,2020-08-05,287.01751708984375,1,1.0,47.30999755859375,2020-08-05,2020-08-04,21.633142471313477,295.4385681152344,2020-08-06,42.57999801635742,35.41666793823242,2020-08-05,0.4758974611759186,1.0,"{""type"":""Point"",""coordinates"":[76.366186,11.398711000000002]}"
54,10,0.09587135910987854,299.632568359375,2022-09-29,430.7650451660156,1,2.0,0.30000001192092896,2022-09-29,2022-09-28,19.546844482421875,296.25299072265625,2022-09-30,0.009999999776482582,0.0,2022-09-29,0.44432005286216736,2.0,"{""type"":""Point"",""coordinates"":[76.377922,11.417075000000002]}"
55,10,0.5842708945274353,261.1744384765625,2021-04-02,430.6753845214844,1,2.0,0.09200000762939453,2021-04-02,2021-04-01,12.58340835571289,298.6251525878906,2021-04-03,0.0,0.0,2021-04-02,0.3837992250919342,1.0,"{""type"":""Point"",""coordinates"":[76.377689,11.416564]}"
56,10,0.3146664798259735,350.2124938964844,2019-02-24,437.4699401855469,1,2.0,0.0,2019-02-24,2019-02-23,15.083980560302734,298.263916015625,2019-02-25,0.0,0.0,2019-02-24,0.3094399869441986,1.0,"{""type"":""Point"",""coordinates"":[76.377125,11.416403]}"
57,10,0.061173610389232635,10.070959091186523,2022-09-04,437.09368896484375,1,1.0,0.6699999570846558,2022-09-04,2022-09-03,24.835561752319336,296.19696044921875,2022-09-05,138.3300018310547,50.0,2022-09-04,0.44786134362220764,1.0,"{""type"":""Point"",""coordinates"":[76.375533,11.415869000000002]}"
58,10,0.05507133528590202,241.7936248779297,2019-06-23,392.56011962890625,1,1.0,31.869998931884766,2019-06-23,2019-06-22,19.644010543823242,295.47149658203125,2019-06-24,4.019999980926514,8.333333015441895,2019-06-23,0.4743022918701172,1.0,"{""type"":""Point"",""coordinates"":[76.375736,11.412556000000002]}"
59,10,0.14119853079319,4.63674783706665,2020-06-27,372.1370544433594,1,2.0,0.0,2020-06-27,2020-06-26,9.665287017822266,295.5655517578125,2020-06-28,1.6699999570846558,4.166666507720947,2020-06-27,0.48961320519447327,1.0,"{""type"":""Point"",""coordinates"":[76.375231,11.410653]}"
60,10,0.1238275095820427,323.87548828125,2023-06-14,352.76690673828125,1,2.0,35.81999969482422,2023-06-14,2023-06-13,24.518333435058594,295.9766845703125,2023-06-15,0.0,0.0,2023-06-14,0.4734954833984375,2.0,"{""type"":""Point"",""coordinates"":[76.374719,11.409314000000002]}"
61,10,0.15171389281749725,218.11212158203125,2019-01-03,402.6563415527344,1,2.0,0.0,2019-01-03,2019-01-02,27.357643127441406,293.59954833984375,2019-01-04,0.0,0.0,2019-01-03,0.4356473386287689,1.0,"{""type"":""Point"",""coordinates"":[76.373731,11.413058000000001]}"
62,10,0.15692146122455597,281.2970886230469,2020-06-30,427.7697448730469,1,1.0,15.229999542236328,2020-06-30,2020-06-29,26.384784698486328,296.0687561035156,2020-07-01,8.180000305175781,8.333333015441895,2020-06-30,0.47514915466308594,1.0,"{""type"":""Point"",""coordinates"":[76.374356,11.414949999999997]}"
63,10,0.2401689887046814,307.5104064941406,2021-01-13,428.1689147949219,1,1.0,24.939998626708984,2021-01-13,2021-01-12,29.173967361450195,294.33355712890625,2021-01-14,1.5699999332427979,2.0833332538604736,2021-01-13,0.4895668029785156,1.0,"{""type"":""Point"",""coordinates"":[76.374567,11.415843999999998]}"
64,10,0.16113725304603577,287.71923828125,2023-09-19,448.97833251953125,1,2.0,49.70000076293945,2023-09-19,2023-09-18,30.311872482299805,295.6982116699219,2023-09-20,2.430000066757202,2.0833332538604736,2023-09-19,0.474804550409317,2.0,"{""type"":""Point"",""coordinates"":[76.378483,11.418414]}"
65,10,0.09479375183582306,294.6731262207031,2021-12-19,445.7901306152344,1,2.0,0.0,2021-12-19,2021-12-18,25.0139217376709,295.7741394042969,2021-12-20,0.0,0.0,2021-12-19,0.40738677978515625,2.0,"{""type"":""Point"",""coordinates"":[76.378781,11.419386]}"
66,10,0.17711761593818665,285.5543212890625,2023-05-20,440.7992858886719,1,2.0,0.3399999737739563,2023-05-20,2023-05-19,35.25845718383789,297.69329833984375,2023-05-21,0.12999999523162842,0.0,2023-05-20,0.47044309973716736,2.0,"{""type"":""Point"",""coordinates"":[76.378483,11.418883]}"
67,10,0.04283207654953003,290.17926025390625,2019-07-05,466.8089904785156,1,2.0,12.929999351501465,2019-07-05,2019-07-04,27.487810134887695,295.6756896972656,2019-07-06,22.10999870300293,12.5,2019-07-05,0.47665849328041077,1.0,"{""type"":""Point"",""coordinates"":[76.379117,11.419836]}"
68,10,0.02366667613387108,348.25714111328125,2022-09-25,483.6616516113281,1,4.0,1.4900000095367432,2022-09-25,2022-09-24,29.22003173828125,295.6351013183594,2022-09-26,4.049999713897705,10.416666984558105,2022-09-25,0.43728193640708923,1.0,"{""type"":""Point"",""coordinates"":[76.380039,11.420208]}"
69,10,0.17744643986225128,274.6717224121094,2022-12-27,516.993408203125,1,4.0,0.0,2022-12-27,2022-12-26,28.100492477416992,295.8391418457031,2022-12-28,0.14999999105930328,0.0,2022-12-27,0.4156411588191986,4.0,"{""type"":""Point"",""coordinates"":[76.382883,11.422797000000001]}"
70,10,0.2904806435108185,267.91937255859375,2020-05-31,486.93255615234375,1,4.0,50.87999725341797,2020-05-31,2020-05-30,31.34333610534668,297.51519775390625,2020-06-01,2.129999876022339,2.0833332538604736,2020-05-31,0.47425588965415955,4.0,"{""type"":""Point"",""coordinates"":[76.382539,11.421669]}"
71,10,0.11969562619924545,307.0973205566406,2023-10-15,546.3827514648438,1,3.0,165.16000366210938,2023-10-15,2023-10-14,29.299299240112305,297.05517578125,2023-10-16,2.0299999713897705,0.0,2023-10-15,0.45078086853027344,2.0,"{""type"":""Point"",""coordinates"":[76.384067,11.427636]}"
72,10,0.5182613134384155,331.1395263671875,2019-01-27,526.4354858398438,1,3.0,0.0,2019-01-27,2019-01-26,31.22420883178711,296.2551574707031,2019-01-28,0.0,0.0,2019-01-27,0.3091188967227936,3.0,"{""type"":""Point"",""coordinates"":[76.382994,11.426835999999998]}"
73,10,0.09297320246696472,308.28106689453125,2021-05-27,560.2696533203125,1,2.0,20.81999969482422,2021-05-27,2021-05-26,25.916471481323242,295.8260192871094,2021-05-28,0.2199999988079071,0.0,2021-05-27,0.46627363562583923,1.0,"{""type"":""Point"",""coordinates"":[76.38682500000002,11.431297]}"
74,10,0.018841683864593506,317.52734375,2021-11-08,550.2482299804688,1,1.0,1.1799999475479126,2021-11-08,2021-11-07,20.22537612915039,295.5642395019531,2021-11-09,16.760000228881836,20.83333396911621,2021-11-08,0.47930335998535156,1.0,"{""type"":""Point"",""coordinates"":[76.386519,11.4311]}"
75,10,0.2533576488494873,295.5009765625,2022-11-22,572.2132568359375,1,2.0,0.0,2022-11-22,2022-11-21,25.81623649597168,294.6133117675781,2022-11-23,0.0,0.0,2022-11-22,0.4231936037540436,2.0,"{""type"":""Point"",""coordinates"":[76.389,11.431500000000002]}"
76,10,0.005041211843490601,322.459228515625,2023-07-05,602.3745727539062,1,3.0,244.82998657226562,2023-07-05,2023-07-04,18.523025512695312,294.8340148925781,2023-07-06,161.70999145507812,93.75,2023-07-05,0.4884376525878906,3.0,"{""type"":""Point"",""coordinates"":[76.390853,11.435264000000002]}"
77,10,0.3840983808040619,269.8967590332031,2021-05-16,624.3021850585938,1,3.0,139.16000366210938,2021-05-16,2021-05-15,26.596755981445312,296.076171875,2021-05-17,74.23999786376953,52.08333206176758,2021-05-16,0.48656272888183594,2.0,"{""type"":""Point"",""coordinates"":[76.391783,11.436314000000001]}"
78,10,0.2625871002674103,161.380126953125,2021-05-05,908.9451293945312,1,2.0,3.369999885559082,2021-05-05,2021-05-04,14.056013107299805,296.78759765625,2021-05-06,0.009999999776482582,0.0,2021-05-05,0.46161141991615295,1.0,"{""type"":""Point"",""coordinates"":[76.3,11.51]}"
79,30,0.18761233985424042,5.385042667388916,2019-10-30,1000.9970703125,1,1.0,6.010000228881836,2019-10-30,2019-10-29,14.823758125305176,294.88043212890625,2019-10-31,19.969999313354492,27.08333396911621,2019-10-30,0.47375741600990295,1.0,"{""type"":""Point"",""coordinates"":[76.31,11.510000000000002]}"
80,10,0.09642346948385239,66.07525634765625,2021-06-04,946.663330078125,1,1.0,27.369998931884766,2021-06-04,2021-06-03,14.782097816467285,296.48968505859375,2021-06-05,26.979999542236328,27.08333396911621,2021-06-04,0.4811789095401764,1.0,"{""type"":""Point"",""coordinates"":[76.32,11.51]}"
81,10,0.036785852164030075,66.07525634765625,2019-09-29,946.663330078125,1,1.0,0.07000000029802322,2019-09-29,2019-09-28,14.782097816467285,295.7738037109375,2019-09-30,3.549999952316284,4.166666507720947,2019-09-29,0.49405160546302795,1.0,"{""type"":""Point"",""coordinates"":[76.32,11.51]}"
82,10,0.04746560752391815,66.07525634765625,2020-07-15,946.663330078125,1,1.0,13.380000114440918,2020-07-15,2020-07-14,14.782097816467285,295.2337646484375,2020-07-16,27.549999237060547,31.25,2020-07-15,0.4762319028377533,1.0,"{""type"":""Point"",""coordinates"":[76.32,11.51]}"
83,10,0.5668004751205444,66.07525634765625,2021-04-06,946.663330078125,1,1.0,0.0,2021-04-06,2021-04-05,14.782097816467285,298.63726806640625,2021-04-07,0.0,0.0,2021-04-06,0.3877067565917969,1.0,"{""type"":""Point"",""coordinates"":[76.32,11.51]}"
84,10,0.35542938113212585,156.9697723388672,2023-11-11,936.42626953125,1,4.0,5.319999694824219,2023-11-11,2023-11-10,21.661874771118164,295.5492858886719,2023-11-12,0.0,0.0,2023-11-11,0.4731648862361908,4.0,"{""type"":""Point"",""coordinates"":[76.334167,11.498056]}"
85,10,0.3226141035556793,35.866390228271484,2023-06-10,1041.6529541015625,1,1.0,1.2299998998641968,2023-06-10,2023-06-09,21.76215934753418,296.01629638671875,2023-06-11,9.679999351501465,16.66666603088379,2023-06-10,0.47421011328697205,1.0,"{""type"":""Point"",""coordinates"":[76.33,11.51]}"
86,10,0.3815785050392151,59.574745178222656,2019-01-16,867.077880859375,1,2.0,2.179999828338623,2019-01-16,2019-01-15,8.410043716430664,294.5539855957031,2019-01-17,0.0,0.0,2019-01-16,0.320727676153183,2.0,"{""type"":""Point"",""coordinates"":[76.28,11.509999999999998]}"
87,10,0.2741278111934662,29.31270408630371,2023-04-10,849.8511962890625,1,137.0,0.0,2023-04-10,2023-04-09,26.12526512145996,297.88543701171875,2023-04-11,0.0,0.0,2023-04-10,0.4079030454158783,137.0,"{""type"":""Point"",""coordinates"":[76.26,11.53]}"
88,10,0.09295766055583954,104.21432495117188,2023-08-18,979.8513793945312,1,1.0,0.0,2023-08-18,2023-08-17,13.19796085357666,295.4280700683594,2023-08-19,1.6200000047683716,2.0833332538604736,2023-08-18,0.44158807396888733,1.0,"{""type"":""Point"",""coordinates"":[76.39166,11.548879999999999]}"
89,10,0.539002001285553,39.39140319824219,2021-02-21,1171.2335205078125,1,1.0,0.0,2021-02-21,2021-02-20,11.846071243286133,293.7229309082031,2021-02-22,0.0,0.0,2021-02-21,0.34658560156822205,1.0,"{""type"":""Point"",""coordinates"":[76.41,11.55]}"
90,10,-0.003566131927073002,276.69439697265625,2022-09-14,987.9520874023438,1,21.0,0.0,2022-09-14,2022-09-13,17.956398010253906,294.0815124511719,2022-09-15,0.009999999776482582,0.0,2022-09-14,0.48692575097084045,21.0,"{""type"":""Point"",""coordinates"":[76.43,11.55]}"
91,10,0.15422479808330536,276.69439697265625,2019-06-28,987.9520874023438,1,21.0,0.6299999952316284,2019-06-28,2019-06-27,17.956398010253906,295.125732421875,2019-06-29,0.0,0.0,2019-06-28,0.46729087829589844,21.0,"{""type"":""Point"",""coordinates"":[76.43,11.55]}"
92,10,0.4020311236381531,31.94490623474121,2023-05-19,929.9695434570312,1,2.0,7.179999828338623,2023-05-19,2023-05-18,14.898343086242676,298.7693786621094,2023-05-20,1.8299999237060547,2.0833332538604736,2023-05-19,0.27420172095298767,1.0,"{""type"":""Point"",""coordinates"":[76.27,11.736611000000002]}"
93,10,0.02549048326909542,243.5054168701172,2022-08-06,847.7827758789062,1,4.0,36.0,2022-08-06,2022-08-05,13.20309066772461,293.003662109375,2022-08-07,6.710000038146973,14.583333015441895,2022-08-06,0.47497621178627014,4.0,"{""type"":""Point"",""coordinates"":[76.224153,11.547167000000002]}"
94,10,0.2734037935733795,167.37013244628906,2022-05-21,863.4641723632812,1,1.0,0.3199999928474426,2022-05-21,2022-05-20,9.764134407043457,294.08953857421875,2022-05-22,0.0,0.0,2022-05-21,0.4723764955997467,1.0,"{""type"":""Point"",""coordinates"":[76.207722,11.548194000000002]}"
95,10,0.23806561529636383,21.838815689086914,2022-05-02,878.8717041015625,1,4.0,0.8700000047683716,2022-05-02,2022-05-01,21.752685546875,297.53253173828125,2022-05-03,1.2100000381469727,2.0833332538604736,2022-05-02,0.4129924774169922,1.0,"{""type"":""Point"",""coordinates"":[76.2085,11.590028]}"
96,10,0.5864868760108948,158.11624145507812,2021-04-18,800.1666870117188,1,4.0,14.929999351501465,2021-04-18,2021-04-17,7.208985328674316,296.7093811035156,2021-04-19,0.699999988079071,2.0833332538604736,2021-04-18,0.41194280982017517,1.0,"{""type"":""Point"",""coordinates"":[76.195889,11.584250000000003]}"
97,10,0.29321426153182983,182.93507385253906,2023-10-19,788.7994384765625,1,52.0,0.0,2023-10-19,2023-10-18,5.286873817443848,295.76202392578125,2023-10-20,0.0,0.0,2023-10-19,0.46684709191322327,4.0,"{""type"":""Point"",""coordinates"":[76.195,11.583721999999998]}"
98,10,0.6074869632720947,76.54743194580078,2022-03-22,830.5520629882812,1,7.0,1.8899998664855957,2022-03-22,2022-03-21,23.339962005615234,296.802490234375,2022-03-23,0.0,0.0,2022-03-22,0.31843122839927673,7.0,"{""type"":""Point"",""coordinates"":[76.198161,11.556978000000003]}"
99,10,0.1688765585422516,359.2361755371094,2023-10-18,794.76416015625,1,13.0,28.209999084472656,2023-10-18,2023-10-17,30.51149559020996,295.08563232421875,2023-10-19,0.0,0.0,2023-10-18,0.4766120910644531,13.0,"{""type"":""Point"",""coordinates"":[76.193055,11.631666]}"
100,10,0.08613089472055435,0.9042732119560242,2020-07-13,877.6012573242188,1,1.0,0.0,2020-07-13,2020-07-12,27.70355987548828,294.5470275878906,2020-07-14,3.9700000286102295,2.0833332538604736,2020-07-13,0.4747905731201172,1.0,"{""type"":""Point"",""coordinates"":[76.201533,11.636239000000002]}"
101,10,0.16129906475543976,259.7203674316406,2020-06-26,862.7371826171875,1,1.0,8.9399995803833,2020-06-26,2020-06-25,18.879369735717773,295.3244934082031,2020-06-27,0.0,0.0,2020-06-26,0.4794680178165436,1.0,"{""type"":""Point"",""coordinates"":[76.155881,11.545375]}"
102,10,0.22217164933681488,334.1678161621094,2019-11-19,786.2428588867188,1,2.0,0.0,2019-11-19,2019-11-18,20.133764266967773,295.46435546875,2019-11-20,0.0,0.0,2019-11-19,0.4751676023006439,2.0,"{""type"":""Point"",""coordinates"":[76.12666600000001,11.568888]}"
103,10,0.08542879670858383,297.628173828125,2020-09-03,850.400390625,1,3.0,94.19999694824219,2020-09-03,2020-09-02,27.39995574951172,295.3446350097656,2020-09-04,11.369999885559082,6.25,2020-09-03,0.4900054931640625,3.0,"{""type"":""Point"",""coordinates"":[76.128583,11.561110999999999]}"
104,10,0.1948426067829132,248.23464965820312,2023-08-27,861.3819580078125,1,2.0,0.0,2023-08-27,2023-08-26,11.473624229431152,296.2949523925781,2023-08-28,8.300000190734863,6.25,2023-08-27,0.4034372866153717,1.0,"{""type"":""Point"",""coordinates"":[76.132781,11.562955999999998]}"
105,10,0.22985702753067017,340.2422180175781,2020-03-07,825.0256958007812,1,1.0,0.0,2020-03-07,2020-03-06,18.887731552124023,296.93634033203125,2020-03-08,0.0,0.0,2020-03-07,0.3294792175292969,1.0,"{""type"":""Point"",""coordinates"":[76.136717,11.560225000000003]}"
106,10,0.5321279764175415,334.3470458984375,2020-04-21,862.2069702148438,1,1.0,0.0,2020-04-21,2020-04-20,30.728837966918945,298.48773193359375,2020-04-22,0.0,0.0,2020-04-21,0.3697471618652344,1.0,"{""type"":""Point"",""coordinates"":[76.136561,11.559564000000002]}"
107,10,0.265762597322464,308.6712951660156,2020-12-26,839.5795288085938,1,1.0,0.0,2020-12-26,2020-12-25,12.005517959594727,295.85333251953125,2020-12-27,0.0,0.0,2020-12-26,0.33628782629966736,1.0,"{""type"":""Point"",""coordinates"":[76.135828,11.559383]}"
108,10,0.1834852397441864,355.1411437988281,2023-04-11,864.2683715820312,1,4.0,0.0,2023-04-11,2023-04-10,19.1256046295166,298.80706787109375,2023-04-12,0.0,0.0,2023-04-11,0.3259449005126953,1.0,"{""type"":""Point"",""coordinates"":[76.136878,11.550339]}"
109,10,0.5990763306617737,5.425112247467041,2019-01-31,823.3687133789062,1,4.0,0.0,2019-01-31,2019-01-30,7.926919937133789,295.7578430175781,2019-02-01,0.0,0.0,2019-01-31,0.28900274634361267,4.0,"{""type"":""Point"",""coordinates"":[76.127939,11.5543]}"
110,50,0.08210040628910065,248.03382873535156,2020-03-18,875.2890014648438,1,1.0,0.0,2020-03-18,2020-03-17,20.505807876586914,298.5549621582031,2020-03-19,0.0,0.0,2020-03-18,0.3051166534423828,1.0,"{""type"":""Point"",""coordinates"":[76.131517,11.554430999999996]}"
111,10,0.6543237566947937,243.8003387451172,2019-01-09,854.2904663085938,1,4.0,0.0,2019-01-09,2019-01-08,21.31452751159668,294.3260803222656,2019-01-10,0.0,0.0,2019-01-09,0.32434526085853577,1.0,"{""type"":""Point"",""coordinates"":[76.129639,11.556833]}"
112,10,0.16003036499023438,70.04544830322266,2021-04-22,804.6536254882812,1,1.0,0.7699999809265137,2021-04-22,2021-04-21,18.885921478271484,296.8800048828125,2021-04-23,5.789999961853027,8.333333015441895,2021-04-22,0.4580961763858795,1.0,"{""type"":""Point"",""coordinates"":[76.118333,11.565806]}"
113,10,0.04666309803724289,86.49356079101562,2022-08-02,817.9437255859375,1,1.0,112.55299377441406,2022-08-02,2022-08-01,21.1523380279541,295.5374450683594,2022-08-03,23.719999313354492,37.5,2022-08-02,0.47199884057044983,1.0,"{""type"":""Point"",""coordinates"":[76.117778,11.566694]}"
114,10,0.1583768129348755,330.03118896484375,2020-12-03,824.229248046875,1,1.0,0.39000001549720764,2020-12-03,2020-12-02,27.025400161743164,295.3628845214844,2020-12-04,14.979999542236328,25.0,2020-12-03,0.3552894592285156,1.0,"{""type"":""Point"",""coordinates"":[76.115653,11.566717]}"
115,10,0.6243741512298584,310.23394775390625,2020-01-08,784.7269897460938,1,143.0,0.0,2020-01-08,2020-01-07,16.6844539642334,295.8030700683594,2020-01-09,0.0,0.0,2020-01-08,0.34191957116127014,143.0,"{""type"":""Point"",""coordinates"":[76.09547200000002,11.581167000000002]}"
116,10,0.7454231977462769,269.2518310546875,2020-01-28,764.0857543945312,1,143.0,716.4299926757812,2020-01-28,2020-01-27,5.712440490722656,296.5937194824219,2020-01-29,0.0,0.0,2020-01-28,0.28577104210853577,143.0,"{""type"":""Point"",""coordinates"":[76.094083,11.579583]}"
117,60,0.31658175587654114,338.33245849609375,2022-06-25,761.435791015625,1,41.0,1492.8099365234375,2022-06-25,2022-06-24,13.17935848236084,294.80322265625,2022-06-26,37.2599983215332,31.25,2022-06-25,0.48483720421791077,41.0,"{""type"":""Point"",""coordinates"":[76.110833,11.578055]}"
118,10,0.0772220715880394,40.617549896240234,2020-06-26,999.4442749023438,1,2.0,8.469999313354492,2020-06-26,2020-06-25,25.269500732421875,295.6079406738281,2020-06-27,0.0,0.0,2020-06-26,0.4663276672363281,1.0,"{""type"":""Point"",""coordinates"":[76.097822,11.554086]}"
119,10,0.1715358942747116,240.6964569091797,2021-05-19,985.2453002929688,1,4.0,74.5199966430664,2021-05-19,2021-05-18,12.50972843170166,295.4173889160156,2021-05-20,33.23999786376953,27.08333396911621,2021-05-19,0.4783865511417389,4.0,"{""type"":""Point"",""coordinates"":[76.101264,11.552339]}"
120,10,0.11530075967311859,240.6964569091797,2022-10-11,985.2453002929688,1,4.0,26.19999885559082,2022-10-11,2022-10-10,12.50972843170166,294.40435791015625,2022-10-12,3.169999837875366,6.25,2022-10-11,0.4912808835506439,4.0,"{""type"":""Point"",""coordinates"":[76.101278,11.552333000000003]}"
121,10,0.42824116349220276,316.1997985839844,2022-03-25,980.8359375,1,4.0,0.0,2022-03-25,2022-03-24,23.941997528076172,296.638427734375,2022-03-26,0.10999999940395355,0.0,2022-03-25,0.3766975402832031,4.0,"{""type"":""Point"",""coordinates"":[76.101244,11.553283000000002]}"
122,10,0.04085811227560043,12.29267692565918,2020-10-06,1020.17822265625,1,9.0,0.0,2020-10-06,2020-10-05,13.433699607849121,295.1990661621094,2020-10-07,0.0,0.0,2020-10-06,0.43895021080970764,9.0,"{""type"":""Point"",""coordinates"":[76.0928,11.554256]}"
123,10,0.5327396988868713,338.8639221191406,2019-02-28,1006.0386962890625,1,9.0,0.0,2019-02-28,2019-02-27,20.069318771362305,297.1754455566406,2019-03-01,0.0,0.0,2019-02-28,0.28812727332115173,9.0,"{""type"":""Point"",""coordinates"":[76.094833,11.554583]}"
124,10,0.5539857745170593,12.289222717285156,2021-03-01,790.8584594726562,1,8.0,0.0,2021-03-01,2021-02-28,19.245880126953125,297.65216064453125,2021-03-02,0.03800000250339508,0.0,2021-03-01,0.32103919982910156,8.0,"{""type"":""Point"",""coordinates"":[76.080278,11.568944]}"
125,10,0.4081512987613678,8.583320617675781,2021-04-21,1060.667724609375,1,2.0,3.8999998569488525,2021-04-21,2021-04-20,26.657901763916016,296.8625183105469,2021-04-22,2.25,2.0833332538604736,2021-04-21,0.45481109619140625,1.0,"{""type"":""Point"",""coordinates"":[76.086278,11.553499999999998]}"
126,10,0.21599595248699188,11.718181610107422,2023-06-24,1080.6885986328125,1,1.0,10.470000267028809,2023-06-24,2023-06-23,36.24241638183594,295.5388488769531,2023-06-25,9.569999694824219,6.25,2023-06-24,0.48408380150794983,1.0,"{""type"":""Point"",""coordinates"":[76.085942,11.553164000000002]}"
127,10,0.0923362597823143,352.24285888671875,2021-11-14,1088.81689453125,1,6.0,66.23999786376953,2021-11-14,2021-11-13,18.25506591796875,294.521484375,2021-11-15,12.59000015258789,20.83333396911621,2021-11-14,0.49115562438964844,6.0,"{""type"":""Point"",""coordinates"":[76.0895,11.552539]}"
128,10,0.12488742917776108,353.4368896484375,2022-07-02,1046.199951171875,1,6.0,21.761999130249023,2022-07-02,2022-07-01,12.103038787841797,293.9681091308594,2022-07-03,35.380001068115234,37.5,2022-07-02,0.49656930565834045,6.0,"{""type"":""Point"",""coordinates"":[76.089389,11.553778]}"
129,10,0.06652171909809113,20.87681007385254,2023-08-25,1032.4156494140625,1,6.0,0.1899999976158142,2023-08-25,2023-08-24,8.7552490234375,296.7021484375,2023-08-26,0.0,0.0,2023-08-25,0.40807533264160156,1.0,"{""type"":""Point"",""coordinates"":[76.09052800000002,11.554556]}"
130,10,-3.5014376044273376E-4,67.83894348144531,2021-09-17,1048.03076171875,1,3.0,0.0,2021-09-17,2021-09-16,28.04372215270996,294.78228759765625,2021-09-18,3.2699999809265137,2.0833332538604736,2021-09-17,0.49184608459472656,2.0,"{""type"":""Point"",""coordinates"":[76.083589,11.5548]}"
131,50,0.5771756768226624,20.933216094970703,2021-03-27,769.862548828125,1,13.0,0.0,2021-03-27,2021-03-26,4.472696304321289,299.1641845703125,2021-03-28,16.779998779296875,10.416666984558105,2021-03-27,0.30451902747154236,13.0,"{""type"":""Point"",""coordinates"":[76.077556,11.572056]}"
132,10,0.08143272995948792,16.73417854309082,2021-12-07,750.0299682617188,1,203.0,2.799999952316284,2021-12-07,2021-12-06,13.347450256347656,295.4002380371094,2021-12-08,0.0,0.0,2021-12-07,0.45404815673828125,1.0,"{""type"":""Point"",""coordinates"":[76.088,11.591389]}"
133,10,0.06384957581758499,280.44091796875,2021-07-17,747.0635375976562,1,1.0,26.3799991607666,2021-07-17,2021-07-16,20.36743927001953,293.8169860839844,2021-07-18,39.709999084472656,52.08333206176758,2021-07-17,0.4785022735595703,1.0,"{""type"":""Point"",""coordinates"":[76.080028,11.594833]}"
134,10,0.2658858597278595,322.1870422363281,2021-01-30,819.4449462890625,1,3.0,0.0,2021-01-30,2021-01-29,23.919233322143555,294.8185119628906,2021-01-31,0.0,0.0,2021-01-30,0.345867782831192,1.0,"{""type"":""Point"",""coordinates"":[76.068333,11.591111]}"
135,10,0.5622082352638245,352.5466613769531,2019-03-13,762.8597412109375,1,9.0,0.0,2019-03-13,2019-03-12,26.652164459228516,297.66119384765625,2019-03-14,0.0,0.0,2019-03-13,0.30882516503334045,9.0,"{""type"":""Point"",""coordinates"":[76.06908300000002,11.601694]}"
136,10,0.20514394342899323,351.97442626953125,2020-11-04,768.598388671875,1,9.0,9.089999198913574,2020-11-04,2020-11-03,30.07631492614746,295.8028564453125,2020-11-05,0.14999999105930328,0.0,2020-11-04,0.46544328331947327,9.0,"{""type"":""Point"",""coordinates"":[76.069944,11.601778]}"
137,10,0.3089783191680908,199.384033203125,2020-05-26,747.6481323242188,1,220.0,594.0,2020-05-26,2020-05-25,14.08009147644043,298.1986083984375,2020-05-27,0.05999999865889549,0.0,2020-05-26,0.43473371863365173,220.0,"{""type"":""Point"",""coordinates"":[76.084166,11.599166]}"
138,10,0.6240689158439636,85.66021728515625,2019-03-31,892.1735229492188,1,2.0,21.15999984741211,2019-03-31,2019-03-30,30.991796493530273,297.8017272949219,2019-04-01,0.0,0.0,2019-03-31,0.35507330298423767,2.0,"{""type"":""Point"",""coordinates"":[76.10069,11.625503]}"
139,10,-0.03270949423313141,0.4960237145423889,2022-09-17,896.8414916992188,1,2.0,0.2800000011920929,2022-09-17,2022-09-16,30.239646911621094,295.07696533203125,2022-09-18,3.3899998664855957,2.0833332538604736,2022-09-17,0.4762795865535736,1.0,"{""type"":""Point"",""coordinates"":[76.1033,11.624944]}"
140,10,0.1038675531744957,14.700348854064941,2021-11-16,917.9608154296875,1,1.0,22.100000381469727,2021-11-16,2021-11-15,9.539676666259766,294.1908264160156,2021-11-17,47.5,37.5,2021-11-16,0.4834658205509186,1.0,"{""type"":""Point"",""coordinates"":[76.106417,11.623222000000002]}"
141,10,0.04756365343928337,35.080780029296875,2021-10-21,876.3877563476562,1,1.0,89.3699951171875,2021-10-21,2021-10-20,22.508054733276367,296.0667419433594,2021-10-22,12.219999313354492,10.416666984558105,2021-10-21,0.4807472229003906,1.0,"{""type"":""Point"",""coordinates"":[75.936389,11.706666999999996]}"
142,10,0.22214005887508392,34.400753021240234,2020-01-04,794.3805541992188,1,1.0,0.0,2020-01-04,2020-01-03,7.738466262817383,296.5482177734375,2020-01-05,0.0,0.0,2020-01-04,0.3665517270565033,1.0,"{""type"":""Point"",""coordinates"":[75.940278,11.705278]}"
143,10,-0.006912014912813902,27.12036895751953,2022-07-28,857.8082885742188,1,14.0,281.3999938964844,2022-07-28,2022-07-27,26.3293399810791,295.512451171875,2022-07-29,30.959999084472656,20.83333396911621,2022-07-28,0.47870635986328125,14.0,"{""type"":""Point"",""coordinates"":[75.9359,11.7013]}"
144,10,0.6246963143348694,166.4996795654297,2023-04-20,844.0319213867188,1,15.0,0.0,2023-04-20,2023-04-19,26.15800666809082,299.00042724609375,2023-04-21,0.0,0.0,2023-04-20,0.3423544466495514,14.0,"{""type"":""Point"",""coordinates"":[75.9369,11.703399999999998]}"
145,10,0.560630738735199,339.63055419921875,2020-02-18,1076.337158203125,1,2.0,0.0,2020-02-18,2020-02-17,36.456016540527344,298.2339782714844,2020-02-19,0.0,0.0,2020-02-18,0.26762834191322327,2.0,"{""type"":""Point"",""coordinates"":[75.8975,11.721943999999999]}"
146,10,0.11958323419094086,279.4278259277344,2020-04-05,988.0355834960938,1,3.0,0.0,2020-04-05,2020-04-04,23.425315856933594,299.45501708984375,2020-04-06,15.289999961853027,16.66666603088379,2020-04-05,0.30711236596107483,3.0,"{""type"":""Point"",""coordinates"":[75.8925,11.721667]}"
147,10,0.05330640450119972,251.5362091064453,2019-10-07,1091.83740234375,1,9.0,2.9699997901916504,2019-10-07,2019-10-06,25.74299430847168,295.7715148925781,2019-10-08,5.499999523162842,6.25,2019-10-07,0.4646542966365814,9.0,"{""type"":""Point"",""coordinates"":[75.894167,11.682222]}"
148,10,0.19086101651191711,340.7242736816406,2022-04-01,1070.2666015625,1,9.0,0.0,2022-04-01,2022-03-31,26.272428512573242,297.7805480957031,2022-04-02,0.31700000166893005,0.0,2022-04-01,0.4392261505126953,1.0,"{""type"":""Point"",""coordinates"":[75.893056,11.678889]}"
149,10,-0.013112583197653294,70.3655014038086,2019-08-21,831.023193359375,1,11.0,79.75999450683594,2019-08-21,2019-08-20,23.49373435974121,294.89068603515625,2019-08-22,36.13999938964844,50.0,2019-08-21,0.46712303161621094,2.0,"{""type"":""Point"",""coordinates"":[75.936833,11.670749999999998]}"
150,10,0.09182233363389969,101.04593658447266,2022-08-18,893.6437377929688,1,8.0,4.559999942779541,2022-08-18,2022-08-17,23.483800888061523,296.05548095703125,2022-08-19,0.9899999499320984,2.0833332538604736,2022-08-18,0.44627252221107483,8.0,"{""type"":""Point"",""coordinates"":[75.934722,11.673056]}"
151,10,0.0021612737327814102,84.71067810058594,2021-07-06,880.6045532226562,1,9.0,50.939998626708984,2021-07-06,2021-07-05,23.916954040527344,295.7921142578125,2021-07-07,0.0,0.0,2021-07-06,0.4912757873535156,9.0,"{""type"":""Point"",""coordinates"":[75.937222,11.680556]}"
152,10,0.4126861095428467,41.97610855102539,2019-03-08,900.2883911132812,1,5.0,0.0,2019-03-08,2019-03-07,20.044891357421875,297.7619934082031,2019-03-09,0.0,0.0,2019-03-08,0.2802867889404297,5.0,"{""type"":""Point"",""coordinates"":[75.9371,11.694100000000002]}"
153,10,0.0861344188451767,79.81797790527344,2022-12-03,807.9097900390625,1,3.0,0.0,2022-12-03,2022-12-02,14.756470680236816,295.2983093261719,2022-12-04,10.59000015258789,4.166666507720947,2022-12-03,0.43685850501060486,3.0,"{""type"":""Point"",""coordinates"":[75.944722,11.688610999999996]}"
154,10,0.3022710978984833,36.282066345214844,2020-05-20,819.7648315429688,1,3.0,1.709999918937683,2020-05-20,2020-05-19,29.559083938598633,296.8374938964844,2020-05-21,0.07000000029802322,0.0,2020-05-20,0.4664408266544342,1.0,"{""type"":""Point"",""coordinates"":[75.943111,11.691778]}"
155,10,0.6614159345626831,76.17701721191406,2020-02-04,852.8095703125,1,2.0,0.0,2020-02-04,2020-02-03,15.259159088134766,296.79559326171875,2020-02-05,0.0,0.0,2020-02-04,0.2787055969238281,2.0,"{""type"":""Point"",""coordinates"":[75.942222,11.685000000000002]}"
156,10,0.1734248697757721,131.2313232421875,2020-05-28,799.7783203125,1,4.0,16.959999084472656,2020-05-28,2020-05-27,21.884719848632812,297.79425048828125,2020-05-29,35.040000915527344,20.83333396911621,2020-05-28,0.45538458228111267,4.0,"{""type"":""Point"",""coordinates"":[75.943611,11.682778]}"
157,10,0.3776377737522125,116.7154541015625,2020-01-04,805.6980590820312,1,4.0,0.0,2020-01-04,2020-01-03,22.90517807006836,296.5482177734375,2020-01-05,0.0,0.0,2020-01-04,0.3665517270565033,4.0,"{""type"":""Point"",""coordinates"":[75.943611,11.683056]}"
158,10,0.03682280704379082,14.560805320739746,2020-08-28,746.6329956054688,1,1.0,6.349999904632568,2020-08-28,2020-08-27,12.930695533752441,296.4342041015625,2020-08-29,1.059999942779541,0.0,2020-08-28,0.44340452551841736,1.0,"{""type"":""Point"",""coordinates"":[75.967778,11.673889]}"
159,10,0.39906951785087585,165.76536560058594,2023-11-14,749.19970703125,1,1.0,0.1599999964237213,2023-11-14,2023-11-13,10.833993911743164,295.224853515625,2023-11-15,0.3799999952316284,0.0,2023-11-14,0.45074334740638733,1.0,"{""type"":""Point"",""coordinates"":[75.96925,11.668528]}"
160,10,0.07728158682584763,87.40904998779297,2019-07-17,750.984130859375,1,1.0,6.889999866485596,2019-07-17,2019-07-16,4.663179397583008,294.7873229980469,2019-07-18,3.9099998474121094,8.333333015441895,2019-07-17,0.4544607698917389,1.0,"{""type"":""Point"",""coordinates"":[75.967778,11.668611]}"
161,10,0.031846728175878525,310.93359375,2021-11-25,797.1728515625,1,13.0,88.31999969482422,2021-11-25,2021-11-24,19.841209411621094,295.9415588378906,2021-11-26,25.78999900817871,29.16666603088379,2021-11-25,0.463488906621933,8.0,"{""type"":""Point"",""coordinates"":[75.959167,11.630833000000003]}"
162,30,0.02022688463330269,14.545690536499023,2019-07-08,745.1301879882812,1,14.0,167.95999145507812,2019-07-08,2019-07-07,8.437500953674316,295.6021728515625,2019-07-09,21.459999084472656,12.5,2019-07-08,0.48897233605384827,13.0,"{""type"":""Point"",""coordinates"":[75.955,11.632777999999998]}"
163,10,0.49089497327804565,18.734268188476562,2023-06-05,921.7610473632812,1,1.0,5.71999979019165,2023-06-05,2023-06-04,16.1636962890625,298.25067138671875,2023-06-06,1.7699999809265137,2.0833332538604736,2023-06-05,0.4890575408935547,1.0,"{""type"":""Point"",""coordinates"":[75.947778,11.632222]}"
164,10,0.5705315470695496,246.72421264648438,2023-03-25,350.3792724609375,1,2.0,0.6499999761581421,2023-03-25,2023-03-24,23.86121368408203,299.443359375,2023-03-26,0.0,0.0,2023-03-25,0.3047771453857422,1.0,"{""type"":""Point"",""coordinates"":[75.899722,11.563889]}"
165,10,0.007861346937716007,266.7613830566406,2019-09-14,282.66558837890625,1,6.0,55.31999969482422,2019-09-14,2019-09-13,34.841156005859375,296.410400390625,2019-09-15,7.829999923706055,10.416666984558105,2019-09-14,0.4910024106502533,4.0,"{""type"":""Point"",""coordinates"":[75.89916700000002,11.558611]}"
166,10,0.17177386581897736,210.0509796142578,2019-10-05,381.77935791015625,1,2.0,8.139999389648438,2019-10-05,2019-10-04,38.31312561035156,296.9900817871094,2019-10-06,38.2599983215332,22.91666603088379,2019-10-05,0.4953359067440033,2.0,"{""type"":""Point"",""coordinates"":[75.898889,11.567500000000003]}"
167,10,0.448555052280426,290.36724853515625,2020-11-24,67.43484497070312,1,22.0,2.6700000762939453,2020-11-24,2020-11-23,4.041034698486328,297.5718078613281,2020-11-25,0.14000000059604645,0.0,2020-11-24,0.4134654998779297,3.0,"{""type"":""Point"",""coordinates"":[75.896111,11.549444]}"
168,10,0.762824296951294,301.7916259765625,2022-01-25,194.62840270996094,1,13.0,0.0,2022-01-25,2022-01-24,18.91651725769043,295.7369384765625,2022-01-26,0.0,0.0,2022-01-25,0.27289772033691406,3.0,"{""type"":""Point"",""coordinates"":[75.904722,11.552221999999999]}"
169,10,0.2651451528072357,348.8408508300781,2022-11-04,659.190185546875,1,1.0,0.3099999725818634,2022-11-04,2022-11-03,34.91735076904297,299.01416015625,2022-11-05,6.779999732971191,10.416666984558105,2022-11-04,0.49281248450279236,1.0,"{""type"":""Point"",""coordinates"":[75.9143,11.549499999999998]}"
170,10,0.6709240674972534,348.8408508300781,2022-02-08,659.190185546875,1,1.0,0.0,2022-02-08,2022-02-07,34.91735076904297,300.46038818359375,2022-02-09,0.0,0.0,2022-02-08,0.2378966063261032,1.0,"{""type"":""Point"",""coordinates"":[75.9143,11.549499999999998]}"
171,10,-0.024306051433086395,287.8205261230469,2022-06-04,657.6566772460938,1,1.0,4.319999694824219,2022-06-04,2022-06-03,54.747989654541016,297.5503234863281,2022-06-05,0.0,0.0,2022-06-04,0.4559071958065033,1.0,"{""type"":""Point"",""coordinates"":[75.916111,11.551778]}"
172,10,0.043158743530511856,230.78802490234375,2022-12-26,716.3897705078125,1,1.0,1.1100000143051147,2022-12-26,2022-12-25,43.936893463134766,295.8572998046875,2022-12-27,0.0,0.0,2022-12-26,0.356945663690567,1.0,"{""type"":""Point"",""coordinates"":[75.916611,11.557222]}"
173,10,0.009636917151510715,237.07847595214844,2020-08-30,727.3280029296875,1,1.0,0.0,2020-08-30,2020-08-29,48.05433654785156,297.4872741699219,2020-08-31,6.559999942779541,8.333333015441895,2020-08-30,0.42654672265052795,1.0,"{""type"":""Point"",""coordinates"":[75.916111,11.557778]}"
174,10,0.7339926958084106,215.7078399658203,2023-02-25,544.4521484375,1,3.0,0.0,2023-02-25,2023-02-24,27.643390655517578,298.98956298828125,2023-02-26,0.0,0.0,2023-02-25,0.2707551419734955,1.0,"{""type"":""Point"",""coordinates"":[75.9132,11.557]}"
175,10,0.026331761851906776,208.06883239746094,2019-07-06,534.9700927734375,1,3.0,58.55999755859375,2019-07-06,2019-07-05,27.949779510498047,296.1137390136719,2019-07-07,57.90999984741211,45.83333206176758,2019-07-06,0.49049249291419983,1.0,"{""type"":""Point"",""coordinates"":[75.913033,11.55711]}"
176,10,-5.049442406743765E-4,233.38465881347656,2022-05-26,511.7662353515625,1,3.0,4.349999904632568,2022-05-26,2022-05-25,17.60371971130371,297.7919006347656,2022-05-27,26.139999389648438,20.83333396911621,2022-05-26,0.475311279296875,3.0,"{""type"":""Point"",""coordinates"":[75.910278,11.557222000000003]}"
177,10,0.27264976501464844,214.30979919433594,2020-12-19,322.87042236328125,1,9.0,0.29999998211860657,2020-12-19,2020-12-18,25.135147094726562,296.84722900390625,2020-12-20,1.5600000619888306,2.0833332538604736,2020-12-19,0.41768646240234375,3.0,"{""type"":""Point"",""coordinates"":[75.908611,11.555278000000001]}"
178,10,-0.005866114515811205,86.68331909179688,2023-08-16,840.6665649414062,1,1.0,0.0,2023-08-16,2023-08-15,30.622549057006836,297.50811767578125,2023-08-17,0.0,0.0,2023-08-16,0.4473419189453125,1.0,"{""type"":""Point"",""coordinates"":[75.91486,11.56103]}"
179,10,0.27947986125946045,109.2393798828125,2019-12-07,767.5086669921875,1,1.0,0.26999998092651367,2019-12-07,2019-12-06,27.763031005859375,296.6274108886719,2019-12-08,0.0,0.0,2019-12-07,0.4366239011287689,1.0,"{""type"":""Point"",""coordinates"":[75.916111,11.560277999999998]}"
180,10,0.18170027434825897,158.9495391845703,2023-10-17,752.0918579101562,1,1.0,58.439998626708984,2023-10-17,2023-10-16,19.425939559936523,297.2408752441406,2023-10-18,4.679999828338623,8.333333015441895,2023-10-17,0.4504953920841217,1.0,"{""type"":""Point"",""coordinates"":[75.918889,11.556667]}"
181,10,0.5238158702850342,244.59765625,2020-04-22,747.2872314453125,1,1.0,1.2200000286102295,2020-04-22,2020-04-21,17.493762969970703,299.7538757324219,2020-04-23,0.0,0.0,2020-04-22,0.41159185767173767,1.0,"{""type"":""Point"",""coordinates"":[75.919167,11.55]}"
182,10,0.007449876517057419,251.65867614746094,2019-09-17,708.6537475585938,1,165.0,2341.349853515625,2019-09-17,2019-09-16,14.045571327209473,298.472412109375,2019-09-18,15.84999942779541,25.0,2019-09-17,0.4903481900691986,165.0,"{""type"":""Point"",""coordinates"":[75.926667,11.548333000000001]}"
183,10,0.4463106095790863,284.0773010253906,2022-04-01,719.1693115234375,1,165.0,0.0,2022-04-01,2022-03-31,18.737573623657227,301.7519226074219,2022-04-02,0.19200000166893005,0.0,2022-04-01,0.34429678320884705,165.0,"{""type"":""Point"",""coordinates"":[75.926944,11.548611]}"
184,10,0.011685838922858238,239.5504608154297,2021-10-04,724.4785766601562,1,165.0,3643.199951171875,2021-10-04,2021-10-03,26.356698989868164,299.22869873046875,2021-10-05,32.619998931884766,29.16666603088379,2021-10-04,0.49850907921791077,165.0,"{""type"":""Point"",""coordinates"":[75.927222,11.548055999999999]}"
185,10,-0.0024185359943658113,241.97317504882812,2023-08-05,716.482421875,1,165.0,404.25,2023-08-05,2023-08-04,18.546340942382812,298.8831787109375,2023-08-06,9.109999656677246,20.83333396911621,2023-08-05,0.4903055727481842,165.0,"{""type"":""Point"",""coordinates"":[75.926944,11.548056]}"
186,10,0.04060976952314377,224.74034118652344,2021-05-21,1017.9251098632812,1,1.0,14.460000038146973,2021-05-21,2021-05-20,13.70508098602295,297.34100341796875,2021-05-22,48.72999954223633,64.58333587646484,2021-05-21,0.4839254915714264,1.0,"{""type"":""Point"",""coordinates"":[75.929722,11.561389]}"
187,10,-0.0010667608585208654,59.75627899169922,2019-09-27,996.9734497070312,1,1.0,10.6899995803833,2019-09-27,2019-09-26,18.620027542114258,294.2972106933594,2019-09-28,2.0799999237060547,4.166666507720947,2019-09-27,0.48611196875572205,1.0,"{""type"":""Point"",""coordinates"":[75.998472,11.557389000000002]}"
188,30,0.008269386366009712,291.10980224609375,2019-08-27,1047.125,1,2.0,54.30999755859375,2019-08-27,2019-08-26,23.13618278503418,294.0511474609375,2019-08-28,8.279999732971191,12.5,2019-08-27,0.482714980840683,1.0,"{""type"":""Point"",""coordinates"":[75.996028,11.553583000000001]}"
189,10,0.37051525712013245,37.99058532714844,2020-03-03,937.2872924804688,1,2.0,0.0,2020-03-03,2020-03-02,26.009897232055664,299.41131591796875,2020-03-04,0.0,0.0,2020-03-03,0.2641181945800781,2.0,"{""type"":""Point"",""coordinates"":[76.002583,11.548999999999998]}"
190,10,0.06154417246580124,179.44085693359375,2022-06-06,977.1271362304688,1,1.0,69.22000122070312,2022-06-06,2022-06-05,7.90700626373291,297.09417724609375,2022-06-07,18.81999969482422,14.583333015441895,2022-06-06,0.4827798306941986,1.0,"{""type"":""Point"",""coordinates"":[75.998972,11.552832999999998]}"
191,10,0.6045210957527161,69.19473266601562,2019-03-22,950.2640991210938,1,1.0,0.0,2019-03-22,2019-03-21,17.16895866394043,297.7821350097656,2019-03-23,0.0,0.0,2019-03-22,0.3549518585205078,1.0,"{""type"":""Point"",""coordinates"":[76.001417,11.555806]}"
192,10,0.012445364147424698,69.8080062866211,2022-07-15,948.5933837890625,1,1.0,45.06999969482422,2022-07-15,2022-07-14,13.164306640625,294.2137145996094,2022-07-16,26.06999969482422,22.91666603088379,2022-07-15,0.47740617394447327,1.0,"{""type"":""Point"",""coordinates"":[76.001472,11.555083]}"
193,10,0.3201824724674225,225.64358520507812,2023-12-25,843.7739868164062,1,8.0,0.0,2023-12-25,2023-12-24,16.111013412475586,297.744384765625,2023-12-26,0.0,0.0,2023-12-25,0.34297433495521545,1.0,"{""type"":""Point"",""coordinates"":[76.008861,11.546194000000002]}"
194,10,-0.023434864357113838,236.2128143310547,2023-08-05,876.48388671875,1,3.0,0.0,2023-08-05,2023-08-04,25.99039649963379,297.1906433105469,2023-08-06,12.710000038146973,22.91666603088379,2023-08-05,0.47674497961997986,1.0,"{""type"":""Point"",""coordinates"":[76.008778,11.547777999999997]}"
195,10,-0.012862413190305233,236.22653198242188,2021-06-18,894.135986328125,1,1.0,3.179999828338623,2021-06-18,2021-06-17,33.3160285949707,296.0003356933594,2021-06-19,40.5,27.08333396911621,2021-06-18,0.47719892859458923,1.0,"{""type"":""Point"",""coordinates"":[76.009222,11.547693999999998]}"
196,10,0.037746693938970566,61.1869010925293,2019-07-05,796.875,1,1.0,165.58999633789062,2019-07-05,2019-07-04,34.94584655761719,294.81591796875,2019-07-06,67.02999877929688,60.41666793823242,2019-07-05,0.47860273718833923,1.0,"{""type"":""Point"",""coordinates"":[76.019722,11.568611]}"
197,10,0.0795886442065239,54.561073303222656,2023-06-17,793.5986938476562,1,1.0,0.0,2023-06-17,2023-06-16,34.67011642456055,296.9827880859375,2023-06-18,4.199999809265137,2.0833332538604736,2023-06-17,0.4722016751766205,1.0,"{""type"":""Point"",""coordinates"":[76.019166,11.569444000000003]}"
198,10,0.05851681903004646,71.65979766845703,2019-08-29,839.95751953125,1,1.0,1.3199999332427979,2019-08-29,2019-08-28,32.379981994628906,294.45587158203125,2019-08-30,48.73999786376953,58.33333206176758,2019-08-29,0.4889729917049408,1.0,"{""type"":""Point"",""coordinates"":[76.009056,11.564583000000002]}"
199,10,-0.009963400661945343,198.4810791015625,2023-07-23,1021.1997680664062,1,1.0,86.15999603271484,2023-07-23,2023-07-22,23.707468032836914,294.74176025390625,2023-07-24,146.91000366210938,93.75,2023-07-23,0.487713485956192,1.0,"{""type"":""Point"",""coordinates"":[76.001361,11.55875]}"
200,10,0.5009191632270813,251.44512939453125,2020-02-25,735.4364624023438,1,330.0,805.2000122070312,2020-02-25,2020-02-24,17.266969680786133,298.18646240234375,2020-02-26,0.0,0.0,2020-02-25,0.2768777310848236,330.0,"{""type"":""Point"",""coordinates"":[76.018055,11.585829999999998]}"
201,10,0.09476901590824127,310.4115295410156,2020-12-22,736.3646240234375,1,333.0,0.0,2020-12-22,2020-12-21,19.26288604736328,294.869140625,2020-12-23,2.929999828338623,4.166666507720947,2020-12-22,0.35741743445396423,333.0,"{""type"":""Point"",""coordinates"":[76.018258,11.588728]}"
202,10,0.09475396573543549,41.106849670410156,2022-12-01,862.9130249023438,1,8.0,0.0,2022-12-01,2022-11-30,26.463367462158203,295.3775939941406,2022-12-02,0.18000000715255737,0.0,2022-12-01,0.44588661193847656,8.0,"{""type"":""Point"",""coordinates"":[75.997056,11.613778]}"
203,10,0.5146124958992004,4.530505180358887,2023-03-06,805.16552734375,1,9.0,1.6200000047683716,2023-03-06,2023-03-05,19.89858055114746,298.0426025390625,2023-03-07,0.25999999046325684,0.0,2023-03-06,0.27668824791908264,1.0,"{""type"":""Point"",""coordinates"":[75.987444,11.631944]}"
204,10,0.68764328956604,23.938190460205078,2023-01-31,809.9541625976562,1,9.0,0.0,2023-01-31,2023-01-30,16.922868728637695,295.601806640625,2023-02-01,0.0,0.0,2023-01-31,0.328399658203125,9.0,"{""type"":""Point"",""coordinates"":[75.98794400000001,11.631778000000002]}"
205,10,0.1443907916545868,278.0277099609375,2021-01-04,739.9533081054688,1,7.0,143.5800018310547,2021-01-04,2021-01-03,7.76025915145874,295.4818420410156,2021-01-05,0.47999998927116394,0.0,2021-01-04,0.3930168151855469,6.0,"{""type"":""Point"",""coordinates"":[76.0077,11.606599999999998]}"
206,10,0.06739088147878647,66.83563995361328,2021-10-03,733.0259399414062,1,2.0,131.45999145507812,2021-10-03,2021-10-02,11.195215225219727,296.1414489746094,2021-10-04,12.9399995803833,16.66666603088379,2021-10-03,0.4905052185058594,2.0,"{""type"":""Point"",""coordinates"":[76.015028,11.597833000000001]}"
207,10,0.7107147574424744,122.20710754394531,2020-01-27,765.8748779296875,1,1.0,0.0,2020-01-27,2020-01-26,15.077062606811523,297.1311950683594,2020-01-28,5.009999752044678,12.5,2020-01-27,0.282855361700058,1.0,"{""type"":""Point"",""coordinates"":[76.028273,11.596528000000001]}"
208,40,0.10328701138496399,339.91107177734375,2022-11-16,731.0284423828125,1,10.0,57.39999771118164,2022-11-16,2022-11-15,19.452280044555664,295.1148986816406,2022-11-17,0.0,0.0,2022-11-16,0.48248162865638733,10.0,"{""type"":""Point"",""coordinates"":[76.027861,11.627777999999998]}"
209,10,0.4196151793003082,329.29638671875,2023-12-12,737.5826416015625,1,18.0,0.0,2023-12-12,2023-12-11,17.669044494628906,296.30859375,2023-12-13,1.159999966621399,2.0833332538604736,2023-12-12,0.4760182797908783,18.0,"{""type"":""Point"",""coordinates"":[76.030889,11.646249999999998]}"
210,10,0.4593207836151123,347.9261779785156,2020-03-21,749.2282104492188,1,1.0,0.0,2020-03-21,2020-03-20,6.446514129638672,298.19805908203125,2020-03-22,0.0,0.0,2020-03-21,0.3077971041202545,1.0,"{""type"":""Point"",""coordinates"":[76.065944,11.614889000000002]}"
211,10,0.37383246421813965,358.1250915527344,2019-10-25,772.3978881835938,1,1.0,23.619998931884766,2019-10-25,2019-10-24,24.200414657592773,293.5767822265625,2019-10-26,24.239999771118164,31.25,2019-10-25,0.4884014129638672,1.0,"{""type"":""Point"",""coordinates"":[76.052417,11.605556]}"
212,10,0.30027827620506287,10.956977844238281,2021-01-21,816.2674560546875,1,1.0,0.0,2021-01-21,2021-01-20,6.687228202819824,295.1106262207031,2021-01-22,0.0,0.0,2021-01-21,0.4163443148136139,1.0,"{""type"":""Point"",""coordinates"":[76.06333000000001,11.584999999999999]}"
213,10,0.12332439422607422,153.63961791992188,2022-10-14,835.8287353515625,1,1.0,4.210000038146973,2022-10-14,2022-10-13,4.816756725311279,295.4010009765625,2022-10-15,38.689998626708984,54.16666793823242,2022-10-14,0.49072203040122986,1.0,"{""type"":""Point"",""coordinates"":[76.067917,11.584278]}"
214,10,0.2878866195678711,92.77279663085938,2019-12-03,805.2998657226562,1,5.0,25.139999389648438,2019-12-03,2019-12-02,15.952845573425293,294.6267395019531,2019-12-04,5.190000057220459,10.416666984558105,2019-12-03,0.48167291283607483,3.0,"{""type"":""Point"",""coordinates"":[76.063055,11.582222000000003]}"
215,10,0.00681491382420063,119.99478912353516,2022-07-16,794.6259155273438,1,5.0,78.20999908447266,2022-07-16,2022-07-15,19.892723083496094,293.91510009765625,2022-07-17,127.05999755859375,52.08333206176758,2022-07-16,0.4687856137752533,3.0,"{""type"":""Point"",""coordinates"":[76.062777,11.581387999999999]}"
216,10,0.1421731859445572,61.94572448730469,2019-10-29,779.6737670898438,1,2.0,2.9600000381469727,2019-10-29,2019-10-28,18.67255401611328,294.31829833984375,2019-10-30,1.5199999809265137,2.0833332538604736,2019-10-29,0.48121580481529236,2.0,"{""type"":""Point"",""coordinates"":[76.060242,11.577868999999998]}"
217,10,0.7285714149475098,129.10491943359375,2019-03-14,784.6236572265625,1,5.0,0.0,2019-03-14,2019-03-13,18.16132164001465,297.6341857910156,2019-03-15,0.0,0.0,2019-03-14,0.30757904052734375,3.0,"{""type"":""Point"",""coordinates"":[76.0625,11.580555]}"
218,10,0.14330297708511353,142.7439727783203,2021-05-24,762.8051147460938,1,5.0,120.75,2021-05-24,2021-05-23,15.130292892456055,296.67242431640625,2021-05-25,0.0,0.0,2021-05-24,0.48987069725990295,5.0,"{""type"":""Point"",""coordinates"":[76.04786100000001,11.585166999999998]}"
219,10,0.6444699168205261,121.42073059082031,2020-01-25,763.73681640625,1,5.0,0.0,2020-01-25,2020-01-24,11.093995094299316,297.3381652832031,2020-01-26,0.0,0.0,2020-01-25,0.28518739342689514,5.0,"{""type"":""Point"",""coordinates"":[76.048306,11.585555999999999]}"
220,10,0.7488248348236084,57.017051696777344,2023-01-28,781.3773193359375,1,5.0,0.0,2023-01-28,2023-01-27,16.377628326416016,295.3335876464844,2023-01-29,0.0,0.0,2023-01-28,0.32009825110435486,2.0,"{""type"":""Point"",""coordinates"":[76.050833,11.584306]}"
221,10,0.18832656741142273,139.60198974609375,2021-01-25,786.13037109375,1,3.0,0.0,2021-01-25,2021-01-24,27.815711975097656,296.20489501953125,2021-01-26,0.0,0.0,2021-01-25,0.41023507714271545,3.0,"{""type"":""Point"",""coordinates"":[76.03833300000001,11.5855]}"
222,10,0.44147345423698425,312.5955810546875,2019-11-26,766.0487060546875,1,3.0,0.0,2019-11-26,2019-11-25,8.931849479675293,296.2474060058594,2019-11-27,0.0,0.0,2019-11-26,0.4363161623477936,3.0,"{""type"":""Point"",""coordinates"":[76.039,11.585194000000001]}"
223,10,0.0041234614327549934,296.9664611816406,2019-07-20,764.4478759765625,1,3.0,218.7899932861328,2019-07-20,2019-07-19,25.390634536743164,294.1152038574219,2019-07-21,55.39999771118164,64.58333587646484,2019-07-20,0.4799276888370514,3.0,"{""type"":""Point"",""coordinates"":[76.038361,11.584555999999997]}"
224,10,0.5115283727645874,208.434326171875,2022-02-11,802.0164184570312,1,1.0,0.0,2022-02-11,2022-02-10,28.812089920043945,296.8792419433594,2022-02-12,0.0,0.0,2022-02-11,0.279827743768692,1.0,"{""type"":""Point"",""coordinates"":[76.034278,11.584778000000002]}"
225,10,0.3534374237060547,341.59967041015625,2023-01-09,767.1851806640625,1,4.0,0.0,2023-01-09,2023-01-08,25.526525497436523,295.4921875,2023-01-10,0.0,0.0,2023-01-09,0.3013070523738861,4.0,"{""type"":""Point"",""coordinates"":[76.037361,11.592694]}"
226,10,0.2700745165348053,191.13417053222656,2019-02-18,737.8605346679688,1,4.0,0.0,2019-02-18,2019-02-17,9.830796241760254,297.265625,2019-02-19,0.0,0.0,2019-02-18,0.31844520568847656,4.0,"{""type"":""Point"",""coordinates"":[76.034417,11.593167]}"
227,10,0.03850671276450157,108.05511474609375,2021-07-02,774.4404907226562,1,1.0,43.99300003051758,2021-07-02,2021-07-01,14.343681335449219,296.3795166015625,2021-07-03,1.7899999618530273,2.0833332538604736,2021-07-02,0.4775962829589844,1.0,"{""type"":""Point"",""coordinates"":[76.045,11.572944]}"
228,10,0.06212646886706352,312.8354797363281,2019-10-11,767.1610107421875,1,2.0,1.9299999475479126,2019-10-11,2019-10-10,11.93018913269043,295.82861328125,2019-10-12,64.01000213623047,47.91666793823242,2019-10-11,0.4646574556827545,1.0,"{""type"":""Point"",""coordinates"":[76.044167,11.571278]}"
229,10,0.03871896490454674,251.31320190429688,2021-09-27,768.1897583007812,1,2.0,13.279999732971191,2021-09-27,2021-09-26,14.633382797241211,295.941650390625,2021-09-28,63.5,58.33333206176758,2021-09-27,0.47150230407714844,2.0,"{""type"":""Point"",""coordinates"":[76.043972,11.568750000000003]}"
230,10,-0.01188890915364027,283.8316955566406,2023-08-13,772.7674560546875,1,2.0,5.599999904632568,2023-08-13,2023-08-12,14.865293502807617,296.2819519042969,2023-08-14,0.0,0.0,2023-08-13,0.4722023010253906,1.0,"{""type"":""Point"",""coordinates"":[76.043389,11.566583]}"
231,10,0.10919220745563507,54.566131591796875,2022-06-03,744.657470703125,1,160.0,0.1599999964237213,2022-06-03,2022-06-02,27.06586265563965,296.1650695800781,2022-06-04,3.3999998569488525,4.166666507720947,2022-06-03,0.459674209356308,1.0,"{""type"":""Point"",""coordinates"":[76.0375,11.558333]}"
232,10,0.4077732563018799,74.66007995605469,2020-03-08,748.8844604492188,1,221.0,0.0,2020-03-08,2020-03-07,23.28642463684082,297.0536193847656,2020-03-09,0.0,0.0,2020-03-08,0.3254648745059967,1.0,"{""type"":""Point"",""coordinates"":[76.03111,11.566111000000001]}"
233,10,0.16831575334072113,132.78292846679688,2022-05-02,753.5662841796875,1,1.0,0.41200003027915955,2022-05-02,2022-05-01,20.66724395751953,298.0588073730469,2022-05-03,19.260000228881836,14.583333015441895,2022-05-02,0.4699185788631439,1.0,"{""type"":""Point"",""coordinates"":[76.028333,11.567777000000001]}"
234,10,0.4472971558570862,85.32594299316406,2023-03-07,764.9016723632812,1,3.0,4.529999732971191,2023-03-07,2023-03-06,21.34359359741211,298.1778259277344,2023-03-08,0.7099999785423279,2.0833332538604736,2023-03-07,0.27648353576660156,3.0,"{""type"":""Point"",""coordinates"":[76.0386,11.55]}"
235,10,0.48474282026290894,343.3901062011719,2023-04-15,802.8659057617188,1,1.0,0.0,2023-04-15,2023-04-14,23.05075454711914,299.3130187988281,2023-04-16,1.5099999904632568,2.0833332538604736,2023-04-15,0.33222389221191406,1.0,"{""type"":""Point"",""coordinates"":[76.035,11.550550000000001]}"
236,50,0.07409872859716415,95.7878189086914,2021-07-23,749.7308349609375,1,3.0,134.8199920654297,2021-07-23,2021-07-22,14.56871509552002,293.954833984375,2021-07-24,45.80999755859375,37.5,2021-07-23,0.4883638918399811,3.0,"{""type"":""Point"",""coordinates"":[76.038889,11.552778]}"
237,10,0.020226027816534042,41.60963439941406,2021-07-18,737.4821166992188,1,104.0,3931.289794921875,2021-07-18,2021-07-17,3.1901960372924805,296.7700500488281,2021-07-19,103.37999725341797,83.33333587646484,2021-07-18,0.4943504333496094,99.0,"{""type"":""Point"",""coordinates"":[76.043198,11.545167]}"
238,10,0.19213251769542694,243.79876708984375,2023-11-19,765.3917236328125,1,104.0,0.6899999380111694,2023-11-19,2023-11-18,25.524375915527344,297.9325256347656,2023-11-20,3.759999990463257,8.333333015441895,2023-11-19,0.3973909914493561,3.0,"{""type"":""Point"",""coordinates"":[76.04630300000001,11.546028]}"
239,10,0.005208882037550211,344.8631896972656,2022-07-13,851.991943359375,1,1.0,48.849998474121094,2022-07-13,2022-07-12,23.240882873535156,293.5547180175781,2022-07-14,52.599998474121094,52.08333206176758,2022-07-13,0.43869781494140625,1.0,"{""type"":""Point"",""coordinates"":[76.055778,11.549694]}"
240,10,0.26180753111839294,60.288822174072266,2023-03-14,809.1141967773438,1,5.0,0.0,2023-03-14,2023-03-13,15.208772659301758,298.1927185058594,2023-03-15,0.28999999165534973,0.0,2023-03-14,0.27795282006263733,5.0,"{""type"":""Point"",""coordinates"":[76.054333,11.566122]}"
241,10,0.08257749676704407,216.74864196777344,2023-09-13,915.841552734375,1,17.0,26.239999771118164,2023-09-13,2023-09-12,15.110306739807129,295.2303466796875,2023-09-14,15.089999198913574,18.75,2023-09-13,0.428985595703125,2.0,"{""type"":""Point"",""coordinates"":[76.059,11.537861000000001]}"
242,10,0.1184723973274231,315.084228515625,2022-12-07,845.0648803710938,1,2.0,3.8999998569488525,2022-12-07,2022-12-06,17.03806495666504,294.4835510253906,2022-12-08,7.039999961853027,6.25,2022-12-07,0.3349170684814453,2.0,"{""type"":""Point"",""coordinates"":[76.055258,11.544128000000002]}"
243,10,0.5033808350563049,0.7550806403160095,2019-05-20,739.099853515625,1,99.0,119.79000091552734,2019-05-20,2019-05-19,4.702622890472412,300.53759765625,2019-05-21,3.0799999237060547,4.166666507720947,2019-05-20,0.4259001314640045,99.0,"{""type"":""Point"",""coordinates"":[76.044917,11.544944000000003]}"
244,10,0.5359063148498535,69.8292007446289,2019-05-05,762.4692993164062,1,1.0,0.0,2019-05-05,2019-05-04,23.010623931884766,299.1530456542969,2019-05-06,0.0,0.0,2019-05-05,0.4219258725643158,1.0,"{""type"":""Point"",""coordinates"":[76.041528,11.536361000000001]}"
245,10,0.0323171429336071,171.889404296875,2021-10-27,761.19873046875,1,55.0,611.0499877929688,2021-10-27,2021-10-26,26.205923080444336,296.9257507324219,2021-10-28,35.38999938964844,35.41666793823242,2021-10-27,0.4944426119327545,55.0,"{""type"":""Point"",""coordinates"":[76.03577800000001,11.536667000000001]}"
246,10,0.025868793949484825,302.051513671875,2022-08-05,773.0638427734375,1,1.0,76.73999786376953,2022-08-05,2022-08-04,8.072636604309082,295.5514221191406,2022-08-06,32.52000045776367,56.25,2022-08-05,0.4925905764102936,1.0,"{""type"":""Point"",""coordinates"":[76.027222,11.54]}"
247,10,0.7643719911575317,217.6305694580078,2019-03-31,762.2456665039062,1,1.0,9.219999313354492,2019-03-31,2019-03-30,18.358224868774414,301.2895202636719,2019-04-01,0.0,0.0,2019-03-31,0.30715814232826233,1.0,"{""type"":""Point"",""coordinates"":[76.02722,11.538880000000002]}"
248,10,0.36189717054367065,257.01861572265625,2022-04-27,757.7042846679688,1,18.0,0.03999999910593033,2022-04-27,2022-04-26,21.1013126373291,301.04571533203125,2022-04-28,0.0,0.0,2022-04-27,0.35852622985839844,1.0,"{""type"":""Point"",""coordinates"":[76.0275,11.5375]}"
249,10,0.34864896535873413,96.94158172607422,2021-05-04,784.8880004882812,1,18.0,48.19999694824219,2021-05-04,2021-05-03,25.27262306213379,299.0272216796875,2021-05-05,0.0,0.0,2021-05-04,0.48879432678222656,4.0,"{""type"":""Point"",""coordinates"":[76.0244,11.5346]}"
250,10,0.0042077177204191685,289.8149719238281,2021-08-06,751.9962158203125,1,18.0,309.239990234375,2021-08-06,2021-08-05,23.09906578063965,296.7400817871094,2021-08-07,13.15999984741211,18.75,2021-08-06,0.4902413785457611,18.0,"{""type"":""Point"",""coordinates"":[76.026472,11.534443999999999]}"
251,10,0.6511454582214355,26.222497940063477,2021-03-27,793.9322509765625,1,2.0,0.0,2021-03-27,2021-03-26,14.25057315826416,303.2285461425781,2021-03-28,16.779998779296875,10.416666984558105,2021-03-27,0.2520357668399811,1.0,"{""type"":""Point"",""coordinates"":[76.0293,11.5294]}"
252,10,0.21158429980278015,237.6819305419922,2022-01-22,757.103271484375,1,8.0,0.0,2022-01-22,2022-01-21,13.384054183959961,298.6174011230469,2022-01-23,0.0,0.0,2022-01-22,0.23388545215129852,8.0,"{""type"":""Point"",""coordinates"":[76.023417,11.528111]}"
253,10,0.0706874430179596,4.242568492889404,2021-12-03,790.1544799804688,1,2.0,1.6999999284744263,2021-12-03,2021-12-02,18.687589645385742,297.0998840332031,2021-12-04,25.020000457763672,20.83333396911621,2021-12-03,0.45523515343666077,1.0,"{""type"":""Point"",""coordinates"":[76.044556,11.529611000000001]}"
254,10,0.02538185939192772,188.37159729003906,2020-08-03,576.6785888671875,1,4.0,263.3599853515625,2020-08-03,2020-08-02,26.94028091430664,295.42889404296875,2020-08-04,85.4000015258789,66.66666412353516,2020-08-03,0.47666358947753906,4.0,"{""type"":""Point"",""coordinates"":[76.024886,11.509792]}"
255,10,0.11103921383619308,206.93048095703125,2022-06-29,543.3516235351562,1,7.0,527.4500122070312,2022-06-29,2022-06-28,28.645992279052734,296.4737243652344,2022-06-30,8.800000190734863,16.66666603088379,2022-06-29,0.4801750183105469,7.0,"{""type"":""Point"",""coordinates"":[76.03014200000001,11.506867]}"
256,10,0.6214110255241394,328.4306945800781,2019-04-10,406.1247253417969,1,3.0,0.0,2019-04-10,2019-04-09,27.53057289123535,301.0737609863281,2019-04-11,0.0,0.0,2019-04-10,0.3610769808292389,3.0,"{""type"":""Point"",""coordinates"":[76.049333,11.469539]}"
257,10,0.04160459712147713,121.81204986572266,2019-07-04,534.5259399414062,1,10.0,74.27999877929688,2019-07-04,2019-07-03,20.96321678161621,294.4481201171875,2019-07-05,19.639999389648438,20.83333396911621,2019-07-04,0.4357096254825592,3.0,"{""type"":""Point"",""coordinates"":[76.063011,11.458361]}"
258,10,0.026886291801929474,119.64402770996094,2022-08-18,550.337158203125,1,10.0,0.17999999225139618,2022-08-18,2022-08-17,25.116724014282227,295.6219787597656,2022-08-19,7.96999979019165,10.416666984558105,2022-08-18,0.3749936521053314,3.0,"{""type"":""Point"",""coordinates"":[76.063204,11.4589]}"
259,10,0.45418766140937805,152.86265563964844,2023-05-20,366.3709411621094,1,3.0,2.200000047683716,2023-05-20,2023-05-19,24.0228271484375,299.162109375,2023-05-21,0.8199999928474426,0.0,2023-05-20,0.4002291262149811,2.0,"{""type"":""Point"",""coordinates"":[76.066732,11.448076]}"
260,10,0.5614093542098999,183.926513671875,2021-04-04,342.4195251464844,1,2.0,0.7400000095367432,2021-04-04,2021-04-03,19.20246124267578,299.17645263671875,2021-04-05,0.0,0.0,2021-04-04,0.2696278989315033,2.0,"{""type"":""Point"",""coordinates"":[76.064183,11.447025]}"
261,10,0.04110395908355713,238.91177368164062,2020-08-08,362.15325927734375,1,11.0,2849.329833984375,2020-08-08,2020-08-07,15.608572959899902,293.79290771484375,2020-08-09,83.97999572753906,64.58333587646484,2020-08-08,0.43931642174720764,11.0,"{""type"":""Point"",""coordinates"":[76.0604,11.4516]}"
262,10,0.1506689488887787,289.2568359375,2023-06-27,250.2234649658203,1,284.0,3919.199951171875,2023-06-27,2023-06-26,22.860370635986328,296.3380126953125,2023-06-28,71.38999938964844,56.25,2023-06-27,0.4374662935733795,284.0,"{""type"":""Point"",""coordinates"":[76.056078,11.444314000000002]}"
263,10,0.5451677441596985,177.15206909179688,2020-12-15,452.1133117675781,1,3.0,0.0,2020-12-15,2020-12-14,13.205754280090332,294.25848388671875,2020-12-16,0.0,0.0,2020-12-15,0.3212127685546875,2.0,"{""type"":""Point"",""coordinates"":[76.056292,11.459056]}"
264,10,0.7289966940879822,117.12797546386719,2020-02-10,216.5366973876953,1,126.0,0.0,2020-02-10,2020-02-09,24.39978790283203,299.7138977050781,2020-02-11,0.0,0.0,2020-02-10,0.23324458301067352,126.0,"{""type"":""Point"",""coordinates"":[76.0382,11.46]}"
265,10,0.4487941265106201,61.627681732177734,2019-04-06,239.7938995361328,1,126.0,0.0,2019-04-06,2019-04-05,30.859891891479492,300.550537109375,2019-04-07,0.0,0.0,2019-04-06,0.37276777625083923,126.0,"{""type"":""Point"",""coordinates"":[76.0379,11.4616]}"
266,10,0.5204668641090393,270.2676696777344,2019-03-17,290.08966064453125,1,2.0,0.0,2019-03-17,2019-03-16,25.383241653442383,301.6551818847656,2019-03-18,0.0,0.0,2019-03-17,0.2471802979707718,2.0,"{""type"":""Point"",""coordinates"":[76.0429,11.4562]}"
267,10,0.6230615377426147,298.4945373535156,2023-03-13,179.30313110351562,1,134.0,0.0,2023-03-13,2023-03-12,11.299217224121094,302.26898193359375,2023-03-14,0.0,0.0,2023-03-13,0.23212115466594696,134.0,"{""type"":""Point"",""coordinates"":[76.034178,11.455592000000001]}"
268,10,0.15206919610500336,155.64450073242188,2023-08-27,214.7346954345703,1,142.0,617.7000122070312,2023-08-27,2023-08-26,24.368656158447266,298.72747802734375,2023-08-28,8.9399995803833,8.333333015441895,2023-08-27,0.32633018493652344,142.0,"{""type"":""Point"",""coordinates"":[76.029,11.4618]}"
269,10,0.01497088186442852,137.20362854003906,2019-09-23,241.5872802734375,1,1.0,6.159999847412109,2019-09-23,2019-09-22,17.690160751342773,297.925048828125,2019-09-24,61.599998474121094,60.41666793823242,2019-09-23,0.45820745825767517,1.0,"{""type"":""Point"",""coordinates"":[76.0321,11.465]}"
270,10,0.770684003829956,345.7588806152344,2020-12-08,146.56570434570312,1,2.0,31.139999389648438,2020-12-08,2020-12-07,22.201763153076172,296.36505126953125,2020-12-09,7.369999885559082,6.25,2020-12-08,0.4281768798828125,2.0,"{""type"":""Point"",""coordinates"":[76.0281,11.4675]}"
271,10,0.6377174258232117,281.9878234863281,2022-01-13,184.79803466796875,1,142.0,0.0,2022-01-13,2022-01-12,29.261249542236328,297.8273620605469,2022-01-14,0.0,0.0,2022-01-13,0.23701858520507812,1.0,"{""type"":""Point"",""coordinates"":[76.02590000000001,11.4628]}"
272,10,0.23080213367938995,335.9927673339844,2022-04-15,102.85176849365234,1,2.0,9.869999885559082,2022-04-15,2022-04-14,9.093876838684082,297.8244323730469,2022-04-16,0.0,0.0,2022-04-15,0.4770253598690033,1.0,"{""type"":""Point"",""coordinates"":[76.031028,11.470611]}"
273,10,0.013433653861284256,204.0900115966797,2019-09-26,379.0611877441406,1,3.0,44.15999984741211,2019-09-26,2019-09-25,16.92238998413086,296.0650329589844,2019-09-27,9.019999504089355,10.416666984558105,2019-09-26,0.49410247802734375,3.0,"{""type"":""Point"",""coordinates"":[76.04075,11.477666999999999]}"
274,10,0.6717437505722046,204.0900115966797,2023-02-18,379.0611877441406,1,3.0,0.0,2023-02-18,2023-02-17,16.92238998413086,299.97247314453125,2023-02-19,0.0,0.0,2023-02-18,0.2326202392578125,3.0,"{""type"":""Point"",""coordinates"":[76.04075,11.477666999999999]}"
275,10,0.06211270019412041,204.0900115966797,2020-07-26,379.0611877441406,1,3.0,36.47999954223633,2020-07-26,2020-07-25,16.92238998413086,296.8750915527344,2020-07-27,2.0299999713897705,4.166666507720947,2020-07-26,0.496044784784317,3.0,"{""type"":""Point"",""coordinates"":[76.04075,11.477666999999999]}"
276,10,0.30797073245048523,276.38189697265625,2021-04-09,297.5962829589844,1,3.0,0.0,2021-04-09,2021-04-08,21.118806838989258,300.82818603515625,2021-04-10,0.0,0.0,2021-04-09,0.3124783933162689,3.0,"{""type"":""Point"",""coordinates"":[76.039217,11.476256]}"
277,10,0.10920204967260361,239.21009826660156,2019-06-29,225.02093505859375,1,5.0,0.0,2019-06-29,2019-06-28,27.77828598022461,297.80279541015625,2019-06-30,5.210000038146973,6.25,2019-06-29,0.49716249108314514,5.0,"{""type"":""Point"",""coordinates"":[76.0235,11.4891]}"
278,10,0.6054208874702454,317.5608215332031,2019-02-06,85.17781066894531,1,1.0,8.880000114440918,2019-02-06,2019-02-05,29.22956657409668,300.1951904296875,2019-02-07,0.0,0.0,2019-02-06,0.23483340442180634,1.0,"{""type"":""Point"",""coordinates"":[76.002278,11.489694]}"
279,10,0.6708023548126221,185.78750610351562,2023-04-01,300.8244323730469,1,11.0,0.0,2023-04-01,2023-03-31,15.512386322021484,302.3868103027344,2023-04-02,0.06200000271201134,0.0,2023-04-01,0.24739901721477509,11.0,"{""type"":""Point"",""coordinates"":[75.983056,11.518056000000001]}"
280,10,0.4773123860359192,271.7155456542969,2023-06-10,138.0624542236328,1,17.0,993.989990234375,2023-06-10,2023-06-09,21.551679611206055,298.0857238769531,2023-06-11,17.399999618530273,20.83333396911621,2023-06-10,0.48312249779701233,17.0,"{""type"":""Point"",""coordinates"":[75.990833,11.5075]}"
281,10,0.10647980868816376,255.9432373046875,2023-10-08,152.0966339111328,1,17.0,0.0,2023-10-08,2023-10-07,13.831486701965332,298.18804931640625,2023-10-09,4.460000038146973,8.333333015441895,2023-10-08,0.3936494290828705,11.0,"{""type"":""Point"",""coordinates"":[75.991667,11.509167]}"
282,10,0.01255104597657919,189.7372589111328,2019-08-12,199.93763732910156,1,17.0,212.95999145507812,2019-08-12,2019-08-11,27.900142669677734,295.7140197753906,2019-08-13,37.470001220703125,41.66666793823242,2019-08-12,0.4939371645450592,11.0,"{""type"":""Point"",""coordinates"":[75.994167,11.508611]}"
283,10,0.04352523759007454,176.4082489013672,2020-07-17,105.0103759765625,1,2.0,103.07999420166016,2020-07-17,2020-07-16,13.870017051696777,295.948486328125,2020-07-18,242.05999755859375,81.25,2020-07-17,0.46747779846191406,2.0,"{""type"":""Point"",""coordinates"":[76.003206,11.501078]}"
284,10,0.15616469085216522,181.793701171875,2022-11-01,123.5555648803711,1,14.0,21.69999885559082,2022-11-01,2022-10-31,9.528727531433105,297.332275390625,2022-11-02,0.15300001204013824,0.0,2022-11-01,0.4675871431827545,14.0,"{""type"":""Point"",""coordinates"":[76.004372,11.501624999999999]}"
285,10,0.1659364104270935,260.5577392578125,2019-11-03,161.56002807617188,1,14.0,19.31999969482422,2019-11-03,2019-11-02,14.113917350769043,296.62591552734375,2019-11-04,2.859999895095825,4.166666507720947,2019-11-03,0.45271745324134827,14.0,"{""type"":""Point"",""coordinates"":[76.007044,11.502122000000002]}"
286,10,0.24841009080410004,290.73138427734375,2019-06-15,161.6814422607422,1,14.0,344.1199951171875,2019-06-15,2019-06-14,14.696283340454102,296.7887268066406,2019-06-16,0.0,0.0,2019-06-15,0.48280081152915955,14.0,"{""type"":""Point"",""coordinates"":[76.006814,11.503183]}"
287,10,0.49571678042411804,258.2248840332031,2022-01-05,677.3983764648438,1,5.0,0.0,2022-01-05,2022-01-04,24.79542350769043,297.5405578613281,2022-01-06,0.0,0.0,2022-01-05,0.23948796093463898,5.0,"{""type"":""Point"",""coordinates"":[76.0151,11.514800000000001]}"
288,10,0.4754909574985504,106.4225082397461,2019-05-26,797.1400146484375,1,2.0,0.25999999046325684,2019-05-26,2019-05-25,16.273286819458008,299.3382568359375,2019-05-27,31.299999237060547,14.583333015441895,2019-05-26,0.46644654870033264,2.0,"{""type"":""Point"",""coordinates"":[76.018278,11.535417]}"
289,10,0.038031384348869324,233.7045135498047,2022-08-15,780.0858154296875,1,4.0,64.72000122070312,2022-08-15,2022-08-14,23.60502815246582,297.0598449707031,2022-08-16,2.1700000762939453,4.166666507720947,2022-08-15,0.4618479311466217,4.0,"{""type"":""Point"",""coordinates"":[76.0215,11.535599999999999]}"
290,10,0.32170426845550537,214.5476837158203,2020-12-24,823.142578125,1,20.0,378.3999938964844,2020-12-24,2020-12-23,8.636412620544434,297.8418273925781,2020-12-25,2.179999828338623,6.25,2020-12-24,0.2775045931339264,20.0,"{""type"":""Point"",""coordinates"":[76.013528,11.543583000000002]}"
291,10,0.5348332524299622,89.55521392822266,2021-03-11,823.4153442382812,1,9.0,103.94999694824219,2021-03-11,2021-03-10,10.59716510772705,302.10455322265625,2021-03-12,14.069999694824219,10.416666984558105,2021-03-11,0.23452503979206085,9.0,"{""type"":""Point"",""coordinates"":[76.010611,11.540444]}"
292,10,0.13737022876739502,197.8358612060547,2023-11-04,854.4610595703125,1,8.0,358.7200012207031,2023-11-04,2023-11-03,20.73897933959961,298.26422119140625,2023-11-05,41.22999954223633,58.33333206176758,2023-11-04,0.4819132387638092,8.0,"{""type"":""Point"",""coordinates"":[76.011694,11.544832999999999]}"
293,10,0.3532577157020569,207.12428283691406,2020-04-11,836.0477905273438,1,8.0,0.0,2020-04-11,2020-04-10,31.354942321777344,300.1034240722656,2020-04-12,0.0,0.0,2020-04-11,0.43195152282714844,8.0,"{""type"":""Point"",""coordinates"":[76.010833,11.545028000000002]}"
294,10,0.10176487267017365,63.74627685546875,2021-11-17,882.51025390625,1,4.0,151.25999450683594,2021-11-17,2021-11-16,21.85272979736328,295.59747314453125,2021-11-18,42.5099983215332,27.08333396911621,2021-11-17,0.47183099389076233,3.0,"{""type"":""Point"",""coordinates"":[76.004222,11.539194000000002]}"
295,10,0.7968770265579224,51.23295211791992,2023-03-01,990.1104736328125,1,3.0,0.0,2023-03-01,2023-02-28,13.51667594909668,300.4552307128906,2023-03-02,0.018000001087784767,0.0,2023-03-01,0.23240406811237335,3.0,"{""type"":""Point"",""coordinates"":[76.000389,11.541971999999998]}"
296,10,-0.015820303931832314,163.6761016845703,2021-08-19,249.01736450195312,1,13.0,113.29999542236328,2021-08-19,2021-08-18,17.81113624572754,295.5223388671875,2021-08-20,42.130001068115234,35.41666793823242,2021-08-19,0.48929277062416077,2.0,"{""type"":""Point"",""coordinates"":[75.97,11.509722]}"
297,10,0.8337898850440979,175.36741638183594,2022-03-17,841.7305908203125,1,1.0,0.0,2022-03-17,2022-03-16,9.309464454650879,303.1685485839844,2022-03-18,0.0,0.0,2022-03-17,0.26581892371177673,1.0,"{""type"":""Point"",""coordinates"":[75.939722,11.544167]}"
298,10,0.026638658717274666,284.0196533203125,2019-09-27,815.8027954101562,1,46.0,491.739990234375,2019-09-27,2019-09-26,8.167573928833008,297.23724365234375,2019-09-28,2.0799999237060547,4.166666507720947,2019-09-27,0.4993610382080078,46.0,"{""type"":""Point"",""coordinates"":[75.936667,11.544722]}"
299,10,0.20465271174907684,340.51312255859375,2022-10-20,203.33201599121094,1,198.0,1327.449951171875,2022-10-20,2022-10-19,30.243791580200195,297.60015869140625,2022-10-21,3.4599997997283936,6.25,2022-10-20,0.4787375032901764,191.0,"{""type"":""Point"",""coordinates"":[75.913056,11.539444]}"
300,10,0.10194088518619537,338.5387268066406,2020-07-19,78.49707794189453,1,205.0,2082.800048828125,2020-07-19,2020-07-18,4.01633882522583,298.1160583496094,2020-07-20,3.3899998664855957,4.166666507720947,2020-07-19,0.484039306640625,205.0,"{""type"":""Point"",""coordinates"":[75.903056,11.539444000000001]}"
301,10,0.04051435738801956,327.2366638183594,2020-10-08,94.5198974609375,1,202.0,3615.7998046875,2020-10-08,2020-10-07,9.801568031311035,299.105224609375,2020-10-09,56.929996490478516,43.75,2020-10-08,0.48596128821372986,202.0,"{""type"":""Point"",""coordinates"":[75.905278,11.539167]}"
302,10,0.31249257922172546,290.45770263671875,2023-09-09,83.84288787841797,1,4.0,93.0,2023-09-09,2023-09-08,7.474476337432861,297.51019287109375,2023-09-10,13.059999465942383,18.75,2023-09-09,0.4787851870059967,4.0,"{""type"":""Point"",""coordinates"":[75.896667,11.533056]}"
303,10,0.33981382846832275,1.505969762802124,2019-12-12,231.6114044189453,1,1.0,0.0,2019-12-12,2019-12-11,33.784759521484375,298.616455078125,2019-12-13,0.0,0.0,2019-12-12,0.38041749596595764,1.0,"{""type"":""Point"",""coordinates"":[75.890556,11.526944]}"
304,10,0.43901509046554565,298.131591796875,2021-05-02,212.02609252929688,1,3.0,8.456999778747559,2021-05-02,2021-05-01,15.250433921813965,301.3339538574219,2021-05-03,14.50999927520752,16.66666603088379,2021-05-02,0.4787559509277344,3.0,"{""type"":""Point"",""coordinates"":[75.886667,11.523333]}"
305,10,0.2593950629234314,126.93952941894531,2019-04-11,204.2277374267578,1,2.0,0.0,2019-04-11,2019-04-10,26.934803009033203,303.02508544921875,2019-04-12,0.5799999833106995,0.0,2019-04-11,0.33479437232017517,2.0,"{""type"":""Point"",""coordinates"":[75.8975,11.515833000000002]}"
306,10,0.15173545479774475,111.99537658691406,2019-11-16,264.8205261230469,1,3.0,3.549999952316284,2019-11-16,2019-11-15,21.870988845825195,299.1425476074219,2019-11-17,6.12999963760376,6.25,2019-11-16,0.4623756408691406,1.0,"{""type"":""Point"",""coordinates"":[75.8992,11.5169]}"
307,10,0.5296515226364136,131.6885223388672,2019-06-05,255.5604248046875,1,3.0,0.2199999839067459,2019-06-05,2019-06-04,25.00379753112793,300.1894836425781,2019-06-06,56.52000045776367,33.33333206176758,2019-06-05,0.4813880920410156,1.0,"{""type"":""Point"",""coordinates"":[75.899444,11.518333]}"
308,10,0.15278169512748718,168.51901245117188,2022-10-04,218.45391845703125,1,2.0,5.639999866485596,2022-10-04,2022-10-03,36.148128509521484,298.9981689453125,2022-10-05,4.78000020980835,8.333333015441895,2022-10-04,0.39373335242271423,2.0,"{""type"":""Point"",""coordinates"":[75.893333,11.516389]}"
309,10,0.2760074734687805,133.84054565429688,2020-06-10,260.950927734375,1,1.0,25.90999984741211,2020-06-10,2020-06-09,16.00933265686035,299.3419189453125,2020-06-11,97.23999786376953,52.08333206176758,2020-06-10,0.47745323181152344,1.0,"{""type"":""Point"",""coordinates"":[75.8875,11.518889000000001]}"
310,10,0.24641947448253632,11.215530395507812,2023-04-03,243.2447509765625,1,1.0,0.0,2023-04-03,2023-04-02,22.797069549560547,302.99310302734375,2023-04-04,1.100000023841858,2.0833332538604736,2023-04-03,0.24634869396686554,1.0,"{""type"":""Point"",""coordinates"":[75.88500000000002,11.519444000000002]}"
311,60,0.3221360445022583,176.33665466308594,2023-05-15,294.2124328613281,1,2.0,0.0,2023-05-15,2023-05-14,36.181312561035156,301.70343017578125,2023-05-16,0.0,0.0,2023-05-15,0.43180084228515625,2.0,"{""type"":""Point"",""coordinates"":[75.9213,11.4708]}"
312,10,0.13340099155902863,52.52312088012695,2022-09-05,190.0192413330078,1,1.0,39.98999786376953,2022-09-05,2022-09-04,18.412546157836914,299.71295166015625,2022-09-06,39.369998931884766,29.16666603088379,2022-09-05,0.4693692624568939,1.0,"{""type"":""Point"",""coordinates"":[75.8901,11.493699999999997]}"
313,10,0.10177358984947205,180.82949829101562,2020-09-03,112.57425689697266,1,9.0,151.16000366210938,2020-09-03,2020-09-02,22.638086318969727,299.153564453125,2020-09-04,4.860000133514404,6.25,2020-09-03,0.4837125241756439,4.0,"{""type"":""Point"",""coordinates"":[75.9248,11.4633]}"
314,10,0.538285493850708,101.77064514160156,2020-01-02,227.70755004882812,1,1.0,0.007000000216066837,2020-01-02,2020-01-01,31.726699829101562,299.3780517578125,2020-01-03,0.0,0.0,2020-01-02,0.3275216519832611,1.0,"{""type"":""Point"",""coordinates"":[75.93370000000002,11.465299999999997]}"
315,10,0.19556178152561188,35.104408264160156,2022-04-12,200.2169647216797,1,1.0,3.18999981880188,2022-04-12,2022-04-11,34.97850036621094,300.5152282714844,2022-04-13,28.510000228881836,20.83333396911621,2022-04-12,0.4242706298828125,1.0,"{""type"":""Point"",""coordinates"":[75.9306,11.474700000000002]}"
316,10,0.1656457483768463,357.5426025390625,2020-09-06,114.13563537597656,1,1.0,15.929999351501465,2020-09-06,2020-09-05,12.689508438110352,299.8462829589844,2020-09-07,65.30999755859375,31.25,2020-09-06,0.4693056643009186,1.0,"{""type"":""Point"",""coordinates"":[75.930898,11.476742]}"
317,10,0.2177121788263321,281.80792236328125,2022-11-20,48.89878845214844,1,2.0,1.0,2022-11-20,2022-11-19,26.86566734313965,296.44964599609375,2022-11-21,0.0,0.0,2022-11-20,0.4355602264404297,2.0,"{""type"":""Point"",""coordinates"":[76.014775,11.383336]}"
318,10,0.05483704060316086,269.2853698730469,2022-09-18,123.70713806152344,1,1.0,0.0,2022-09-18,2022-09-17,24.884756088256836,298.1334228515625,2022-09-19,0.0,0.0,2022-09-18,0.46800294518470764,1.0,"{""type"":""Point"",""coordinates"":[75.9931,11.4337]}"
319,10,0.7382116317749023,47.9390754699707,2020-01-30,51.78438949584961,1,232.0,0.0,2020-01-30,2020-01-29,12.263349533081055,300.7791748046875,2020-01-31,0.0,0.0,2020-01-30,0.2664114534854889,232.0,"{""type"":""Point"",""coordinates"":[76.016078,11.416489]}"
320,10,0.07059266418218613,216.04327392578125,2023-08-01,112.5211181640625,1,1.0,14.739999771118164,2023-08-01,2023-07-31,11.430559158325195,298.9085693359375,2023-08-02,0.8140000104904175,2.0833332538604736,2023-08-01,0.4553000032901764,1.0,"{""type"":""Point"",""coordinates"":[76.017956,11.401672]}"
321,10,0.055726081132888794,227.72134399414062,2022-08-13,57.60614776611328,1,1.0,0.0,2022-08-13,2022-08-12,18.36575698852539,298.3160400390625,2022-08-14,8.289999961853027,12.5,2022-08-13,0.49224853515625,1.0,"{""type"":""Point"",""coordinates"":[76.025594,11.404606]}"
322,10,0.45349255204200745,148.1361083984375,2021-04-29,50.066551208496094,1,3.0,0.0,2021-04-29,2021-04-28,11.354330062866211,300.71649169921875,2021-04-30,0.0,0.0,2021-04-29,0.46843019127845764,3.0,"{""type"":""Point"",""coordinates"":[76.035175,11.414405999999998]}"
323,10,0.11548410356044769,176.04954528808594,2022-06-16,132.64022827148438,1,1.0,34.36000061035156,2022-06-16,2022-06-15,13.550225257873535,298.5140380859375,2022-06-17,28.059999465942383,33.33333206176758,2022-06-16,0.47961363196372986,1.0,"{""type"":""Point"",""coordinates"":[76.038903,11.439406]}"
324,10,0.04295248165726662,84.52271270751953,2021-06-12,115.34205627441406,1,1.0,20.43000030517578,2021-06-12,2021-06-11,23.49716567993164,298.34014892578125,2021-06-13,77.94999694824219,60.41666793823242,2021-06-12,0.48524412512779236,1.0,"{""type"":""Point"",""coordinates"":[76.036125,11.424114000000001]}"
325,10,0.10982047021389008,209.99746704101562,2020-09-05,236.14926147460938,1,284.0,16403.83984375,2020-09-05,2020-09-04,21.176660537719727,297.5788879394531,2020-09-06,25.689998626708984,29.16666603088379,2020-09-05,0.42719078063964844,284.0,"{""type"":""Point"",""coordinates"":[76.056111,11.442981000000001]}"
326,10,0.00781441479921341,343.2720642089844,2022-09-11,312.68035888671875,1,5.0,27.53999900817871,2022-09-11,2022-09-10,18.742229461669922,295.4080810546875,2022-09-12,16.079999923706055,14.583333015441895,2022-09-11,0.44425520300865173,1.0,"{""type"":""Point"",""coordinates"":[76.064961,11.438214]}"
327,10,0.07119645178318024,342.4533386230469,2022-09-21,317.7646179199219,1,5.0,4.279999732971191,2022-09-21,2022-09-20,18.568639755249023,296.8489990234375,2022-09-22,0.0,0.0,2022-09-21,0.3784147799015045,4.0,"{""type"":""Point"",""coordinates"":[76.067175,11.437447]}"
328,10,0.279720276594162,261.1422424316406,2023-04-14,415.30340576171875,1,2.0,0.0,2023-04-14,2023-04-13,17.786832809448242,301.4471130371094,2023-04-15,0.0,0.0,2023-04-14,0.2003663331270218,2.0,"{""type"":""Point"",""coordinates"":[76.060725,11.422891999999997]}"
329,10,0.035094305872917175,281.8204040527344,2019-09-26,288.5384826660156,1,5.0,73.5999984741211,2019-09-26,2019-09-25,27.838266372680664,295.4302062988281,2019-09-27,9.019999504089355,10.416666984558105,2019-09-26,0.44661521911621094,5.0,"{""type"":""Point"",""coordinates"":[76.056631,11.405026]}"
330,10,0.19108770787715912,148.28250122070312,2022-10-08,666.1214599609375,1,1.0,0.0,2022-10-08,2022-10-07,18.607603073120117,296.70672607421875,2022-10-09,0.38999998569488525,0.0,2022-10-08,0.34485307335853577,1.0,"{""type"":""Point"",""coordinates"":[76.067806,11.395306]}"
331,10,0.1646469086408615,312.8730163574219,2021-07-11,445.72430419921875,1,4.0,382.2799987792969,2021-07-11,2021-07-10,20.49191665649414,294.83685302734375,2021-07-12,17.15999984741211,29.16666603088379,2021-07-11,0.4477895200252533,4.0,"{""type"":""Point"",""coordinates"":[76.067714,11.384441999999998]}"
332,10,0.14988507330417633,237.057373046875,2019-09-15,27.329967498779297,1,116.0,745.8800048828125,2019-09-15,2019-09-14,24.561569213867188,297.97998046875,2019-09-16,13.429999351501465,18.75,2019-09-15,0.4872659146785736,116.0,"{""type"":""Point"",""coordinates"":[76.036006,11.376125]}"
333,10,0.060623325407505035,239.39141845703125,2023-10-23,217.2268524169922,1,3.0,1.9299999475479126,2023-10-23,2023-10-22,28.896814346313477,297.37542724609375,2023-10-24,8.789999961853027,10.416666984558105,2023-10-23,0.44253477454185486,1.0,"{""type"":""Point"",""coordinates"":[76.058962,11.354191000000002]}"
334,10,0.11483405530452728,240.9813995361328,2020-10-27,104.43427276611328,1,56.0,0.0,2020-10-27,2020-10-26,24.17996597290039,296.761474609375,2020-10-28,0.009999999776482582,0.0,2020-10-27,0.37065377831459045,56.0,"{""type"":""Point"",""coordinates"":[76.060058,11.359794]}"
335,10,0.391623854637146,267.2578125,2023-06-03,141.28416442871094,1,1.0,19.279998779296875,2023-06-03,2023-06-02,18.17383575439453,298.64599609375,2023-06-04,17.69999885559082,14.583333015441895,2023-06-03,0.43552589416503906,1.0,"{""type"":""Point"",""coordinates"":[76.05830000000002,11.3524]}"
336,10,0.34762924909591675,286.0813293457031,2020-06-04,160.61416625976562,1,1.0,27.01999855041504,2020-06-04,2020-06-03,17.901548385620117,296.2474670410156,2020-06-05,26.649999618530273,22.91666603088379,2020-06-04,0.44557318091392517,1.0,"{""type"":""Point"",""coordinates"":[76.05894,11.35099]}"
337,10,0.03911294415593147,262.6466064453125,2022-08-26,327.4498291015625,1,2.0,124.87999725341797,2022-08-26,2022-08-25,16.656578063964844,296.2025451660156,2022-08-27,87.5199966430664,56.25,2022-08-26,0.4715461730957031,2.0,"{""type"":""Point"",""coordinates"":[76.062222,11.349528]}"
338,10,0.1045641228556633,262.6466064453125,2023-09-27,327.4498291015625,1,2.0,18.84000015258789,2023-09-27,2023-09-26,16.656578063964844,298.1064453125,2023-09-28,1.5299999713897705,2.0833332538604736,2023-09-27,0.46503257751464844,2.0,"{""type"":""Point"",""coordinates"":[76.0622,11.3495]}"
339,10,0.08343065530061722,259.22711181640625,2021-11-02,121.75566101074219,1,2.0,126.39599609375,2021-11-02,2021-11-01,16.38758659362793,296.8837585449219,2021-11-03,49.5,50.0,2021-11-02,0.4781227111816406,2.0,"{""type"":""Point"",""coordinates"":[76.059361,11.345861]}"
340,10,0.686514675617218,259.22711181640625,2022-01-18,121.75566101074219,1,2.0,0.0,2022-01-18,2022-01-17,16.38758659362793,298.1044616699219,2022-01-19,0.0,0.0,2022-01-18,0.26879119873046875,2.0,"{""type"":""Point"",""coordinates"":[76.0593,11.3458]}"
341,10,-0.009544623084366322,31.421295166015625,2021-08-07,440.9508361816406,1,1.0,16.969999313354492,2021-08-07,2021-08-06,25.254146575927734,295.9469909667969,2021-08-08,31.389999389648438,33.33333206176758,2021-08-07,0.44085755944252014,1.0,"{""type"":""Point"",""coordinates"":[76.0758,11.3514]}"
342,10,-0.013911576941609383,312.7860107421875,2022-09-12,374.85784912109375,1,1.0,19.559999465942383,2022-09-12,2022-09-11,8.94469165802002,295.49029541015625,2022-09-13,1.6399999856948853,2.0833332538604736,2022-09-12,0.4471092224121094,1.0,"{""type"":""Point"",""coordinates"":[76.077271,11.352108]}"
343,10,0.5552935600280762,14.07563591003418,2023-03-13,335.0584716796875,1,21.0,0.0,2023-03-13,2023-03-12,28.63831329345703,300.53216552734375,2023-03-14,0.0,0.0,2023-03-13,0.15276336669921875,12.0,"{""type"":""Point"",""coordinates"":[76.078469,11.361944]}"
344,10,0.14248552918434143,273.65838623046875,2020-05-16,287.45721435546875,1,44.0,1169.52001953125,2020-05-16,2020-05-15,34.40810775756836,299.2164306640625,2020-05-17,0.8799999952316284,2.0833332538604736,2020-05-16,0.3989238739013672,44.0,"{""type"":""Point"",""coordinates"":[76.07502200000002,11.358232999999998]}"
345,10,0.07688883692026138,99.86537170410156,2020-08-24,323.8134765625,1,1.0,2.929999828338623,2020-08-24,2020-08-23,28.124248504638672,296.9126281738281,2020-08-25,34.029998779296875,27.08333396911621,2020-08-24,0.4003511965274811,1.0,"{""type"":""Point"",""coordinates"":[76.069801,11.362646]}"
346,10,0.15140452980995178,83.13504791259766,2022-09-25,268.8938903808594,1,24.0,0.0,2022-09-25,2022-09-24,23.56232261657715,296.9737243652344,2022-09-26,1.5899999141693115,2.0833332538604736,2022-09-25,0.33084869384765625,1.0,"{""type"":""Point"",""coordinates"":[76.070767,11.361710999999998]}"
347,10,0.3316822350025177,206.3411102294922,2019-06-21,342.79248046875,1,2.0,28.759998321533203,2019-06-21,2019-06-20,24.748497009277344,296.4203186035156,2019-06-22,119.13999938964844,58.33333206176758,2019-06-21,0.432940810918808,2.0,"{""type"":""Point"",""coordinates"":[76.071747,11.364317]}"
348,10,0.5046679377555847,200.43801879882812,2019-06-11,432.6311950683594,1,2.0,77.5199966430664,2019-06-11,2019-06-10,27.409557342529297,296.3879699707031,2019-06-12,69.63999938964844,52.08333206176758,2019-06-11,0.4491767883300781,2.0,"{""type"":""Point"",""coordinates"":[76.072064,11.366194000000002]}"
349,10,0.1938936710357666,226.28744506835938,2023-12-24,477.3709411621094,1,1.0,0.0,2023-12-24,2023-12-23,28.271059036254883,297.2793884277344,2023-12-25,0.0,0.0,2023-12-24,0.38177934288978577,1.0,"{""type"":""Point"",""coordinates"":[76.071781,11.367527999999998]}"
350,10,0.05541650578379631,181.96180725097656,2020-09-27,558.6875,1,63.0,1217.159912109375,2020-09-27,2020-09-26,17.401241302490234,296.117431640625,2020-09-28,16.489999771118164,18.75,2020-09-27,0.43756866455078125,63.0,"{""type"":""Point"",""coordinates"":[76.068761,11.390911]}"
351,10,0.12594661116600037,271.44158935546875,2019-12-26,547.1194458007812,1,60.0,423.0,2019-12-26,2019-12-25,8.87721061706543,296.73614501953125,2019-12-27,0.10999999940395355,0.0,2019-12-26,0.37666067481040955,60.0,"{""type"":""Point"",""coordinates"":[76.074742,11.390439]}"
352,10,0.2846241593360901,330.0539245605469,2019-04-12,761.563720703125,1,4.0,0.0,2019-04-12,2019-04-11,18.590030670166016,300.1766662597656,2019-04-13,0.0,0.0,2019-04-12,0.30835214257240295,3.0,"{""type"":""Point"",""coordinates"":[76.083944,11.381631999999998]}"
353,10,0.3112507462501526,136.55429077148438,2019-05-18,798.8497314453125,1,66.0,202.6199951171875,2019-05-18,2019-05-17,19.526948928833008,299.010498046875,2019-05-19,0.8700000047683716,0.0,2019-05-18,0.4190196990966797,66.0,"{""type"":""Point"",""coordinates"":[76.10998100000002,11.369736]}"
354,10,0.27016758918762207,105.32299041748047,2023-09-03,752.1746826171875,1,1.0,5.670000076293945,2023-09-03,2023-09-02,18.243772506713867,298.9934997558594,2023-09-04,13.779999732971191,18.75,2023-09-03,0.41369184851646423,1.0,"{""type"":""Point"",""coordinates"":[76.095533,11.347728]}"
355,10,0.08032971620559692,105.32299041748047,2023-04-29,752.1746826171875,1,1.0,0.029999999329447746,2023-04-29,2023-04-28,18.243772506713867,300.4090270996094,2023-04-30,61.09000015258789,31.25,2023-04-29,0.4075552523136139,1.0,"{""type"":""Point"",""coordinates"":[76.09553,11.347720000000002]}"
356,10,0.04036492109298706,51.694339752197266,2021-05-12,760.468994140625,1,1.0,14.019999504089355,2021-05-12,2021-05-11,34.627655029296875,299.2958068847656,2021-05-13,34.22999954223633,18.75,2021-05-12,0.46948179602622986,1.0,"{""type"":""Point"",""coordinates"":[76.09737,11.3454]}"
357,10,0.29338333010673523,51.694339752197266,2020-05-15,760.468994140625,1,1.0,0.8699999451637268,2020-05-15,2020-05-14,34.627655029296875,300.6922302246094,2020-05-16,26.579999923706055,18.75,2020-05-15,0.44046083092689514,1.0,"{""type"":""Point"",""coordinates"":[76.097378,11.345444000000002]}"
358,10,0.33424675464630127,1.6984351873397827,2023-02-25,686.1998901367188,1,2.0,0.0,2023-02-25,2023-02-24,23.4985294342041,299.077880859375,2023-02-26,0.0,0.0,2023-02-25,0.27107176184654236,1.0,"{""type"":""Point"",""coordinates"":[76.108111,11.341564000000002]}"
359,10,0.27267274260520935,162.0250701904297,2020-03-28,255.3943328857422,1,51.0,16.31999969482422,2020-03-28,2020-03-27,12.447129249572754,299.9327392578125,2020-03-29,0.0,0.0,2020-03-28,0.4288978576660156,51.0,"{""type"":""Point"",""coordinates"":[76.159575,11.343086000000001]}"
360,10,-0.021892227232456207,322.6051940917969,2021-08-07,720.6442260742188,1,11.0,186.6699981689453,2021-08-07,2021-08-06,16.94549560546875,295.9469909667969,2021-08-08,31.389999389648438,33.33333206176758,2021-08-07,0.44085755944252014,11.0,"{""type"":""Point"",""coordinates"":[76.082361,11.396989]}"
361,10,0.36199143528938293,192.25631713867188,2023-01-08,720.4825439453125,1,11.0,0.0,2023-01-08,2023-01-07,22.03771209716797,295.86968994140625,2023-01-09,0.0,0.0,2023-01-08,0.20818264782428741,11.0,"{""type"":""Point"",""coordinates"":[76.081975,11.397517]}"
362,10,0.11952073127031326,333.75531005859375,2022-04-08,619.7339477539062,1,42.0,0.0,2022-04-08,2022-04-07,25.818565368652344,299.2721252441406,2022-04-09,11.079999923706055,18.75,2022-04-08,0.3380940854549408,42.0,"{""type"":""Point"",""coordinates"":[76.077699,11.392986]}"
363,10,0.21484342217445374,45.10533142089844,2021-04-17,774.8282470703125,1,2.0,19.979999542236328,2021-04-17,2021-04-16,21.057741165161133,297.74365234375,2021-04-18,18.28999900817871,16.66666603088379,2021-04-17,0.3856639862060547,1.0,"{""type"":""Point"",""coordinates"":[76.077212,11.424848]}"
364,10,0.05417002737522125,62.316932678222656,2020-08-22,657.5057373046875,1,7.0,51.23999786376953,2020-08-22,2020-08-21,25.05907440185547,296.4359436035156,2020-08-23,1.409999966621399,2.0833332538604736,2020-08-22,0.41470465064048767,7.0,"{""type"":""Point"",""coordinates"":[76.0854,11.430199999999997]}"
365,10,0.06130779907107353,339.3220520019531,2023-06-28,769.285888671875,1,3.0,214.1699981689453,2023-06-28,2023-06-27,32.84725570678711,296.125732421875,2023-06-29,3.0899999141693115,2.0833332538604736,2023-06-28,0.44355010986328125,3.0,"{""type"":""Point"",""coordinates"":[76.083067,11.427123]}"
366,10,0.08689073473215103,351.7249450683594,2023-06-19,532.379638671875,1,4.0,4.440000057220459,2023-06-19,2023-06-18,25.9526424407959,297.4784851074219,2023-06-20,5.639999866485596,8.333333015441895,2023-06-19,0.42363929748535156,1.0,"{""type"":""Point"",""coordinates"":[76.0802,11.4335]}"
367,10,0.34290754795074463,321.9925842285156,2020-11-26,565.674560546875,1,64.0,0.0,2020-11-26,2020-11-25,27.00150489807129,296.1590881347656,2020-11-27,0.10999999940395355,0.0,2020-11-26,0.3491096496582031,1.0,"{""type"":""Point"",""coordinates"":[76.0881,11.438999999999998]}"
368,10,0.6305624842643738,284.2875671386719,2022-03-11,569.0720825195312,1,1.0,0.0,2022-03-11,2022-03-10,27.2000789642334,299.69769287109375,2022-03-12,0.0,0.0,2022-03-11,0.18742497265338898,1.0,"{""type"":""Point"",""coordinates"":[76.0889,11.4404]}"
369,10,0.11112400144338608,311.3919677734375,2023-07-28,418.9329833984375,1,1.0,3.0299999713897705,2023-07-28,2023-07-27,27.081809997558594,295.556640625,2023-07-29,0.0,0.0,2023-07-28,0.4392019808292389,1.0,"{""type"":""Point"",""coordinates"":[76.072452,11.434772]}"
370,10,0.33540189266204834,191.83737182617188,2020-03-27,346.41265869140625,1,240.0,0.0,2020-03-27,2020-03-26,21.41142463684082,299.2874450683594,2020-03-28,0.0,0.0,2020-03-27,0.312115341424942,234.0,"{""type"":""Point"",""coordinates"":[76.0709,11.444100000000002]}"
371,10,0.6553827524185181,207.58824157714844,2019-04-19,414.3410339355469,1,234.0,5386.68017578125,2019-04-19,2019-04-18,27.369096755981445,299.8152160644531,2019-04-20,1.0799999237060547,0.0,2019-04-19,0.3970012664794922,234.0,"{""type"":""Point"",""coordinates"":[76.07390000000001,11.445]}"
372,10,0.2314334660768509,166.2609100341797,2021-05-06,383.4401550292969,1,234.0,245.6999969482422,2021-05-06,2021-05-05,14.768304824829102,298.7835998535156,2021-05-07,1.7599999904632568,2.0833332538604736,2021-05-06,0.42520904541015625,234.0,"{""type"":""Point"",""coordinates"":[76.074897,11.444172]}"
373,10,-0.011085916310548782,296.0201416015625,2022-06-10,594.9625244140625,1,93.0,0.0,2022-06-10,2022-06-09,16.78900909423828,297.6021423339844,2022-06-11,0.029999999329447746,0.0,2022-06-10,0.4397818148136139,2.0,"{""type"":""Point"",""coordinates"":[76.0959,11.447500000000002]}"
374,10,0.10889452695846558,255.52549743652344,2022-12-07,689.781494140625,1,12.0,15.0,2022-12-07,2022-12-06,23.882993698120117,295.98583984375,2022-12-08,8.579999923706055,6.25,2022-12-07,0.3950462341308594,12.0,"{""type"":""Point"",""coordinates"":[76.1014,11.449200000000001]}"
375,10,0.3249254822731018,251.49595642089844,2022-11-07,679.8353881835938,1,12.0,254.39999389648438,2022-11-07,2022-11-06,21.029949188232422,296.5157775878906,2022-11-08,2.4800000190734863,4.166666507720947,2022-11-07,0.4309196472167969,12.0,"{""type"":""Point"",""coordinates"":[76.101167,11.449385999999999]}"
376,10,0.01823296584188938,292.99603271484375,2023-06-29,819.1189575195312,1,1.0,2.75,2023-06-29,2023-06-28,15.996376991271973,296.2671203613281,2023-06-30,35.310001373291016,22.91666603088379,2023-06-29,0.44594064354896545,1.0,"{""type"":""Point"",""coordinates"":[76.102036,11.444064]}"
377,10,0.40181753039360046,186.41436767578125,2023-11-22,800.8689575195312,1,60.0,708.0,2023-11-22,2023-11-21,25.863134384155273,296.2585754394531,2023-11-23,50.38999938964844,29.16666603088379,2023-11-22,0.35260772705078125,60.0,"{""type"":""Point"",""coordinates"":[76.109086,11.456779000000001]}"
378,10,0.030877379700541496,163.6842041015625,2020-10-07,727.9354248046875,1,2.0,0.0,2020-10-07,2020-10-06,13.516934394836426,295.4423522949219,2020-10-08,10.739999771118164,16.66666603088379,2020-10-07,0.3729158937931061,1.0,"{""type"":""Point"",""coordinates"":[76.097791,11.457566]}"
379,30,0.23827417194843292,12.07441234588623,2022-11-26,966.5687866210938,1,1.0,0.0,2022-11-26,2022-11-25,29.981185913085938,294.5143127441406,2022-11-27,0.0,0.0,2022-11-26,0.3598105013370514,1.0,"{""type"":""Point"",""coordinates"":[76.135806,11.505794]}"
380,50,-0.01795263960957527,45.227378845214844,2022-08-31,869.9153442382812,1,1.0,44.46999740600586,2022-08-31,2022-08-30,22.850854873657227,295.619873046875,2022-09-01,49.82999801635742,25.0,2022-08-31,0.43692269921302795,1.0,"{""type"":""Point"",""coordinates"":[76.135783,11.519206]}"
381,10,0.03881911560893059,147.26467895507812,2020-09-24,981.8607788085938,1,1.0,0.0,2020-09-24,2020-09-23,26.297271728515625,294.5682067871094,2020-09-25,0.7599999904632568,0.0,2020-09-24,0.4343852996826172,1.0,"{""type"":""Point"",""coordinates"":[76.121397,11.542717000000001]}"
382,10,0.11325202137231827,66.93486022949219,2019-11-02,967.482421875,1,1.0,0.13100001215934753,2019-11-02,2019-11-01,23.898746490478516,293.7869873046875,2019-11-03,0.0,0.0,2019-11-02,0.4176521301269531,1.0,"{""type"":""Point"",""coordinates"":[76.122139,11.543631]}"
383,10,0.07869581878185272,39.99934387207031,2020-11-08,850.3038940429688,1,12.0,0.019999999552965164,2020-11-08,2020-11-07,16.12900161743164,295.941162109375,2020-11-09,0.11999999731779099,0.0,2020-11-08,0.36744627356529236,2.0,"{""type"":""Point"",""coordinates"":[76.137411,11.541958]}"
384,10,0.07075771689414978,87.84353637695312,2021-12-01,817.5010986328125,1,9.0,184.58999633789062,2021-12-01,2021-11-30,26.565837860107422,294.4961242675781,2021-12-02,2.322999954223633,6.25,2021-12-01,0.4245491027832031,9.0,"{""type"":""Point"",""coordinates"":[76.145222,11.525275]}"
385,10,0.17283551394939423,77.5728530883789,2023-08-30,843.63232421875,1,9.0,779.1300048828125,2023-08-30,2023-08-29,20.60318946838379,296.2546081542969,2023-08-31,24.1299991607666,10.416666984558105,2023-08-30,0.35955747961997986,9.0,"{""type"":""Point"",""coordinates"":[76.144019,11.526588999999998]}"
386,10,0.7313515543937683,13.8697509765625,2019-05-22,821.589599609375,1,76.0,0.0,2019-05-22,2019-05-21,34.005367279052734,297.8166809082031,2019-05-23,0.0,0.0,2019-05-22,0.38821855187416077,76.0,"{""type"":""Point"",""coordinates"":[76.14,11.530277]}"
387,10,0.22128421068191528,258.9588623046875,2021-01-02,812.9352416992188,1,5.0,0.5450000166893005,2021-01-02,2021-01-01,17.940645217895508,293.59698486328125,2021-01-03,0.0,0.0,2021-01-02,0.44207510352134705,5.0,"{""type"":""Point"",""coordinates"":[76.15119200000001,11.538517]}"
388,10,0.6133691668510437,79.87305450439453,2020-01-08,832.117431640625,1,5.0,0.0,2020-01-08,2020-01-07,25.5731143951416,294.6190490722656,2020-01-09,0.0,0.0,2020-01-08,0.39661917090415955,5.0,"{""type"":""Point"",""coordinates"":[76.150189,11.538818999999998]}"
389,10,0.23599906265735626,299.9344482421875,2019-11-13,841.2536010742188,1,2.0,0.23999999463558197,2019-11-13,2019-11-12,14.691252708435059,294.89239501953125,2019-11-14,0.0,0.0,2019-11-13,0.4832369387149811,2.0,"{""type"":""Point"",""coordinates"":[76.154,11.543214]}"
390,10,0.05354446917772293,299.9344482421875,2023-09-15,841.2536010742188,1,2.0,57.97999954223633,2023-09-15,2023-09-14,14.691252708435059,294.68878173828125,2023-09-16,32.79999923706055,41.66666793823242,2023-09-15,0.48781076073646545,2.0,"{""type"":""Point"",""coordinates"":[76.154031,11.54315]}"
391,10,0.03761029243469238,211.82901000976562,2021-09-10,868.5614013671875,1,5.0,0.0,2021-09-10,2021-09-09,23.72035026550293,294.3329162597656,2021-09-11,0.0,0.0,2021-09-10,0.48754119873046875,1.0,"{""type"":""Point"",""coordinates"":[76.154522,11.540794]}"
392,10,0.007110921666026115,8.134989738464355,2023-09-26,855.9108276367188,1,5.0,46.94999694824219,2023-09-26,2023-09-25,28.878684997558594,295.677978515625,2023-09-27,2.2799999713897705,4.166666507720947,2023-09-26,0.47931161522865295,5.0,"{""type"":""Point"",""coordinates"":[76.15344200000001,11.540061]}"
393,30,0.5584328174591064,265.5271911621094,2023-10-19,860.1845703125,1,1.0,0.0,2023-10-19,2023-10-18,17.280548095703125,296.0621337890625,2023-10-20,0.0,0.0,2023-10-19,0.4900035858154297,1.0,"{""type"":""Point"",""coordinates"":[76.1553,11.543989000000002]}"
394,10,-0.00726530235260725,105.18609619140625,2023-07-10,900.3126220703125,1,1.0,6.989999771118164,2023-07-10,2023-07-09,17.255483627319336,294.71405029296875,2023-07-11,17.299999237060547,16.66666603088379,2023-07-10,0.4754110872745514,1.0,"{""type"":""Point"",""coordinates"":[76.156533,11.543053]}"
395,10,0.6116961240768433,337.7087707519531,2021-02-02,867.5272216796875,1,1.0,0.01600000075995922,2021-02-02,2021-02-01,25.942354202270508,294.6152038574219,2021-02-03,0.0,0.0,2021-02-02,0.36497369408607483,1.0,"{""type"":""Point"",""coordinates"":[76.157156,11.52815]}"
396,10,0.12150304019451141,217.2283172607422,2022-12-05,803.5068969726562,1,118.0,74.29999542236328,2022-12-05,2022-12-04,16.61454963684082,294.9297180175781,2022-12-06,0.0,0.0,2022-12-05,0.47252145409584045,1.0,"{""type"":""Point"",""coordinates"":[76.154406,11.526258]}"
397,10,0.1910879760980606,279.6399841308594,2023-10-20,1020.4102172851562,1,6.0,0.0,2023-10-20,2023-10-19,18.203208923339844,295.7786560058594,2023-10-21,0.0,0.0,2023-10-20,0.4870777130126953,6.0,"{""type"":""Point"",""coordinates"":[76.16935,11.475013999999998]}"
398,10,0.4591347873210907,298.591796875,2020-02-07,835.0559692382812,1,8.0,0.0,2020-02-07,2020-02-06,20.649038314819336,295.9034423828125,2020-02-08,0.0,0.0,2020-02-07,0.30010414123535156,8.0,"{""type"":""Point"",""coordinates"":[76.164722,11.502221999999996]}"
399,10,0.3061181902885437,298.591796875,2022-05-21,835.0559692382812,1,8.0,130.55999755859375,2022-05-21,2022-05-20,20.649038314819336,294.08953857421875,2022-05-22,0.03999999910593033,0.0,2022-05-21,0.4723764955997467,8.0,"{""type"":""Point"",""coordinates"":[76.164722,11.502221999999996]}"
400,10,0.11434188485145569,180.9808807373047,2021-06-24,867.5301513671875,1,3.0,6.659999847412109,2021-06-24,2021-06-23,23.63096809387207,295.0733947753906,2021-06-25,1.0,2.0833332538604736,2021-06-24,0.47944578528404236,3.0,"{""type"":""Point"",""coordinates"":[76.169294,11.524853]}"
401,10,0.5593636631965637,147.03591918945312,2022-02-09,817.0676879882812,1,8.0,0.0,2022-02-09,2022-02-08,20.815143585205078,295.0171203613281,2022-02-10,0.5099999904632568,2.0833332538604736,2022-02-09,0.2852407991886139,8.0,"{""type"":""Point"",""coordinates"":[76.163231,11.526180999999998]}"
402,10,0.6081527471542358,58.0119514465332,2019-01-04,892.12939453125,1,1.0,0.0,2019-01-04,2019-01-03,25.931188583374023,293.0692138671875,2019-01-05,0.0,0.0,2019-01-04,0.38401350378990173,1.0,"{""type"":""Point"",""coordinates"":[76.172875,11.540461000000002]}"
403,10,0.3194839358329773,58.007564544677734,2019-10-23,885.392822265625,1,1.0,8.09000015258789,2019-10-23,2019-10-22,15.936555862426758,294.03033447265625,2019-10-24,34.80999755859375,37.5,2019-10-23,0.5086663365364075,1.0,"{""type"":""Point"",""coordinates"":[76.172769,11.540817]}"
404,10,0.07782672345638275,267.5667419433594,2021-07-03,866.392578125,1,1.0,1.7300000190734863,2021-07-03,2021-07-02,10.294852256774902,295.2010803222656,2021-07-04,4.25,6.25,2021-07-03,0.4929065704345703,1.0,"{""type"":""Point"",""coordinates"":[76.178,11.543166999999999]}"
405,10,0.069244883954525,355.43231201171875,2021-11-28,868.5342407226562,1,1.0,12.109999656677246,2021-11-28,2021-11-27,17.50287628173828,294.2362976074219,2021-11-29,7.589999675750732,10.416666984558105,2021-11-28,0.5009511113166809,1.0,"{""type"":""Point"",""coordinates"":[76.178569,11.544592]}"
406,10,0.09757319837808609,313.4645080566406,2022-10-23,855.1315307617188,1,2.0,0.0,2022-10-23,2022-10-22,9.338761329650879,295.3068542480469,2022-10-24,0.0,0.0,2022-10-23,0.4708321988582611,2.0,"{""type"":""Point"",""coordinates"":[76.182614,11.531636000000002]}"
407,10,0.3640839755535126,304.7421569824219,2020-05-25,851.2788696289062,1,1.0,4.400000095367432,2020-05-25,2020-05-24,8.827527046203613,297.1946105957031,2020-05-26,3.619999885559082,6.25,2020-05-25,0.47471746802330017,1.0,"{""type"":""Point"",""coordinates"":[76.187719,11.531108]}"
408,10,0.08678581565618515,146.23117065429688,2020-09-19,848.1971435546875,1,7.0,59.0099983215332,2020-09-19,2020-09-18,12.999406814575195,294.1800842285156,2020-09-20,129.12998962402344,93.75,2020-09-19,0.4999745786190033,7.0,"{""type"":""Point"",""coordinates"":[76.189739,11.534597000000002]}"
409,10,0.057117294520139694,100.9969253540039,2021-05-23,975.1452026367188,1,2.0,35.55999755859375,2021-05-23,2021-05-22,23.338665008544922,295.2547302246094,2021-05-24,30.25,14.583333015441895,2021-05-23,0.4595832824707031,1.0,"{""type"":""Point"",""coordinates"":[76.229122,11.536478]}"
410,10,0.29796403646469116,149.31130981445312,2023-04-11,1001.09423828125,1,2.0,0.0,2023-04-11,2023-04-10,32.36825180053711,297.810546875,2023-04-12,0.0,0.0,2023-04-11,0.38128915429115295,1.0,"{""type"":""Point"",""coordinates"":[76.228631,11.534743999999998]}"
411,10,0.07152741402387619,110.16663360595703,2021-06-24,979.074951171875,1,2.0,1.2599999904632568,2021-06-24,2021-06-23,24.826568603515625,295.0733947753906,2021-06-25,1.1299999952316284,2.0833332538604736,2021-06-24,0.47944578528404236,1.0,"{""type"":""Point"",""coordinates"":[76.228447,11.534193999999998]}"
412,10,0.41099122166633606,9.544573783874512,2019-05-02,67.54094696044922,1,2.0,0.10700000077486038,2019-05-02,2019-05-01,0.909328281879425,298.033935546875,2019-05-03,0.0,0.0,2019-05-02,0.48330244421958923,1.0,"{""type"":""Point"",""coordinates"":[76.23705,11.419903]}"
413,10,0.12824684381484985,151.99620056152344,2020-09-15,162.78846740722656,1,2.0,8.25,2020-09-15,2020-09-14,13.153302192687988,295.29638671875,2020-09-16,7.099999904632568,12.5,2020-09-15,0.49914804100990295,1.0,"{""type"":""Point"",""coordinates"":[76.226561,11.396256000000001]}"
414,10,0.7246593832969666,167.50363159179688,2023-12-11,235.64263916015625,1,1.0,8.970000267028809,2023-12-11,2023-12-10,20.516956329345703,297.25262451171875,2023-12-12,2.069999933242798,2.0833332538604736,2023-12-11,0.48383331298828125,1.0,"{""type"":""Point"",""coordinates"":[76.226583,11.398222000000002]}"
415,10,0.16252827644348145,111.16531372070312,2019-12-01,113.65290069580078,1,11.0,104.7199935913086,2019-12-01,2019-11-30,13.445895195007324,298.4844055175781,2019-12-02,37.197998046875,45.83333206176758,2019-12-01,0.47340646386146545,11.0,"{""type"":""Point"",""coordinates"":[76.179072,11.341488999999996]}"
416,10,0.2193007618188858,213.7596893310547,2021-12-02,305.01678466796875,1,139.0,3913.266845703125,2021-12-02,2021-12-01,30.476360321044922,296.12872314453125,2021-12-03,2.75,6.25,2021-12-02,0.45983824133872986,139.0,"{""type"":""Point"",""coordinates"":[76.195258,11.358986000000002]}"
417,60,0.034691065549850464,233.69166564941406,2019-05-25,287.4447326660156,1,139.0,148.72999572753906,2019-05-25,2019-05-24,28.77672576904297,298.2366027832031,2019-05-26,0.1899999976158142,0.0,2019-05-25,0.4725100100040436,139.0,"{""type"":""Point"",""coordinates"":[76.19281700000002,11.360141999999998]}"
418,10,0.059544071555137634,174.22740173339844,2021-11-02,210.40159606933594,1,150.0,8469.75,2021-11-02,2021-11-01,26.255273818969727,296.1944885253906,2021-11-03,30.75,33.33333206176758,2021-11-02,0.47982534766197205,150.0,"{""type"":""Point"",""coordinates"":[76.200072,11.357003000000002]}"
419,10,0.5422996878623962,197.7772216796875,2019-01-21,265.2549743652344,1,145.0,208.79998779296875,2019-01-21,2019-01-20,29.040376663208008,295.20135498046875,2019-01-22,0.0,0.0,2019-01-21,0.29200491309165955,145.0,"{""type"":""Point"",""coordinates"":[76.196861,11.358057999999998]}"
420,10,0.12201519310474396,198.0733642578125,2023-09-16,225.3985595703125,1,145.0,8234.5498046875,2023-09-16,2023-09-15,27.171451568603516,295.66937255859375,2023-09-17,44.57999801635742,25.0,2023-09-16,0.49346986413002014,145.0,"{""type"":""Point"",""coordinates"":[76.196267,11.357669]}"
421,10,0.46616044640541077,194.5400390625,2023-03-04,161.5936737060547,1,150.0,0.0,2023-03-04,2023-03-03,14.69033432006836,297.1167907714844,2023-03-05,0.0,0.0,2023-03-04,0.3235829770565033,150.0,"{""type"":""Point"",""coordinates"":[76.202111,11.3565]}"
422,10,0.34186601638793945,210.4345245361328,2021-02-07,164.8880615234375,1,150.0,0.0,2021-02-07,2021-02-06,21.314258575439453,296.6246337890625,2021-02-08,0.0,0.0,2021-02-07,0.3426145017147064,150.0,"{""type"":""Point"",""coordinates"":[76.20253100000001,11.356302999999999]}"
423,10,0.12200883030891418,148.94712829589844,2020-08-15,191.4539337158203,1,1.0,0.9300000071525574,2020-08-15,2020-08-14,25.49877166748047,296.0489501953125,2020-08-16,0.3199999928474426,0.0,2020-08-15,0.4737917482852936,1.0,"{""type"":""Point"",""coordinates"":[76.205125,11.356433000000003]}"
424,10,0.08544789254665375,109.4560546875,2023-08-22,114.60263061523438,1,3.0,0.0,2023-08-22,2023-08-21,23.493732452392578,297.6678161621094,2023-08-23,1.3100000619888306,2.0833332538604736,2023-08-22,0.4199320375919342,2.0,"{""type"":""Point"",""coordinates"":[76.211794,11.362178000000002]}"
425,10,0.19756868481636047,83.10579681396484,2021-12-08,205.11207580566406,1,2.0,0.0,2021-12-08,2021-12-07,34.863861083984375,296.2347106933594,2021-12-09,0.0,0.0,2021-12-08,0.44797196984291077,1.0,"{""type"":""Point"",""coordinates"":[76.210686,11.363342000000001]}"
426,10,0.00524986581876874,79.40898132324219,2019-08-19,256.784912109375,1,13.0,230.75,2019-08-19,2019-08-18,21.091100692749023,295.7769775390625,2019-08-20,11.029999732971191,10.416666984558105,2019-08-19,0.4714113771915436,13.0,"{""type"":""Point"",""coordinates"":[76.21258,11.37724]}"
427,10,0.15921878814697266,35.036014556884766,2019-06-03,349.1435852050781,1,4.0,50.07999801635742,2019-06-03,2019-06-02,20.89093780517578,298.02337646484375,2019-06-04,10.210000038146973,6.25,2019-06-03,0.4742158353328705,4.0,"{""type"":""Point"",""coordinates"":[76.209178,11.377078000000001]}"
428,10,0.34954777359962463,98.34053039550781,2019-04-29,100.62903594970703,1,205.0,0.0,2019-04-29,2019-04-28,5.070681571960449,300.3442687988281,2019-04-30,10.09000015258789,18.75,2019-04-29,0.4854927062988281,205.0,"{""type"":""Point"",""coordinates"":[76.165575,11.330430999999999]}"
429,10,0.03237674757838249,312.22784423828125,2019-09-27,13.061056137084961,1,8299.0,44399.6484375,2019-09-27,2019-09-26,19.085460662841797,296.8968200683594,2019-09-28,0.0,0.0,2019-09-27,0.48479780554771423,8299.0,"{""type"":""Point"",""coordinates"":[76.181,11.25171]}"
430,10,0.09647788107395172,312.70001220703125,2022-05-24,26.085798263549805,1,3.0,0.0,2022-05-24,2022-05-23,0.8869136571884155,299.1795959472656,2022-05-25,15.319999694824219,14.583333015441895,2022-05-24,0.46629080176353455,1.0,"{""type"":""Point"",""coordinates"":[76.1456,11.213300000000002]}"
431,10,0.20675604045391083,253.6026153564453,2020-06-13,80.88914489746094,1,3.0,31.31999969482422,2020-06-13,2020-06-12,17.42519187927246,297.03125,2020-06-14,29.85999870300293,22.91666603088379,2020-06-13,0.492755264043808,3.0,"{""type"":""Point"",""coordinates"":[76.076333,11.284139000000001]}"
432,10,0.2469480335712433,253.6026153564453,2023-10-15,80.88914489746094,1,3.0,281.82000732421875,2023-10-15,2023-10-14,17.42519187927246,298.35546875,2023-10-16,2.2200000286102295,0.0,2023-10-15,0.48527655005455017,3.0,"{""type"":""Point"",""coordinates"":[76.076333,11.284139000000001]}"
433,10,0.12537454068660736,163.5274658203125,2022-05-09,388.47021484375,1,3.0,30.920000076293945,2022-05-09,2022-05-08,36.60800552368164,299.7076416015625,2022-05-10,4.579999923706055,8.333333015441895,2022-05-09,0.47315534949302673,1.0,"{""type"":""Point"",""coordinates"":[76.0912,11.283613999999998]}"
434,10,0.1377149075269699,157.80995178222656,2023-06-27,346.681640625,1,1.0,23.420000076293945,2023-06-27,2023-06-26,30.74282455444336,297.3978271484375,2023-06-28,73.8499984741211,60.41666793823242,2023-06-27,0.49235281348228455,1.0,"{""type"":""Point"",""coordinates"":[76.089281,11.282727999999999]}"
435,10,0.6263824701309204,166.578125,2019-01-22,377.044189453125,1,1.0,0.0,2019-01-22,2019-01-21,34.748626708984375,296.5112609863281,2019-01-23,0.0,0.0,2019-01-22,0.2683480679988861,1.0,"{""type"":""Point"",""coordinates"":[76.08965,11.283233000000003]}"
436,10,0.29444748163223267,117.4982681274414,2022-12-11,87.06581115722656,1,2.0,14.459999084472656,2022-12-11,2022-12-10,10.99799633026123,296.1579895019531,2022-12-12,86.1199951171875,62.5,2022-12-11,0.4437713623046875,2.0,"{""type"":""Point"",""coordinates"":[76.086897,11.275869]}"
437,10,0.16244952380657196,155.23727416992188,2023-06-16,79.18016815185547,1,2.0,0.0,2023-06-16,2023-06-15,16.140514373779297,298.9924621582031,2023-06-17,4.130000114440918,2.0833332538604736,2023-06-16,0.47331300377845764,2.0,"{""type"":""Point"",""coordinates"":[76.088361,11.275861000000003]}"
438,10,0.42467185854911804,155.23727416992188,2023-03-10,79.18016815185547,1,2.0,0.0,2023-03-10,2023-03-09,16.140514373779297,299.8921813964844,2023-03-11,0.0,0.0,2023-03-10,0.26605796813964844,2.0,"{""type"":""Point"",""coordinates"":[76.088361,11.275861000000003]}"
439,10,0.13556960225105286,211.25717163085938,2022-04-23,77.54426574707031,1,2.0,20.299999237060547,2022-04-23,2022-04-22,9.158003807067871,299.9344177246094,2022-04-24,46.05999755859375,22.91666603088379,2022-04-23,0.44484075903892517,2.0,"{""type"":""Point"",""coordinates"":[76.087778,11.275861000000003]}"
440,10,0.009054109454154968,144.2593231201172,2022-07-28,74.73228454589844,1,2.0,33.73999786376953,2022-07-28,2022-07-27,4.865149021148682,297.509765625,2022-07-29,12.899999618530273,6.25,2022-07-28,0.4719734191894531,2.0,"{""type"":""Point"",""coordinates"":[76.087517,11.276042000000002]}"
441,10,0.30110496282577515,116.95952606201172,2022-11-26,80.55635070800781,1,2.0,0.0,2022-11-26,2022-11-25,12.8658447265625,296.6769714355469,2022-11-27,0.0,0.0,2022-11-26,0.4591350555419922,2.0,"{""type"":""Point"",""coordinates"":[76.087222,11.275861000000003]}"
442,10,0.22586621344089508,242.3900909423828,2023-05-14,130.01182556152344,1,3.0,21.119998931884766,2023-05-14,2023-05-13,13.515973091125488,299.7928771972656,2023-05-15,0.0,0.0,2023-05-14,0.4654045104980469,3.0,"{""type"":""Point"",""coordinates"":[76.090939,11.266814000000002]}"
443,10,0.25838205218315125,350.17877197265625,2020-01-10,67.84823608398438,1,89.0,0.0,2020-01-10,2020-01-09,19.11687469482422,297.90020751953125,2020-01-11,0.0,0.0,2020-01-10,0.33875784277915955,89.0,"{""type"":""Point"",""coordinates"":[76.097809,11.272404]}"
444,10,0.44333481788635254,353.59747314453125,2020-04-07,63.51919174194336,1,96.0,480.9599914550781,2020-04-07,2020-04-06,19.99294090270996,300.7796630859375,2020-04-08,21.270000457763672,16.66666603088379,2020-04-07,0.320202499628067,96.0,"{""type"":""Point"",""coordinates"":[76.095465,11.272245999999999]}"
445,10,0.7241660952568054,160.36790466308594,2019-01-12,311.385009765625,1,3.0,0.0,2019-01-12,2019-01-11,24.54833984375,296.08819580078125,2019-01-13,0.0,0.0,2019-01-12,0.2898063659667969,3.0,"{""type"":""Point"",""coordinates"":[76.092205,11.282696]}"
446,10,0.19761759042739868,343.0500183105469,2021-04-13,264.0074157714844,1,2.0,68.95999908447266,2021-04-13,2021-04-12,29.890275955200195,299.18634033203125,2021-04-14,0.0,0.0,2021-04-13,0.4290224611759186,2.0,"{""type"":""Point"",""coordinates"":[76.110803,11.266885]}"
447,10,0.05854838341474533,348.5040588378906,2021-05-19,394.9259033203125,1,1.0,8.800000190734863,2021-05-19,2021-05-18,38.945159912109375,297.9733581542969,2021-05-20,51.39999771118164,45.83333206176758,2021-05-19,0.4853261411190033,1.0,"{""type"":""Point"",""coordinates"":[76.112658,11.265792000000001]}"
448,10,0.12739677727222443,179.31991577148438,2020-10-10,186.21298217773438,1,2.0,20.579999923706055,2020-10-10,2020-10-09,22.248537063598633,297.5048522949219,2020-10-11,24.69999885559082,18.75,2020-10-10,0.4733142852783203,2.0,"{""type"":""Point"",""coordinates"":[76.099139,11.252528000000003]}"
449,10,0.19790063798427582,158.58592224121094,2019-06-24,305.9611511230469,1,2.0,39.939998626708984,2019-06-24,2019-06-23,18.774818420410156,296.91949462890625,2019-06-25,9.710000038146973,10.416666984558105,2019-06-24,0.46708425879478455,2.0,"{""type"":""Point"",""coordinates"":[76.11503,11.262460000000003]}"
450,10,0.6708696484565735,195.4705810546875,2022-02-08,354.3509521484375,1,2.0,0.0,2022-02-08,2022-02-07,32.34885787963867,298.3802185058594,2022-02-09,0.0,0.0,2022-02-08,0.2666555941104889,1.0,"{""type"":""Point"",""coordinates"":[76.114975,11.263214000000001]}"
451,10,0.30471476912498474,122.82865905761719,2023-08-30,196.6793670654297,1,5.0,203.14999389648438,2023-08-30,2023-08-29,35.72016143798828,298.7958068847656,2023-08-31,5.789999961853027,8.333333015441895,2023-08-30,0.4303353726863861,5.0,"{""type"":""Point"",""coordinates"":[76.135144,11.255972]}"
452,10,0.49826809763908386,243.85073852539062,2019-05-03,95.75399780273438,1,12.0,0.0,2019-05-03,2019-05-02,13.960251808166504,299.5367736816406,2019-05-04,0.0,0.0,2019-05-03,0.47022947669029236,4.0,"{""type"":""Point"",""coordinates"":[76.133883,11.250753]}"
453,10,0.2151871621608734,254.48326110839844,2020-07-12,294.4209289550781,1,1.0,3.369999885559082,2020-07-12,2020-07-11,33.51524353027344,297.1365966796875,2020-07-13,0.12999999523162842,0.0,2020-07-12,0.48349127173423767,1.0,"{""type"":""Point"",""coordinates"":[76.1388,11.251085999999999]}"
454,10,0.10956166684627533,254.48326110839844,2023-11-10,294.4209289550781,1,1.0,20.0,2023-11-10,2023-11-09,33.51524353027344,297.300537109375,2023-11-11,1.1799999475479126,2.0833332538604736,2023-11-10,0.4578895568847656,1.0,"{""type"":""Point"",""coordinates"":[76.13881,11.25106]}"
455,10,0.2544920742511749,272.7571105957031,2022-03-17,373.00152587890625,1,1.0,0.029999999329447746,2022-03-17,2022-03-16,26.95397186279297,300.44085693359375,2022-03-18,0.0,0.0,2022-03-17,0.3023459017276764,1.0,"{""type"":""Point"",""coordinates"":[76.140344,11.250644000000001]}"
456,30,0.2272457331418991,303.55364990234375,2020-09-18,379.0670166015625,1,1.0,16.639999389648438,2020-09-18,2020-09-17,25.3897647857666,296.9377746582031,2020-09-19,18.51999855041504,25.0,2020-09-18,0.47864022850990295,1.0,"{""type"":""Point"",""coordinates"":[76.141508,11.251983000000001]}"
457,30,0.33200547099113464,125.89214324951172,2019-01-28,392.5017395019531,1,1.0,0.0,2019-01-28,2019-01-27,35.798160552978516,297.67755126953125,2019-01-29,0.0,0.0,2019-01-28,0.2714729309082031,1.0,"{""type"":""Point"",""coordinates"":[76.143406,11.250197000000002]}"
458,10,0.13152974843978882,261.8810729980469,2023-10-10,320.7976989746094,1,2.0,33.63999938964844,2023-10-10,2023-10-09,28.474201202392578,298.3981018066406,2023-10-11,31.92999839782715,22.91666603088379,2023-10-10,0.4194844663143158,2.0,"{""type"":""Point"",""coordinates"":[76.140431,11.255647]}"
459,10,0.1294996291399002,252.3710479736328,2022-05-25,304.591064453125,1,2.0,30.639999389648438,2022-05-25,2022-05-24,26.211532592773438,297.93524169921875,2022-05-26,6.730000019073486,6.25,2022-05-25,0.4988250732421875,2.0,"{""type"":""Point"",""coordinates"":[76.140269,11.255660999999998]}"
460,10,0.3007676601409912,276.9486999511719,2021-02-10,298.6509704589844,1,2.0,0.0,2021-02-10,2021-02-09,15.149834632873535,296.9715270996094,2021-02-11,0.0,0.0,2021-02-10,0.2829570770263672,2.0,"{""type"":""Point"",""coordinates"":[76.13909700000002,11.257602999999998]}"
461,10,0.5448427796363831,282.10833740234375,2020-02-07,331.62310791015625,1,2.0,0.0,2020-02-07,2020-02-06,32.91999816894531,299.14764404296875,2020-02-08,0.0,0.0,2020-02-07,0.2720877230167389,2.0,"{""type"":""Point"",""coordinates"":[76.138353,11.261864]}"
462,10,0.1361311376094818,264.9922180175781,2023-05-16,333.9996643066406,1,2.0,0.0,2023-05-16,2023-05-15,30.19081687927246,300.3778991699219,2023-05-17,0.0,0.0,2023-05-16,0.46715036034584045,2.0,"{""type"":""Point"",""coordinates"":[76.138336,11.261550000000002]}"
463,10,0.019877219572663307,250.95281982421875,2022-05-30,328.4858093261719,1,2.0,0.0,2022-05-30,2022-05-29,30.23255729675293,297.9841003417969,2022-05-31,30.389999389648438,33.33333206176758,2022-05-30,0.4692026674747467,2.0,"{""type"":""Point"",""coordinates"":[76.13833,11.261520000000004]}"
464,10,0.10457418113946915,97.9034194946289,2020-08-07,306.0022277832031,1,2.0,66.23999786376953,2020-08-07,2020-08-06,34.40279006958008,296.40740966796875,2020-08-08,207.1999969482422,72.91666412353516,2020-08-07,0.4828910827636719,1.0,"{""type"":""Point"",""coordinates"":[76.145531,11.276033000000002]}"
465,10,0.4418236017227173,97.9034194946289,2020-01-08,306.0022277832031,1,2.0,0.0,2020-01-08,2020-01-07,34.40279006958008,297.4768981933594,2020-01-09,0.0,0.0,2020-01-08,0.3593254089355469,1.0,"{""type"":""Point"",""coordinates"":[76.14553,11.27603]}"
466,10,0.029555249959230423,17.856143951416016,2021-09-19,223.66310119628906,1,3.0,4.649999618530273,2021-09-19,2021-09-18,17.147891998291016,297.919921875,2021-09-20,0.0,0.0,2021-09-19,0.4519297182559967,3.0,"{""type"":""Point"",""coordinates"":[76.14928,11.2726]}"
467,10,0.6891946196556091,15.282925605773926,2022-02-05,317.4710693359375,1,3.0,0.0,2022-02-05,2022-02-04,26.121868133544922,297.8421936035156,2022-02-06,0.0,0.0,2022-02-05,0.2672697603702545,1.0,"{""type"":""Point"",""coordinates"":[76.14651,11.27061]}"
468,10,0.09246039390563965,49.23870849609375,2023-10-06,196.3168487548828,1,3.0,0.0,2023-10-06,2023-10-05,18.306055068969727,298.3843994140625,2023-10-07,0.0,0.0,2023-10-06,0.43554750084877014,2.0,"{""type"":""Point"",""coordinates"":[76.15036,11.272120000000003]}"
469,10,0.2538156509399414,107.28633880615234,2023-09-17,178.6077117919922,1,2.0,99.54000091552734,2023-09-17,2023-09-16,30.86688995361328,297.292724609375,2023-09-18,40.119998931884766,43.75,2023-09-17,0.47219085693359375,2.0,"{""type"":""Point"",""coordinates"":[76.151261,11.284369]}"
470,10,0.2306193709373474,107.28633880615234,2022-10-01,178.6077117919922,1,2.0,14.979999542236328,2022-10-01,2022-09-30,30.86688995361328,298.2599182128906,2022-10-02,3.560999870300293,2.0833332538604736,2022-10-01,0.3827870786190033,2.0,"{""type"":""Point"",""coordinates"":[76.151261,11.284369]}"
471,10,0.1429564505815506,183.01536560058594,2021-07-14,397.2102966308594,1,1.0,57.34000015258789,2021-07-14,2021-07-13,30.771697998046875,296.4561767578125,2021-07-15,71.8499984741211,43.75,2021-07-14,0.469494491815567,1.0,"{""type"":""Point"",""coordinates"":[76.140303,11.278033]}"
472,10,0.49391207098960876,231.12635803222656,2021-02-16,267.4432373046875,1,3.0,0.0,2021-02-16,2021-02-15,21.436918258666992,298.9698791503906,2021-02-17,0.0,0.0,2021-02-16,0.2706991732120514,3.0,"{""type"":""Point"",""coordinates"":[76.135058,11.276556]}"
473,10,0.14738182723522186,316.9486083984375,2020-07-26,168.89498901367188,1,7.0,212.8699951171875,2020-07-26,2020-07-25,15.478062629699707,297.4495544433594,2020-07-27,1.1899999380111694,2.0833332538604736,2020-07-26,0.486553817987442,7.0,"{""type"":""Point"",""coordinates"":[76.129928,11.272253]}"
474,10,0.004319095518440008,319.86492919921875,2021-09-18,211.3813934326172,1,7.0,41.369998931884766,2021-09-18,2021-09-17,24.692880630493164,297.9546203613281,2021-09-19,1.5499999523162842,4.166666507720947,2021-09-18,0.4596506655216217,7.0,"{""type"":""Point"",""coordinates"":[76.131028,11.271806000000002]}"
475,10,0.34142976999282837,345.1447448730469,2020-04-24,116.18058013916016,1,48.0,96.95999908447266,2020-04-24,2020-04-23,10.886557579040527,300.3136291503906,2020-04-25,4.440000057220459,8.333333015441895,2020-04-24,0.41647592186927795,48.0,"{""type"":""Point"",""coordinates"":[76.123,11.274999999999997]}"
476,10,0.45911356806755066,80.23463439941406,2023-03-01,125.68122863769531,1,59.0,0.0,2023-03-01,2023-02-28,18.762775421142578,299.12579345703125,2023-03-02,0.02500000037252903,0.0,2023-03-01,0.2659778594970703,55.0,"{""type"":""Point"",""coordinates"":[76.116892,11.271553]}"
477,10,0.11333386600017548,170.63504028320312,2021-07-21,240.67616271972656,1,2.0,49.07999801635742,2021-07-21,2021-07-20,30.004791259765625,297.1048278808594,2021-07-22,38.189998626708984,31.25,2021-07-21,0.49853768944740295,2.0,"{""type"":""Point"",""coordinates"":[76.116367,11.278622000000002]}"
478,10,0.7378203272819519,209.7022247314453,2022-01-09,137.0007781982422,1,20.0,0.0,2022-01-09,2022-01-08,16.70598602294922,297.96563720703125,2022-01-10,0.7299999594688416,0.0,2022-01-09,0.2822367250919342,13.0,"{""type"":""Point"",""coordinates"":[76.125064,11.280036000000003]}"
479,10,0.6485183238983154,343.3507385253906,2019-04-09,593.6185913085938,1,12.0,65.63999938964844,2019-04-09,2019-04-08,26.922218322753906,300.92156982421875,2019-04-10,0.0,0.0,2019-04-09,0.38871002197265625,12.0,"{""type"":""Point"",""coordinates"":[76.114791,11.3131]}"
480,10,0.17655186355113983,302.37359619140625,2022-03-31,609.2841186523438,1,12.0,0.0,2022-03-31,2022-03-30,30.356538772583008,299.55224609375,2022-04-01,0.0,0.0,2022-03-31,0.40541329979896545,12.0,"{""type"":""Point"",""coordinates"":[76.11574400000002,11.313106000000001]}"
481,10,0.08090661466121674,289.92132568359375,2021-06-15,612.0691528320312,1,12.0,570.1199951171875,2021-06-15,2021-06-14,30.76043701171875,295.7247314453125,2021-06-16,11.279999732971191,8.333333015441895,2021-06-15,0.48243650794029236,12.0,"{""type"":""Point"",""coordinates"":[76.115844,11.313686]}"
482,10,0.1807614117860794,170.7288360595703,2022-02-28,634.2463989257812,1,12.0,0.0,2022-02-28,2022-02-27,12.530779838562012,300.04742431640625,2022-03-01,0.0,0.0,2022-02-28,0.26987966895103455,12.0,"{""type"":""Point"",""coordinates"":[76.11565,11.315589]}"
483,10,0.20171251893043518,189.32211303710938,2023-03-25,202.03732299804688,1,171.0,1.059999942779541,2023-03-25,2023-03-24,11.21412467956543,300.563232421875,2023-03-26,0.0,0.0,2023-03-25,0.2800203859806061,1.0,"{""type"":""Point"",""coordinates"":[76.145994,11.338432999999998]}"
484,10,0.6402621865272522,60.239681243896484,2021-03-04,211.8350830078125,1,5.0,0.0,2021-03-04,2021-03-03,13.771111488342285,299.7049865722656,2021-03-05,0.0,0.0,2021-03-04,0.28715959191322327,5.0,"{""type"":""Point"",""coordinates"":[76.144136,11.335458]}"
485,10,0.04107312858104706,180.09564208984375,2022-06-07,202.68040466308594,1,181.0,22.15999984741211,2022-06-07,2022-06-06,25.064802169799805,298.603759765625,2022-06-08,3.2699999809265137,2.0833332538604736,2022-06-07,0.4821103513240814,1.0,"{""type"":""Point"",""coordinates"":[76.148764,11.337961]}"
486,10,0.42038875818252563,54.44996643066406,2019-10-12,367.1058349609375,1,7.0,472.2200012207031,2019-10-12,2019-10-11,21.21826171875,297.7281494140625,2019-10-13,29.81999969482422,31.25,2019-10-12,0.4748738706111908,7.0,"{""type"":""Point"",""coordinates"":[76.138392,11.335364]}"
487,10,0.633003830909729,54.826019287109375,2023-02-09,322.3915710449219,1,164.0,0.0,2023-02-09,2023-02-08,16.96166229248047,298.7395324707031,2023-02-10,0.0,0.0,2023-02-09,0.29786428809165955,7.0,"{""type"":""Point"",""coordinates"":[76.138156,11.336719000000002]}"
488,10,0.038693804293870926,18.018709182739258,2021-10-17,375.86102294921875,1,149.0,282.0,2021-10-17,2021-10-16,27.76189422607422,297.4850769042969,2021-10-18,19.719999313354492,29.16666603088379,2021-10-17,0.4805908203125,2.0,"{""type"":""Point"",""coordinates"":[76.135661,11.337264]}"
489,10,0.06500402092933655,28.801578521728516,2019-08-06,422.4254150390625,1,139.0,3335.999755859375,2019-08-06,2019-08-05,16.625619888305664,296.3564147949219,2019-08-07,135.22000122070312,75.0,2019-08-06,0.4749208986759186,139.0,"{""type"":""Point"",""coordinates"":[76.129556,11.338388999999998]}"
490,10,0.46626564860343933,35.5180549621582,2023-03-06,543.2997436523438,1,5.0,0.0,2023-03-06,2023-03-05,28.612768173217773,299.8751220703125,2023-03-07,0.0,0.0,2023-03-06,0.2721894681453705,4.0,"{""type"":""Point"",""coordinates"":[76.127083,11.329033000000003]}"
491,10,0.13728924095630646,276.6180725097656,2022-03-16,713.793212890625,1,2.0,0.0,2022-03-16,2022-03-15,13.277056694030762,300.72406005859375,2022-03-17,0.0,0.0,2022-03-16,0.28668341040611267,2.0,"{""type"":""Point"",""coordinates"":[76.129572,11.322642000000004]}"
492,10,0.16972988843917847,281.60675048828125,2022-11-13,704.6939086914062,1,2.0,66.33999633789062,2022-11-13,2022-11-12,22.38675880432129,296.1076354980469,2022-11-14,26.81999969482422,20.83333396911621,2022-11-13,0.4569638669490814,2.0,"{""type"":""Point"",""coordinates"":[76.129483,11.322839]}"
493,10,0.20060892403125763,58.88851547241211,2023-05-28,677.4613037109375,1,2.0,1.2400000095367432,2023-05-28,2023-05-27,23.270530700683594,299.8440246582031,2023-05-29,0.8700000047683716,2.0833332538604736,2023-05-28,0.46165338158607483,2.0,"{""type"":""Point"",""coordinates"":[76.130306,11.323822]}"
494,10,0.20955505967140198,30.107816696166992,2020-12-31,634.2730712890625,1,5.0,0.3999999761581421,2020-12-31,2020-12-30,25.324445724487305,298.11761474609375,2021-01-01,50.68000030517578,33.33333206176758,2020-12-31,0.34535089135169983,5.0,"{""type"":""Point"",""coordinates"":[76.129297,11.325394000000001]}"
495,10,-0.005048064049333334,35.28186798095703,2023-11-06,663.9876708984375,1,4.0,8.799999237060547,2023-11-06,2023-11-05,25.649253845214844,296.986328125,2023-11-07,41.189998626708984,22.91666603088379,2023-11-06,0.46888604760169983,4.0,"{""type"":""Point"",""coordinates"":[76.127094,11.32625]}"
496,10,0.4166245758533478,297.8046875,2022-02-04,645.1512451171875,1,4.0,0.0,2022-02-04,2022-02-03,21.542598724365234,298.4377136230469,2022-02-05,0.0,0.0,2022-02-04,0.2681210935115814,4.0,"{""type"":""Point"",""coordinates"":[76.126256,11.326678]}"
497,10,0.18976420164108276,21.934206008911133,2020-04-20,574.5681762695312,1,4.0,1.559999942779541,2020-04-20,2020-04-19,10.201228141784668,301.01226806640625,2020-04-21,0.0,0.0,2020-04-20,0.36376890540122986,4.0,"{""type"":""Point"",""coordinates"":[76.12263,11.330181]}"
498,10,0.15231721103191376,17.679933547973633,2021-06-25,548.5032348632812,1,5.0,24.299999237060547,2021-06-25,2021-06-24,34.07081985473633,297.6614074707031,2021-06-26,0.0,0.0,2021-06-25,0.47469139099121094,5.0,"{""type"":""Point"",""coordinates"":[76.125727,11.330181]}"
499,10,0.18521344661712646,93.3762435913086,2019-11-27,518.3556518554688,1,6.0,0.0,2019-11-27,2019-11-26,19.825855255126953,297.7930908203125,2019-11-28,0.0,0.0,2019-11-27,0.4429219663143158,4.0,"{""type"":""Point"",""coordinates"":[76.124258,11.332594000000002]}"
500,10,0.032534290105104446,267.0360412597656,2021-09-12,507.3050231933594,1,5.0,102.29999542236328,2021-09-12,2021-09-11,12.075916290283203,297.0323181152344,2021-09-13,47.61000061035156,39.58333206176758,2021-09-12,0.4885323941707611,5.0,"{""type"":""Point"",""coordinates"":[76.125011,11.332450000000001]}"
501,10,0.35142964124679565,66.11450958251953,2020-11-29,509.390380859375,1,6.0,0.0,2020-11-29,2020-11-28,35.30339050292969,297.0578918457031,2020-11-30,0.0,0.0,2020-11-29,0.430737167596817,1.0,"{""type"":""Point"",""coordinates"":[76.121489,11.337744]}"
502,10,0.18150851130485535,207.09706115722656,2021-03-05,502.7151794433594,1,6.0,0.0,2021-03-05,2021-03-04,23.43849754333496,299.40533447265625,2021-03-06,0.0,0.0,2021-03-05,0.29252752661705017,1.0,"{""type"":""Point"",""coordinates"":[76.122914,11.337636]}"
503,10,0.33457618951797485,264.51806640625,2019-01-28,580.065673828125,1,1.0,0.0,2019-01-28,2019-01-27,20.245967864990234,297.67755126953125,2019-01-29,0.0,0.0,2019-01-28,0.2714729309082031,1.0,"{""type"":""Point"",""coordinates"":[76.100913,11.331245000000001]}"
504,10,0.6891776323318481,44.722190856933594,2020-02-04,622.1846923828125,1,2.0,0.0,2020-02-04,2020-02-03,12.818135261535645,298.7188415527344,2020-02-05,0.0,0.0,2020-02-04,0.2770709991455078,1.0,"{""type"":""Point"",""coordinates"":[76.111882,11.322878]}"
505,10,0.030955644324421883,197.62606811523438,2021-08-14,622.6640625,1,3.0,210.66000366210938,2021-08-14,2021-08-13,24.489904403686523,296.85089111328125,2021-08-15,8.930000305175781,16.66666603088379,2021-08-14,0.47983041405677795,3.0,"{""type"":""Point"",""coordinates"":[76.111157,11.318572]}"
506,10,0.11071481555700302,218.8448028564453,2019-11-27,644.3687133789062,1,3.0,0.0,2019-11-27,2019-11-26,25.307636260986328,297.7930908203125,2019-11-28,0.0,0.0,2019-11-27,0.4429219663143158,3.0,"{""type"":""Point"",""coordinates"":[76.1109,11.3191]}"
507,30,0.1832396537065506,230.35296630859375,2023-05-02,670.3182983398438,1,3.0,32.25,2023-05-02,2023-05-01,25.523958206176758,299.39739990234375,2023-05-03,9.420000076293945,10.416666984558105,2023-05-02,0.46991920471191406,3.0,"{""type"":""Point"",""coordinates"":[76.112463,11.318640000000002]}"
508,10,0.5130312442779541,176.31884765625,2023-02-26,624.93408203125,1,12.0,0.0,2023-02-26,2023-02-25,24.06018829345703,299.4141540527344,2023-02-27,0.0,0.0,2023-02-26,0.26919999718666077,12.0,"{""type"":""Point"",""coordinates"":[76.114358,11.314158]}"
509,10,0.09607819467782974,214.726806640625,2022-10-06,310.87158203125,1,7.0,26.18000030517578,2022-10-06,2022-10-05,28.27294921875,298.00152587890625,2022-10-07,8.429999351501465,8.333333015441895,2022-10-06,0.4058806002140045,7.0,"{""type"":""Point"",""coordinates"":[76.094389,11.301528000000001]}"
510,10,0.7844533324241638,281.60418701171875,2020-12-05,214.30421447753906,1,13.0,15.260000228881836,2020-12-05,2020-12-04,17.14925765991211,296.1631774902344,2020-12-06,3.359999895095825,6.25,2020-12-05,0.4877675473690033,2.0,"{""type"":""Point"",""coordinates"":[76.087589,11.2965]}"
511,10,0.4714199900627136,310.6243896484375,2019-01-08,103.96226501464844,1,6.0,0.0,2019-01-08,2019-01-07,22.556743621826172,295.85723876953125,2019-01-09,0.0,0.0,2019-01-08,0.31353887915611267,6.0,"{""type"":""Point"",""coordinates"":[76.079019,11.313897]}"
512,10,0.11780935525894165,189.66793823242188,2023-10-23,80.23863220214844,1,59.0,98.43000030517578,2023-10-23,2023-10-22,6.571037769317627,298.2286071777344,2023-10-24,8.789999961853027,10.416666984558105,2023-10-23,0.5025565028190613,51.0,"{""type"":""Point"",""coordinates"":[76.075639,11.326111]}"
513,10,0.47935429215431213,334.48968505859375,2019-03-02,267.6127014160156,1,29.0,0.2160000056028366,2019-03-02,2019-03-01,33.49404525756836,300.4186096191406,2019-03-03,0.0,0.0,2019-03-02,0.2682056427001953,27.0,"{""type"":""Point"",""coordinates"":[76.0883,11.3221]}"
514,10,0.2952970862388611,197.05624389648438,2023-01-10,117.85070037841797,1,16.0,0.0,2023-01-10,2023-01-09,13.430699348449707,296.93902587890625,2023-01-11,0.0,0.0,2023-01-10,0.28726449608802795,16.0,"{""type"":""Point"",""coordinates"":[76.08017,11.326390000000002]}"
515,10,0.05341382697224617,122.33354949951172,2023-08-09,331.43914794921875,1,12.0,154.44000244140625,2023-08-09,2023-08-08,20.45822525024414,297.9881591796875,2023-08-10,7.710000038146973,10.416666984558105,2023-08-09,0.44171205163002014,12.0,"{""type"":""Point"",""coordinates"":[76.08827800000002,11.330556000000001]}"
516,10,0.37193048000335693,122.33354949951172,2021-04-27,331.43914794921875,1,12.0,0.0,2021-04-27,2021-04-26,20.45822525024414,299.4635925292969,2021-04-28,0.8199999928474426,0.0,2021-04-27,0.48274484276771545,12.0,"{""type"":""Point"",""coordinates"":[76.08827800000002,11.330556000000001]}"
517,10,-0.02524539642035961,204.8618621826172,2022-08-31,573.9443969726562,1,9.0,513.1699829101562,2022-08-31,2022-08-30,23.384510040283203,297.90301513671875,2022-09-01,70.66999816894531,29.16666603088379,2022-08-31,0.49251556396484375,7.0,"{""type"":""Point"",""coordinates"":[76.0904,11.338]}"
518,10,-0.005152158904820681,245.60308837890625,2022-08-30,129.9452667236328,1,13.0,606.1499633789062,2022-08-30,2022-08-29,21.38505744934082,297.5012512207031,2022-08-31,73.30999755859375,31.25,2022-08-30,0.47706857323646545,9.0,"{""type"":""Point"",""coordinates"":[76.071157,11.340012999999997]}"
519,10,0.36904361844062805,103.60613250732422,2023-09-12,84.66911315917969,1,13.0,847.0799560546875,2023-09-12,2023-09-11,11.829282760620117,297.1629638671875,2023-09-13,8.059999465942383,12.5,2023-09-12,0.48949113488197327,13.0,"{""type"":""Point"",""coordinates"":[76.0681,11.3404]}"
520,10,0.6446517109870911,103.60613250732422,2019-01-19,84.66911315917969,1,13.0,0.0,2019-01-19,2019-01-18,11.829282760620117,296.70306396484375,2019-01-20,0.0,0.0,2019-01-19,0.27010855078697205,13.0,"{""type"":""Point"",""coordinates"":[76.068194,11.340471999999998]}"
521,10,0.12920016050338745,354.0854187011719,2020-08-02,212.75823974609375,1,2.0,76.0219955444336,2020-08-02,2020-08-01,22.555395126342773,297.716064453125,2020-08-03,67.31999969482422,60.41666793823242,2020-08-02,0.47657838463783264,2.0,"{""type"":""Point"",""coordinates"":[76.0442,11.306500000000002]}"
522,10,0.5423197746276855,3.8969943523406982,2022-02-15,351.2149658203125,1,2.0,0.0,2022-02-15,2022-02-14,24.711109161376953,302.74334716796875,2022-02-16,0.0,0.0,2022-02-15,0.2032896727323532,1.0,"{""type"":""Point"",""coordinates"":[76.0441,11.3041]}"
523,10,0.29023095965385437,9.031289100646973,2020-01-17,99.604736328125,1,1.0,0.0,2020-01-17,2020-01-16,26.022605895996094,301.4335632324219,2020-01-18,0.0,0.0,2020-01-17,0.20463626086711884,1.0,"{""type"":""Point"",""coordinates"":[76.0335,11.3114]}"
524,10,0.2473805695772171,9.031289100646973,2020-05-05,99.604736328125,1,1.0,4.920000076293945,2020-05-05,2020-05-04,26.022605895996094,303.909912109375,2020-05-06,9.179999351501465,10.416666984558105,2020-05-05,0.32488951086997986,1.0,"{""type"":""Point"",""coordinates"":[76.033556,11.311417]}"
525,10,0.24708853662014008,35.304107666015625,2021-04-23,135.8245086669922,1,7.0,0.0,2021-04-23,2021-04-22,24.157047271728516,301.3288879394531,2021-04-24,0.3799999952316284,0.0,2021-04-23,0.45433807373046875,2.0,"{""type"":""Point"",""coordinates"":[76.049333,11.295277999999998]}"
526,10,0.098176509141922,19.212743759155273,2021-05-30,140.3500518798828,1,7.0,0.0,2021-05-30,2021-05-29,18.203319549560547,297.5364685058594,2021-05-31,0.0,0.0,2021-05-30,0.4935232698917389,7.0,"{""type"":""Point"",""coordinates"":[76.050417,11.293778]}"
527,10,0.10420394688844681,19.212743759155273,2020-08-01,140.3500518798828,1,7.0,569.4500122070312,2020-08-01,2020-07-31,18.203319549560547,296.8161926269531,2020-08-02,51.90999984741211,47.91666793823242,2020-08-01,0.483166366815567,7.0,"{""type"":""Point"",""coordinates"":[76.0504,11.2937]}"
528,10,0.4936685264110565,146.4604949951172,2023-01-29,137.76942443847656,1,2.0,0.0,2023-01-29,2023-01-28,18.51637840270996,297.1005859375,2023-01-30,0.0,0.0,2023-01-29,0.31980323791503906,2.0,"{""type"":""Point"",""coordinates"":[76.05896,11.303025]}"
529,10,0.7053348422050476,159.7270965576172,2020-02-25,112.10660552978516,1,1.0,1.2599999904632568,2020-02-25,2020-02-24,23.597990036010742,300.02825927734375,2020-02-26,0.0,0.0,2020-02-25,0.2673581540584564,1.0,"{""type"":""Point"",""coordinates"":[76.056775,11.300098]}"
530,10,0.4868784248828888,313.1000671386719,2021-01-09,59.38182067871094,1,2.0,23.8799991607666,2021-01-09,2021-01-08,12.932112693786621,299.088134765625,2021-01-10,3.129999876022339,8.333333015441895,2021-01-09,0.4524027407169342,1.0,"{""type"":""Point"",""coordinates"":[75.9666,11.150100000000002]}"
531,10,0.17303496599197388,89.76545715332031,2019-12-05,80.47177124023438,1,3.0,0.019999999552965164,2019-12-05,2019-12-04,7.080563545227051,299.1843566894531,2019-12-06,0.0,0.0,2019-12-05,0.48028436303138733,1.0,"{""type"":""Point"",""coordinates"":[76.0666,11.0667]}"
532,10,0.200484499335289,192.7611846923828,2020-07-07,26.27745819091797,1,1.0,64.5999984741211,2020-07-07,2020-07-06,2.5739009380340576,299.5234680175781,2020-07-08,32.709999084472656,31.25,2020-07-07,0.3196798861026764,1.0,"{""type"":""Point"",""coordinates"":[75.9013,11.0747]}"
533,50,0.0992739126086235,222.86427307128906,2023-12-15,17.703645706176758,1,189.0,9.449999809265137,2023-12-15,2023-12-14,3.5672664642333984,299.0921936035156,2023-12-16,0.0,0.0,2023-12-15,0.45083174109458923,189.0,"{""type"":""Point"",""coordinates"":[76.0703,11.0511]}"
534,10,0.1409454494714737,215.0154571533203,2021-11-24,24.132036209106445,1,189.0,4611.419921875,2021-11-24,2021-11-23,2.631171464920044,298.8452453613281,2021-11-25,2.1599998474121094,0.0,2021-11-24,0.49223771691322327,187.0,"{""type"":""Point"",""coordinates"":[76.0709,11.051200000000001]}"
535,10,0.022183986380696297,129.16773986816406,2022-10-02,41.142547607421875,1,5.0,46.11000061035156,2022-10-02,2022-10-01,2.5845303535461426,298.5802307128906,2022-10-03,4.759999752044678,4.166666507720947,2022-10-02,0.3743247985839844,5.0,"{""type"":""Point"",""coordinates"":[76.088633,11.088633]}"
536,10,0.19361121952533722,135.46873474121094,2020-07-08,102.8852767944336,1,1.0,28.65999984741211,2020-07-08,2020-07-07,13.480405807495117,298.9804382324219,2020-07-09,17.719999313354492,20.83333396911621,2020-07-08,0.4694296419620514,1.0,"{""type"":""Point"",""coordinates"":[76.1606,11.0766]}"
537,10,0.04511430487036705,3.9220099449157715,2019-08-09,174.69473266601562,1,1.0,270.28997802734375,2019-08-09,2019-08-08,28.348472595214844,297.5416564941406,2019-08-10,188.12998962402344,89.58333587646484,2019-08-09,0.48591485619544983,1.0,"{""type"":""Point"",""coordinates"":[76.2455,11.000799999999998]}"
538,10,0.5896847248077393,237.82276916503906,2020-12-01,262.7963562011719,1,4.0,0.0,2020-12-01,2020-11-30,31.924402236938477,296.7731018066406,2020-12-02,2.2779998779296875,4.166666507720947,2020-12-01,0.4425322115421295,4.0,"{""type"":""Point"",""coordinates"":[76.367865,11.084665000000001]}"
539,10,0.054940611124038696,247.56057739257812,2022-08-19,98.35198211669922,1,106.0,4.109999656677246,2022-08-19,2022-08-18,18.92555046081543,297.2281799316406,2022-08-20,12.499999046325684,8.333333015441895,2022-08-19,0.4622669219970703,1.0,"{""type"":""Point"",""coordinates"":[76.37715,11.063094999999999]}"
540,10,0.6587930917739868,307.74835205078125,2020-01-16,155.7659454345703,1,1.0,0.0,2020-01-16,2020-01-15,21.376850128173828,296.9704895019531,2020-01-17,0.0,0.0,2020-01-16,0.28533491492271423,1.0,"{""type"":""Point"",""coordinates"":[76.389909,11.06427]}"
541,10,0.19923366606235504,248.41958618164062,2023-09-15,213.6314697265625,1,2.0,19.520000457763672,2023-09-15,2023-09-14,22.511816024780273,296.4701843261719,2023-09-16,47.48999786376953,35.41666793823242,2023-09-15,0.4695841372013092,2.0,"{""type"":""Point"",""coordinates"":[76.389548,11.061407]}"
542,10,0.1396048665046692,286.0556945800781,2019-11-15,256.0748596191406,1,1.0,6.239999771118164,2019-11-15,2019-11-14,34.44029235839844,296.82440185546875,2019-11-16,8.389999389648438,10.416666984558105,2019-11-15,0.46195030212402344,1.0,"{""type"":""Point"",""coordinates"":[76.384281,11.057151]}"
543,30,0.382976233959198,158.11053466796875,2022-01-10,107.86033630371094,1,14.0,0.0,2022-01-10,2022-01-09,8.23917293548584,299.9840087890625,2022-01-11,0.0,0.0,2022-01-10,0.28071656823158264,4.0,"{""type"":""Point"",""coordinates"":[76.400202,11.047939999999999]}"
544,10,0.5069908499717712,200.17816162109375,2023-01-15,100.65753936767578,1,14.0,0.0,2023-01-15,2023-01-14,5.522521495819092,297.6571044921875,2023-01-16,0.0,0.0,2023-01-15,0.28435197472572327,14.0,"{""type"":""Point"",""coordinates"":[76.399846,11.047271]}"
545,10,0.35669758915901184,286.6893615722656,2021-12-14,111.17999267578125,1,1.0,0.0,2021-12-14,2021-12-13,15.342914581298828,298.60357666015625,2021-12-15,1.3399999141693115,2.0833332538604736,2021-12-14,0.4032236635684967,1.0,"{""type"":""Point"",""coordinates"":[76.431199,11.040144000000002]}"
546,10,0.19707684218883514,127.88751220703125,2023-09-26,220.05081176757812,1,3.0,5.559999942779541,2023-09-26,2023-09-25,16.604372024536133,297.098876953125,2023-09-27,62.689998626708984,14.583333015441895,2023-09-26,0.4744059145450592,2.0,"{""type"":""Point"",""coordinates"":[76.430832,11.050725]}"
547,10,0.29792916774749756,353.2096252441406,2021-01-01,329.368408203125,1,12.0,515.2799682617188,2021-01-01,2020-12-31,21.052330017089844,296.16455078125,2021-01-02,5.3420000076293945,8.333333015441895,2021-01-01,0.3792959749698639,12.0,"{""type"":""Point"",""coordinates"":[76.390575,11.135038999999999]}"
548,10,0.19158411026000977,38.277347564697266,2021-06-16,298.7597351074219,1,1.0,10.09000015258789,2021-06-16,2021-06-15,21.832611083984375,295.0874328613281,2021-06-17,14.989999771118164,18.75,2021-06-16,0.4819844663143158,1.0,"{""type"":""Point"",""coordinates"":[76.386475,11.131156]}"
549,10,0.3168896436691284,55.47824478149414,2021-01-21,309.5896911621094,1,1.0,0.0,2021-01-21,2021-01-20,29.562652587890625,296.1225280761719,2021-01-22,0.0,0.0,2021-01-21,0.41428565979003906,1.0,"{""type"":""Point"",""coordinates"":[76.386108,11.131156]}"
550,50,0.3675238788127899,306.72576904296875,2020-01-06,111.5140609741211,1,82.0,0.0,2020-01-06,2020-01-05,7.872321128845215,297.9761962890625,2020-01-07,0.0,0.0,2020-01-06,0.3239002227783203,82.0,"{""type"":""Point"",""coordinates"":[76.3733,11.133542000000002]}"
551,30,0.032813191413879395,343.5231018066406,2023-10-25,690.1998291015625,1,1.0,4.699999809265137,2023-10-25,2023-10-24,45.478546142578125,296.6021423339844,2023-10-26,0.23999999463558197,0.0,2023-10-25,0.48100534081459045,1.0,"{""type"":""Point"",""coordinates"":[76.379928,11.113531]}"
552,10,0.02000800333917141,7.693212032318115,2022-07-11,678.3741455078125,1,1.0,14.319999694824219,2022-07-11,2022-07-10,33.909793853759766,294.8199157714844,2022-07-12,17.779998779296875,22.91666603088379,2022-07-11,0.48904862999916077,1.0,"{""type"":""Point"",""coordinates"":[76.39081900000001,11.120462000000002]}"
553,10,0.46297577023506165,144.4409637451172,2019-04-07,133.05381774902344,1,1.0,0.0,2019-04-07,2019-04-06,16.367868423461914,300.9012451171875,2019-04-08,0.0,0.0,2019-04-07,0.42249298095703125,1.0,"{""type"":""Point"",""coordinates"":[76.327311,11.198311]}"
554,10,0.11034150421619415,78.49291229248047,2021-11-28,104.78439331054688,1,1.0,10.979999542236328,2021-11-28,2021-11-27,17.652801513671875,297.7215881347656,2021-11-29,5.119999885559082,6.25,2021-11-28,0.4681307375431061,1.0,"{""type"":""Point"",""coordinates"":[76.327117,11.197336]}"
555,10,0.4278964698314667,123.60652923583984,2022-03-01,137.86187744140625,1,1.0,0.0,2022-03-01,2022-02-28,12.735562324523926,301.0132751464844,2022-03-02,0.04000000283122063,0.0,2022-03-01,0.27810224890708923,1.0,"{""type"":""Point"",""coordinates"":[76.328681,11.199392]}"
556,10,0.0898595005273819,310.1878967285156,2021-12-07,123.73975372314453,1,2.0,2.259999990463257,2021-12-07,2021-12-06,22.64280891418457,298.06292724609375,2021-12-08,0.0,0.0,2021-12-07,0.45310911536216736,1.0,"{""type"":""Point"",""coordinates"":[76.329528,11.213278]}"
557,10,0.10924173891544342,310.1878967285156,2023-07-31,123.73975372314453,1,2.0,0.0,2023-07-31,2023-07-30,22.64280891418457,298.3133850097656,2023-08-01,1.6899999380111694,2.0833332538604736,2023-07-31,0.4579334259033203,1.0,"{""type"":""Point"",""coordinates"":[76.329528,11.213278]}"
558,10,0.1454361081123352,118.80691528320312,2022-09-25,29.031078338623047,1,1065.0,2.0299999713897705,2022-09-25,2022-09-24,8.464717864990234,298.4363098144531,2022-09-26,1.0199999809265137,2.0833332538604736,2022-09-25,0.4068540036678314,1.0,"{""type"":""Point"",""coordinates"":[76.258714,11.257608000000001]}"
559,10,0.07541661709547043,19.114870071411133,2022-09-23,114.44234466552734,1,44.0,0.0,2022-09-23,2022-09-22,23.177419662475586,295.74737548828125,2022-09-24,0.0,0.0,2022-09-23,0.3880093991756439,1.0,"{""type"":""Point"",""coordinates"":[76.350019,11.170349999999997]}"
560,10,0.2282555252313614,138.9025421142578,2021-05-14,287.9879150390625,1,2.0,13.429999351501465,2021-05-14,2021-05-13,35.524620056152344,297.2424011230469,2021-05-15,172.02999877929688,64.58333587646484,2021-05-14,0.4698467254638672,1.0,"{""type"":""Point"",""coordinates"":[76.357925,11.169219]}"
561,10,0.24264444410800934,134.96949768066406,2020-10-04,284.4081115722656,1,2.0,0.0,2020-10-04,2020-10-03,24.695938110351562,295.5608825683594,2020-10-05,2.4099998474121094,6.25,2020-10-04,0.4157320559024811,2.0,"{""type"":""Point"",""coordinates"":[76.358575,11.169656]}"
562,10,0.07863681018352509,34.15181350708008,2021-11-29,205.49307250976562,1,1.0,5.119999885559082,2021-11-29,2021-11-28,34.58824920654297,296.05462646484375,2021-11-30,4.559999942779541,4.166666507720947,2021-11-29,0.4682025909423828,1.0,"{""type"":""Point"",""coordinates"":[76.369289,11.144656000000001]}"
563,10,0.06020604446530342,22.89275550842285,2019-09-19,1039.6925048828125,1,545.0,5804.25,2019-09-19,2019-09-18,17.853824615478516,292.75732421875,2019-09-20,7.21999979019165,16.66666603088379,2019-09-19,0.4261627197265625,545.0,"{""type"":""Point"",""coordinates"":[76.52269700000001,11.156797]}"
564,10,0.100225530564785,170.05714416503906,2020-09-23,1330.5670166015625,1,2.0,4.400000095367432,2020-09-23,2020-09-22,24.950523376464844,292.0830078125,2020-09-24,0.0,0.0,2020-09-23,0.43242326378822327,2.0,"{""type"":""Point"",""coordinates"":[76.523019,11.168286000000002]}"
565,10,0.28471338748931885,322.88421630859375,2023-05-08,2310.705322265625,1,5.0,32.849998474121094,2023-05-08,2023-05-07,14.257918357849121,291.8912048339844,2023-05-09,12.899999618530273,18.75,2023-05-08,0.40171876549720764,5.0,"{""type"":""Point"",""coordinates"":[76.574444,11.258610999999998]}"
566,10,0.06695666164159775,92.8767318725586,2023-08-19,2245.510009765625,1,4.0,5.519999980926514,2023-08-19,2023-08-18,19.086301803588867,292.1336975097656,2023-08-20,6.119999885559082,10.416666984558105,2023-08-19,0.348712295293808,4.0,"{""type"":""Point"",""coordinates"":[76.575556,11.285]}"
567,30,0.07814140617847443,91.4715576171875,2021-07-03,2393.0791015625,1,2.0,4.299999713897705,2021-07-03,2021-07-02,37.443973541259766,291.9715881347656,2021-07-04,7.039999961853027,10.416666984558105,2021-07-03,0.4106731414794922,1.0,"{""type"":""Point"",""coordinates"":[76.575,11.291666999999999]}"
568,10,0.04696275666356087,95.9038314819336,2021-10-25,2130.467041015625,1,2.0,62.959999084472656,2021-10-25,2021-10-24,21.98603630065918,291.0749816894531,2021-10-26,12.09999942779541,18.75,2021-10-25,0.423199325799942,2.0,"{""type"":""Point"",""coordinates"":[76.581667,11.292777999999998]}"
569,10,0.16678069531917572,305.86773681640625,2022-10-15,2227.0361328125,1,2.0,82.54000091552734,2022-10-15,2022-10-14,38.384517669677734,291.26611328125,2022-10-16,53.77000045776367,39.58333206176758,2022-10-15,0.4223594665527344,2.0,"{""type"":""Point"",""coordinates"":[76.595833,11.295833]}"
570,30,0.12195979058742523,167.03570556640625,2019-12-07,1924.533203125,1,168.0,623.2799682617188,2019-12-07,2019-12-06,14.748086929321289,291.3559265136719,2019-12-08,1.3700000047683716,0.0,2019-12-07,0.3789704740047455,168.0,"{""type"":""Point"",""coordinates"":[76.622222,11.319443999999999]}"
571,10,0.2129208743572235,106.02679443359375,2023-09-30,2040.2078857421875,1,1.0,22.94999885559082,2023-09-30,2023-09-29,16.437021255493164,290.6426086425781,2023-10-01,44.93000030517578,56.25,2023-09-30,0.4271768033504486,1.0,"{""type"":""Point"",""coordinates"":[76.622222,11.315832999999998]}"
572,10,0.1756722331047058,141.13681030273438,2023-09-28,1993.2086181640625,1,6.0,8.34000015258789,2023-09-28,2023-09-27,17.35517692565918,291.674560546875,2023-09-29,13.879999160766602,27.08333396911621,2023-09-28,0.40545716881752014,3.0,"{""type"":""Point"",""coordinates"":[76.623611,11.308333]}"
573,30,0.23836171627044678,336.7127990722656,2021-06-02,1862.9716796875,1,41.0,10.300999641418457,2021-06-02,2021-06-01,4.874011516571045,292.25421142578125,2021-06-03,3.299999952316284,6.25,2021-06-02,0.3880055844783783,1.0,"{""type"":""Point"",""coordinates"":[76.621111,11.276111]}"
574,10,0.10325434803962708,261.0639953613281,2022-09-24,2242.773193359375,1,2.0,0.41999998688697815,2022-09-24,2022-09-23,35.152687072753906,291.1400146484375,2022-09-25,2.3399999141693115,6.25,2022-09-24,0.3514486849308014,2.0,"{""type"":""Point"",""coordinates"":[76.585278,11.288056]}"
575,10,0.10655282437801361,115.12094116210938,2022-06-27,2193.03369140625,1,9.0,2.059999942779541,2022-06-27,2022-06-26,28.53424644470215,291.1323547363281,2022-06-28,2.3899998664855957,2.0833332538604736,2022-06-27,0.4108785092830658,2.0,"{""type"":""Point"",""coordinates"":[76.578611,11.288889]}"
576,10,0.20587056875228882,14.540721893310547,2021-01-24,2291.4521484375,1,4.0,0.7400000095367432,2021-01-24,2021-01-23,25.324106216430664,290.90899658203125,2021-01-25,0.0,0.0,2021-01-24,0.3603604733943939,2.0,"{""type"":""Point"",""coordinates"":[76.579167,11.284721999999999]}"
577,30,0.13758479058742523,44.253875732421875,2020-06-24,1808.8995361328125,1,35.0,263.8999938964844,2020-06-24,2020-06-23,10.490434646606445,291.09039306640625,2020-06-25,85.32999420166016,37.5,2020-06-24,0.4104499816894531,35.0,"{""type"":""Point"",""coordinates"":[76.619444,11.258333]}"
578,10,0.22503726184368134,160.67819213867188,2022-10-23,1866.1473388671875,1,3.0,9.899999618530273,2022-10-23,2022-10-22,28.894046783447266,293.5859069824219,2022-10-24,3.1999998092651367,6.25,2022-10-23,0.4087848663330078,3.0,"{""type"":""Point"",""coordinates"":[76.620278,11.23]}"
579,10,0.007114253472536802,138.43739318847656,2021-12-01,1858.223876953125,1,44.0,98.57999420166016,2021-12-01,2021-11-30,25.744426727294922,292.9748229980469,2021-12-02,16.042999267578125,27.08333396911621,2021-12-01,0.4062531888484955,3.0,"{""type"":""Point"",""coordinates"":[76.619444,11.229444]}"
580,30,0.05450161546468735,161.39041137695312,2021-11-26,1939.4190673828125,1,38.0,1201.5599365234375,2021-11-26,2021-11-25,12.891436576843262,293.1705017089844,2021-11-27,2.5399999618530273,0.0,2021-11-26,0.4080390930175781,38.0,"{""type"":""Point"",""coordinates"":[76.615278,11.228333]}"
581,10,0.035540156066417694,175.00885009765625,2022-12-29,2008.4644775390625,1,4.0,0.0,2022-12-29,2022-12-28,25.22797393798828,293.6111145019531,2022-12-30,0.0,0.0,2022-12-29,0.3175099790096283,4.0,"{""type"":""Point"",""coordinates"":[76.613889,11.232777999999998]}"
582,10,0.12290462851524353,282.3507385253906,2020-06-20,2134.36669921875,1,1.0,1.0099999904632568,2020-06-20,2020-06-19,9.662708282470703,294.4436340332031,2020-06-21,8.84999942779541,6.25,2020-06-20,0.39984193444252014,1.0,"{""type"":""Point"",""coordinates"":[76.606111,11.215833]}"
583,10,0.0781409740447998,289.6043395996094,2021-10-13,2058.393310546875,1,4.0,14.969999313354492,2021-10-13,2021-10-12,29.617095947265625,292.4027099609375,2021-10-14,6.429999828338623,14.583333015441895,2021-10-13,0.42868295311927795,1.0,"{""type"":""Point"",""coordinates"":[76.608889,11.217222]}"
584,10,0.30749085545539856,7.5360894203186035,2022-05-16,2133.35400390625,1,4.0,10.239999771118164,2022-05-16,2022-05-15,19.49840545654297,294.1471252441406,2022-05-17,23.969999313354492,22.91666603088379,2022-05-16,0.42320695519447327,1.0,"{""type"":""Point"",""coordinates"":[76.606667,11.216111]}"
585,10,0.02611851505935192,297.3642272949219,2022-07-26,2040.78076171875,1,1.0,2.6599998474121094,2022-07-26,2022-07-25,28.429912567138672,294.14434814453125,2022-07-27,48.23999786376953,33.33333206176758,2022-07-26,0.404998779296875,1.0,"{""type"":""Point"",""coordinates"":[76.610278,11.218889]}"
586,10,0.2136278599500656,169.09010314941406,2021-06-22,2205.877685546875,1,1.0,21.049999237060547,2021-06-22,2021-06-21,24.396326065063477,293.8087463378906,2021-06-23,12.960000038146973,14.583333015441895,2021-06-22,0.40365728735923767,1.0,"{""type"":""Point"",""coordinates"":[76.596667,11.219443999999998]}"
587,10,0.09352978318929672,7.122853755950928,2020-01-10,1018.0972900390625,1,147.0,3.3999998569488525,2020-01-10,2020-01-09,28.495927810668945,293.8078308105469,2020-01-11,0.0,0.0,2020-01-10,0.250781387090683,5.0,"{""type"":""Point"",""coordinates"":[76.568175,11.170097]}"
588,10,0.4286453127861023,181.0970916748047,2023-02-12,1375.8717041015625,1,4.0,0.0,2023-02-12,2023-02-11,14.610724449157715,293.9522399902344,2023-02-13,0.0,0.0,2023-02-12,0.18307559192180634,4.0,"{""type"":""Point"",""coordinates"":[76.531131,11.168853]}"
589,10,0.435345321893692,61.35578918457031,2021-04-01,754.137451171875,1,325.0,0.0,2021-04-01,2021-03-31,31.737993240356445,296.7030029296875,2021-04-02,0.4959999918937683,0.0,2021-04-01,0.3330294191837311,1.0,"{""type"":""Point"",""coordinates"":[76.599622,11.159825000000001]}"
590,10,0.15015920996665955,144.41891479492188,2022-04-13,727.6519775390625,1,343.0,161.09999084472656,2022-04-13,2022-04-12,32.84929656982422,295.2849426269531,2022-04-14,9.34999942779541,8.333333015441895,2022-04-13,0.3541189730167389,9.0,"{""type"":""Point"",""coordinates"":[76.607192,11.158969]}"
591,30,0.13005606830120087,158.93638610839844,2020-03-26,897.4967041015625,1,1.0,0.7099999785423279,2020-03-26,2020-03-25,1.6582432985305786,298.9127197265625,2020-03-27,0.0,0.0,2020-03-26,0.41155561804771423,1.0,"{""type"":""Point"",""coordinates"":[76.608647,11.038569]}"
592,30,0.10622759908437729,280.00732421875,2021-11-01,877.8076782226562,1,1.0,23.28999900817871,2021-11-01,2021-10-31,26.81667709350586,295.8951416015625,2021-11-02,44.202999114990234,29.16666603088379,2021-11-01,0.48120179772377014,1.0,"{""type"":""Point"",""coordinates"":[76.608094,11.040092]}"
593,10,0.05573625862598419,76.10978698730469,2021-08-28,863.1495361328125,1,1.0,38.48999786376953,2021-08-28,2021-08-27,15.760421752929688,295.2619934082031,2021-08-29,83.94000244140625,66.66666412353516,2021-08-28,0.49686431884765625,1.0,"{""type"":""Point"",""coordinates"":[76.604944,11.040111]}"
594,10,0.19657772779464722,312.3274230957031,2021-01-11,866.9947509765625,1,1.0,2.690000057220459,2021-01-11,2021-01-10,32.395713806152344,295.9137268066406,2021-01-12,25.40999984741211,39.58333206176758,2021-01-11,0.47562599182128906,1.0,"{""type"":""Point"",""coordinates"":[76.601875,11.039889]}"
595,10,0.5418691039085388,318.5436096191406,2023-03-04,856.0067749023438,1,1.0,0.0,2023-03-04,2023-03-03,24.382003784179688,298.59027099609375,2023-03-05,0.0,0.0,2023-03-04,0.28114446997642517,1.0,"{""type"":""Point"",""coordinates"":[76.603611,11.043258000000002]}"
596,10,0.6431972980499268,248.93276977539062,2019-01-19,750.239013671875,1,8.0,0.0,2019-01-19,2019-01-18,11.189783096313477,296.6360168457031,2019-01-20,0.0,0.0,2019-01-19,0.29126548767089844,2.0,"{""type"":""Point"",""coordinates"":[76.596222,11.047383]}"
597,10,-0.0030948787461966276,244.42440795898438,2019-09-08,739.5198974609375,1,8.0,3.5199999809265137,2019-09-08,2019-09-07,11.730951309204102,295.6968078613281,2019-09-09,8.359999656677246,8.333333015441895,2019-09-08,0.4810244143009186,8.0,"{""type"":""Point"",""coordinates"":[76.594039,11.046392]}"
598,10,0.0024035610258579254,339.58660888671875,2021-10-17,756.298583984375,1,4.0,395.2200012207031,2021-10-17,2021-10-16,35.97357940673828,296.3148193359375,2021-10-18,29.399999618530273,41.66666793823242,2021-10-17,0.4776357114315033,3.0,"{""type"":""Point"",""coordinates"":[76.583922,11.046744]}"
599,10,0.15495774149894714,275.794189453125,2020-09-26,634.7958984375,1,4.0,152.3199920654297,2020-09-26,2020-09-25,17.070056915283203,296.0416259765625,2020-09-27,8.460000038146973,8.333333015441895,2020-09-26,0.4852619171142578,4.0,"{""type"":""Point"",""coordinates"":[76.580602,11.045365]}"
600,10,0.23824484646320343,349.52069091796875,2019-12-09,639.3322143554688,1,4.0,9.0,2019-12-09,2019-12-08,13.018123626708984,296.7008056640625,2019-12-10,0.0,0.0,2019-12-09,0.43053755164146423,4.0,"{""type"":""Point"",""coordinates"":[76.58101,11.047615000000002]}"
601,10,0.1532858908176422,61.13568878173828,2021-07-11,760.6259155273438,1,3.0,58.459999084472656,2021-07-11,2021-07-10,20.879947662353516,294.56707763671875,2021-07-12,27.76999855041504,39.58333206176758,2021-07-11,0.45773887634277344,2.0,"{""type"":""Point"",""coordinates"":[76.59954700000002,11.067875000000003]}"
602,10,0.32751724123954773,134.1873321533203,2023-04-02,791.5120849609375,1,2.0,0.13900001347064972,2023-04-02,2023-04-01,25.176437377929688,298.3904113769531,2023-04-03,0.0,0.0,2023-04-02,0.3285026550292969,1.0,"{""type"":""Point"",""coordinates"":[76.600061,11.072628]}"
603,10,0.4633714258670807,294.06622314453125,2022-04-03,805.5637817382812,1,1.0,0.0,2022-04-03,2022-04-02,12.652434349060059,298.1150207519531,2022-04-04,0.0,0.0,2022-04-03,0.4315846860408783,1.0,"{""type"":""Point"",""coordinates"":[76.599097,11.073680999999997]}"
604,10,0.2403165102005005,301.4088439941406,2023-11-26,585.958251953125,1,7.0,4.710000038146973,2023-11-26,2023-11-25,12.61592960357666,296.20806884765625,2023-11-27,0.0,0.0,2023-11-26,0.44970574975013733,3.0,"{""type"":""Point"",""coordinates"":[76.587101,11.078735000000002]}"
605,10,0.17549537122249603,0.9999682903289795,2021-11-08,612.535888671875,1,1.0,13.529999732971191,2021-11-08,2021-11-07,34.4671745300293,295.6830749511719,2021-11-09,21.35999870300293,31.25,2021-11-08,0.4466165006160736,1.0,"{""type"":""Point"",""coordinates"":[76.573469,11.075386000000002]}"
606,10,0.10553760826587677,40.49087142944336,2022-07-02,555.1492309570312,1,992.0,1360.031982421875,2022-07-02,2022-07-01,17.406761169433594,294.90179443359375,2022-07-03,5.360000133514404,10.416666984558105,2022-07-02,0.4713713228702545,992.0,"{""type"":""Point"",""coordinates"":[76.566964,11.081464]}"
607,10,0.262571781873703,301.1293029785156,2020-01-23,766.6192626953125,1,1.0,0.0,2020-01-23,2020-01-22,32.57204055786133,298.1137390136719,2020-01-24,0.0,0.0,2020-01-23,0.1834125518798828,1.0,"{""type"":""Point"",""coordinates"":[76.576697,11.066597]}"
608,10,0.3754670023918152,300.67156982421875,2020-12-10,537.478515625,1,5.0,0.0,2020-12-10,2020-12-09,16.908037185668945,295.3554382324219,2020-12-11,0.0,0.0,2020-12-10,0.4594014585018158,5.0,"{""type"":""Point"",""coordinates"":[76.548056,11.055747]}"
609,10,0.2564888596534729,352.4917907714844,2020-05-26,586.5908813476562,1,1.0,7.949999809265137,2020-05-26,2020-05-25,23.565322875976562,299.15228271484375,2020-05-27,0.0,0.0,2020-05-26,0.4759712219238281,1.0,"{""type"":""Point"",""coordinates"":[76.553531,11.038792]}"
610,10,0.16509203612804413,145.6720733642578,2019-11-18,457.5367126464844,1,12.0,2.1599998474121094,2019-11-18,2019-11-17,24.304006576538086,297.79754638671875,2019-11-19,0.0,0.0,2019-11-18,0.4572906494140625,12.0,"{""type"":""Point"",""coordinates"":[76.540858,11.046935]}"
611,10,0.4399060606956482,188.6089324951172,2023-01-23,439.6070861816406,1,14.0,15.119999885559082,2023-01-23,2023-01-22,22.384023666381836,297.9864196777344,2023-01-24,0.32999998331069946,0.0,2023-01-23,0.282855361700058,12.0,"{""type"":""Point"",""coordinates"":[76.540755,11.046357999999998]}"
612,10,0.021365351974964142,112.40719604492188,2019-07-31,439.4611511230469,1,14.0,790.4400024414062,2019-07-31,2019-07-30,29.98697280883789,297.309326171875,2019-08-01,1.399999976158142,2.0833332538604736,2019-07-31,0.4612680971622467,14.0,"{""type"":""Point"",""coordinates"":[76.539902,11.04543]}"
613,10,0.022896675392985344,169.6265411376953,2020-07-19,365.3758239746094,1,10.0,15.019999504089355,2020-07-19,2020-07-18,19.25070571899414,296.8550109863281,2020-07-20,0.29999998211860657,0.0,2020-07-19,0.4812990725040436,2.0,"{""type"":""Point"",""coordinates"":[76.534018,11.041933000000002]}"
614,10,-0.012348736636340618,167.88174438476562,2022-08-31,358.0542907714844,1,10.0,33.55999755859375,2022-08-31,2022-08-30,23.861135482788086,297.6630859375,2022-09-01,60.21999740600586,31.25,2022-08-31,0.474139541387558,1.0,"{""type"":""Point"",""coordinates"":[76.532897,11.040947]}"
615,10,0.03630279377102852,118.63319396972656,2020-09-23,379.2302551269531,1,10.0,3.1999998092651367,2020-09-23,2020-09-22,21.847248077392578,296.385009765625,2020-09-24,0.0,0.0,2020-09-23,0.4891529083251953,2.0,"{""type"":""Point"",""coordinates"":[76.53334,11.041634999999996]}"
616,10,0.6926363110542297,295.2565612792969,2020-02-13,557.5200805664062,1,12.0,0.0,2020-02-13,2020-02-12,10.986568450927734,301.1755676269531,2020-02-14,0.0,0.0,2020-02-13,0.27675309777259827,1.0,"{""type"":""Point"",""coordinates"":[76.53708,11.04922]}"
617,30,0.07510703802108765,171.37083435058594,2021-11-26,578.9254760742188,1,2.0,103.6199951171875,2021-11-26,2021-11-25,24.853429794311523,295.44818115234375,2021-11-27,0.7699999809265137,0.0,2021-11-26,0.45677313208580017,2.0,"{""type"":""Point"",""coordinates"":[76.551442,11.062219000000002]}"
618,30,0.06205802410840988,136.83139038085938,2021-12-04,1237.7001953125,1,1.0,45.41999816894531,2021-12-04,2021-12-03,41.79856491088867,295.44488525390625,2021-12-05,4.75,8.333333015441895,2021-12-04,0.44493865966796875,1.0,"{""type"":""Point"",""coordinates"":[76.556542,11.096811]}"
619,30,0.04845967888832092,31.10596466064453,2022-12-03,1349.21484375,1,1.0,8.239999771118164,2022-12-03,2022-12-02,33.0289306640625,296.0387878417969,2022-12-04,1.619999885559082,2.0833332538604736,2022-12-03,0.418682724237442,1.0,"{""type"":""Point"",""coordinates"":[76.557142,11.131271999999997]}"
620,10,0.266763836145401,112.44523620605469,2023-01-29,1272.0736083984375,1,1.0,0.0,2023-01-29,2023-01-28,12.248324394226074,295.30126953125,2023-01-30,0.0,0.0,2023-01-29,0.22352154552936554,1.0,"{""type"":""Point"",""coordinates"":[76.551275,11.123769000000001]}"
621,10,0.34845611453056335,290.8345031738281,2023-06-23,978.265869140625,1,587.0,5042.32958984375,2023-06-23,2023-06-22,22.51980209350586,295.3220520019531,2023-06-24,0.85999995470047,2.0833332538604736,2023-06-23,0.4736734926700592,587.0,"{""type"":""Point"",""coordinates"":[76.528203,11.135264000000001]}"
622,10,0.183497354388237,292.8344421386719,2023-11-08,989.689697265625,1,587.0,14181.919921875,2023-11-08,2023-11-07,27.78628921508789,295.0752868652344,2023-11-09,60.429996490478516,43.75,2023-11-08,0.4808197021484375,587.0,"{""type"":""Point"",""coordinates"":[76.527867,11.134606]}"
623,10,0.210923969745636,285.51873779296875,2021-11-24,997.1566772460938,1,587.0,903.97998046875,2021-11-24,2021-11-23,24.23590087890625,294.7644348144531,2021-11-25,1.7599999904632568,0.0,2021-11-24,0.49245643615722656,587.0,"{""type"":""Point"",""coordinates"":[76.527867,11.134227999999998]}"
624,10,0.5162246227264404,274.6089782714844,2023-04-19,1007.88134765625,1,587.0,516.5599975585938,2023-04-19,2023-04-18,22.693540573120117,298.3485107421875,2023-04-20,0.23999999463558197,0.0,2023-04-19,0.41659417748451233,587.0,"{""type"":""Point"",""coordinates"":[76.528272,11.134331000000001]}"
625,10,0.17992839217185974,79.056884765625,2022-11-14,112.76808166503906,1,1.0,4.389999866485596,2022-11-14,2022-11-13,30.17704963684082,298.0343017578125,2022-11-15,7.799999713897705,10.416666984558105,2022-11-14,0.4870738983154297,1.0,"{""type"":""Point"",""coordinates"":[76.44055300000001,11.042363]}"
626,10,0.01527309138327837,157.46629333496094,2021-08-02,374.7436218261719,1,1.0,0.4140000343322754,2021-08-02,2021-08-01,29.35358238220215,297.69659423828125,2021-08-03,6.339999675750732,4.166666507720947,2021-08-02,0.45342889428138733,1.0,"{""type"":""Point"",""coordinates"":[76.530795,11.039302]}"
627,10,0.16099010407924652,192.0375518798828,2022-05-02,336.6068420410156,1,2.0,27.456998825073242,2022-05-02,2022-05-01,30.207948684692383,298.94097900390625,2022-05-03,6.960000038146973,6.25,2022-05-02,0.47481536865234375,1.0,"{""type"":""Point"",""coordinates"":[76.52758,11.03747]}"
628,10,0.7799516916275024,184.4650115966797,2021-03-24,274.9360046386719,1,111.0,0.0,2021-03-24,2021-03-23,19.87644386291504,301.81414794921875,2021-03-25,0.3400000035762787,0.0,2021-03-24,0.2957827150821686,1.0,"{""type"":""Point"",""coordinates"":[76.529053,11.036503]}"
629,10,0.06801991164684296,166.57379150390625,2019-07-16,301.0266418457031,1,111.0,1.5799999237060547,2019-07-16,2019-07-15,28.491954803466797,297.14227294921875,2019-07-17,6.5,10.416666984558105,2019-07-16,0.4799855649471283,1.0,"{""type"":""Point"",""coordinates"":[76.528927,11.037277000000001]}"
630,10,0.028185008093714714,166.1085205078125,2020-08-16,351.6733703613281,1,1.0,1.5299999713897705,2020-08-16,2020-08-15,16.98402976989746,296.7460021972656,2020-08-17,6.049999713897705,6.25,2020-08-16,0.46977362036705017,1.0,"{""type"":""Point"",""coordinates"":[76.530202,11.038652999999998]}"
631,10,0.38583046197891235,197.60507202148438,2022-01-01,253.3792266845703,1,1.0,0.0,2022-01-01,2021-12-31,21.922443389892578,298.60565185546875,2022-01-02,9.875,12.5,2022-01-01,0.3062845766544342,1.0,"{""type"":""Point"",""coordinates"":[76.527483,11.035232]}"
632,10,0.03424585238099098,288.6257019042969,2020-08-07,146.33114624023438,1,116.0,10980.5595703125,2020-08-07,2020-08-06,6.8143815994262695,296.40350341796875,2020-08-08,43.86000061035156,45.83333206176758,2020-08-07,0.47639402747154236,116.0,"{""type"":""Point"",""coordinates"":[76.52780700000001,11.032676999999998]}"
633,10,0.2529037594795227,330.0149230957031,2022-12-04,154.57167053222656,1,116.0,113.67999267578125,2022-12-04,2022-12-03,29.322811126708984,297.88311767578125,2022-12-05,52.21999740600586,16.66666603088379,2022-12-04,0.451263427734375,116.0,"{""type"":""Point"",""coordinates"":[76.527796,11.032267]}"
634,10,0.44119036197662354,344.0209045410156,2022-11-26,371.2506408691406,1,116.0,0.0,2022-11-26,2022-11-25,25.787694931030273,297.2326354980469,2022-11-27,2.819999933242798,4.166666507720947,2022-11-26,0.4479236602783203,1.0,"{""type"":""Point"",""coordinates"":[76.528773,11.028482999999998]}"
635,10,0.3587394654750824,326.82037353515625,2020-05-11,204.1027374267578,1,120.0,0.0,2020-05-11,2020-05-10,29.41631317138672,300.4277648925781,2020-05-12,0.19999998807907104,0.0,2020-05-11,0.48285993933677673,120.0,"{""type"":""Point"",""coordinates"":[76.52300000000001,11.029352]}"
636,10,0.007241038139909506,319.9300537109375,2019-08-30,141.05686950683594,1,121.0,5289.60009765625,2019-08-30,2019-08-29,26.05551528930664,296.57696533203125,2019-08-31,1.6200000047683716,2.0833332538604736,2019-08-30,0.49639829993247986,120.0,"{""type"":""Point"",""coordinates"":[76.521189,11.029556000000001]}"
637,10,0.15038610994815826,305.9166564941406,2021-11-03,173.37608337402344,1,120.0,3852.0,2021-11-03,2021-11-02,26.706045150756836,297.11541748046875,2021-11-04,0.14000000059604645,0.0,2021-11-03,0.47888436913490295,120.0,"{""type"":""Point"",""coordinates"":[76.522575,11.029777000000001]}"
638,10,0.5404108762741089,301.10321044921875,2022-03-08,140.319580078125,1,121.0,0.0,2022-03-08,2022-03-07,27.93258285522461,301.16937255859375,2022-03-09,0.0,0.0,2022-03-08,0.2782045900821686,121.0,"{""type"":""Point"",""coordinates"":[76.517839,11.026772]}"
639,10,0.2297205626964569,21.375911712646484,2019-11-30,119.2215576171875,1,1.0,7.159999847412109,2019-11-30,2019-11-29,20.470623016357422,299.8726806640625,2019-12-01,10.639999389648438,20.83333396911621,2019-11-30,0.34847259521484375,1.0,"{""type"":""Point"",""coordinates"":[76.505947,10.946359999999999]}"
640,10,0.06646125763654709,148.97691345214844,2022-12-20,281.5997009277344,1,1.0,0.0,2022-12-20,2022-12-19,15.753678321838379,297.3288269042969,2022-12-21,0.0,0.0,2022-12-20,0.4099203646183014,1.0,"{""type"":""Point"",""coordinates"":[76.5438,10.957348]}"
641,10,0.08136630803346634,5.4562668800354,2023-07-07,279.81378173828125,1,3.0,120.77999877929688,2023-07-07,2023-07-06,34.17218017578125,295.4332275390625,2023-07-08,40.459999084472656,47.91666793823242,2023-07-07,0.4805246889591217,2.0,"{""type"":""Point"",""coordinates"":[76.558936,10.937643999999999]}"
642,10,0.23155827820301056,342.7551574707031,2023-12-21,317.3277587890625,1,4.0,0.0,2023-12-21,2023-12-20,17.202701568603516,297.0499572753906,2023-12-22,0.0,0.0,2023-12-21,0.4605337679386139,4.0,"{""type"":""Point"",""coordinates"":[76.571908,10.956021000000003]}"
643,10,0.21051080524921417,244.25733947753906,2022-07-01,305.6455993652344,1,45.0,93.18999481201172,2022-07-01,2022-06-30,27.100719451904297,294.8937072753906,2022-07-02,1.4459999799728394,4.166666507720947,2022-07-01,0.48038291931152344,1.0,"{""type"":""Point"",""coordinates"":[76.57454,10.97039]}"
644,10,0.06962540745735168,244.25733947753906,2022-09-20,305.6455993652344,1,45.0,0.6100000143051147,2022-09-20,2022-09-19,27.100719451904297,296.4951477050781,2022-09-21,1.25,4.166666507720947,2022-09-20,0.4748446047306061,1.0,"{""type"":""Point"",""coordinates"":[76.57454,10.97039]}"
645,10,0.09432860463857651,118.03239440917969,2020-10-23,390.27752685546875,1,1.0,0.0,2020-10-23,2020-10-22,18.00889778137207,295.6776123046875,2020-10-24,0.0,0.0,2020-10-23,0.43476739525794983,1.0,"{""type"":""Point"",""coordinates"":[76.570944,10.977561]}"
646,10,0.01522152405232191,149.3437957763672,2019-07-13,329.52587890625,1,39.0,1.9299999475479126,2019-07-13,2019-07-12,31.333126068115234,297.0185852050781,2019-07-14,22.75,14.583333015441895,2019-07-13,0.48606300354003906,1.0,"{""type"":""Point"",""coordinates"":[76.574889,10.977285999999998]}"
647,10,0.10171616822481155,144.15113830566406,2023-08-26,288.4148864746094,1,1.0,0.0,2023-08-26,2023-08-25,27.352802276611328,297.8930969238281,2023-08-27,2.7699999809265137,4.166666507720947,2023-08-26,0.4118601381778717,1.0,"{""type"":""Point"",""coordinates"":[76.572928,10.975989000000002]}"
648,10,0.268026202917099,328.6242370605469,2020-11-13,281.09674072265625,1,1.0,1.369999885559082,2020-11-13,2020-11-12,29.973005294799805,297.43408203125,2020-11-14,3.9099998474121094,6.25,2020-11-13,0.41648611426353455,1.0,"{""type"":""Point"",""coordinates"":[76.55491,10.97659]}"
649,10,0.6458359956741333,354.9643249511719,2019-04-14,212.91806030273438,1,1.0,0.0,2019-04-14,2019-04-13,24.034578323364258,301.95556640625,2019-04-15,0.05999999865889549,0.0,2019-04-14,0.46570906043052673,1.0,"{""type"":""Point"",""coordinates"":[76.531503,11.012585999999999]}"
650,10,0.04843427240848541,349.16253662109375,2021-10-24,393.08233642578125,1,3.0,56.88999938964844,2021-10-24,2021-10-23,28.454633712768555,297.69622802734375,2021-10-25,30.28999900817871,25.0,2021-10-24,0.4961515963077545,1.0,"{""type"":""Point"",""coordinates"":[76.531518,11.029068000000002]}"
651,10,0.1288011223077774,177.42202758789062,2023-06-05,468.8164978027344,1,22.0,229.239990234375,2023-06-05,2023-06-04,22.215696334838867,297.874755859375,2023-06-06,0.30000001192092896,0.0,2023-06-05,0.4337399899959564,22.0,"{""type"":""Point"",""coordinates"":[76.551617,11.032582999999999]}"
652,10,0.03290119767189026,208.40118408203125,2023-10-23,222.78724670410156,1,25.0,0.0,2023-10-23,2023-10-22,26.577438354492188,296.9248962402344,2023-10-24,27.93000030517578,18.75,2023-10-23,0.4946918487548828,25.0,"{""type"":""Point"",""coordinates"":[76.554092,11.018786000000002]}"
653,10,0.413654625415802,332.4979553222656,2022-03-12,501.99163818359375,1,1.0,0.0,2022-03-12,2022-03-11,32.34995651245117,299.7711486816406,2022-03-13,0.0,0.0,2022-03-12,0.2820974886417389,1.0,"{""type"":""Point"",""coordinates"":[76.5562,11.011778000000001]}"
654,10,0.2314077913761139,148.87510681152344,2019-06-15,779.740478515625,1,9.0,0.0,2019-06-15,2019-06-14,25.77439308166504,296.1669616699219,2019-06-16,3.18999981880188,6.25,2019-06-15,0.4842141568660736,2.0,"{""type"":""Point"",""coordinates"":[76.604719,11.028469]}"
655,10,0.19728994369506836,143.31639099121094,2022-10-31,717.5276489257812,1,29.0,0.0,2022-10-31,2022-10-30,28.569374084472656,296.3407897949219,2022-11-01,3.8499999046325684,6.25,2022-10-31,0.4538707733154297,5.0,"{""type"":""Point"",""coordinates"":[76.617081,11.024416999999998]}"
656,10,0.27611109614372253,103.34266662597656,2019-05-26,723.717041015625,1,29.0,4.029999732971191,2019-05-26,2019-05-25,31.30825424194336,298.25152587890625,2019-05-27,1.1399999856948853,2.0833332538604736,2019-05-26,0.48898187279701233,1.0,"{""type"":""Point"",""coordinates"":[76.616214,11.027011]}"
657,10,0.30860310792922974,170.73094177246094,2020-03-28,696.933837890625,1,29.0,4.929999828338623,2020-03-28,2020-03-27,18.787172317504883,300.01470947265625,2020-03-29,0.0,0.0,2020-03-28,0.37728753685951233,29.0,"{""type"":""Point"",""coordinates"":[76.617342,11.027444000000001]}"
658,10,0.1842229813337326,170.73094177246094,2020-05-29,696.933837890625,1,29.0,1768.4200439453125,2020-05-29,2020-05-28,18.787172317504883,298.5532531738281,2020-05-30,0.0,0.0,2020-05-29,0.483813613653183,29.0,"{""type"":""Point"",""coordinates"":[76.617458,11.027433000000002]}"
659,10,0.10249267518520355,89.22589111328125,2020-09-26,735.6405639648438,1,6.0,191.22000122070312,2020-09-26,2020-09-25,11.664777755737305,296.0416259765625,2020-09-27,8.75999927520752,10.416666984558105,2020-09-26,0.4852619171142578,6.0,"{""type"":""Point"",""coordinates"":[76.616231,11.022907999999997]}"
660,10,-0.020977962762117386,235.8179931640625,2019-09-17,868.3837890625,1,14.0,708.6799926757812,2019-09-17,2019-09-16,33.351863861083984,295.9507751464844,2019-09-18,33.119998931884766,20.83333396911621,2019-09-17,0.5041109919548035,14.0,"{""type"":""Point"",""coordinates"":[76.622685,10.977277]}"
661,10,0.028098629787564278,327.5181579589844,2022-07-26,1257.586669921875,1,2.0,3.6599998474121094,2022-07-26,2022-07-25,45.16923141479492,296.8475646972656,2022-07-27,25.299999237060547,10.416666984558105,2022-07-26,0.4750328063964844,2.0,"{""type"":""Point"",""coordinates"":[76.610375,10.965332000000002]}"
662,10,0.03862883150577545,8.374290466308594,2022-12-16,1456.5562744140625,1,2.0,0.0,2022-12-16,2022-12-15,37.64435577392578,295.3544616699219,2022-12-17,0.0,0.0,2022-12-16,0.4445362091064453,1.0,"{""type"":""Point"",""coordinates"":[76.609662,10.962203]}"
663,10,0.031853172928094864,191.31321716308594,2022-11-08,823.2196655273438,1,7.0,0.0,2022-11-08,2022-11-07,14.246870040893555,296.33001708984375,2022-11-09,6.869999885559082,4.166666507720947,2022-11-08,0.4660205841064453,2.0,"{""type"":""Point"",""coordinates"":[76.607141,10.979528999999998]}"
664,10,0.5513691306114197,218.2476806640625,2020-02-22,813.1632690429688,1,7.0,0.0,2020-02-22,2020-02-21,36.00627136230469,298.76727294921875,2020-02-23,2.7899999618530273,2.0833332538604736,2020-02-22,0.2779623568058014,2.0,"{""type"":""Point"",""coordinates"":[76.606535,10.979793000000003]}"
665,30,1.651927741477266E-4,211.15382385253906,2020-07-17,782.0713500976562,1,5.0,73.5,2020-07-17,2020-07-16,35.34394454956055,295.13201904296875,2020-07-18,43.54999923706055,35.41666793823242,2020-07-17,0.473797470331192,2.0,"{""type"":""Point"",""coordinates"":[76.604885,10.980788]}"
666,30,0.03984902799129486,243.283203125,2021-09-03,798.46044921875,1,2.0,162.9199981689453,2021-09-03,2021-09-02,38.15776443481445,295.55731201171875,2021-09-04,25.939998626708984,33.33333206176758,2021-09-03,0.4763285219669342,2.0,"{""type"":""Point"",""coordinates"":[76.605667,10.980230000000002]}"
667,10,0.026776961982250214,197.58444213867188,2021-08-25,701.6029052734375,1,5.0,3.859999895095825,2021-08-25,2021-08-24,33.21858215332031,296.2007751464844,2021-08-26,6.029999732971191,8.333333015441895,2021-08-25,0.47705650329589844,1.0,"{""type"":""Point"",""coordinates"":[76.599834,10.982088000000001]}"
668,10,-0.02570810168981552,211.21182250976562,2022-08-01,698.009521484375,1,5.0,44.14999771118164,2022-08-01,2022-07-31,31.913928985595703,296.7344970703125,2022-08-02,18.05699920654297,16.66666603088379,2022-08-01,0.46947288513183594,1.0,"{""type"":""Point"",""coordinates"":[76.599359,10.982469]}"
669,10,0.7168141603469849,193.96475219726562,2023-02-14,675.1829223632812,1,3.0,0.0,2023-02-14,2023-02-13,34.409053802490234,297.5504455566406,2023-02-15,0.0,0.0,2023-02-14,0.3021087646484375,3.0,"{""type"":""Point"",""coordinates"":[76.595173,10.982903000000002]}"
670,10,0.667997419834137,257.4789123535156,2022-01-12,636.2882080078125,1,3.0,0.0,2022-01-12,2022-01-11,10.05142879486084,296.9817810058594,2022-01-13,0.0,0.0,2022-01-12,0.30359014868736267,1.0,"{""type"":""Point"",""coordinates"":[76.592178,10.984006]}"
671,10,-0.00780028011649847,24.46035385131836,2019-08-28,615.45556640625,1,4.0,1.7299998998641968,2019-08-28,2019-08-27,25.22430992126465,294.4104919433594,2019-08-29,13.899999618530273,14.583333015441895,2019-08-28,0.4765472412109375,1.0,"{""type"":""Point"",""coordinates"":[76.589808,10.983786]}"
672,10,0.33033061027526855,15.561697006225586,2020-12-19,599.1680297851562,1,1.0,0.1599999964237213,2020-12-19,2020-12-18,29.883071899414062,296.14312744140625,2020-12-20,2.679999828338623,2.0833332538604736,2020-12-19,0.4357198178768158,1.0,"{""type"":""Point"",""coordinates"":[76.588747,10.984641999999997]}"
673,10,0.8005409836769104,297.4609375,2020-02-21,593.4188232421875,1,1.0,0.0,2020-02-21,2020-02-20,27.674901962280273,298.1621398925781,2020-02-22,0.0,0.0,2020-02-21,0.27810731530189514,1.0,"{""type"":""Point"",""coordinates"":[76.587805,10.984603999999997]}"
674,10,0.5512356162071228,195.38829040527344,2020-12-05,428.7347412109375,1,1.0,5.659999847412109,2020-12-05,2020-12-04,28.679521560668945,295.29730224609375,2020-12-06,0.25999999046325684,0.0,2020-12-05,0.4886302947998047,1.0,"{""type"":""Point"",""coordinates"":[76.579403,10.981403000000002]}"
675,30,0.1790529042482376,315.4769287109375,2021-05-11,373.48370361328125,1,30.0,12.899999618530273,2021-05-11,2021-05-10,16.044479370117188,298.4844055175781,2021-05-12,7.819999694824219,6.25,2021-05-11,0.48002371191978455,30.0,"{""type"":""Point"",""coordinates"":[76.58429,10.976649]}"
676,10,0.06692289561033249,359.1446228027344,2020-08-17,397.0759582519531,1,30.0,287.3999938964844,2020-08-17,2020-08-16,18.214599609375,296.2745361328125,2020-08-18,0.28999999165534973,0.0,2020-08-17,0.45599493384361267,30.0,"{""type"":""Point"",""coordinates"":[76.585579,10.975952000000001]}"
677,10,-0.04333644360303879,155.63258361816406,2022-07-22,1258.739501953125,1,1.0,55.29999923706055,2022-07-22,2022-07-21,37.777645111083984,297.4017333984375,2022-07-23,8.699999809265137,10.416666984558105,2022-07-22,0.47804006934165955,1.0,"{""type"":""Point"",""coordinates"":[76.62285,10.909665]}"
678,10,0.17015650868415833,137.78851318359375,2019-03-15,701.5494995117188,1,2.0,0.0,2019-03-15,2019-03-14,24.4837703704834,301.2719421386719,2019-03-16,0.0,0.0,2019-03-15,0.308245986700058,2.0,"{""type"":""Point"",""coordinates"":[76.581677,10.888970000000002]}"
679,10,0.09114681929349899,134.4251251220703,2021-01-15,745.3765258789062,1,2.0,0.0,2021-01-15,2021-01-14,25.74669647216797,296.7980651855469,2021-01-16,2.5,2.0833332538604736,2021-01-15,0.4552345275878906,2.0,"{""type"":""Point"",""coordinates"":[76.579875,10.888613]}"
680,10,0.14560261368751526,290.1516418457031,2019-04-01,505.8927917480469,1,2.0,0.0,2019-04-01,2019-03-31,49.045806884765625,302.099609375,2019-04-02,0.11400000751018524,0.0,2019-04-01,0.3195578157901764,2.0,"{""type"":""Point"",""coordinates"":[76.60297800000001,10.867341]}"
681,10,0.7800886631011963,181.2071075439453,2019-01-24,618.0542602539062,1,1.0,0.0,2019-01-24,2019-01-23,16.98021125793457,297.7666015625,2019-01-25,0.0,0.0,2019-01-24,0.2787303924560547,1.0,"{""type"":""Point"",""coordinates"":[76.604869,10.864489]}"
682,10,0.006611802615225315,217.57154846191406,2019-07-25,505.88006591796875,1,1.0,7.96999979019165,2019-07-25,2019-07-24,33.15863800048828,296.4346618652344,2019-07-26,11.119999885559082,14.583333015441895,2019-07-25,0.48594793677330017,1.0,"{""type"":""Point"",""coordinates"":[76.602972,10.863736]}"
683,10,0.20590582489967346,229.8721923828125,2019-12-19,288.8245544433594,1,2.0,0.0,2019-12-19,2019-12-18,33.058475494384766,297.7092590332031,2019-12-20,0.0,0.0,2019-12-19,0.35157713294029236,2.0,"{""type"":""Point"",""coordinates"":[76.619767,10.868686000000002]}"
684,30,0.0019268982578068972,182.06138610839844,2019-08-13,654.7537841796875,1,1.0,3.6399998664855957,2019-08-13,2019-08-12,31.857200622558594,296.42559814453125,2019-08-14,24.56999969482422,35.41666793823242,2019-08-13,0.49387869238853455,1.0,"{""type"":""Point"",""coordinates"":[76.57727,10.887625]}"
685,10,0.09939594566822052,280.83245849609375,2021-07-06,331.22967529296875,1,4.0,11.460000038146973,2021-07-06,2021-07-05,34.33832931518555,297.6811218261719,2021-07-07,0.3700000047683716,0.0,2021-07-06,0.49262872338294983,1.0,"{""type"":""Point"",""coordinates"":[76.554256,10.912111]}"
686,10,0.6517704129219055,317.4627380371094,2023-02-13,159.6554412841797,1,4.0,0.0,2023-02-13,2023-02-12,13.033858299255371,298.8640441894531,2023-02-14,0.0,0.0,2023-02-13,0.2826652526855469,1.0,"{""type"":""Point"",""coordinates"":[76.551438,10.911788]}"
687,10,0.7794129252433777,12.76961898803711,2019-04-12,95.8555908203125,1,35.0,0.0,2019-04-12,2019-04-11,18.427783966064453,302.7872009277344,2019-04-13,0.0,0.0,2019-04-12,0.4042021334171295,31.0,"{""type"":""Point"",""coordinates"":[76.458106,10.854766]}"
688,10,0.283378928899765,4.627427101135254,2019-06-15,89.2513427734375,1,1.0,3.5799999237060547,2019-06-15,2019-06-14,14.825525283813477,298.3063049316406,2019-06-16,8.149999618530273,6.25,2019-06-15,0.4866097867488861,1.0,"{""type"":""Point"",""coordinates"":[76.453408,10.855047000000003]}"
689,10,0.08477329462766647,17.1972599029541,2020-07-14,117.24803161621094,1,2.0,12.479999542236328,2020-07-14,2020-07-13,26.89689064025879,298.10955810546875,2020-07-15,16.579999923706055,12.5,2020-07-14,0.49440130591392517,1.0,"{""type"":""Point"",""coordinates"":[76.5319,10.628800000000002]}"
690,10,0.04829777777194977,336.1291198730469,2021-12-06,93.77898406982422,1,4.0,0.0,2021-12-06,2021-12-05,8.091198921203613,299.5379333496094,2021-12-07,0.0,0.0,2021-12-06,0.4500141143798828,2.0,"{""type"":""Point"",""coordinates"":[76.532611,10.629437]}"
691,30,0.29646509885787964,165.1433563232422,2021-12-25,129.8149871826172,1,1.0,0.0,2021-12-25,2021-12-24,24.560230255126953,297.8565979003906,2021-12-26,0.0,0.0,2021-12-25,0.2434539794921875,1.0,"{""type"":""Point"",""coordinates"":[76.614962,10.587136000000001]}"
692,30,0.1619071066379547,153.1022491455078,2020-08-18,135.07080078125,1,1.0,0.0,2020-08-18,2020-08-17,28.807008743286133,298.14666748046875,2020-08-19,5.359999656677246,4.166666507720947,2020-08-18,0.49305787682533264,1.0,"{""type"":""Point"",""coordinates"":[76.614269,10.586837]}"
693,10,0.14318111538887024,17.347688674926758,2019-12-28,135.84202575683594,1,2.0,0.0,2019-12-28,2019-12-27,5.601140975952148,298.51116943359375,2019-12-29,0.0,0.0,2019-12-28,0.32399749755859375,2.0,"{""type"":""Point"",""coordinates"":[76.620628,10.538520000000002]}"
694,10,0.4536435306072235,36.760494232177734,2020-11-20,240.1688995361328,1,2.0,1.2999999523162842,2020-11-20,2020-11-19,24.22245216369629,297.28363037109375,2020-11-21,0.0,0.0,2020-11-20,0.47388458251953125,2.0,"{""type"":""Point"",""coordinates"":[76.621292,10.531615]}"
695,10,0.09424690902233124,44.67499923706055,2022-11-02,242.37188720703125,1,2.0,18.65799903869629,2022-11-02,2022-11-01,38.02442932128906,296.8986511230469,2022-11-03,42.07999801635742,22.91666603088379,2022-11-02,0.43870481848716736,2.0,"{""type"":""Point"",""coordinates"":[76.622477,10.530195]}"
696,10,0.14722441136837006,40.891021728515625,2019-10-03,269.66705322265625,1,2.0,6.119999885559082,2019-10-03,2019-10-02,25.965848922729492,297.9705505371094,2019-10-04,25.139999389648438,16.66666603088379,2019-10-03,0.48144975304603577,2.0,"{""type"":""Point"",""coordinates"":[76.622937,10.529521999999998]}"
697,10,0.6372171640396118,35.38959503173828,2020-04-26,190.79759216308594,1,2.0,1.0399999618530273,2020-04-26,2020-04-25,28.10406494140625,300.4859619140625,2020-04-27,60.970001220703125,22.91666603088379,2020-04-26,0.37523970007896423,2.0,"{""type"":""Point"",""coordinates"":[76.613566,10.536065]}"
698,10,0.10924726724624634,294.49658203125,2021-09-26,163.58323669433594,1,1.0,4.289999961853027,2021-09-26,2021-09-25,25.063854217529297,299.3155517578125,2021-09-27,23.76999855041504,18.75,2021-09-26,0.45149484276771545,1.0,"{""type"":""Point"",""coordinates"":[76.5578,10.552999999999999]}"
699,10,0.30904534459114075,227.98361206054688,2020-01-01,131.08038330078125,1,3.0,0.0,2020-01-01,2019-12-31,19.579143524169922,298.3596496582031,2020-01-02,0.012000000104308128,0.0,2020-01-01,0.3068612515926361,2.0,"{""type"":""Point"",""coordinates"":[76.5671,10.548100000000002]}"
700,10,0.11828998476266861,95.10330200195312,2019-08-19,122.38092803955078,1,3.0,3.6599998474121094,2019-08-19,2019-08-18,3.684959888458252,296.3406982421875,2019-08-20,5.87999963760376,4.166666507720947,2019-08-19,0.4952475130558014,1.0,"{""type"":""Point"",""coordinates"":[76.5622,10.5483]}"
701,10,0.49442538619041443,55.556514739990234,2019-01-03,132.07766723632812,1,1.0,0.0,2019-01-03,2019-01-02,10.863625526428223,296.68939208984375,2019-01-04,0.0,0.0,2019-01-03,0.34690794348716736,1.0,"{""type"":""Point"",""coordinates"":[76.5612,10.5494]}"
702,10,0.509816586971283,8.175043106079102,2020-05-24,125.35051727294922,1,1.0,0.0,2020-05-24,2020-05-23,21.803634643554688,300.6228942871094,2020-05-25,0.0,0.0,2020-05-24,0.4585672914981842,1.0,"{""type"":""Point"",""coordinates"":[76.554523,10.619327]}"
703,30,0.30769431591033936,198.36453247070312,2021-09-12,211.18943786621094,1,1.0,7.849999904632568,2021-09-12,2021-09-11,25.962888717651367,298.85540771484375,2021-09-13,57.369998931884766,54.16666793823242,2021-09-12,0.47887739539146423,1.0,"{""type"":""Point"",""coordinates"":[76.537792,10.621085]}"
704,10,0.35111764073371887,61.052764892578125,2023-11-19,149.63681030273438,1,1.0,0.0,2023-11-19,2023-11-18,18.748472213745117,300.5082092285156,2023-11-20,0.0,0.0,2023-11-19,0.377154678106308,1.0,"{""type"":""Point"",""coordinates"":[76.542127,10.623613]}"
705,10,0.6027286052703857,79.19667053222656,2022-09-10,106.94454193115234,1,2.0,38.65999984741211,2022-09-10,2022-09-09,17.212512969970703,297.9847106933594,2022-09-11,8.420000076293945,16.66666603088379,2022-09-10,0.4758027493953705,2.0,"{""type"":""Point"",""coordinates"":[76.5395,10.625921999999997]}"
706,10,0.31615912914276123,1.3043159246444702,2023-10-20,96.91967010498047,1,1.0,0.0,2023-10-20,2023-10-19,14.09643840789795,300.37835693359375,2023-10-21,0.0,0.0,2023-10-20,0.45150312781333923,1.0,"{""type"":""Point"",""coordinates"":[76.536593,10.627882999999999]}"
707,10,0.5151419639587402,32.096309661865234,2022-03-16,132.89549255371094,1,1.0,0.0,2022-03-16,2022-03-15,22.0791015625,306.6438903808594,2022-03-17,0.1899999976158142,0.0,2022-03-16,0.20592498779296875,1.0,"{""type"":""Point"",""coordinates"":[76.5355,10.6272]}"
708,10,0.10657865554094315,23.257755279541016,2019-09-08,151.51498413085938,1,1.0,5.239999771118164,2019-09-08,2019-09-07,32.38734817504883,298.3904113769531,2019-09-09,6.5,8.333333015441895,2019-09-08,0.5105616450309753,1.0,"{""type"":""Point"",""coordinates"":[76.5347,10.6273]}"
709,30,0.4673742949962616,17.410200119018555,2020-01-29,181.9511260986328,1,1.0,0.0,2020-01-29,2020-01-28,35.31383514404297,303.8845520019531,2020-01-30,0.0,0.0,2020-01-29,0.20462734997272491,1.0,"{""type"":""Point"",""coordinates"":[76.5327,10.6276]}"
710,10,0.03845686838030815,183.1725616455078,2020-07-10,76.443359375,1,10.0,205.79998779296875,2020-07-10,2020-07-09,9.255030632019043,298.60321044921875,2020-07-11,107.22000122070312,35.41666793823242,2020-07-10,0.495105117559433,6.0,"{""type"":""Point"",""coordinates"":[76.525052,10.622357]}"
711,10,0.21046797931194305,160.43228149414062,2021-02-09,70.77737426757812,1,15.0,0.0,2021-02-09,2021-02-08,10.607580184936523,302.02398681640625,2021-02-10,0.0,0.0,2021-02-09,0.2051849365234375,1.0,"{""type"":""Point"",""coordinates"":[76.513723,10.625742]}"
712,50,0.10776648670434952,27.28777313232422,2022-04-13,84.82083129882812,1,1.0,34.82999801635742,2022-04-13,2022-04-12,15.574189186096191,300.2227783203125,2022-04-14,6.46999979019165,2.0833332538604736,2022-04-13,0.4463787078857422,1.0,"{""type"":""Point"",""coordinates"":[76.517673,10.634153000000001]}"
713,10,0.3468814194202423,13.287493705749512,2022-01-21,131.75088500976562,1,1.0,0.0,2022-01-21,2022-01-20,25.047378540039062,302.5494079589844,2022-01-22,0.0,0.0,2022-01-21,0.2038981169462204,1.0,"{""type"":""Point"",""coordinates"":[76.5258,10.6295]}"
714,50,0.20659123361110687,250.6659698486328,2022-02-14,103.37908172607422,1,2.0,5.859999656677246,2022-02-14,2022-02-13,2.953493118286133,303.0113525390625,2022-02-15,0.0,0.0,2022-02-14,0.25026702880859375,2.0,"{""type"":""Point"",""coordinates"":[76.406072,10.577158]}"
715,10,0.0560515895485878,55.61368179321289,2021-09-08,108.03984069824219,1,1.0,0.0,2021-09-08,2021-09-07,7.326147556304932,297.52606201171875,2021-09-09,8.039999961853027,10.416666984558105,2021-09-08,0.4811859130859375,1.0,"{""type"":""Point"",""coordinates"":[76.403667,10.572111]}"
716,10,0.17595860362052917,55.61368179321289,2023-10-12,108.03984069824219,1,1.0,5.46999979019165,2023-10-12,2023-10-11,7.326147556304932,300.36309814453125,2023-10-13,73.5199966430664,37.5,2023-10-12,0.42128053307533264,1.0,"{""type"":""Point"",""coordinates"":[76.403667,10.572111]}"
717,10,0.45032569766044617,52.40958023071289,2019-03-04,91.8877182006836,1,3.0,0.0,2019-03-04,2019-03-03,17.96498680114746,305.3713684082031,2019-03-05,0.0,0.0,2019-03-04,0.25201544165611267,3.0,"{""type"":""Point"",""coordinates"":[76.385664,10.573286]}"
718,10,0.07502931356430054,174.00204467773438,2020-06-28,129.42564392089844,1,3.0,107.25,2020-06-28,2020-06-27,20.91883659362793,298.95599365234375,2020-06-29,1.2400000095367432,2.0833332538604736,2020-06-28,0.45985159277915955,3.0,"{""type"":""Point"",""coordinates"":[76.380022,10.576722]}"
719,10,0.2933982014656067,273.985595703125,2021-03-02,119.40676879882812,1,3.0,0.07900000363588333,2021-03-02,2021-03-01,20.674270629882812,304.026611328125,2021-03-03,0.0,0.0,2021-03-02,0.28584036231040955,1.0,"{""type"":""Point"",""coordinates"":[76.378956,10.575928]}"
720,30,0.1130349338054657,284.31451416015625,2021-05-20,101.19470977783203,1,5.0,23.76999855041504,2021-05-20,2021-05-19,19.084285736083984,300.2799072265625,2021-05-21,5.819999694824219,4.166666507720947,2021-05-20,0.46890386939048767,1.0,"{""type"":""Point"",""coordinates"":[76.375089,10.570097]}"
721,50,0.17018277943134308,326.9063415527344,2023-02-22,96.38018035888672,1,5.0,0.0,2023-02-22,2023-02-21,24.141389846801758,303.9446105957031,2023-02-23,0.0,0.0,2023-02-22,0.2496134489774704,1.0,"{""type"":""Point"",""coordinates"":[76.375444,10.570555999999998]}"
722,10,0.2621171176433563,326.20977783203125,2023-06-02,70.64421844482422,1,5.0,3.1599998474121094,2023-06-02,2023-06-01,20.356882095336914,300.7304382324219,2023-06-03,0.10999999940395355,0.0,2023-06-02,0.47409629821777344,2.0,"{""type"":""Point"",""coordinates"":[76.370192,10.554097000000002]}"
723,10,0.759719967842102,8.71905517578125,2021-02-24,67.98567962646484,1,501.0,0.0,2021-02-24,2021-02-23,17.462810516357422,302.4401550292969,2021-02-25,0.0,0.0,2021-02-24,0.28467369079589844,501.0,"{""type"":""Point"",""coordinates"":[76.360936,10.534028]}"
724,10,0.4082352817058563,31.2518367767334,2023-05-19,54.33636474609375,1,14.0,11.199999809265137,2023-05-19,2023-05-18,15.38736343383789,302.98974609375,2023-05-20,0.0,0.0,2023-05-19,0.45363298058509827,14.0,"{""type"":""Point"",""coordinates"":[76.35405,10.572344000000001]}"
725,10,0.30461785197257996,135.2150115966797,2021-02-10,85.22470092773438,1,2.0,0.0,2021-02-10,2021-02-09,10.330005645751953,301.4454040527344,2021-02-11,0.0,0.0,2021-02-10,0.25595155358314514,2.0,"{""type"":""Point"",""coordinates"":[76.352325,10.580564]}"
726,10,0.6916204690933228,36.222469329833984,2022-01-16,139.2992706298828,1,2.0,0.0,2022-01-16,2022-01-15,21.491191864013672,302.0501403808594,2022-01-17,0.0,0.0,2022-01-16,0.2535184323787689,2.0,"{""type"":""Point"",""coordinates"":[76.305956,10.592108000000001]}"
727,10,0.41108253598213196,129.12469482421875,2020-02-11,50.70389175415039,1,2.0,0.0,2020-02-11,2020-02-10,22.40756607055664,304.0992126464844,2020-02-12,0.0,0.0,2020-02-11,0.2525278627872467,1.0,"{""type"":""Point"",""coordinates"":[76.34181400000001,10.559735999999997]}"
728,10,0.10899616777896881,106.82196044921875,2021-06-26,64.50411224365234,1,1.0,0.0,2021-06-26,2021-06-25,26.321990966796875,300.5434875488281,2021-06-27,39.16999816894531,31.25,2021-06-26,0.4760335385799408,1.0,"{""type"":""Point"",""coordinates"":[76.342806,10.563527999999998]}"
729,10,0.050587330013513565,132.39434814453125,2020-06-24,49.66127395629883,1,1.0,28.94999885559082,2020-06-24,2020-06-23,16.815689086914062,299.8241882324219,2020-06-25,16.65999984741211,22.91666603088379,2020-06-24,0.4702873229980469,1.0,"{""type"":""Point"",""coordinates"":[76.343364,10.563561]}"
730,10,0.12456297874450684,20.030927658081055,2023-06-09,53.99375534057617,1,1.0,34.5099983215332,2023-06-09,2023-06-08,32.2103157043457,300.9013977050781,2023-06-10,56.07999801635742,33.33333206176758,2023-06-09,0.49064889550209045,1.0,"{""type"":""Point"",""coordinates"":[76.307272,10.564300000000001]}"
731,10,0.09809275716543198,43.999595642089844,2020-09-09,49.682376861572266,1,1.0,3.1499998569488525,2020-09-09,2020-09-08,22.353239059448242,299.4696044921875,2020-09-10,81.79000091552734,47.91666793823242,2020-09-09,0.4811941683292389,1.0,"{""type"":""Point"",""coordinates"":[76.302197,10.565366999999998]}"
732,10,0.23306749761104584,214.5264892578125,2020-11-09,108.88339233398438,1,3.0,5.399999618530273,2020-11-09,2020-11-08,29.588132858276367,300.5368957519531,2020-11-10,0.0,0.0,2020-11-09,0.43557611107826233,3.0,"{""type"":""Point"",""coordinates"":[76.298106,10.570156]}"
733,10,0.1179160475730896,200.89744567871094,2019-08-07,76.34085845947266,1,27.0,3084.2099609375,2019-08-07,2019-08-06,19.85708236694336,298.52630615234375,2019-08-08,41.11000061035156,31.25,2019-08-07,0.48319944739341736,27.0,"{""type"":""Point"",""coordinates"":[76.2926,10.615007999999998]}"
734,30,0.3367748260498047,56.34477233886719,2020-09-12,55.342586517333984,1,100.0,5955.0,2020-09-12,2020-09-11,7.885525226593018,297.9696960449219,2020-09-13,67.27999877929688,54.16666793823242,2020-09-12,0.4870777130126953,100.0,"{""type"":""Point"",""coordinates"":[76.338056,10.672875]}"
735,10,0.3980737626552582,46.93728256225586,2019-02-07,154.11329650878906,1,2.0,1.1200000047683716,2019-02-07,2019-02-06,24.047060012817383,304.06451416015625,2019-02-08,3.5399999618530273,6.25,2019-02-07,0.24969482421875,2.0,"{""type"":""Point"",""coordinates"":[76.356393,10.834695000000002]}"
736,10,0.6710231900215149,52.983821868896484,2021-03-23,93.5801773071289,1,1.0,5.859999656677246,2021-03-23,2021-03-22,15.644283294677734,305.716552734375,2021-03-24,0.0,0.0,2021-03-23,0.2538236081600189,1.0,"{""type"":""Point"",""coordinates"":[76.31827,10.851405]}"
737,10,0.41797128319740295,20.125286102294922,2021-03-29,109.48247528076172,1,1.0,0.009999999776482582,2021-03-29,2021-03-28,14.210012435913086,304.7184753417969,2021-03-30,0.8100000023841858,0.0,2021-03-29,0.2742881774902344,1.0,"{""type"":""Point"",""coordinates"":[76.319883,10.848643]}"
738,10,0.17666755616664886,155.82688903808594,2023-04-28,51.08914566040039,1,6.0,1.0099999904632568,2023-04-28,2023-04-27,5.3715739250183105,304.26025390625,2023-04-29,5.009999752044678,6.25,2023-04-28,0.4153003692626953,1.0,"{""type"":""Point"",""coordinates"":[76.2711,10.8505]}"
739,10,0.37868067622184753,141.5132598876953,2022-11-15,55.3012809753418,1,6.0,1.399999976158142,2022-11-15,2022-11-14,13.186823844909668,299.31475830078125,2022-11-16,10.210000038146973,14.583333015441895,2022-11-15,0.4785531461238861,1.0,"{""type"":""Point"",""coordinates"":[76.27120000000001,10.850800000000001]}"
740,10,0.2400454580783844,88.1265869140625,2023-01-05,89.00956726074219,1,1.0,0.0,2023-01-05,2023-01-04,11.4049711227417,300.1838684082031,2023-01-06,0.0,0.0,2023-01-05,0.29059919714927673,1.0,"{""type"":""Point"",""coordinates"":[76.234878,10.740731000000002]}"
741,10,0.03971379995346069,88.1265869140625,2019-09-21,89.00956726074219,1,1.0,4.480000019073486,2019-09-21,2019-09-20,11.4049711227417,300.14544677734375,2019-09-22,0.03999999910593033,0.0,2019-09-21,0.475598007440567,1.0,"{""type"":""Point"",""coordinates"":[76.234878,10.740731000000002]}"
742,10,0.43116942048072815,76.64896392822266,2019-12-19,84.52923583984375,1,1.0,0.0,2019-12-19,2019-12-18,4.214323997497559,301.6070556640625,2019-12-20,0.0,0.0,2019-12-19,0.29137229919433594,1.0,"{""type"":""Point"",""coordinates"":[76.23532800000001,10.740397]}"
743,30,0.5828645825386047,263.59747314453125,2021-02-19,128.2422332763672,1,1.0,0.0,2021-02-19,2021-02-18,26.71978759765625,303.0211486816406,2021-02-20,0.0,0.0,2021-02-19,0.2632528841495514,1.0,"{""type"":""Point"",""coordinates"":[76.230778,10.629778000000002]}"
744,10,0.4455356001853943,114.42505645751953,2023-11-25,46.49089431762695,1,12.0,3.629999876022339,2023-11-25,2023-11-24,21.231159210205078,300.1575012207031,2023-11-26,2.5799999237060547,4.166666507720947,2023-11-25,0.4639059603214264,1.0,"{""type"":""Point"",""coordinates"":[76.242333,10.594794]}"
745,10,0.5375348925590515,186.16017150878906,2019-03-20,41.05942916870117,1,1.0,0.0,2019-03-20,2019-03-19,5.561625003814697,305.4797668457031,2019-03-21,0.019999999552965164,0.0,2019-03-20,0.2595449984073639,1.0,"{""type"":""Point"",""coordinates"":[76.419556,10.301333]}"
746,10,0.28132423758506775,142.79656982421875,2019-04-05,196.09580993652344,1,2.0,1.7799999713897705,2019-04-05,2019-04-04,27.633344650268555,304.1673278808594,2019-04-06,0.0,0.0,2019-04-05,0.3425769805908203,2.0,"{""type"":""Point"",""coordinates"":[76.433897,10.30375]}"
747,10,0.07045190036296844,251.6192169189453,2020-07-02,59.06786346435547,1,4.0,18.30900001525879,2020-07-02,2020-07-01,26.415645599365234,299.26348876953125,2020-07-03,96.1199951171875,66.66666412353516,2020-07-02,0.4689261019229889,1.0,"{""type"":""Point"",""coordinates"":[76.286672,10.500577999999999]}"
748,10,0.17025119066238403,13.295802116394043,2021-05-07,54.042381286621094,1,3.0,31.68000030517578,2021-05-07,2021-05-06,23.158872604370117,302.8823547363281,2021-05-08,10.239999771118164,10.416666984558105,2021-05-07,0.4566917419433594,3.0,"{""type"":""Point"",""coordinates"":[76.320931,10.480557999999998]}"
749,10,0.6235758066177368,224.27978515625,2020-02-15,72.89730834960938,1,1.0,0.0,2020-02-15,2020-02-14,30.363922119140625,304.80126953125,2020-02-16,0.0,0.0,2020-02-15,0.25103187561035156,1.0,"{""type"":""Point"",""coordinates"":[76.321833,10.484514]}"
750,10,0.47904202342033386,359.0415954589844,2021-04-01,55.42780303955078,1,10.0,0.0,2021-04-01,2021-03-31,23.895763397216797,303.3575439453125,2021-04-02,4.2170000076293945,8.333333015441895,2021-04-01,0.39014115929603577,10.0,"{""type"":""Point"",""coordinates"":[76.322006,10.487661]}"
751,10,0.1604837328195572,328.0562438964844,2021-05-07,51.56586456298828,1,10.0,105.5999984741211,2021-05-07,2021-05-06,12.444053649902344,302.8823547363281,2021-05-08,10.239999771118164,10.416666984558105,2021-05-07,0.4566917419433594,10.0,"{""type"":""Point"",""coordinates"":[76.322603,10.487814]}"
752,10,0.34336230158805847,352.0523681640625,2022-03-29,43.49679946899414,1,10.0,358.3999938964844,2022-03-29,2022-03-28,13.769775390625,303.29327392578125,2022-03-30,0.0,0.0,2022-03-29,0.39018821716308594,10.0,"{""type"":""Point"",""coordinates"":[76.321703,10.487994]}"
753,10,0.8202610611915588,151.32765197753906,2022-01-06,38.53867721557617,1,9.0,0.0,2022-01-06,2022-01-05,22.9916934967041,301.84100341796875,2022-01-07,0.0,0.0,2022-01-06,0.2580515444278717,9.0,"{""type"":""Point"",""coordinates"":[76.308169,10.515897]}"
754,10,0.2763245701789856,126.90943145751953,2021-12-16,41.59632873535156,1,4.0,0.0,2021-12-16,2021-12-15,21.581470489501953,300.4393310546875,2021-12-17,0.0,0.0,2021-12-16,0.3498554229736328,4.0,"{""type"":""Point"",""coordinates"":[76.310019,10.516308000000002]}"
755,10,0.2657875716686249,325.0000915527344,2022-12-23,93.22779083251953,1,1.0,0.0,2022-12-23,2022-12-22,10.97351360321045,298.8486633300781,2022-12-24,0.0,0.0,2022-12-23,0.3885993957519531,1.0,"{""type"":""Point"",""coordinates"":[76.336564,10.514767000000003]}"
756,10,0.19174623489379883,325.2109069824219,2022-05-10,92.2589340209961,1,1.0,10.670000076293945,2022-05-10,2022-05-09,13.749298095703125,300.62884521484375,2022-05-11,48.23999786376953,39.58333206176758,2022-05-10,0.4948832094669342,1.0,"{""type"":""Point"",""coordinates"":[76.336389,10.514672]}"
757,10,0.20883439481258392,314.14300537109375,2019-06-20,109.35679626464844,1,1.0,3.109999895095825,2019-06-20,2019-06-19,22.36740493774414,300.4781494140625,2019-06-21,30.139999389648438,31.25,2019-06-20,0.4856942594051361,1.0,"{""type"":""Point"",""coordinates"":[76.338414,10.515618999999997]}"
758,10,0.49589747190475464,134.9298095703125,2022-01-27,98.79972839355469,1,1.0,0.0,2022-01-27,2022-01-26,18.300138473510742,301.2463073730469,2022-01-28,0.0,0.0,2022-01-27,0.25212159752845764,1.0,"{""type"":""Point"",""coordinates"":[76.340317,10.513072]}"
759,10,0.35214120149612427,168.92276000976562,2019-02-23,37.0222282409668,1,11.0,0.0,2019-02-23,2019-02-22,19.979751586914062,303.65509033203125,2019-02-24,0.0,0.0,2019-02-23,0.25812020897865295,11.0,"{""type"":""Point"",""coordinates"":[76.337714,10.507833]}"
760,10,0.26978054642677307,171.91468811035156,2019-12-05,54.16332244873047,1,3.0,0.0,2019-12-05,2019-12-04,10.447906494140625,300.0464172363281,2019-12-06,0.019999999552965164,0.0,2019-12-05,0.4531421661376953,1.0,"{""type"":""Point"",""coordinates"":[76.338167,10.509710999999998]}"
761,10,0.12031252682209015,249.5009307861328,2020-10-25,106.19377136230469,1,3.0,0.0,2020-10-25,2020-10-24,25.313234329223633,299.44842529296875,2020-10-26,0.0,0.0,2020-10-25,0.43717384338378906,3.0,"{""type"":""Point"",""coordinates"":[76.323953,10.480033000000002]}"
762,10,0.09509517252445221,310.1876220703125,2022-08-19,81.24380493164062,1,3.0,3.809999942779541,2022-08-19,2022-08-18,6.995912551879883,300.7438049316406,2022-08-20,0.8999999761581421,2.0833332538604736,2022-08-19,0.43521881103515625,3.0,"{""type"":""Point"",""coordinates"":[76.323519,10.479628]}"
763,10,0.3695058822631836,310.1876220703125,2023-04-18,81.24380493164062,1,3.0,0.0,2023-04-18,2023-04-17,6.995912551879883,305.6011657714844,2023-04-19,0.0,0.0,2023-04-18,0.274444580078125,3.0,"{""type"":""Point"",""coordinates"":[76.323317,10.479694]}"
764,10,0.10446242243051529,332.00140380859375,2022-07-06,92.87409973144531,1,3.0,230.27999877929688,2022-07-06,2022-07-05,21.777206420898438,297.93829345703125,2022-07-07,33.689998626708984,35.41666793823242,2022-07-06,0.4863471984863281,3.0,"{""type"":""Point"",""coordinates"":[76.323517,10.479217000000002]}"
765,10,0.28276050090789795,153.47975158691406,2019-03-09,59.934940338134766,1,1.0,0.0,2019-03-09,2019-03-08,12.300677299499512,302.6819763183594,2019-03-10,29.829999923706055,8.333333015441895,2019-03-09,0.27880096435546875,1.0,"{""type"":""Point"",""coordinates"":[76.36256700000001,10.438858]}"
766,10,0.12938611209392548,217.7786407470703,2023-06-17,41.809696197509766,1,424.0,0.0,2023-06-17,2023-06-16,4.08643102645874,300.9723815917969,2023-06-18,11.59000015258789,16.66666603088379,2023-06-17,0.48325157165527344,418.0,"{""type"":""Point"",""coordinates"":[76.437939,10.439975000000002]}"
767,10,0.11459558457136154,184.61410522460938,2023-08-05,96.29988861083984,1,2.0,0.0,2023-08-05,2023-08-04,19.937692642211914,300.0411376953125,2023-08-06,0.0,0.0,2023-08-05,0.49660173058509827,2.0,"{""type"":""Point"",""coordinates"":[76.375636,10.349728]}"
768,10,0.21334025263786316,243.11598205566406,2023-04-28,108.0523910522461,1,2.0,7.499999523162842,2023-04-28,2023-04-27,14.671133995056152,302.1949768066406,2023-04-29,33.12999725341797,41.66666793823242,2023-04-28,0.45574951171875,1.0,"{""type"":""Point"",""coordinates"":[76.454839,10.347058000000002]}"
769,10,0.4019176959991455,77.21294403076172,2021-01-11,507.7279052734375,1,3.0,4.019999980926514,2021-01-11,2021-01-10,26.879785537719727,297.68896484375,2021-01-12,29.969999313354492,41.66666793823242,2021-01-11,0.48294639587402344,1.0,"{""type"":""Point"",""coordinates"":[76.491312,10.484316999999999]}"
770,10,0.2706746459007263,336.1444396972656,2023-11-01,345.42169189453125,1,4.0,88.41999816894531,2023-11-01,2023-10-31,6.421468734741211,298.520263671875,2023-11-02,3.93999981880188,4.166666507720947,2023-11-01,0.48652076721191406,2.0,"{""type"":""Point"",""coordinates"":[76.502767,10.48721]}"
771,10,0.24444574117660522,152.10874938964844,2021-10-28,305.0146789550781,1,18.0,42.18000030517578,2021-10-28,2021-10-27,33.2656135559082,298.030517578125,2021-10-29,9.479999542236328,12.5,2021-10-28,0.47653070092201233,1.0,"{""type"":""Point"",""coordinates"":[76.4994,10.494]}"
772,10,0.5262799263000488,351.10552978515625,2022-01-22,299.63897705078125,1,4.0,0.0,2022-01-22,2022-01-21,31.516958236694336,300.22711181640625,2022-01-23,0.0,0.0,2022-01-22,0.2776101529598236,4.0,"{""type"":""Point"",""coordinates"":[76.501153,10.488847000000002]}"
773,10,0.4702577590942383,127.4922103881836,2023-11-07,124.95745086669922,1,5.0,105.3499984741211,2023-11-07,2023-11-06,7.74384880065918,298.4071350097656,2023-11-08,1.559999942779541,0.0,2023-11-07,0.4798583984375,5.0,"{""type"":""Point"",""coordinates"":[76.509617,10.507911999999997]}"
774,10,0.42791253328323364,345.59356689453125,2020-05-02,117.20609283447266,1,2.0,3.822000026702881,2020-05-02,2020-05-01,22.29482078552246,301.29937744140625,2020-05-03,0.0,0.0,2020-05-02,0.46304574608802795,2.0,"{""type"":""Point"",""coordinates"":[76.523822,10.513336999999998]}"
775,10,0.3671915829181671,25.338184356689453,2019-01-05,318.2249450683594,1,4.0,0.0,2019-01-05,2019-01-04,35.047664642333984,298.6227722167969,2019-01-06,0.0,0.0,2019-01-05,0.3297646939754486,1.0,"{""type"":""Point"",""coordinates"":[76.510802,10.483532]}"
776,10,0.44210878014564514,27.845720291137695,2019-02-18,274.2420349121094,1,4.0,0.0,2019-02-18,2019-02-17,7.6066203117370605,301.58154296875,2019-02-19,0.0,0.0,2019-02-18,0.30296897888183594,1.0,"{""type"":""Point"",""coordinates"":[76.512625,10.481833]}"
777,10,0.06673967093229294,15.73143196105957,2022-09-08,382.0040588378906,1,4.0,103.27999877929688,2022-09-08,2022-09-07,28.62915802001953,296.36358642578125,2022-09-09,5.559999942779541,8.333333015441895,2022-09-08,0.4724680483341217,4.0,"{""type"":""Point"",""coordinates"":[76.512323,10.479529]}"
778,10,0.07042478024959564,348.1057434082031,2020-07-27,155.31668090820312,1,11.0,1.8700000047683716,2020-07-27,2020-07-26,14.06786823272705,297.8355712890625,2020-07-28,0.0,0.0,2020-07-27,0.4971141815185547,11.0,"{""type"":""Point"",""coordinates"":[76.5286,10.483]}"
779,10,0.36631178855895996,245.05227661132812,2022-09-28,195.3903350830078,1,11.0,0.0,2022-09-28,2022-09-27,26.56689453125,299.1474304199219,2022-09-29,0.0,0.0,2022-09-28,0.43626847863197327,11.0,"{""type"":""Point"",""coordinates"":[76.52845200000002,10.479755000000003]}"
780,10,0.09059472382068634,355.41082763671875,2020-07-09,177.09048461914062,1,11.0,62.91999816894531,2020-07-09,2020-07-08,7.042709827423096,297.70941162109375,2020-07-10,62.56999588012695,43.75,2020-07-09,0.4742666780948639,11.0,"{""type"":""Point"",""coordinates"":[76.5261,10.4813]}"
781,10,0.5517939925193787,42.31686019897461,2023-02-19,195.2360382080078,1,63.0,0.0,2023-02-19,2023-02-18,22.1600399017334,298.8604431152344,2023-02-20,0.0,0.0,2023-02-19,0.27814802527427673,63.0,"{""type"":""Point"",""coordinates"":[76.5641,10.4698]}"
782,10,0.2960861325263977,27.56572151184082,2023-12-19,234.40536499023438,1,63.0,164.42999267578125,2023-12-19,2023-12-18,24.801177978515625,294.7397155761719,2023-12-20,0.1599999964237213,0.0,2023-12-19,0.49840226769447327,63.0,"{""type"":""Point"",""coordinates"":[76.565078,10.467801]}"
783,10,0.17267462611198425,356.1656188964844,2022-10-11,346.4629821777344,1,1.0,10.829999923706055,2022-10-11,2022-10-10,36.840389251708984,296.917236328125,2022-10-12,34.22999954223633,25.0,2022-10-11,0.46190324425697327,1.0,"{""type"":""Point"",""coordinates"":[76.5648,10.465910000000001]}"
784,10,0.34798794984817505,311.336181640625,2020-11-07,252.69747924804688,1,1.0,0.0,2020-11-07,2020-11-06,26.87525749206543,298.8240661621094,2020-11-08,0.0,0.0,2020-11-07,0.4706064760684967,1.0,"{""type"":""Point"",""coordinates"":[76.5356,10.4808]}"
785,10,0.18345604836940765,218.4916534423828,2021-12-08,132.88438415527344,1,4.0,0.0,2021-12-08,2021-12-07,8.92330265045166,297.47705078125,2021-12-09,0.0,0.0,2021-12-08,0.45413079857826233,4.0,"{""type"":""Point"",""coordinates"":[76.5618,10.493000000000002]}"
786,10,0.4046546518802643,316.94256591796875,2022-03-13,189.87606811523438,1,4974.0,0.0,2022-03-13,2022-03-12,19.600364685058594,301.70941162109375,2022-03-14,0.0,0.0,2022-03-13,0.28825315833091736,4969.0,"{""type"":""Point"",""coordinates"":[76.579431,10.303325]}"
787,10,0.02510027401149273,165.81619262695312,2023-10-01,110.73040771484375,1,49.0,2498.510009765625,2023-10-01,2023-09-30,19.820114135742188,297.898681640625,2023-10-02,44.77000045776367,31.25,2023-10-01,0.4845104217529297,49.0,"{""type"":""Point"",""coordinates"":[76.493058,10.301622000000002]}"
788,10,0.6464241147041321,192.64224243164062,2021-02-16,113.67411041259766,1,14.0,0.0,2021-02-16,2021-02-15,12.760077476501465,302.01617431640625,2021-02-17,0.0,0.0,2021-02-16,0.2634042203426361,1.0,"{""type"":""Point"",""coordinates"":[76.466183,10.320611000000001]}"
789,10,0.056278109550476074,138.43490600585938,2019-09-29,88.69707489013672,1,2.0,17.399999618530273,2019-09-29,2019-09-28,24.344642639160156,300.1850280761719,2019-09-30,35.599998474121094,25.0,2019-09-29,0.48495927453041077,2.0,"{""type"":""Point"",""coordinates"":[76.443125,10.301378000000001]}"
790,10,0.153772234916687,164.07052612304688,2019-11-20,111.10317993164062,1,5649.0,0.0,2019-11-20,2019-11-19,24.85386085510254,299.978515625,2019-11-21,1.6799999475479126,2.0833332538604736,2019-11-20,0.48435720801353455,5649.0,"{""type"":""Point"",""coordinates"":[76.458306,10.298472]}"
791,10,0.19078831374645233,6.3093180656433105,2019-10-09,123.3827896118164,1,2.0,47.47999954223633,2019-10-09,2019-10-08,25.952316284179688,299.5386047363281,2019-10-10,12.479999542236328,16.66666603088379,2019-10-09,0.490252822637558,2.0,"{""type"":""Point"",""coordinates"":[76.484781,10.286206000000002]}"
792,10,0.2634049355983734,272.6742248535156,2019-11-21,96.33914184570312,1,1.0,1.6799999475479126,2019-11-21,2019-11-20,23.119415283203125,300.10986328125,2019-11-22,0.0,0.0,2019-11-21,0.4792086184024811,1.0,"{""type"":""Point"",""coordinates"":[76.477153,10.246922]}"
793,10,0.43936240673065186,335.7309875488281,2020-11-29,101.29833984375,1,3.0,28.739999771118164,2020-11-29,2020-11-28,10.425690650939941,298.1229248046875,2020-11-30,0.0,0.0,2020-11-29,0.4465268552303314,3.0,"{""type"":""Point"",""coordinates"":[76.69,10.189999999999998]}"
794,10,0.49413198232650757,355.55645751953125,2019-12-08,66.56705474853516,1,24.0,9.119999885559082,2019-12-08,2019-12-07,15.105332374572754,297.9079895019531,2019-12-09,0.0,0.0,2019-12-08,0.4458230435848236,24.0,"{""type"":""Point"",""coordinates"":[76.71,10.200000000000001]}"
795,10,0.05752396211028099,355.55645751953125,2020-08-27,66.56705474853516,1,24.0,205.67999267578125,2020-08-27,2020-08-26,15.105332374572754,298.4295959472656,2020-08-28,0.0,0.0,2020-08-27,0.46346792578697205,24.0,"{""type"":""Point"",""coordinates"":[76.71,10.200000000000001]}"
796,10,0.15504902601242065,167.37957763671875,2021-05-02,377.4931335449219,1,4.0,105.83999633789062,2021-05-02,2021-05-01,26.558481216430664,299.3298034667969,2021-05-03,0.0,0.0,2021-05-02,0.4609445035457611,3.0,"{""type"":""Point"",""coordinates"":[76.625056,10.308175]}"
797,30,0.15027080476284027,71.70928955078125,2023-02-01,422.0443420410156,1,4704.0,705.5999755859375,2023-02-01,2023-01-31,11.733431816101074,298.90521240234375,2023-02-02,0.6660000085830688,0.0,2023-02-01,0.31733575463294983,4704.0,"{""type"":""Point"",""coordinates"":[76.633278,10.314319]}"
798,10,0.2661704123020172,214.14015197753906,2022-04-28,485.94140625,1,2.0,0.0,2022-04-28,2022-04-27,22.54862403869629,300.37481689453125,2022-04-29,6.519999980926514,10.416666984558105,2022-04-28,0.48786354064941406,2.0,"{""type"":""Point"",""coordinates"":[76.67788100000001,10.290353]}"
799,30,0.4693523645401001,251.3959197998047,2023-12-19,448.80230712890625,1,3.0,24.18000030517578,2023-12-19,2023-12-18,3.984999179840088,294.8580627441406,2023-12-20,0.35999998450279236,0.0,2023-12-19,0.477343887090683,3.0,"{""type"":""Point"",""coordinates"":[76.674694,10.290389000000001]}"
800,10,0.028725365176796913,52.66535186767578,2023-07-17,587.0640258789062,1,1.0,5.679999828338623,2023-07-17,2023-07-16,33.57870864868164,297.0630187988281,2023-07-18,1.9999998807907104,4.166666507720947,2023-07-17,0.4859587252140045,1.0,"{""type"":""Point"",""coordinates"":[76.706328,10.309697]}"
801,10,0.44195282459259033,162.0271453857422,2020-04-17,528.8716430664062,1,5.0,0.0,2020-04-17,2020-04-16,26.02247428894043,299.9573669433594,2020-04-18,0.009999999776482582,0.0,2020-04-17,0.4754422605037689,5.0,"{""type"":""Point"",""coordinates"":[76.705925,10.303481000000001]}"
802,10,0.3558943271636963,161.66757202148438,2023-01-13,618.0489501953125,1,936.0,0.0,2023-01-13,2023-01-12,32.66276168823242,296.35382080078125,2023-01-14,0.0,0.0,2023-01-13,0.2894115447998047,1.0,"{""type"":""Point"",""coordinates"":[76.722217,10.308794]}"
803,10,0.15270456671714783,201.42919921875,2021-04-28,552.89794921875,1,936.0,241.5699920654297,2021-04-28,2021-04-27,24.352224349975586,298.35772705078125,2021-04-29,0.0,0.0,2021-04-28,0.46515974402427673,17.0,"{""type"":""Point"",""coordinates"":[76.720789,10.307453000000002]}"
804,10,0.49475231766700745,170.87887573242188,2021-02-27,580.8870239257812,1,13.0,0.0,2021-02-27,2021-02-26,21.505495071411133,299.32525634765625,2021-02-28,0.0,0.0,2021-02-27,0.3229389190673828,13.0,"{""type"":""Point"",""coordinates"":[76.717233,10.312467]}"
805,10,0.041519973427057266,17.949386596679688,2022-05-01,924.7964477539062,1,1.0,0.6200000047683716,2022-05-01,2022-04-30,28.078649520874023,299.15869140625,2022-05-02,17.26799964904785,14.583333015441895,2022-05-01,0.4886392056941986,1.0,"{""type"":""Point"",""coordinates"":[76.7335,10.315096999999998]}"
806,10,0.47543230652809143,194.26727294921875,2019-01-08,887.0313110351562,1,3.0,0.0,2019-01-08,2019-01-07,24.1485595703125,295.6641845703125,2019-01-09,0.0,0.0,2019-01-08,0.347796767950058,3.0,"{""type"":""Point"",""coordinates"":[76.73735,10.312428]}"
807,10,0.06104370579123497,214.8817596435547,2023-10-10,805.3778076171875,1,900.0,10557.0,2023-10-10,2023-10-09,33.067955017089844,297.469482421875,2023-10-11,2.419999837875366,2.0833332538604736,2023-10-10,0.4801362454891205,900.0,"{""type"":""Point"",""coordinates"":[76.745436,10.305733]}"
808,10,0.47731220722198486,252.06903076171875,2023-02-13,808.0032958984375,1,900.0,0.0,2023-02-13,2023-02-12,35.55015563964844,298.5076904296875,2023-02-14,0.0,0.0,2023-02-13,0.29140472412109375,900.0,"{""type"":""Point"",""coordinates"":[76.744869,10.306778]}"
809,10,0.27072873711586,240.62442016601562,2021-02-01,793.530517578125,1,900.0,0.0,2021-02-01,2021-01-31,38.06174850463867,297.9534606933594,2021-02-02,0.007000000216066837,0.0,2021-02-01,0.3415590822696686,900.0,"{""type"":""Point"",""coordinates"":[76.744978,10.306119]}"
810,10,0.0211589727550745,233.76170349121094,2021-11-04,850.16796875,1,1.0,59.369998931884766,2021-11-04,2021-11-03,24.532583236694336,295.85552978515625,2021-11-05,52.79999923706055,39.58333206176758,2021-11-04,0.4569180905818939,1.0,"{""type"":""Point"",""coordinates"":[76.751358,10.301875000000003]}"
811,10,0.2554636597633362,353.09423828125,2023-11-01,886.8792114257812,1,2.0,13.699999809265137,2023-11-01,2023-10-31,29.173433303833008,296.651123046875,2023-11-02,3.7899999618530273,4.166666507720947,2023-11-01,0.4495220184326172,1.0,"{""type"":""Point"",""coordinates"":[76.757969,10.302903000000002]}"
812,10,0.40467172861099243,355.5080261230469,2019-12-12,872.2808227539062,1,4.0,0.0,2019-12-12,2019-12-11,27.113357543945312,297.2913513183594,2019-12-13,0.0,0.0,2019-12-12,0.39969444274902344,1.0,"{""type"":""Point"",""coordinates"":[76.783394,10.301383]}"
813,10,-0.009709188714623451,280.8651428222656,2021-08-08,875.2008056640625,1,4.0,11.529999732971191,2021-08-08,2021-08-07,25.63569450378418,295.1220397949219,2021-08-09,30.44999885559082,31.25,2021-08-08,0.48848089575767517,1.0,"{""type"":""Point"",""coordinates"":[76.783903,10.301614]}"
814,10,0.46546339988708496,112.33596801757812,2022-11-21,60.531089782714844,1,1.0,0.0,2022-11-21,2022-11-20,12.736858367919922,296.6254577636719,2022-11-22,0.0,0.0,2022-11-21,0.4328695833683014,1.0,"{""type"":""Point"",""coordinates"":[76.75545,10.165603000000003]}"
815,10,0.7457879185676575,155.7111053466797,2020-01-26,101.42682647705078,1,2121.0,0.0,2020-01-26,2020-01-25,16.300128936767578,299.7428894042969,2020-01-27,0.0,0.0,2020-01-26,0.2785453796386719,2117.0,"{""type"":""Point"",""coordinates"":[76.75,10.17]}"
816,10,0.08552966266870499,320.4285583496094,2019-07-19,48.92622375488281,1,4897.0,244.0399932861328,2019-07-19,2019-07-18,29.217575073242188,296.97857666015625,2019-07-20,47.27000045776367,56.25,2019-07-19,0.49209150671958923,1.0,"{""type"":""Point"",""coordinates"":[76.73,10.15]}"
817,10,0.05796321853995323,123.3160400390625,2019-08-08,803.8828735351562,1,1.0,56.81999969482422,2019-08-08,2019-08-07,25.26386833190918,295.8981018066406,2019-08-09,278.0799865722656,100.0,2019-08-08,0.47807565331459045,1.0,"{""type"":""Point"",""coordinates"":[76.911538,10.120504000000002]}"
818,10,0.05241730436682701,77.24066925048828,2019-10-06,772.6588745117188,1,2.0,20.100000381469727,2019-10-06,2019-10-05,23.496959686279297,297.00177001953125,2019-10-07,27.649999618530273,20.83333396911621,2019-10-06,0.49054399132728577,1.0,"{""type"":""Point"",""coordinates"":[76.9131,10.124300000000002]}"
819,10,0.0019539445638656616,56.463260650634766,2022-06-01,741.9606323242188,1,6.0,16.579999923706055,2022-06-01,2022-05-31,32.360374450683594,297.2890930175781,2022-06-02,3.6589999198913574,2.0833332538604736,2022-06-01,0.4931570589542389,1.0,"{""type"":""Point"",""coordinates"":[76.9161,10.1222]}"
820,30,0.13907667994499207,12.333137512207031,2022-09-08,668.9306030273438,1,239.0,23.5,2022-09-08,2022-09-07,49.31547546386719,295.1510314941406,2022-09-09,0.35999998450279236,0.0,2022-09-08,0.4854342043399811,1.0,"{""type"":""Point"",""coordinates"":[76.92,10.13]}"
821,10,0.0956823006272316,160.748046875,2021-09-26,715.0211181640625,1,3.0,2.2100000381469727,2021-09-26,2021-09-25,1.7126871347427368,297.01617431640625,2021-09-27,11.9399995803833,12.5,2021-09-26,0.4890251159667969,1.0,"{""type"":""Point"",""coordinates"":[76.9186,10.129399999999999]}"
822,10,0.08093901723623276,23.715078353881836,2019-06-30,387.0832824707031,1,659.0,1.0799999237060547,2019-06-30,2019-06-29,25.39716148376465,297.66497802734375,2019-07-01,4.989999771118164,4.166666507720947,2019-06-30,0.4870268404483795,1.0,"{""type"":""Point"",""coordinates"":[76.923973,10.137426]}"
823,10,0.5373342037200928,312.9009094238281,2020-05-09,351.72357177734375,1,666.0,439.55999755859375,2020-05-09,2020-05-08,13.574907302856445,299.0826721191406,2020-05-10,14.319999694824219,16.66666603088379,2020-05-09,0.47955194115638733,666.0,"{""type"":""Point"",""coordinates"":[76.92,10.14]}"
824,10,0.3348560929298401,312.9009094238281,2021-12-21,351.72357177734375,1,666.0,0.0,2021-12-21,2021-12-20,13.574907302856445,295.66162109375,2021-12-22,0.0,0.0,2021-12-21,0.4061857759952545,666.0,"{""type"":""Point"",""coordinates"":[76.92,10.14]}"
825,10,0.3846917748451233,312.9009094238281,2022-04-23,351.72357177734375,1,666.0,2437.559814453125,2022-04-23,2022-04-22,13.574907302856445,298.8555603027344,2022-04-24,6.25,4.166666507720947,2022-04-23,0.4743296205997467,666.0,"{""type"":""Point"",""coordinates"":[76.92,10.14]}"
826,10,0.21179547905921936,51.316162109375,2021-11-08,419.3636779785156,1,1.0,4.949999809265137,2021-11-08,2021-11-07,24.483835220336914,296.2038879394531,2021-11-09,10.519999504089355,8.333333015441895,2021-11-08,0.4718354642391205,1.0,"{""type"":""Point"",""coordinates"":[76.91,10.14]}"
827,60,0.38826483488082886,312.56390380859375,2020-04-10,400.9582214355469,1,1.0,0.1599999964237213,2020-04-10,2020-04-09,14.881394386291504,299.4244079589844,2020-04-11,2.1999998092651367,4.166666507720947,2020-04-10,0.46674981713294983,1.0,"{""type"":""Point"",""coordinates"":[76.91,10.149999999999999]}"
828,10,0.8378549814224243,80.92515563964844,2021-02-21,333.8712158203125,1,3.0,0.0,2021-02-21,2021-02-20,11.08602523803711,296.5248718261719,2021-02-22,0.9700000286102295,0.0,2021-02-21,0.3267688751220703,3.0,"{""type"":""Point"",""coordinates"":[76.91,10.16]}"
829,10,0.7289384007453918,36.33903503417969,2023-03-13,358.7139892578125,1,108.0,0.0,2023-03-13,2023-03-12,6.866103649139404,299.4715270996094,2023-03-14,6.440000057220459,12.5,2023-03-13,0.2590891420841217,108.0,"{""type"":""Point"",""coordinates"":[76.92,10.169999999999998]}"
830,10,0.8199588060379028,174.28965759277344,2019-01-17,521.357177734375,1,3.0,0.0,2019-01-17,2019-01-16,14.700020790100098,295.820556640625,2019-01-18,0.0,0.0,2019-01-17,0.26702880859375,3.0,"{""type"":""Point"",""coordinates"":[76.94,10.14]}"
831,10,0.13261540234088898,174.28965759277344,2021-05-28,521.357177734375,1,3.0,18.690000534057617,2021-05-28,2021-05-27,14.700020790100098,296.8783874511719,2021-05-29,0.7199999690055847,0.0,2021-05-28,0.4974498748779297,3.0,"{""type"":""Point"",""coordinates"":[76.94,10.14]}"
832,10,0.14241716265678406,53.4602165222168,2022-09-18,534.5969848632812,1,2.0,1.8899999856948853,2022-09-18,2022-09-17,16.562156677246094,296.7017822265625,2022-09-19,10.869999885559082,12.5,2022-09-18,0.47074446082115173,1.0,"{""type"":""Point"",""coordinates"":[76.931656,10.128558]}"
833,10,0.8488754630088806,82.27033233642578,2020-03-03,522.2500610351562,1,2.0,3.820000171661377,2020-03-03,2020-03-02,11.1965970993042,299.298095703125,2020-03-04,0.9199999570846558,0.0,2020-03-03,0.315661758184433,2.0,"{""type"":""Point"",""coordinates"":[76.93,10.130000000000003]}"
834,10,0.76141357421875,282.74188232421875,2019-01-18,541.4512329101562,1,1.0,0.0,2019-01-18,2019-01-17,14.165121078491211,295.6868896484375,2019-01-19,0.0,0.0,2019-01-18,0.2634073793888092,1.0,"{""type"":""Point"",""coordinates"":[76.925988,10.131041000000002]}"
835,10,0.14631123840808868,258.0275573730469,2023-06-24,749.9102783203125,1,1.0,0.22999998927116394,2023-06-24,2023-06-23,16.69080352783203,297.00189208984375,2023-06-25,2.5999999046325684,4.166666507720947,2023-06-24,0.47248712182044983,1.0,"{""type"":""Point"",""coordinates"":[76.93,10.120000000000001]}"
836,10,0.2450314611196518,258.0275573730469,2021-04-10,749.9102783203125,1,1.0,0.0,2021-04-10,2021-04-09,16.69080352783203,299.1236572265625,2021-04-11,1.71999990940094,4.166666507720947,2021-04-10,0.3994026184082031,1.0,"{""type"":""Point"",""coordinates"":[76.93,10.120000000000001]}"
837,10,0.18992221355438232,234.9032440185547,2022-10-26,827.5435180664062,1,1.0,0.0,2022-10-26,2022-10-25,17.37315559387207,296.3201904296875,2022-10-27,0.0,0.0,2022-10-26,0.4704113006591797,1.0,"{""type"":""Point"",""coordinates"":[76.932126,10.120112]}"
838,10,0.6455199718475342,62.89420700073242,2023-04-04,490.868896484375,1,5.0,73.44999694824219,2023-04-04,2023-04-03,31.156999588012695,298.0133972167969,2023-04-05,2.240000009536743,4.166666507720947,2023-04-04,0.47735342383384705,5.0,"{""type"":""Point"",""coordinates"":[76.94,10.13]}"
839,10,-0.004653703421354294,62.89420700073242,2022-08-22,490.868896484375,1,5.0,52.89999771118164,2022-08-22,2022-08-21,31.156999588012695,296.60443115234375,2022-08-23,72.27999877929688,75.0,2022-08-22,0.47664642333984375,5.0,"{""type"":""Point"",""coordinates"":[76.94,10.13]}"
840,60,0.12380511313676834,338.1669006347656,2021-09-29,451.594970703125,1,364.0,6857.9697265625,2021-09-29,2021-09-28,18.970447540283203,292.5270080566406,2021-09-30,11.920000076293945,20.83333396911621,2021-09-29,0.42444100975990295,357.0,"{""type"":""Point"",""coordinates"":[76.95,10.130000000000003]}"
841,10,0.56056147813797,23.75223731994629,2020-01-09,1192.456298828125,1,1.0,0.0,2020-01-09,2020-01-08,20.148584365844727,294.72418212890625,2020-01-10,0.0,0.0,2020-01-09,0.23940658569335938,1.0,"{""type"":""Point"",""coordinates"":[76.96,10.14]}"
842,30,0.11182086914777756,198.498046875,2020-07-15,541.18994140625,1,5.0,91.6500015258789,2020-07-15,2020-07-14,25.208120346069336,294.1410827636719,2020-07-16,9.529999732971191,10.416666984558105,2020-07-15,0.4233589172363281,5.0,"{""type"":""Point"",""coordinates"":[76.96,10.129999999999999]}"
843,30,0.44850245118141174,338.4377136230469,2023-02-04,597.4176025390625,1,8.0,15.75999927520752,2023-02-04,2023-02-03,11.484737396240234,293.19342041015625,2023-02-05,1.5199999809265137,0.0,2023-02-04,0.3403282165527344,8.0,"{""type"":""Point"",""coordinates"":[76.964036,10.122906000000002]}"
844,10,0.06442271918058395,30.313140869140625,2023-07-21,609.3130493164062,1,327.0,2.819999933242798,2023-07-21,2023-07-20,19.94809913635254,293.6806945800781,2023-07-22,0.42000001668930054,0.0,2023-07-21,0.4272804260253906,1.0,"{""type"":""Point"",""coordinates"":[76.962431,10.124435]}"
845,10,0.20753213763237,307.5191650390625,2021-05-01,1236.1376953125,1,1.0,9.4399995803833,2021-05-01,2021-04-30,17.738182067871094,295.4151306152344,2021-05-02,83.697998046875,37.5,2021-05-01,0.38696417212486267,1.0,"{""type"":""Point"",""coordinates"":[76.97,10.19]}"
846,10,0.8666285276412964,357.88385009765625,2023-03-18,1500.1572265625,1,7.0,83.43999481201172,2023-03-18,2023-03-17,23.297353744506836,295.5062255859375,2023-03-19,17.600000381469727,18.75,2023-03-18,0.27277183532714844,7.0,"{""type"":""Point"",""coordinates"":[76.99,10.179999999999998]}"
847,30,0.41618844866752625,0.7971696257591248,2020-04-17,1160.107421875,1,1.0,0.17000000178813934,2020-04-17,2020-04-16,12.555767059326172,297.9664611816406,2020-04-18,0.09999999403953552,0.0,2020-04-17,0.37597212195396423,1.0,"{""type"":""Point"",""coordinates"":[76.9346,10.2612]}"
848,10,0.0464596264064312,309.6516418457031,2021-07-21,867.0726928710938,1,2.0,12.319999694824219,2021-07-21,2021-07-20,39.09503936767578,295.28753662109375,2021-07-22,15.129999160766602,22.91666603088379,2021-07-21,0.4820334017276764,2.0,"{""type"":""Point"",""coordinates"":[76.94,10.230000000000002]}"
849,10,0.0768231451511383,309.6516418457031,2022-05-30,867.0726928710938,1,2.0,19.639999389648438,2022-05-30,2022-05-29,39.09503936767578,295.6914367675781,2022-05-31,1.2599999904632568,0.0,2022-05-30,0.479358047246933,2.0,"{""type"":""Point"",""coordinates"":[76.94,10.230000000000002]}"
850,10,0.06752411276102066,38.712677001953125,2021-12-23,1079.048583984375,1,2.0,0.0,2021-12-23,2021-12-22,19.776247024536133,291.96636962890625,2021-12-24,0.0,0.0,2021-12-23,0.2843437194824219,2.0,"{""type"":""Point"",""coordinates"":[76.967114,10.269968999999998]}"
851,10,0.09878156334161758,279.1298828125,2019-05-24,1108.053466796875,1,13.0,282.75,2019-05-24,2019-05-23,20.542381286621094,295.3818054199219,2019-05-25,0.3100000023841858,0.0,2019-05-24,0.41498374938964844,13.0,"{""type"":""Point"",""coordinates"":[76.968019,10.297458]}"
852,10,0.26897162199020386,240.56491088867188,2021-10-23,1063.631103515625,1,14.0,97.37999725341797,2021-10-23,2021-10-22,20.510692596435547,293.1825866699219,2021-10-24,24.19999885559082,27.08333396911621,2021-10-23,0.4219430387020111,9.0,"{""type"":""Point"",""coordinates"":[76.974933,10.272675000000001]}"
853,10,0.20183974504470825,142.0568389892578,2019-12-15,1063.0142822265625,1,14.0,127.53999328613281,2019-12-15,2019-12-14,4.7865190505981445,292.4133605957031,2019-12-16,1.2400000095367432,2.0833332538604736,2019-12-15,0.37730279564857483,14.0,"{""type"":""Point"",""coordinates"":[76.976197,10.272486]}"
854,10,0.1657380908727646,267.0178527832031,2021-04-22,1071.251708984375,1,14.0,0.0,2021-04-22,2021-04-21,8.430355072021484,294.15399169921875,2021-04-23,0.9800000190734863,2.0833332538604736,2021-04-22,0.4066092073917389,9.0,"{""type"":""Point"",""coordinates"":[76.974889,10.274317000000002]}"
855,10,0.0028192908503115177,131.97030639648438,2020-09-02,1176.5458984375,1,2.0,105.51799774169922,2020-09-02,2020-09-01,10.117581367492676,292.88348388671875,2020-09-03,7.37999963760376,10.416666984558105,2020-09-02,0.42339643836021423,2.0,"{""type"":""Point"",""coordinates"":[76.97763600000002,10.280177999999998]}"
856,10,0.08419619500637054,180.62611389160156,2022-06-20,1174.050048828125,1,1.0,13.630000114440918,2022-06-20,2022-06-19,23.429929733276367,292.7964782714844,2022-06-21,9.699999809265137,16.66666603088379,2022-06-20,0.42222848534584045,1.0,"{""type"":""Point"",""coordinates"":[76.978353,10.277735999999999]}"
857,10,0.1940789520740509,127.55707550048828,2021-10-31,1043.2291259765625,1,22.0,284.239990234375,2021-10-31,2021-10-30,14.237180709838867,292.1388854980469,2021-11-01,41.14999771118164,47.91666793823242,2021-10-31,0.4253826141357422,22.0,"{""type"":""Point"",""coordinates"":[76.980692,10.272758]}"
858,10,0.24753747880458832,193.08738708496094,2022-03-08,1209.0120849609375,1,3.0,1.0800000429153442,2022-03-08,2022-03-07,15.373112678527832,295.02532958984375,2022-03-09,10.339999198913574,4.166666507720947,2022-03-08,0.12347412109375,3.0,"{""type"":""Point"",""coordinates"":[76.986164,10.290103]}"
859,10,0.1840096414089203,35.10281753540039,2021-01-19,1155.473876953125,1,8.0,0.0,2021-01-19,2021-01-18,21.805017471313477,291.4794006347656,2021-01-20,0.4899999797344208,0.0,2021-01-19,0.3822650909423828,8.0,"{""type"":""Point"",""coordinates"":[76.97867800000002,10.309331]}"
860,10,0.04950804263353348,267.2890319824219,2022-12-29,1143.1871337890625,1,5.0,0.0,2022-12-29,2022-12-28,27.296052932739258,292.5487976074219,2022-12-30,0.0,0.0,2022-12-29,0.3426443636417389,5.0,"{""type"":""Point"",""coordinates"":[76.981919,10.319008]}"
861,10,-0.016427645459771156,287.39312744140625,2023-11-09,1138.3375244140625,1,15.0,932.5499877929688,2023-11-09,2023-11-08,8.753530502319336,292.5127258300781,2023-11-10,22.59000015258789,31.25,2023-11-09,0.42542585730552673,15.0,"{""type"":""Point"",""coordinates"":[76.982281,10.312653000000001]}"
862,10,0.2758118212223053,283.72119140625,2019-05-21,1118.11669921875,1,17.0,0.0,2019-05-21,2019-05-20,13.637920379638672,295.8893737792969,2019-05-22,0.009999999776482582,0.0,2019-05-21,0.4028148651123047,17.0,"{""type"":""Point"",""coordinates"":[76.979111,10.314283]}"
863,10,0.0448889285326004,32.56195831298828,2019-05-14,1119.4110107421875,1,44.0,0.11999999731779099,2019-05-14,2019-05-13,31.57068634033203,297.10662841796875,2019-05-15,0.0,0.0,2019-05-14,0.42184320092201233,1.0,"{""type"":""Point"",""coordinates"":[76.949597,10.301277999999998]}"
864,10,0.4846981465816498,207.24964904785156,2022-01-26,1040.156982421875,1,1.0,0.0,2022-01-26,2022-01-25,4.455854415893555,294.8285217285156,2022-01-27,0.0,0.0,2022-01-26,0.1902344971895218,1.0,"{""type"":""Point"",""coordinates"":[76.943708,10.305747000000002]}"
865,10,0.2814822494983673,328.07867431640625,2020-05-12,1050.4677734375,1,47.0,300.79998779296875,2020-05-12,2020-05-11,28.391429901123047,298.09197998046875,2020-05-13,2.240000009536743,2.0833332538604736,2020-05-12,0.39592233300209045,47.0,"{""type"":""Point"",""coordinates"":[76.947572,10.307786]}"
866,30,0.1436784714460373,87.07522583007812,2023-06-25,1061.34033203125,1,3.0,18.44999885559082,2023-06-25,2023-06-24,23.049558639526367,294.8390197753906,2023-06-26,7.749999523162842,16.66666603088379,2023-06-25,0.40999093651771545,3.0,"{""type"":""Point"",""coordinates"":[76.94454400000001,10.300208000000001]}"
867,10,0.2437414973974228,309.8377990722656,2022-04-05,1067.2598876953125,1,3.0,0.0,2022-04-05,2022-04-04,23.2482852935791,297.1950988769531,2022-04-06,0.0,0.0,2022-04-05,0.3640848696231842,1.0,"{""type"":""Point"",""coordinates"":[76.946444,10.300283000000002]}"
868,10,0.2849409878253937,359.25555419921875,2022-02-20,1113.7314453125,1,8.0,0.0,2022-02-20,2022-02-19,10.147777557373047,297.20721435546875,2022-02-21,0.0,0.0,2022-02-20,0.16098912060260773,2.0,"{""type"":""Point"",""coordinates"":[76.92452800000001,10.275511]}"
869,30,0.004739114549010992,221.70140075683594,2023-11-06,1116.6182861328125,1,3.0,65.81999969482422,2023-11-06,2023-11-05,1.5225805044174194,294.00079345703125,2023-11-07,47.59000015258789,41.66666793823242,2023-11-06,0.4236335754394531,3.0,"{""type"":""Point"",""coordinates"":[76.9226,10.272297000000002]}"
870,10,0.21719983220100403,310.26641845703125,2019-06-26,1086.9517822265625,1,1.0,1.2200000286102295,2019-06-26,2019-06-25,10.580029487609863,295.8116455078125,2019-06-27,6.329999923706055,6.25,2019-06-26,0.4115498960018158,1.0,"{""type"":""Point"",""coordinates"":[76.910206,10.309508]}"
871,80,-0.015956085175275803,-0.0,2020-10-29,996.0,1,73.0,0.0,2020-10-29,2020-10-28,0.0,295.1788330078125,2020-10-30,0.0,0.0,2020-10-29,0.4047190248966217,2.0,"{""type"":""Point"",""coordinates"":[76.897617,10.316919]}"
872,30,0.037446245551109314,145.47767639160156,2023-10-06,996.0,1,3.0,0.0,2023-10-06,2023-10-05,24.145540237426758,295.32989501953125,2023-10-07,1.0399999618530273,2.0833332538604736,2023-10-06,0.3957926332950592,3.0,"{""type"":""Point"",""coordinates"":[76.892933,10.313947000000002]}"
873,10,0.017795700579881668,130.57330322265625,2019-08-29,1010.7322387695312,1,3.0,139.22999572753906,2019-08-29,2019-08-28,34.916988372802734,293.87994384765625,2019-08-30,13.65999984741211,16.66666603088379,2019-08-29,0.4277261197566986,3.0,"{""type"":""Point"",""coordinates"":[76.893206,10.314694]}"
874,10,0.24013084173202515,131.80905151367188,2019-04-04,1017.1646118164062,1,3.0,0.0,2019-04-04,2019-04-03,25.677433013916016,298.75830078125,2019-04-05,1.2200000286102295,2.0833332538604736,2019-04-04,0.3291250765323639,3.0,"{""type"":""Point"",""coordinates"":[76.893475,10.315153]}"
875,50,0.228287473320961,197.0895538330078,2021-02-12,1008.4039916992188,1,3.0,0.0,2021-02-12,2021-02-11,16.80719757080078,294.0609130859375,2021-02-13,0.0,0.0,2021-02-12,0.20861370861530304,3.0,"{""type"":""Point"",""coordinates"":[76.892428,10.313836]}"
876,10,0.38557782769203186,39.84889221191406,2020-02-23,1003.628173828125,1,3.0,0.0,2020-02-23,2020-02-22,14.704927444458008,297.9032287597656,2020-02-24,0.85999995470047,2.0833332538604736,2020-02-23,0.14043934643268585,3.0,"{""type"":""Point"",""coordinates"":[76.897606,10.309886]}"
877,30,0.08219662308692932,38.88508605957031,2020-10-18,936.0278930664062,1,5.0,128.8000030517578,2020-10-18,2020-10-17,9.094545364379883,294.4258728027344,2020-10-19,1.6899999380111694,4.166666507720947,2020-10-18,0.42212867736816406,5.0,"{""type"":""Point"",""coordinates"":[76.8584,10.305599999999998]}"
878,10,0.2210395634174347,96.2140121459961,2019-06-15,915.3759765625,1,6.0,4.199999809265137,2019-06-15,2019-06-14,21.80689239501953,295.15753173828125,2019-06-16,3.4700000286102295,4.166666507720947,2019-06-15,0.42302513122558594,2.0,"{""type"":""Point"",""coordinates"":[76.867225,10.304077999999997]}"
879,30,0.027240868657827377,95.92017364501953,2019-11-15,917.3323364257812,1,2.0,24.31999969482422,2019-11-15,2019-11-14,20.105117797851562,295.8448486328125,2019-11-16,0.0,0.0,2019-11-15,0.38614019751548767,1.0,"{""type"":""Point"",""coordinates"":[76.86725000000001,10.304292]}"
880,10,0.2500952184200287,249.1991729736328,2023-01-09,949.5599365234375,1,1.0,0.0,2023-01-09,2023-01-08,16.0725154876709,294.4495544433594,2023-01-10,0.0,0.0,2023-01-09,0.24912197887897491,1.0,"{""type"":""Point"",""coordinates"":[76.876094,10.293314]}"
881,30,0.20296552777290344,319.1859436035156,2021-01-13,944.1080322265625,1,2.0,39.05999755859375,2021-01-13,2021-01-12,27.26545524597168,292.86480712890625,2021-01-14,15.839999198913574,20.83333396911621,2021-01-13,0.4260610044002533,2.0,"{""type"":""Point"",""coordinates"":[76.864919,10.280017]}"
882,10,0.43256330490112305,24.037796020507812,2019-05-08,1055.1444091796875,1,12.0,0.0,2019-05-08,2019-05-07,15.257608413696289,296.6142883300781,2019-05-09,0.29999998211860657,0.0,2019-05-08,0.42235055565834045,12.0,"{""type"":""Point"",""coordinates"":[76.896231,10.271799999999999]}"
883,10,0.11482643336057663,154.83448791503906,2019-05-17,876.5890502929688,1,1.0,0.04999999701976776,2019-05-17,2019-05-16,14.450166702270508,298.27093505859375,2019-05-18,0.09999999403953552,0.0,2019-05-17,0.4530353546142578,1.0,"{""type"":""Point"",""coordinates"":[76.840075,10.293461]}"
884,10,0.030035946518182755,86.80636596679688,2020-07-17,892.6380615234375,1,5.0,184.39999389648438,2020-07-17,2020-07-16,26.150672912597656,295.42547607421875,2020-07-18,12.139999389648438,20.83333396911621,2020-07-17,0.45883432030677795,5.0,"{""type"":""Point"",""coordinates"":[76.841694,10.288408]}"
885,10,0.140236496925354,44.616249084472656,2020-10-17,885.669677734375,1,1.0,1.2300000190734863,2020-10-17,2020-10-16,30.207115173339844,295.586181640625,2020-10-18,20.779998779296875,35.41666793823242,2020-10-17,0.4589926302433014,1.0,"{""type"":""Point"",""coordinates"":[76.832175,10.298946999999998]}"
886,30,0.026798205450177193,86.16140747070312,2020-07-10,1037.3902587890625,1,3.0,177.4499969482422,2020-07-10,2020-07-09,23.63797950744629,296.0576477050781,2020-07-11,25.719999313354492,14.583333015441895,2020-07-10,0.4692878723144531,3.0,"{""type"":""Point"",""coordinates"":[76.844325,10.320331000000001]}"
887,10,0.11658991128206253,49.046016693115234,2022-10-17,879.4622802734375,1,3.0,56.59000015258789,2022-10-17,2022-10-16,30.124530792236328,296.27459716796875,2022-10-18,100.68999481201172,45.83333206176758,2022-10-17,0.4668903350830078,1.0,"{""type"":""Point"",""coordinates"":[76.831867,10.299242]}"
888,10,0.12079513818025589,30.726024627685547,2023-09-15,882.5306396484375,1,3.0,25.239999771118164,2023-09-15,2023-09-14,29.990999221801758,296.0195007324219,2023-09-16,6.53000020980835,8.333333015441895,2023-09-15,0.4737294614315033,1.0,"{""type"":""Point"",""coordinates"":[76.829131,10.300531]}"
889,10,0.337985098361969,194.55520629882812,2019-12-30,917.4136352539062,1,1.0,0.0,2019-12-30,2019-12-29,14.348161697387695,297.97064208984375,2019-12-31,0.0,0.0,2019-12-30,0.34380850195884705,1.0,"{""type"":""Point"",""coordinates"":[76.826036,10.297958000000001]}"
890,10,0.2580571174621582,352.6570739746094,2021-05-17,830.4375,1,3.0,122.66999816894531,2021-05-17,2021-05-16,20.686683654785156,295.5888977050781,2021-05-18,3.2099997997283936,6.25,2021-05-17,0.43121084570884705,3.0,"{""type"":""Point"",""coordinates"":[76.819293,10.355887]}"
891,10,0.2488125115633011,45.8249397277832,2023-04-09,953.5369262695312,1,2.0,0.4399999976158142,2023-04-09,2023-04-08,32.251434326171875,298.5270080566406,2023-04-10,9.350000381469727,12.5,2023-04-09,0.3970724642276764,2.0,"{""type"":""Point"",""coordinates"":[76.819293,10.352907]}"
892,10,0.1649145632982254,351.51214599609375,2022-06-04,861.1181640625,1,4.0,130.27999877929688,2022-06-04,2022-06-03,28.325481414794922,296.7261657714844,2022-06-05,14.799999237060547,14.583333015441895,2022-06-04,0.4248994290828705,4.0,"{""type"":""Point"",""coordinates"":[76.811528,10.355204999999998]}"
893,10,0.19929273426532745,253.84693908691406,2020-09-13,666.27685546875,1,3.0,29.81999969482422,2020-09-13,2020-09-12,12.896388053894043,294.4580383300781,2020-09-14,81.36000061035156,77.08333587646484,2020-09-13,0.4350566864013672,3.0,"{""type"":""Point"",""coordinates"":[76.831808,10.407228]}"
894,10,0.12679514288902283,340.60797119140625,2022-05-22,855.221923828125,1,4.0,23.079999923706055,2022-05-22,2022-05-21,23.289411544799805,295.1646423339844,2022-05-23,14.199999809265137,18.75,2022-05-22,0.45604196190834045,4.0,"{""type"":""Point"",""coordinates"":[76.898169,10.351622000000003]}"
895,10,0.299798846244812,13.668177604675293,2021-05-07,892.6759643554688,1,4.0,0.0,2021-05-07,2021-05-06,28.567007064819336,297.7667236328125,2021-05-08,18.389999389648438,8.333333015441895,2021-05-07,0.4369455873966217,4.0,"{""type"":""Point"",""coordinates"":[76.897556,10.350936]}"
896,10,0.1207907646894455,153.5802459716797,2022-12-30,1010.718017578125,1,12.0,0.0,2022-12-30,2022-12-29,16.671674728393555,295.00335693359375,2022-12-31,0.0,0.0,2022-12-30,0.3226687014102936,2.0,"{""type"":""Point"",""coordinates"":[76.916631,10.342138999999998]}"
897,10,0.03791928291320801,207.30368041992188,2020-06-24,1017.1320190429688,1,12.0,5.920000076293945,2020-06-24,2020-06-23,4.47257661819458,294.8670959472656,2020-06-25,32.16999816894531,41.66666793823242,2020-06-24,0.4169292449951172,2.0,"{""type"":""Point"",""coordinates"":[76.918139,10.342441999999998]}"
898,10,0.34660598635673523,212.39659118652344,2023-03-30,1018.8929443359375,1,2.0,0.0,2023-03-30,2023-03-29,6.229369163513184,296.3609313964844,2023-03-31,20.149999618530273,22.91666603088379,2023-03-30,0.39851951599121094,2.0,"{""type"":""Point"",""coordinates"":[76.91815300000002,10.342689]}"
899,50,0.22248637676239014,268.9858703613281,2022-04-08,1011.2478637695312,1,6.0,0.800000011920929,2022-04-08,2022-04-07,14.524795532226562,297.3078308105469,2022-04-09,11.369999885559082,14.583333015441895,2022-04-08,0.36747613549232483,2.0,"{""type"":""Point"",""coordinates"":[76.916044,10.342421999999997]}"
900,30,0.40437623858451843,83.52568054199219,2020-04-14,1010.2288208007812,1,6.0,0.0,2020-04-14,2020-04-13,13.703974723815918,298.1510314941406,2020-04-15,0.5399999618530273,0.0,2020-04-14,0.35438665747642517,6.0,"{""type"":""Point"",""coordinates"":[76.912872,10.340708000000001]}"
901,10,0.4761061370372772,305.3092956542969,2019-03-25,1004.5903930664062,1,3.0,0.0,2019-03-25,2019-03-24,7.111268997192383,298.7879943847656,2019-03-26,0.0,0.0,2019-03-25,0.2336699217557907,3.0,"{""type"":""Point"",""coordinates"":[76.911064,10.340994]}"
902,10,0.07137922197580338,82.54954528808594,2022-07-11,1094.025390625,1,1.0,8.059999465942383,2022-07-11,2022-07-10,13.230527877807617,293.3823547363281,2022-07-12,39.48999786376953,39.58333206176758,2022-07-11,0.42806944251060486,1.0,"{""type"":""Point"",""coordinates"":[76.903489,10.341633]}"
903,10,0.8215736746788025,69.10638427734375,2020-01-30,1085.5513916015625,1,1.0,0.0,2020-01-30,2020-01-29,19.93975830078125,296.8355712890625,2020-01-31,0.0,0.0,2020-01-30,0.15757815539836884,1.0,"{""type"":""Point"",""coordinates"":[76.903153,10.342506]}"
904,10,0.7894737124443054,311.62939453125,2022-01-08,1091.0667724609375,1,2.0,0.0,2022-01-08,2022-01-07,29.02511215209961,295.78436279296875,2022-01-09,1.7599999904632568,2.0833332538604736,2022-01-08,0.22119839489459991,1.0,"{""type"":""Point"",""coordinates"":[76.935408,10.350047]}"
905,10,0.07121109962463379,309.0920104980469,2023-10-06,1065.7122802734375,1,2.0,0.9900000095367432,2023-10-06,2023-10-05,16.862886428833008,295.32989501953125,2023-10-07,5.509999752044678,4.166666507720947,2023-10-06,0.3957926332950592,1.0,"{""type"":""Point"",""coordinates"":[76.934947,10.34985]}"
906,10,0.6100947260856628,300.5808410644531,2023-03-08,1067.6947021484375,1,2.0,0.0,2023-03-08,2023-03-07,14.595748901367188,297.1121826171875,2023-03-09,0.0,0.0,2023-03-08,0.26076188683509827,2.0,"{""type"":""Point"",""coordinates"":[76.935136,10.350213999999998]}"
907,10,0.13955876231193542,331.9358825683594,2020-11-05,1069.963134765625,1,2.0,72.05999755859375,2020-11-05,2020-11-04,22.21721839904785,296.12298583984375,2020-11-06,22.529998779296875,18.75,2020-11-05,0.4469941556453705,2.0,"{""type"":""Point"",""coordinates"":[76.935903,10.35105]}"
908,10,0.008957514539361,314.5362548828125,2019-09-08,1059.67724609375,1,2.0,17.15999984741211,2019-09-08,2019-09-07,23.299116134643555,294.9266357421875,2019-09-09,1.2000000476837158,0.0,2019-09-08,0.45985159277915955,2.0,"{""type"":""Point"",""coordinates"":[76.936442,10.351717]}"
909,10,0.01054726354777813,329.9830017089844,2019-09-07,1051.10986328125,1,2.0,1.0399999618530273,2019-09-07,2019-09-06,22.79714584350586,294.9989013671875,2019-09-08,8.579999923706055,12.5,2019-09-07,0.4628734588623047,2.0,"{""type"":""Point"",""coordinates"":[76.936617,10.352011000000001]}"
910,10,0.4941524267196655,36.15614318847656,2023-05-28,1086.21240234375,1,1.0,21.939998626708984,2023-05-28,2023-05-27,25.62232208251953,295.70965576171875,2023-05-29,4.110000133514404,6.25,2023-05-28,0.41942915320396423,1.0,"{""type"":""Point"",""coordinates"":[76.935039,10.329467]}"
911,10,0.4041043817996979,311.83538818359375,2020-11-21,1097.8858642578125,1,2.0,0.0,2020-11-21,2020-11-20,21.67697525024414,292.7672119140625,2020-11-22,0.14000000059604645,0.0,2020-11-21,0.40122541785240173,1.0,"{""type"":""Point"",""coordinates"":[76.958731,10.331786]}"
912,10,0.3126060366630554,143.74948120117188,2023-05-28,1094.03759765625,1,5.0,109.69999694824219,2023-05-28,2023-05-27,5.471026420593262,293.69500732421875,2023-05-29,4.110000133514404,6.25,2023-05-28,0.4194374084472656,5.0,"{""type"":""Point"",""coordinates"":[76.962867,10.335671999999999]}"
913,50,0.004533207509666681,325.3639831542969,2019-09-10,1091.8775634765625,1,4.0,6.559999942779541,2019-09-10,2019-09-09,13.902753829956055,292.72283935546875,2019-09-11,10.670000076293945,18.75,2019-09-10,0.41688409447669983,4.0,"{""type"":""Point"",""coordinates"":[76.9614,10.333422]}"
914,30,0.2792215943336487,127.09746551513672,2020-03-09,1089.0418701171875,1,161.0,1.9499999284744263,2020-03-09,2020-03-08,22.820894241333008,294.6241455078125,2020-03-10,16.549999237060547,22.91666603088379,2020-03-09,0.30425897240638733,1.0,"{""type"":""Point"",""coordinates"":[76.961111,10.329381]}"
915,30,8.252888801507652E-4,228.23843383789062,2023-07-23,1126.5877685546875,1,4.0,19.40999984741211,2023-07-23,2023-07-22,7.345405578613281,291.83154296875,2023-07-24,21.09000015258789,41.66666793823242,2023-07-23,0.4267514646053314,1.0,"{""type"":""Point"",""coordinates"":[76.9826,10.32335]}"
916,10,0.06583256274461746,120.44155883789062,2019-07-29,1143.27099609375,1,1.0,15.249999046325684,2019-07-29,2019-07-28,28.666431427001953,292.8995361328125,2019-07-30,7.659999370574951,8.333333015441895,2019-07-29,0.40666136145591736,1.0,"{""type"":""Point"",""coordinates"":[76.984431,10.326346999999998]}"
917,30,0.2228204309940338,263.7746276855469,2021-02-03,1142.39208984375,1,41.0,0.0,2021-02-03,2021-02-02,14.397989273071289,293.6776123046875,2021-02-04,0.0,0.0,2021-02-03,0.294445663690567,41.0,"{""type"":""Point"",""coordinates"":[76.972575,10.354714]}"
918,10,0.21284203231334686,267.8420104980469,2023-04-23,1137.6219482421875,1,41.0,88.55999755859375,2023-04-23,2023-04-22,13.087302207946777,296.36962890625,2023-04-24,53.529998779296875,31.25,2023-04-23,0.3613675534725189,41.0,"{""type"":""Point"",""coordinates"":[76.972683,10.354333]}"
919,10,0.05145959556102753,299.9742736816406,2019-09-24,1135.4652099609375,1,41.0,3106.97998046875,2019-09-24,2019-09-23,19.162805557250977,294.53460693359375,2019-09-25,23.760000228881836,41.66666793823242,2019-09-24,0.41714730858802795,41.0,"{""type"":""Point"",""coordinates"":[76.972572,10.355561]}"
920,10,0.2613503038883209,272.09234619140625,2020-12-09,1126.950439453125,1,41.0,437.8799743652344,2020-12-09,2020-12-08,13.139400482177734,293.2475280761719,2020-12-10,0.7999999523162842,2.0833332538604736,2020-12-09,0.412982314825058,41.0,"{""type"":""Point"",""coordinates"":[76.972536,10.356444]}"
921,30,-0.014513703063130379,180.20448303222656,2023-07-22,1229.0728759765625,1,12.0,59.999996185302734,2023-07-22,2023-07-21,25.094633102416992,293.0869140625,2023-07-23,19.40999984741211,25.0,2023-07-22,0.4256439208984375,12.0,"{""type"":""Point"",""coordinates"":[76.99165,10.365705999999998]}"
922,10,0.14325201511383057,238.93040466308594,2023-06-03,1301.553466796875,1,3.0,4.859999656677246,2023-06-03,2023-06-02,23.748273849487305,295.5244140625,2023-06-04,4.489999771118164,4.166666507720947,2023-06-03,0.4108950197696686,3.0,"{""type"":""Point"",""coordinates"":[76.992614,10.36865]}"
923,10,0.08633789420127869,269.9508972167969,2021-05-19,1326.369384765625,1,3.0,29.759998321533203,2021-05-19,2021-05-18,21.403194427490234,295.05303955078125,2021-05-20,46.959999084472656,29.16666603088379,2021-05-19,0.40536752343177795,3.0,"{""type"":""Point"",""coordinates"":[76.992967,10.369324999999998]}"
924,10,0.2429370880126953,125.30811309814453,2023-12-22,1168.1195068359375,1,1.0,0.08999999612569809,2023-12-22,2023-12-21,27.162443161010742,293.6648864746094,2023-12-23,1.0799999237060547,2.0833332538604736,2023-12-22,0.3938051760196686,1.0,"{""type"":""Point"",""coordinates"":[76.981175,10.363356]}"
925,10,0.017687533050775528,256.81658935546875,2019-09-19,1125.312255859375,1,2.0,23.600000381469727,2019-09-19,2019-09-18,13.395227432250977,294.10089111328125,2019-09-20,8.460000038146973,16.66666603088379,2019-09-19,0.4115079343318939,2.0,"{""type"":""Point"",""coordinates"":[76.966111,10.351944000000001]}"
926,30,0.04270295798778534,246.77590942382812,2023-08-02,1115.005615234375,1,51.0,33.354000091552734,2023-08-02,2023-08-01,6.415426254272461,294.2846374511719,2023-08-03,0.8299999833106995,2.0833332538604736,2023-08-02,0.39518484473228455,51.0,"{""type"":""Point"",""coordinates"":[76.960231,10.357117]}"
927,30,0.3662473261356354,197.56077575683594,2023-04-27,1112.4208984375,1,51.0,1022.5499877929688,2023-04-27,2023-04-26,5.1730427742004395,295.4354553222656,2023-04-28,19.329999923706055,22.91666603088379,2023-04-27,0.41006597876548767,51.0,"{""type"":""Point"",""coordinates"":[76.960642,10.356811]}"
928,30,0.7012400031089783,19.5325984954834,2019-02-01,1115.5328369140625,1,51.0,0.0,2019-02-01,2019-01-31,12.2177152633667,294.3289794921875,2019-02-02,0.01600000075995922,0.0,2019-02-01,0.22253672778606415,49.0,"{""type"":""Point"",""coordinates"":[76.963183,10.354943999999998]}"
929,30,0.5512279868125916,108.99126434326172,2021-03-11,1007.3485107421875,1,80.0,702.3999633789062,2021-03-11,2021-03-10,5.919971942901611,297.8388366699219,2021-03-12,3.809999942779541,6.25,2021-03-11,0.23261134326457977,80.0,"{""type"":""Point"",""coordinates"":[76.9478,10.3659]}"
930,10,0.43962204456329346,84.73458862304688,2022-01-03,1013.2421264648438,1,74.0,19.799999237060547,2022-01-03,2022-01-02,9.966741561889648,293.20159912109375,2022-01-04,0.0,0.0,2022-01-03,0.3075307309627533,3.0,"{""type"":""Point"",""coordinates"":[76.9514,10.366899999999998]}"
931,30,0.07236745953559875,212.46519470214844,2020-10-06,1009.4959106445312,1,74.0,0.0,2020-10-06,2020-10-05,2.0775694847106934,294.10540771484375,2020-10-07,0.09999999403953552,0.0,2020-10-06,0.3530158996582031,3.0,"{""type"":""Point"",""coordinates"":[76.9515,10.3667]}"
932,30,0.105308897793293,172.096923828125,2021-11-07,1419.125732421875,1,1.0,33.57999801635742,2021-11-07,2021-11-06,23.674659729003906,293.78692626953125,2021-11-08,10.369999885559082,16.66666603088379,2021-11-07,0.4142284393310547,1.0,"{""type"":""Point"",""coordinates"":[76.991008,10.384943999999999]}"
933,30,0.08530090749263763,146.20233154296875,2021-09-15,1421.5150146484375,1,1.0,0.0,2021-09-15,2021-09-14,17.927282333374023,293.5958557128906,2021-09-16,9.420000076293945,8.333333015441895,2021-09-15,0.4167823791503906,1.0,"{""type"":""Point"",""coordinates"":[76.989908,10.385033]}"
934,30,0.48134031891822815,146.20233154296875,2019-02-10,1421.5150146484375,1,1.0,6.349999904632568,2019-02-10,2019-02-09,17.927282333374023,295.4360656738281,2019-02-11,12.069999694824219,10.416666984558105,2019-02-10,0.23624801635742188,1.0,"{""type"":""Point"",""coordinates"":[76.989794,10.385083]}"
935,30,-0.02670889161527157,115.08707427978516,2019-08-15,1420.3680419921875,1,1.0,13.779999732971191,2019-08-15,2019-08-14,24.62259292602539,292.7533874511719,2019-08-16,3.5399999618530273,6.25,2019-08-15,0.42811837792396545,1.0,"{""type"":""Point"",""coordinates"":[76.989269,10.384524999999998]}"
936,30,0.02685502916574478,104.36310577392578,2022-12-23,1433.82470703125,1,2.0,0.0,2022-12-23,2022-12-22,29.790552139282227,292.4252624511719,2022-12-24,0.0,0.0,2022-12-23,0.3519560396671295,1.0,"{""type"":""Point"",""coordinates"":[76.988792,10.383941999999998]}"
937,30,0.053922951221466064,105.05682373046875,2023-10-15,1493.443115234375,1,1.0,75.33999633789062,2023-10-15,2023-10-14,21.463153839111328,294.396240234375,2023-10-16,35.20000076293945,45.83333206176758,2023-10-15,0.4174906313419342,1.0,"{""type"":""Point"",""coordinates"":[76.988072,10.384472000000002]}"
938,10,0.11050035804510117,97.31830596923828,2021-11-10,1310.281982421875,1,5.0,143.84999084472656,2021-11-10,2021-11-09,12.276945114135742,291.80682373046875,2021-11-11,5.739999771118164,6.25,2021-11-10,0.4272371828556061,5.0,"{""type"":""Point"",""coordinates"":[76.991733,10.395038999999999]}"
939,10,0.0517888143658638,278.99627685546875,2022-04-27,1549.6890869140625,1,3.0,0.08999999612569809,2022-04-27,2022-04-26,23.40253448486328,296.8061218261719,2022-04-28,0.0,0.0,2022-04-27,0.35710397362709045,3.0,"{""type"":""Point"",""coordinates"":[76.973944,10.394833000000002]}"
940,10,0.597984254360199,17.30560302734375,2021-10-15,1186.433837890625,1,2.0,2.4800000190734863,2021-10-15,2021-10-14,17.333152770996094,293.7163391113281,2021-10-16,1.9199999570846558,2.0833332538604736,2021-10-15,0.4084409177303314,2.0,"{""type"":""Point"",""coordinates"":[76.992547,10.418996999999997]}"
941,10,0.7001518607139587,35.35908508300781,2021-03-31,1290.258544921875,1,1.0,0.0,2021-03-31,2021-03-30,35.597618103027344,297.8123474121094,2021-04-01,0.0,0.0,2021-03-31,0.160064697265625,1.0,"{""type"":""Point"",""coordinates"":[76.955633,10.406667]}"
942,10,-0.020722394809126854,357.159912109375,2023-08-05,1311.0830078125,1,12.0,0.0,2023-08-05,2023-08-04,22.123382568359375,293.93756103515625,2023-08-06,0.0,0.0,2023-08-05,0.39032554626464844,1.0,"{""type"":""Point"",""coordinates"":[76.957953,10.405183]}"
943,10,0.20371019840240479,20.74517250061035,2019-05-31,1311.60400390625,1,1.0,20.059999465942383,2019-05-31,2019-05-30,23.856895446777344,296.9184265136719,2019-06-01,13.75,14.583333015441895,2019-05-31,0.407623291015625,1.0,"{""type"":""Point"",""coordinates"":[76.957264,10.405375]}"
944,10,0.11663942784070969,25.77666664123535,2023-10-18,1317.272216796875,1,1.0,0.44999998807907104,2023-10-18,2023-10-17,35.45974349975586,294.27093505859375,2023-10-19,2.0899999141693115,2.0833332538604736,2023-10-18,0.42274919152259827,1.0,"{""type"":""Point"",""coordinates"":[76.957083,10.405542]}"
945,10,0.4734087586402893,1.3388828039169312,2022-01-13,1302.3885498046875,1,1.0,0.0,2022-01-13,2022-01-12,30.332874298095703,293.9089050292969,2022-01-14,0.0,0.0,2022-01-13,0.24873287975788116,1.0,"{""type"":""Point"",""coordinates"":[76.956897,10.405756000000002]}"
946,10,0.12809938192367554,1.3388828039169312,2023-09-20,1302.3885498046875,1,1.0,7.279999732971191,2023-09-20,2023-09-19,30.332874298095703,293.5708923339844,2023-09-21,11.399999618530273,12.5,2023-09-20,0.42024168372154236,1.0,"{""type"":""Point"",""coordinates"":[76.956944,10.405792]}"
947,10,0.10984854400157928,225.44921875,2022-10-31,1310.732666015625,1,7.0,0.0,2022-10-31,2022-10-30,30.81238555908203,293.1066589355469,2022-11-01,1.709999918937683,2.0833332538604736,2022-10-31,0.39429983496665955,7.0,"{""type"":""Point"",""coordinates"":[76.950028,10.414557999999998]}"
948,10,0.09862601011991501,195.1262664794922,2022-05-05,1321.5721435546875,1,7.0,71.27999877929688,2022-05-05,2022-05-04,23.570402145385742,297.5995178222656,2022-05-06,0.0,0.0,2022-05-05,0.41873612999916077,4.0,"{""type"":""Point"",""coordinates"":[76.949639,10.415111]}"
949,10,0.38024213910102844,230.23390197753906,2023-06-05,1325.201416015625,1,4.0,17.639999389648438,2023-06-05,2023-06-04,27.99658966064453,296.30902099609375,2023-06-06,26.169998168945312,10.416666984558105,2023-06-05,0.44536590576171875,4.0,"{""type"":""Point"",""coordinates"":[76.948419,10.415981000000002]}"
950,10,0.2706688344478607,227.13258361816406,2019-05-22,1321.7578125,1,4.0,0.0,2019-05-22,2019-05-21,30.2531681060791,298.82147216796875,2019-05-23,0.0,0.0,2019-05-22,0.4206562042236328,4.0,"{""type"":""Point"",""coordinates"":[76.948019,10.416625]}"
951,10,0.35069334506988525,322.6929931640625,2022-10-01,736.4800415039062,1,2.0,0.0,2022-10-01,2022-09-30,26.279621124267578,293.76348876953125,2022-10-02,2.562999963760376,2.0833332538604736,2022-10-01,0.37890180945396423,1.0,"{""type"":""Point"",""coordinates"":[76.982583,10.449658]}"
952,10,0.23923256993293762,308.0545959472656,2022-10-10,677.498046875,1,3.0,131.19000244140625,2022-10-10,2022-10-09,13.882974624633789,296.5318298339844,2022-10-11,10.449999809265137,4.166666507720947,2022-10-10,0.4453105926513672,3.0,"{""type"":""Point"",""coordinates"":[76.834178,10.454117]}"
953,10,0.6108677387237549,222.2572784423828,2020-02-27,664.1104125976562,1,3.0,0.0,2020-02-27,2020-02-26,16.99529457092285,300.3554382324219,2020-02-28,0.0,0.0,2020-02-27,0.2753664553165436,3.0,"{""type"":""Point"",""coordinates"":[76.833617,10.452394]}"
954,10,0.45402511954307556,172.17984008789062,2020-04-28,659.4622192382812,1,3.0,4.779999732971191,2020-04-28,2020-04-27,13.886781692504883,300.30584716796875,2020-04-29,26.849998474121094,31.25,2020-04-28,0.36880239844322205,1.0,"{""type"":""Point"",""coordinates"":[76.832933,10.452206000000004]}"
955,10,0.12818118929862976,310.0692138671875,2019-04-15,681.4412841796875,1,4.0,0.0,2019-04-15,2019-04-14,27.164880752563477,302.0892028808594,2019-04-16,0.0,0.0,2019-04-15,0.33747610449790955,4.0,"{""type"":""Point"",""coordinates"":[76.838131,10.450786000000003]}"
956,10,0.20385877788066864,312.30596923828125,2023-10-20,631.2535400390625,1,20.0,0.0,2023-10-20,2023-10-19,21.066831588745117,297.8173828125,2023-10-21,0.0,0.0,2023-10-20,0.4531046450138092,20.0,"{""type"":""Point"",""coordinates"":[76.825522,10.452069]}"
957,30,0.2252512127161026,180.72409057617188,2022-10-11,1162.5599365234375,1,1.0,15.859999656677246,2022-10-11,2022-10-10,36.41917037963867,296.15460205078125,2022-10-12,67.63999938964844,33.33333206176758,2022-10-11,0.46971574425697327,1.0,"{""type"":""Point"",""coordinates"":[76.72935,10.519199999999998]}"
958,30,0.10887088626623154,176.23373413085938,2021-06-06,1163.7081298828125,1,1.0,84.61000061035156,2021-06-06,2021-06-05,30.01535987854004,295.77655029296875,2021-06-07,0.0,0.0,2021-06-06,0.486328125,1.0,"{""type"":""Point"",""coordinates"":[76.728593,10.519324]}"
959,10,0.5993669629096985,302.4980163574219,2020-03-31,1192.286865234375,1,1.0,0.0,2020-03-31,2020-03-30,17.177776336669922,301.2941589355469,2020-04-01,0.0,0.0,2020-03-31,0.3017183840274811,1.0,"{""type"":""Point"",""coordinates"":[76.730808,10.523999]}"
960,10,0.08139114081859589,124.76408386230469,2021-06-11,1232.566650390625,1,4.0,0.03999999910593033,2021-06-11,2021-06-10,24.839536666870117,296.4379577636719,2021-06-12,18.69999885559082,8.333333015441895,2021-06-11,0.4774557650089264,1.0,"{""type"":""Point"",""coordinates"":[76.720458,10.526381000000002]}"
961,30,0.11203265190124512,264.3598937988281,2020-09-19,1035.2593994140625,1,1.0,40.59000015258789,2020-09-19,2020-09-18,37.99164581298828,295.1275329589844,2020-09-20,77.31999969482422,85.41666412353516,2020-09-19,0.49670347571372986,1.0,"{""type"":""Point"",""coordinates"":[76.722541,10.514993]}"
962,10,0.42498505115509033,352.19580078125,2021-02-08,676.7246704101562,1,3.0,0.0,2021-02-08,2021-02-07,27.073509216308594,296.66064453125,2021-02-09,0.0,0.0,2021-02-08,0.27304014563560486,1.0,"{""type"":""Point"",""coordinates"":[76.771125,10.420275]}"
963,10,0.156288281083107,21.783262252807617,2020-12-19,606.1314697265625,1,2.0,0.3199999928474426,2020-12-19,2020-12-18,25.117431640625,295.2862854003906,2020-12-20,3.869999885559082,6.25,2020-12-19,0.38333258032798767,2.0,"{""type"":""Point"",""coordinates"":[76.767506,10.421786]}"
964,10,0.4297943413257599,357.8687438964844,2022-01-28,625.2879028320312,1,2.0,0.0,2022-01-28,2022-01-27,22.153528213500977,296.5005187988281,2022-01-29,0.0,0.0,2022-01-28,0.24448013305664062,2.0,"{""type"":""Point"",""coordinates"":[76.766492,10.421888]}"
965,10,0.3359326124191284,9.62464427947998,2022-06-22,633.5191650390625,1,2.0,22.85999870300293,2022-06-22,2022-06-21,22.425386428833008,295.47412109375,2022-06-23,9.84000015258789,14.583333015441895,2022-06-22,0.429718017578125,2.0,"{""type"":""Point"",""coordinates"":[76.767208,10.421347]}"
966,10,0.15471681952476501,17.421125411987305,2023-08-05,623.407958984375,1,2.0,0.0,2023-08-05,2023-08-04,20.50890350341797,295.6910400390625,2023-08-06,0.0,0.0,2023-08-05,0.4229075014591217,2.0,"{""type"":""Point"",""coordinates"":[76.767213,10.421672]}"
967,10,0.16776548326015472,210.08648681640625,2023-06-24,543.2894897460938,1,4.0,0.0,2023-06-24,2023-06-23,34.97458267211914,296.20941162109375,2023-06-25,8.149999618530273,8.333333015441895,2023-06-24,0.4231637418270111,4.0,"{""type"":""Point"",""coordinates"":[76.769186,10.388494]}"
968,10,0.19977398216724396,141.99623107910156,2023-11-21,679.9395141601562,1,1.0,1.9199999570846558,2023-11-21,2023-11-20,19.962923049926758,296.40435791015625,2023-11-22,14.460000038146973,18.75,2023-11-21,0.3687509000301361,1.0,"{""type"":""Point"",""coordinates"":[76.761278,10.418950000000002]}"
969,10,0.21038386225700378,115.96287536621094,2022-10-04,953.443359375,1,3.0,3.0299999713897705,2022-10-04,2022-10-03,3.820420742034912,295.8542175292969,2022-10-05,0.3999999761581421,0.0,2022-10-04,0.45950379967689514,3.0,"{""type"":""Point"",""coordinates"":[76.6655,10.4576]}"
970,10,0.18687964975833893,33.45201873779297,2019-01-25,1070.0157470703125,1,2.0,0.0,2019-01-25,2019-01-24,7.382221698760986,297.126220703125,2019-01-26,0.0,0.0,2019-01-25,0.28411293029785156,2.0,"{""type"":""Point"",""coordinates"":[76.66347,10.451009]}"
971,10,0.25684523582458496,284.0884704589844,2023-04-27,1099.573486328125,1,2.0,95.77999877929688,2023-04-27,2023-04-26,26.42732048034668,299.08935546875,2023-04-28,10.210000038146973,10.416666984558105,2023-04-27,0.41327476501464844,2.0,"{""type"":""Point"",""coordinates"":[76.66623200000001,10.451523000000002]}"
972,10,0.3826943039894104,307.8570556640625,2021-06-24,1060.192138671875,1,5.0,127.8499984741211,2021-06-24,2021-06-23,24.688796997070312,296.4026794433594,2021-06-25,2.119999885559082,4.166666507720947,2021-06-24,0.4875418245792389,5.0,"{""type"":""Point"",""coordinates"":[76.66926,10.4563]}"
973,30,0.27909180521965027,291.91357421875,2022-09-27,1095.837646484375,1,5.0,8.119999885559082,2022-09-27,2022-09-26,28.871028900146484,297.03094482421875,2022-09-28,0.0,0.0,2022-09-27,0.42679595947265625,2.0,"{""type"":""Point"",""coordinates"":[76.66986,10.453811999999997]}"
974,10,0.20964749157428741,7.4884419441223145,2023-03-29,1099.5760498046875,1,2.0,42.0,2023-03-29,2023-03-28,11.731708526611328,300.2798767089844,2023-03-30,9.470000267028809,16.66666603088379,2023-03-29,0.3474617004394531,2.0,"{""type"":""Point"",""coordinates"":[76.668552,10.452749999999998]}"
975,10,0.3576963543891907,329.159912109375,2020-02-20,1093.5794677734375,1,2.0,0.0,2020-02-20,2020-02-19,13.724288940429688,298.4830627441406,2020-02-21,0.0,0.0,2020-02-20,0.2791410982608795,2.0,"{""type"":""Point"",""coordinates"":[76.669093,10.453120000000002]}"
976,10,0.07066899538040161,24.072053909301758,2020-08-10,1100.474365234375,1,2.0,163.3800048828125,2020-08-10,2020-08-09,17.66407585144043,294.1461181640625,2020-08-11,25.0,25.0,2020-08-10,0.47680091857910156,2.0,"{""type"":""Point"",""coordinates"":[76.668505,10.452639999999999]}"
977,10,0.7460556030273438,329.16070556640625,2020-03-23,1079.1104736328125,1,5.0,0.0,2020-03-23,2020-03-22,30.3886661529541,300.1212158203125,2020-03-24,16.94999885559082,14.583333015441895,2020-03-23,0.3127523958683014,5.0,"{""type"":""Point"",""coordinates"":[76.67035,10.456634999999999]}"
978,10,0.16194209456443787,257.2499694824219,2020-09-18,981.0673217773438,1,1.0,1.5199999809265137,2020-09-18,2020-09-17,16.065563201904297,295.3826904296875,2020-09-19,40.59000015258789,22.91666603088379,2020-09-18,0.4898954927921295,1.0,"{""type"":""Point"",""coordinates"":[76.706638,10.512771999999998]}"
979,10,0.6828413009643555,81.43449401855469,2023-01-20,1034.479736328125,1,1.0,0.0,2023-01-20,2023-01-19,30.541200637817383,296.6402587890625,2023-01-21,0.0,0.0,2023-01-20,0.2890644073486328,1.0,"{""type"":""Point"",""coordinates"":[76.70548000000001,10.5125]}"
980,10,0.10313504189252853,89.57198333740234,2020-10-03,1024.860107421875,1,1.0,0.0,2020-10-03,2020-10-02,25.41158676147461,296.3989562988281,2020-10-04,0.0,0.0,2020-10-03,0.46319833397865295,1.0,"{""type"":""Point"",""coordinates"":[76.705238,10.513456]}"
981,10,0.14526917040348053,146.42784118652344,2023-10-12,965.9231567382812,1,2.0,4.360000133514404,2023-10-12,2023-10-11,11.71811294555664,297.0006408691406,2023-10-13,5.759999752044678,6.25,2023-10-12,0.44985517859458923,1.0,"{""type"":""Point"",""coordinates"":[76.707017,10.516015000000001]}"
982,30,0.22675558924674988,40.21076202392578,2022-05-24,968.1746215820312,1,2.0,0.0,2022-05-24,2022-05-23,16.85623550415039,296.2201843261719,2022-05-25,2.119999885559082,4.166666507720947,2022-05-24,0.49405035376548767,2.0,"{""type"":""Point"",""coordinates"":[76.704987,10.519083]}"
983,30,0.221061572432518,51.92781066894531,2023-12-22,968.8768920898438,1,18.0,0.0,2023-12-22,2023-12-21,17.001731872558594,296.7356872558594,2023-12-23,0.6100000143051147,2.0833332538604736,2023-12-22,0.4621041715145111,2.0,"{""type"":""Point"",""coordinates"":[76.70468,10.519469]}"
984,30,0.2898872494697571,56.304073333740234,2022-06-21,960.414794921875,1,2.0,2.2799999713897705,2022-06-21,2022-06-20,2.2867982387542725,296.34820556640625,2022-06-22,4.889999866485596,4.166666507720947,2022-06-21,0.48514875769615173,2.0,"{""type"":""Point"",""coordinates"":[76.707104,10.518439]}"
985,10,0.6891908645629883,48.659976959228516,2021-03-08,970.27294921875,1,2.0,0.0,2021-03-08,2021-03-07,19.749547958374023,300.1723937988281,2021-03-09,0.0,0.0,2021-03-08,0.28754106163978577,2.0,"{""type"":""Point"",""coordinates"":[76.706842,10.517512]}"
986,30,0.07561953365802765,247.35137939453125,2022-08-24,998.5859985351562,1,1.0,35.38999938964844,2022-08-24,2022-08-23,14.528472900390625,294.68096923828125,2022-08-25,24.439998626708984,22.91666603088379,2022-08-24,0.4961293637752533,1.0,"{""type"":""Point"",""coordinates"":[76.708769,10.514386000000002]}"
987,30,0.18539664149284363,56.41636276245117,2022-02-15,1013.1605224609375,1,1.0,0.0,2022-02-15,2022-02-14,46.17736053466797,297.9302978515625,2022-02-16,0.0,0.0,2022-02-15,0.28635725378990173,1.0,"{""type"":""Point"",""coordinates"":[76.714898,10.514843999999998]}"
988,10,0.2535156309604645,129.6488494873047,2020-05-26,980.6487426757812,1,1.0,3.0,2020-05-26,2020-05-25,30.04391098022461,299.32073974609375,2020-05-27,0.0,0.0,2020-05-26,0.458038330078125,1.0,"{""type"":""Point"",""coordinates"":[76.714973,10.51619]}"
989,10,0.13894565403461456,114.11355590820312,2022-10-29,996.4866943359375,1,1.0,0.0,2022-10-29,2022-10-28,29.685300827026367,296.64044189453125,2022-10-30,0.0,0.0,2022-10-29,0.4269561767578125,1.0,"{""type"":""Point"",""coordinates"":[76.714738,10.516108000000001]}"
990,10,0.13310843706130981,30.232637405395508,2020-08-18,981.2576904296875,1,11.0,0.0,2020-08-18,2020-08-17,16.74909782409668,295.57611083984375,2020-08-19,2.309999942779541,4.166666507720947,2020-08-18,0.4889202117919922,11.0,"{""type"":""Point"",""coordinates"":[76.704183,10.526703]}"
991,10,0.42386773228645325,287.0843200683594,2023-12-17,636.9781494140625,1,5.0,9.84999942779541,2023-12-17,2023-12-16,31.682418823242188,296.8102111816406,2023-12-18,38.79999923706055,35.41666793823242,2023-12-17,0.4201641082763672,5.0,"{""type"":""Point"",""coordinates"":[76.656767,10.526352]}"
992,10,0.1352251172065735,307.0902404785156,2023-06-18,617.7681274414062,1,5.0,5.399999618530273,2023-06-18,2023-06-17,27.64779281616211,297.4744873046875,2023-06-19,0.4599999785423279,0.0,2023-06-18,0.47779083251953125,5.0,"{""type"":""Point"",""coordinates"":[76.65591000000002,10.525573]}"
993,10,0.07000196725130081,283.82568359375,2023-08-08,650.6333618164062,1,5.0,4.699999809265137,2023-08-08,2023-08-07,28.29004669189453,297.3828125,2023-08-09,0.7999999523162842,0.0,2023-08-08,0.45389875769615173,5.0,"{""type"":""Point"",""coordinates"":[76.6566,10.5259]}"
994,10,0.17659826576709747,300.08892822265625,2023-04-15,493.716064453125,1,8.0,0.0,2023-04-15,2023-04-14,22.79922866821289,301.5764465332031,2023-04-16,0.03999999910593033,0.0,2023-04-15,0.2995719909667969,8.0,"{""type"":""Point"",""coordinates"":[76.6528,10.523768000000004]}"
995,10,0.24882368743419647,312.91241455078125,2022-04-05,502.9045715332031,1,16.0,0.0,2022-04-05,2022-04-04,22.661088943481445,300.0131530761719,2022-04-06,0.0,0.0,2022-04-05,0.3373781740665436,8.0,"{""type"":""Point"",""coordinates"":[76.653293,10.524425999999998]}"
996,10,0.18360474705696106,293.84246826171875,2020-11-30,509.28271484375,1,16.0,3.5199999809265137,2020-11-30,2020-11-29,29.17050552368164,296.7053527832031,2020-12-01,0.0,0.0,2020-11-30,0.4420795440673828,16.0,"{""type"":""Point"",""coordinates"":[76.653811,10.525053]}"
997,10,0.04260895028710365,33.589664459228516,2022-04-25,464.5821533203125,1,11.0,0.6599999666213989,2022-04-25,2022-04-24,26.405292510986328,299.17266845703125,2022-04-26,1.409999966621399,0.0,2022-04-25,0.46038880944252014,11.0,"{""type"":""Point"",""coordinates"":[76.64690000000002,10.525447]}"
998,10,0.6329475045204163,82.92085266113281,2019-02-09,459.3639831542969,1,11.0,0.0,2019-02-09,2019-02-08,30.462446212768555,299.9272155761719,2019-02-10,1.659999966621399,2.0833332538604736,2019-02-09,0.2857704162597656,11.0,"{""type"":""Point"",""coordinates"":[76.64719,10.525205]}"
999,10,0.07962515205144882,51.78960418701172,2022-07-09,471.7983703613281,1,10.0,308.1999816894531,2022-07-09,2022-07-08,23.851423263549805,295.39080810546875,2022-07-10,55.79999923706055,43.75,2022-07-09,0.5007928013801575,10.0,"{""type"":""Point"",""coordinates"":[76.649148,10.522236000000001]}"
