system:index,Map,NDVI,aspect,current_date,elevation,is_landslide,max_water_accumulation,prev_day_water_accumulation,prev_end,prev_start,slope,soil_temperature,today_end,today_expected_rain,today_rain_probability,today_start,volumetric_soil_moisture,water_accumulation,.geo
0,40,0.3844445049762726,276.68182373046875,2023-03-29,8.896279335021973,0,1.0,0.0,2023-03-29,2023-03-28,2.9921810626983643,300.792724609375,2023-03-30,0.0,0.0,2023-03-29,0.1911652833223343,1.0,"{""type"":""Point"",""coordinates"":[92.0360716581285,22.065252738664377]}"
1,40,0.19169075787067413,285.825439453125,2023-06-04,1.4858207702636719,0,4.0,0.0,2023-06-04,2023-06-03,0.04304236173629761,305.6179504394531,2023-06-05,0.0,0.0,2023-06-04,0.26823869347572327,4.0,"{""type"":""Point"",""coordinates"":[89.44019162633391,23.115995612175148]}"
2,30,0.011910038068890572,79.85357666015625,2019-07-28,1060.401611328125,0,1.0,29.279998779296875,2019-07-28,2019-07-27,21.890575408935547,298.5653381347656,2019-07-29,21.76999855041504,22.91666603088379,2019-07-28,0.396942138671875,1.0,"{""type"":""Point"",""coordinates"":[92.74317724784845,23.815580690741594]}"
3,10,-2.504154690541327E-4,8.975702285766602,2021-09-14,1412.39404296875,0,1.0,0.0,2021-09-14,2021-09-13,36.5034065246582,296.1886291503906,2021-09-15,55.09000015258789,20.83333396911621,2021-09-14,0.45731163024902344,1.0,"{""type"":""Point"",""coordinates"":[97.07164572727137,22.73969790650811]}"
4,10,0.1526837795972824,137.28990173339844,2023-09-01,164.15679931640625,0,43.0,12.899999618530273,2023-09-01,2023-08-31,0.03761540353298187,298.71807861328125,2023-09-02,0.0,0.0,2023-09-01,0.4372812807559967,43.0,"{""type"":""Point"",""coordinates"":[97.47698214592728,24.842054499073093]}"
5,40,0.17006155848503113,302.9587707519531,2023-02-14,49.969642639160156,0,29.0,0.0,2023-02-14,2023-02-13,0.5696166157722473,292.1502990722656,2023-02-15,0.0,0.0,2023-02-14,0.16579627990722656,29.0,"{""type"":""Point"",""coordinates"":[91.2618006885945,26.553244241534266]}"
6,10,0.5046722888946533,116.07121276855469,2022-03-06,1316.010498046875,0,3.0,0.0,2022-03-06,2022-03-05,25.873857498168945,289.2685546875,2022-03-07,0.0,0.0,2022-03-06,0.17085330188274384,3.0,"{""type"":""Point"",""coordinates"":[93.39608218998622,21.984626610164163]}"
7,10,0.18402564525604248,119.39253997802734,2022-04-05,1295.9876708984375,0,4.0,31.259998321533203,2022-04-05,2022-04-04,25.19358253479004,289.7530517578125,2022-04-06,7.829999923706055,8.333333015441895,2022-04-05,0.46838250756263733,2.0,"{""type"":""Point"",""coordinates"":[96.01754692582071,27.08276945809728]}"
8,10,0.1341598480939865,216.59368896484375,2022-08-30,238.34205627441406,0,1.0,7.710000038146973,2022-08-30,2022-08-29,8.672599792480469,300.0537414550781,2022-08-31,18.579999923706055,14.583333015441895,2022-08-30,0.42595672607421875,1.0,"{""type"":""Point"",""coordinates"":[90.7654998867463,25.848433442830302]}"
9,10,-0.003506653243675828,328.8681945800781,2019-12-21,3339.9736328125,0,5.0,0.44999998807907104,2019-12-21,2019-12-20,37.16958999633789,278.8710632324219,2019-12-22,0.2199999988079071,0.0,2019-12-21,0.41119638085365295,5.0,"{""type"":""Point"",""coordinates"":[88.48599794017161,27.619083316554608]}"
10,30,0.5761067867279053,92.10420989990234,2019-12-01,218.47108459472656,0,2.0,0.0,2019-12-01,2019-11-30,3.4954869747161865,296.78265380859375,2019-12-02,0.004000000189989805,0.0,2019-12-01,0.3298918306827545,1.0,"{""type"":""Point"",""coordinates"":[96.02672461440783,22.929695693290906]}"
11,10,0.25073522329330444,113.17598724365234,2021-05-12,303.1690979003906,0,2.0,12.019999504089355,2021-05-12,2021-05-11,23.805204391479492,298.9357604980469,2021-05-13,11.899999618530273,16.66666603088379,2021-05-12,0.37744393944740295,1.0,"{""type"":""Point"",""coordinates"":[96.56661017811678,25.997491340865203]}"
12,10,0.39539381861686707,33.88389587402344,2022-10-06,179.24464416503906,0,3.0,122.90999603271484,2022-10-06,2022-10-05,8.593436241149902,298.9953308105469,2022-10-07,0.20999999344348907,0.0,2022-10-06,0.4931246340274811,3.0,"{""type"":""Point"",""coordinates"":[93.05401517024654,25.738959018610814]}"
13,10,0.22105523943901062,153.80343627929688,2019-09-30,616.9136352539062,0,2.0,6.699999809265137,2019-09-30,2019-09-29,27.847993850708008,295.2305603027344,2019-10-01,3.3299999237060547,6.25,2019-09-30,0.4702351987361908,1.0,"{""type"":""Point"",""coordinates"":[96.72683751449493,23.008989754073845]}"
14,10,0.7918409109115601,242.72360229492188,2023-01-22,828.0582275390625,0,2.0,0.0,2023-01-22,2023-01-21,7.925333499908447,291.2519836425781,2023-01-23,0.0,0.0,2023-01-22,0.2562541961669922,1.0,"{""type"":""Point"",""coordinates"":[97.21779262662145,21.796022636414254]}"
15,10,0.06700519472360611,257.9388732910156,2020-06-11,235.84011840820312,0,189.0,56.939998626708984,2020-06-11,2020-06-10,8.809103012084961,300.4007873535156,2020-06-12,12.09000015258789,14.583333015441895,2020-06-11,0.4794158935546875,1.0,"{""type"":""Point"",""coordinates"":[90.90749236176278,25.791411554274298]}"
16,80,-0.003769737435504794,265.72802734375,2019-08-28,5343.5791015625,0,29.0,0.0,2019-08-28,2019-08-27,1.489172101020813,284.1064453125,2019-08-29,18.43000030517578,14.583333015441895,2019-08-28,0.25292715430259705,3.0,"{""type"":""Point"",""coordinates"":[90.57762649042495,28.441046121104222]}"
17,10,0.5439046025276184,23.32362937927246,2023-01-08,1159.07373046875,0,1.0,0.0,2023-01-08,2023-01-07,12.693391799926758,286.683349609375,2023-01-09,0.0,0.0,2023-01-08,0.2610130310058594,1.0,"{""type"":""Point"",""coordinates"":[97.0915043953024,26.782236351250866]}"
18,10,0.4341254234313965,108.1049575805664,2020-02-21,856.35595703125,0,1.0,0.0,2020-02-21,2020-02-20,23.791099548339844,289.15545654296875,2020-02-22,0.0,0.0,2020-02-21,0.3029721677303314,1.0,"{""type"":""Point"",""coordinates"":[95.93159079552713,26.5322371508263]}"
19,20,0.04565323144197464,148.31460571289062,2022-09-05,281.395751953125,0,4.0,23.19999885559082,2022-09-05,2022-09-04,3.856139659881592,301.3881530761719,2022-09-06,25.3799991607666,20.83333396911621,2022-09-05,0.47978082299232483,4.0,"{""type"":""Point"",""coordinates"":[95.02641353485355,23.187465493396417]}"
20,40,0.23563218116760254,74.37413024902344,2022-11-16,8.37228775024414,0,3.0,0.0,2022-11-16,2022-11-15,5.45331335067749,296.5353088378906,2022-11-17,0.0,0.0,2022-11-16,0.22636859118938446,3.0,"{""type"":""Point"",""coordinates"":[91.51658499187836,24.691975630578007]}"
21,80,-0.06948480755090714,-0.0,2022-01-11,7.5,0,8505.0,595.3499755859375,2022-01-11,2022-01-10,0.0,295.5796203613281,2022-01-12,20.56999969482422,25.0,2022-01-11,0.15981166064739227,8505.0,"{""type"":""Point"",""coordinates"":[90.47437064173721,24.691468919565843]}"
22,60,0.0681358352303505,94.4874496459961,2023-06-28,30.486576080322266,0,1.0,4.359999656677246,2023-06-28,2023-06-27,1.341452717781067,301.332275390625,2023-06-29,33.720001220703125,41.66666793823242,2023-06-28,0.3729381561279297,1.0,"{""type"":""Point"",""coordinates"":[89.2216534269189,25.422938771932422]}"
23,60,0.09422764927148819,172.90740966796875,2021-01-31,4458.45703125,0,1.0,0.0,2021-01-31,2021-01-30,30.789182662963867,271.6517639160156,2021-02-01,0.0,0.0,2021-01-31,0.2646414339542389,1.0,"{""type"":""Point"",""coordinates"":[88.88929766935141,29.038942334749272]}"
24,40,0.3921520709991455,258.0871887207031,2019-11-23,39.754905700683594,0,72.0,0.0,2019-11-23,2019-11-22,2.52278995513916,297.0255126953125,2019-11-24,0.0,0.0,2019-11-23,0.2126750946044922,72.0,"{""type"":""Point"",""coordinates"":[89.36221942908794,26.186425072166603]}"
25,60,0.0014558731345459819,209.94595336914062,2019-01-13,4843.83544921875,0,3.0,0.0,2019-01-13,2019-01-12,26.909990310668945,265.3935852050781,2019-01-14,0.0,0.0,2019-01-13,0.21929931640625,3.0,"{""type"":""Point"",""coordinates"":[89.3771503253939,28.419315630759186]}"
26,40,0.11607776582241058,235.89971923828125,2023-11-05,801.2286376953125,0,4.0,0.03999999910593033,2023-11-05,2023-11-04,3.5113608837127686,293.3792724609375,2023-11-06,0.0,0.0,2023-11-05,0.3888467252254486,4.0,"{""type"":""Point"",""coordinates"":[94.02681615382194,24.45838096367012]}"
27,10,-0.010580630972981453,189.20138549804688,2019-08-19,1809.2318115234375,0,3.0,0.19999998807907104,2019-08-19,2019-08-18,29.465028762817383,296.3232727050781,2019-08-20,3.1499998569488525,6.25,2019-08-19,0.5000330805778503,1.0,"{""type"":""Point"",""coordinates"":[96.04019420871184,26.900783517188227]}"
28,40,0.2675481140613556,7.77056884765625,2019-05-03,153.86148071289062,0,16.0,36.63999938964844,2019-05-03,2019-05-02,1.9658585786819458,308.8197326660156,2019-05-04,15.8100004196167,8.333333015441895,2019-05-03,0.2541484832763672,16.0,"{""type"":""Point"",""coordinates"":[95.45722907866794,23.177970567186385]}"
29,10,0.014143646694719791,280.4329833984375,2023-05-15,2912.802978515625,0,2.0,199.0,2023-05-15,2023-05-14,22.84991455078125,281.7236022949219,2023-05-16,15.799999237060547,22.91666603088379,2023-05-15,0.3987973630428314,2.0,"{""type"":""Point"",""coordinates"":[96.44697180162227,28.302046817246868]}"
30,10,0.9229092597961426,84.10389709472656,2021-12-17,356.6818542480469,0,29.0,0.0,2021-12-17,2021-12-16,20.24801254272461,291.60821533203125,2021-12-18,0.0,0.0,2021-12-17,0.3188222348690033,6.0,"{""type"":""Point"",""coordinates"":[92.90478037332042,21.599601641484067]}"
31,40,0.4268138110637665,273.1712646484375,2021-04-09,3.27974534034729,0,4.0,0.17999999225139618,2021-04-09,2021-04-08,0.249198779463768,304.1907958984375,2021-04-10,0.0,0.0,2021-04-09,0.15018780529499054,2.0,"{""type"":""Point"",""coordinates"":[90.33406035057695,23.180571786185318]}"
32,40,0.05485992878675461,24.931529998779297,2021-09-01,167.58128356933594,0,7.0,0.38999998569488525,2021-09-01,2021-08-31,0.13084673881530762,298.41497802734375,2021-09-02,26.996999740600586,20.83333396911621,2021-09-01,0.47556114196777344,1.0,"{""type"":""Point"",""coordinates"":[94.038624131702,22.71685279431224]}"
33,10,0.6771233677864075,209.97137451171875,2022-11-19,609.5568237304688,0,5.0,0.0,2022-11-19,2022-11-18,4.387705326080322,289.0340881347656,2022-11-20,0.0,0.0,2022-11-19,0.33844438195228577,5.0,"{""type"":""Point"",""coordinates"":[97.40253736582265,26.59682276277797]}"
34,10,0.8368805646896362,176.4346923828125,2020-12-25,334.6259765625,0,7.0,0.0,2020-12-25,2020-12-24,22.792095184326172,290.32318115234375,2020-12-26,0.0,0.0,2020-12-25,0.2793846130371094,7.0,"{""type"":""Point"",""coordinates"":[96.81884132795444,23.068523656486335]}"
35,30,-0.020930489525198936,108.21229553222656,2022-02-19,4567.12060546875,0,2.0,7.380000114440918,2022-02-19,2022-02-18,23.46235466003418,271.5715637207031,2022-02-20,0.08999999612569809,0.0,2022-02-19,0.32091841101646423,2.0,"{""type"":""Point"",""coordinates"":[92.10841449011517,27.588538112365228]}"
36,40,0.22053855657577515,264.90362548828125,2021-01-12,24.985260009765625,0,3.0,0.0,2021-01-12,2021-01-11,2.3631720542907715,293.88104248046875,2021-01-13,0.0,0.0,2021-01-12,0.13568751513957977,3.0,"{""type"":""Point"",""coordinates"":[89.91009286580334,25.67596982651688]}"
37,10,0.3146272897720337,7.29669713973999,2021-10-10,69.29093170166016,0,1695.0,0.0,2021-10-10,2021-10-09,9.810005187988281,300.7081298828125,2021-10-11,0.0,0.0,2021-10-10,0.44730886816978455,1695.0,"{""type"":""Point"",""coordinates"":[90.5867265610576,26.587235359255928]}"
38,10,0.05629690736532211,24.779407501220703,2023-10-01,418.4246520996094,0,2.0,58.82999801635742,2023-10-01,2023-09-30,37.90426254272461,297.4521484375,2023-10-02,2.6600000858306885,4.166666507720947,2023-10-01,0.31587791442871094,1.0,"{""type"":""Point"",""coordinates"":[89.95285798967001,26.788023569226816]}"
39,40,0.2869774401187897,294.7528076171875,2021-10-17,67.69219970703125,0,9.0,7.739999771118164,2021-10-17,2021-10-16,0.27780354022979736,301.6789855957031,2021-10-18,0.17999999225139618,0.0,2021-10-17,0.37783685326576233,9.0,"{""type"":""Point"",""coordinates"":[90.71667950237672,26.59834040858356]}"
40,80,-0.036837898194789886,41.254600524902344,2019-08-09,8.76995849609375,0,126.0,168.4499969482422,2019-08-09,2019-08-08,1.3275591135025024,300.9686584472656,2019-08-10,1.4900000095367432,4.166666507720947,2019-08-09,0.41120782494544983,3.0,"{""type"":""Point"",""coordinates"":[89.05473158871985,23.9750420453833]}"
41,70,-0.012291742488741875,104.9924545288086,2019-06-25,5809.97998046875,0,5.0,0.0,2019-06-25,2019-06-24,56.97432327270508,273.8404846191406,2019-06-26,29.8799991607666,12.5,2019-06-25,0.39739862084388733,3.0,"{""type"":""Point"",""coordinates"":[88.88707884481833,27.887796572769172]}"
42,10,0.836958110332489,244.67396545410156,2022-02-13,1414.68017578125,0,2.0,0.0,2022-02-13,2022-02-12,25.573854446411133,284.7192687988281,2022-02-14,0.0,0.0,2022-02-13,0.21583430469036102,2.0,"{""type"":""Point"",""coordinates"":[93.18546951889066,22.763660730941808]}"
43,60,0.014571793377399445,11.14441967010498,2023-03-16,4832.783203125,0,21.0,0.6599999666213989,2023-03-16,2023-03-15,25.796789169311523,273.36602783203125,2023-03-17,0.0,0.0,2023-03-16,0.10184288024902344,2.0,"{""type"":""Point"",""coordinates"":[89.34112480283852,28.389257154609655]}"
44,10,0.18900041282176971,272.9755554199219,2020-10-21,673.9115600585938,0,849.0,0.0,2020-10-21,2020-10-20,34.71197509765625,293.0560607910156,2020-10-22,0.0,0.0,2020-10-21,0.30469703674316406,849.0,"{""type"":""Point"",""coordinates"":[89.872188129525,26.91966309567889]}"
45,40,0.1608000546693802,359.7535095214844,2023-07-04,98.221435546875,0,1.0,1.4700000286102295,2023-07-04,2023-07-03,0.8892587423324585,304.5932922363281,2023-07-05,0.0,0.0,2023-07-04,0.2632770538330078,1.0,"{""type"":""Point"",""coordinates"":[96.19713181369423,21.51000564088522]}"
46,60,0.005837449338287115,37.41737365722656,2023-07-26,4673.34716796875,0,2.0,16.579999923706055,2023-07-26,2023-07-25,17.685518264770508,286.0947570800781,2023-07-27,25.149999618530273,22.91666603088379,2023-07-26,0.42097726464271545,2.0,"{""type"":""Point"",""coordinates"":[89.2105906081621,28.876780418089524]}"
47,100,0.0487353689968586,109.80072021484375,2020-09-05,4237.94775390625,0,162.0,913.6799926757812,2020-09-05,2020-09-04,11.853410720825195,285.9018249511719,2020-09-06,4.590000152587891,4.166666507720947,2020-09-05,0.4134788513183594,162.0,"{""type"":""Point"",""coordinates"":[97.32274772690077,29.14686494191581]}"
48,10,0.16084535419940948,352.2450866699219,2020-09-11,576.662353515625,0,21.0,130.14999389648438,2020-09-11,2020-09-10,11.707369804382324,297.3681640625,2020-09-12,159.41000366210938,47.91666793823242,2020-09-11,0.483044296503067,1.0,"{""type"":""Point"",""coordinates"":[95.58135549449867,26.09105153267744]}"
49,10,0.11322581768035889,134.4290771484375,2023-06-24,117.43378448486328,0,2.0,0.0,2023-06-24,2023-06-23,5.375097274780273,300.6582336425781,2023-06-25,0.0,0.0,2023-06-24,0.48805299401283264,1.0,"{""type"":""Point"",""coordinates"":[95.37900296758993,27.653026670621955]}"
50,10,0.7959442734718323,156.69131469726562,2021-11-20,59.035335540771484,0,6.0,0.0,2021-11-20,2021-11-19,2.4840385913848877,296.1746520996094,2021-11-21,0.0,0.0,2021-11-20,0.27392706274986267,6.0,"{""type"":""Point"",""coordinates"":[92.22774185596406,26.339150970395593]}"
51,10,0.42475518584251404,59.65456771850586,2021-02-13,1504.6820068359375,0,4.0,0.0,2021-02-13,2021-02-12,10.366633415222168,282.95513916015625,2021-02-14,0.3100000023841858,0.0,2021-02-13,0.3142496645450592,1.0,"{""type"":""Point"",""coordinates"":[93.64422584219041,28.146464836345334]}"
52,80,0.05118163302540779,-0.0,2021-02-07,118.5,0,44089.0,185173.796875,2021-02-07,2021-02-06,0.0,290.03643798828125,2021-02-08,0.0,0.0,2021-02-07,0.1583811491727829,44089.0,"{""type"":""Point"",""coordinates"":[88.5494830405741,26.8056110716082]}"
53,30,0.09955636411905289,219.6318817138672,2023-11-07,5075.998046875,0,63.0,0.0,2023-11-07,2023-11-06,4.856053352355957,272.563720703125,2023-11-08,0.3799999952316284,0.0,2023-11-07,0.32584699988365173,63.0,"{""type"":""Point"",""coordinates"":[90.2830310005204,28.676514311534056]}"
54,40,0.06461285054683685,140.83990478515625,2022-09-09,55.674800872802734,0,16.0,60.20000076293945,2022-09-09,2022-09-08,0.30084189772605896,302.3829040527344,2022-09-10,0.28999999165534973,0.0,2022-09-09,0.40580177307128906,2.0,"{""type"":""Point"",""coordinates"":[88.32029946277494,26.136596611203117]}"
55,30,0.0460662804543972,6.80515718460083,2020-05-26,5088.09716796875,0,6.0,171.0,2020-05-26,2020-05-25,7.142982006072998,281.1041259765625,2020-05-27,0.0,0.0,2020-05-26,0.4160105288028717,6.0,"{""type"":""Point"",""coordinates"":[90.8982351031379,29.071068344890072]}"
56,10,0.34704288840293884,83.3828125,2020-02-01,323.2274169921875,0,2.0,0.0,2020-02-01,2020-01-31,7.589361190795898,290.22283935546875,2020-02-02,0.006000000052154064,0.0,2020-02-01,0.25341033935546875,2.0,"{""type"":""Point"",""coordinates"":[93.98621154091754,22.204681321854594]}"
57,10,0.21884115040302277,199.63970947265625,2023-03-03,100.01374053955078,0,9.0,0.0,2023-03-03,2023-03-02,5.485462188720703,294.3433532714844,2023-03-04,0.0,0.0,2023-03-03,0.41145262122154236,1.0,"{""type"":""Point"",""coordinates"":[94.84167841541257,27.070733372781824]}"
58,10,0.05582595616579056,167.1875457763672,2020-12-27,32.88569641113281,0,1.0,0.0,2020-12-27,2020-12-26,3.200990676879883,292.1828918457031,2020-12-28,0.0,0.0,2020-12-27,0.15260951220989227,1.0,"{""type"":""Point"",""coordinates"":[89.46384633314119,25.867020156109604]}"
59,60,0.00823401939123869,100.95790100097656,2019-05-16,5203.27783203125,0,1.0,0.0,2019-05-16,2019-05-15,25.26901626586914,274.74127197265625,2019-05-17,0.809999942779541,2.0833332538604736,2019-05-16,0.4087715148925781,1.0,"{""type"":""Point"",""coordinates"":[92.81082087383122,28.691639689839285]}"
60,30,0.32020244002342224,196.29766845703125,2021-12-22,106.05470275878906,0,2.0,0.0,2021-12-22,2021-12-21,0.1125180795788765,294.5203552246094,2021-12-23,0.0,0.0,2021-12-22,0.272754043340683,2.0,"{""type"":""Point"",""coordinates"":[96.02855721966684,22.619912416371065]}"
61,10,0.29837659001350403,174.97657775878906,2023-11-03,441.3410339355469,0,47.0,367.53997802734375,2023-11-03,2023-11-02,4.017523765563965,296.2340087890625,2023-11-04,0.0,0.0,2023-11-03,0.4603322446346283,47.0,"{""type"":""Point"",""coordinates"":[96.28408099122018,22.80260039602891]}"
62,10,-0.015409450978040695,169.79244995117188,2020-07-08,1828.1776123046875,0,22.0,850.9599609375,2020-07-08,2020-07-07,23.159944534301758,293.8726806640625,2020-07-09,148.58999633789062,68.75,2020-07-08,0.48811277747154236,22.0,"{""type"":""Point"",""coordinates"":[95.23640313356894,25.817988018823293]}"
63,10,0.023481933400034904,299.59539794921875,2020-07-28,409.0531311035156,0,476.0,24318.83984375,2020-07-28,2020-07-27,32.72555160522461,297.20867919921875,2020-07-29,44.87999725341797,39.58333206176758,2020-07-28,0.47044435143470764,476.0,"{""type"":""Point"",""coordinates"":[94.10964023977859,24.064647360646056]}"
64,10,0.1268904060125351,35.8000602722168,2021-08-29,247.42124938964844,0,3.0,307.739990234375,2021-08-29,2021-08-28,2.3466835021972656,302.119140625,2021-08-30,58.38999938964844,35.41666793823242,2021-08-29,0.4569498598575592,3.0,"{""type"":""Point"",""coordinates"":[94.89954298468908,21.609881958947522]}"
65,10,0.12740105390548706,37.94673156738281,2023-08-05,1382.5596923828125,0,1.0,26.56999969482422,2023-08-05,2023-08-04,22.980337142944336,296.5495300292969,2023-08-06,113.69999694824219,64.58333587646484,2023-08-05,0.423992782831192,1.0,"{""type"":""Point"",""coordinates"":[92.83213440494062,22.810711597378994]}"
66,10,0.1257319301366806,203.83917236328125,2019-02-28,1879.4853515625,0,689.0,3141.83984375,2019-02-28,2019-02-27,30.60468864440918,277.4322204589844,2019-03-01,6.419999599456787,6.25,2019-02-28,0.42657598853111267,689.0,"{""type"":""Point"",""coordinates"":[89.77203748360792,27.10392141700843]}"
67,30,-0.16833890974521637,349.3537292480469,2023-03-03,5001.42333984375,0,10.0,0.0,2023-03-03,2023-03-02,24.134607315063477,272.2915954589844,2023-03-04,0.0,0.0,2023-03-03,0.3023109436035156,10.0,"{""type"":""Point"",""coordinates"":[88.40781816383227,29.46158897684019]}"
68,10,0.04111330956220627,121.50228118896484,2022-07-16,4273.33203125,0,3.0,1.8299999237060547,2022-07-16,2022-07-15,33.505332946777344,285.2370300292969,2022-07-17,0.9899999499320984,0.0,2022-07-16,0.40849050879478455,3.0,"{""type"":""Point"",""coordinates"":[90.15080753958108,27.92269779370841]}"
69,10,0.048871960490942,209.80331420898438,2020-04-01,1316.2166748046875,0,1.0,0.8999999761581421,2020-04-01,2020-03-31,31.835731506347656,275.9970703125,2020-04-02,37.13100051879883,20.83333396911621,2020-04-01,0.42658233642578125,1.0,"{""type"":""Point"",""coordinates"":[92.73440020963692,27.636064068059866]}"
70,40,0.03195923939347267,265.35980224609375,2020-09-07,2.947068929672241,0,1.0,0.0,2020-09-07,2020-09-06,0.6410085558891296,303.2737731933594,2020-09-08,1.4800000190734863,0.0,2020-09-07,0.42610105872154236,1.0,"{""type"":""Point"",""coordinates"":[90.15974014965096,21.913650386685504]}"
71,10,0.5055804252624512,212.498046875,2022-03-13,179.8832550048828,0,80.0,0.0,2022-03-13,2022-03-12,6.472731113433838,299.3528137207031,2022-03-14,0.0,0.0,2022-03-13,0.25311151146888733,80.0,"{""type"":""Point"",""coordinates"":[96.94385096914846,23.417815559307193]}"
72,30,0.073829784989357,99.84520721435547,2020-08-21,4339.37060546875,0,3.0,3.989999771118164,2020-08-21,2020-08-20,36.0313720703125,283.5234680175781,2020-08-22,5.389999866485596,6.25,2020-08-21,0.4109598696231842,3.0,"{""type"":""Point"",""coordinates"":[90.88195236108217,27.822019908906082]}"
73,30,0.05853460729122162,55.678226470947266,2022-08-25,4676.2060546875,0,382.0,0.0,2022-08-25,2022-08-24,15.24553108215332,284.37725830078125,2022-08-26,0.03999999910593033,0.0,2022-08-25,0.3755035400390625,5.0,"{""type"":""Point"",""coordinates"":[89.3215819927856,28.557464031291982]}"
74,40,0.07851313799619675,252.91017150878906,2023-01-06,26.341646194458008,0,1.0,0.0,2023-01-06,2023-01-05,0.5478052496910095,291.6551818847656,2023-01-07,0.0,0.0,2023-01-06,0.14105987548828125,1.0,"{""type"":""Point"",""coordinates"":[89.23952804521586,25.48594883040399]}"
75,30,0.0945349931716919,263.1697998046875,2023-11-23,4474.71630859375,0,47.0,0.0,2023-11-23,2023-11-22,17.59682846069336,272.71630859375,2023-11-24,0.0,0.0,2023-11-23,0.3397165834903717,1.0,"{""type"":""Point"",""coordinates"":[90.5328740414012,28.926699953437424]}"
76,10,0.7389656901359558,295.8739013671875,2019-01-26,1148.5137939453125,0,1.0,0.0,2019-01-26,2019-01-25,20.18796157836914,287.9561767578125,2019-01-27,0.0,0.0,2019-01-26,0.26193365454673767,1.0,"{""type"":""Point"",""coordinates"":[93.86429085081618,22.868883598349598]}"
77,10,0.12368106842041016,145.4451446533203,2020-10-17,227.9142303466797,0,5.0,11.84999942779541,2020-10-17,2020-10-16,8.881893157958984,298.8539123535156,2020-10-18,0.2800000011920929,0.0,2020-10-17,0.4545504152774811,5.0,"{""type"":""Point"",""coordinates"":[95.87235655990253,25.966707382439637]}"
78,10,0.3738744556903839,247.1441650390625,2020-01-08,207.3759765625,0,1.0,0.0,2020-01-08,2020-01-07,5.662361145019531,288.7552185058594,2020-01-09,0.4699999690055847,0.0,2020-01-08,0.40015730261802673,1.0,"{""type"":""Point"",""coordinates"":[90.34685991024025,25.380579741123903]}"
79,10,0.16174393892288208,47.79633712768555,2021-12-21,11.469767570495605,0,1.0,0.0,2021-12-21,2021-12-20,7.001695156097412,289.2666015625,2021-12-22,0.0,0.0,2021-12-21,0.2989470064640045,1.0,"{""type"":""Point"",""coordinates"":[88.18622269867723,22.89924688957014]}"
80,30,0.532289445400238,138.0548553466797,2021-01-12,4361.4453125,0,1.0,3.18999981880188,2021-01-12,2021-01-11,22.866167068481445,274.2152099609375,2021-01-13,2.049999952316284,0.0,2021-01-12,0.39495596289634705,1.0,"{""type"":""Point"",""coordinates"":[90.16826545828273,27.719680046620162]}"
81,30,0.0435919426381588,174.67164611816406,2021-01-30,4595.556640625,0,2.0,0.0,2021-01-30,2021-01-29,42.14220428466797,271.37042236328125,2021-01-31,0.12999999523162842,0.0,2021-01-30,0.3189493715763092,1.0,"{""type"":""Point"",""coordinates"":[93.04826515367681,28.65873108609547]}"
82,40,0.5998420715332031,47.24467849731445,2022-04-11,269.8349609375,0,33.0,206.25,2022-04-11,2022-04-10,5.402693748474121,301.8433837890625,2022-04-12,1.6399999856948853,2.0833332538604736,2022-04-11,0.2762737274169922,33.0,"{""type"":""Point"",""coordinates"":[95.41381188495642,24.013301181162575]}"
83,10,0.48892122507095337,46.034725189208984,2023-12-11,363.89666748046875,0,1.0,0.0,2023-12-11,2023-12-10,21.533109664916992,292.343994140625,2023-12-12,0.0,0.0,2023-12-11,0.4450480043888092,1.0,"{""type"":""Point"",""coordinates"":[94.23523919207327,26.480549114867927]}"
84,10,0.2824007272720337,260.0494384765625,2021-02-02,2202.034423828125,0,2.0,5.982999801635742,2021-02-02,2021-02-01,27.12352180480957,277.8212585449219,2021-02-03,0.8399999737739563,0.0,2021-02-02,0.3682575225830078,1.0,"{""type"":""Point"",""coordinates"":[89.87353023836924,27.361749353901917]}"
85,50,0.2993672788143158,192.97811889648438,2020-05-30,70.1356201171875,0,1.0,7.779999732971191,2020-05-30,2020-05-29,1.009981632232666,301.9678649902344,2020-05-31,24.329999923706055,8.333333015441895,2020-05-30,0.48601531982421875,1.0,"{""type"":""Point"",""coordinates"":[96.03378453617742,21.866329733837624]}"
86,10,0.0986572802066803,149.87847900390625,2020-05-18,186.50375366210938,0,2.0,0.9699999690055847,2020-05-18,2020-05-17,17.33741569519043,302.8837585449219,2020-05-19,0.09999999403953552,0.0,2020-05-18,0.27263960242271423,1.0,"{""type"":""Point"",""coordinates"":[95.14783508893322,24.903807322092323]}"
87,40,0.1316048800945282,11.050963401794434,2022-02-22,22.79656410217285,0,1.0,0.0,2022-02-22,2022-02-21,0.27177104353904724,291.9269104003906,2022-02-23,0.0,0.0,2022-02-22,0.22223281860351562,1.0,"{""type"":""Point"",""coordinates"":[89.09791310090154,25.263221016245957]}"
88,10,0.1506965607404709,332.3139343261719,2023-05-07,155.7111053466797,0,2.0,3.5799999237060547,2023-05-07,2023-05-06,2.310403347015381,301.2951965332031,2023-05-08,0.0,0.0,2023-05-07,0.1970246583223343,2.0,"{""type"":""Point"",""coordinates"":[92.30273074885659,23.313525939192093]}"
89,40,0.06430506706237793,51.5838737487793,2021-08-29,2.644650936126709,0,3.0,41.69999694824219,2021-08-29,2021-08-28,3.08526873588562,302.04327392578125,2021-08-30,16.779998779296875,18.75,2021-08-29,0.3895028531551361,3.0,"{""type"":""Point"",""coordinates"":[90.32256052257216,22.40522978597753]}"
90,10,0.07024464756250381,282.87054443359375,2022-07-18,1440.396484375,0,211.0,4403.56982421875,2022-07-18,2022-07-17,32.81937026977539,296.5256042480469,2022-07-19,36.52000045776367,27.08333396911621,2022-07-18,0.4008350372314453,211.0,"{""type"":""Point"",""coordinates"":[94.64562225223689,25.275956996433337]}"
91,40,0.037934258580207825,265.2947998046875,2021-07-27,76.92819213867188,0,1.0,23.420000076293945,2021-07-27,2021-07-26,0.474529504776001,301.8253173828125,2021-07-28,12.929999351501465,20.83333396911621,2021-07-27,0.2803681790828705,1.0,"{""type"":""Point"",""coordinates"":[91.52960141597994,26.663660590113466]}"
92,10,0.03221983090043068,167.47215270996094,2019-10-08,760.1715698242188,0,2.0,23.279998779296875,2019-10-08,2019-10-07,30.739952087402344,295.654296875,2019-10-09,2.419999837875366,4.166666507720947,2019-10-08,0.4234587252140045,2.0,"{""type"":""Point"",""coordinates"":[94.31296745836336,24.503966357205798]}"
93,40,0.0855364128947258,160.87631225585938,2023-05-11,42.723052978515625,0,59.0,0.5999999642372131,2023-05-11,2023-05-10,0.5810802578926086,303.8973083496094,2023-05-12,25.299999237060547,2.0833332538604736,2023-05-11,0.21056048572063446,10.0,"{""type"":""Point"",""coordinates"":[92.10822194593095,24.13823580975841]}"
94,30,0.0979599580168724,67.94596099853516,2022-04-11,4926.7861328125,0,1.0,2.359999895095825,2022-04-11,2022-04-10,22.46001434326172,279.4134521484375,2022-04-12,0.0,0.0,2022-04-11,0.20795948803424835,1.0,"{""type"":""Point"",""coordinates"":[89.18835353516954,28.805346754022114]}"
95,10,0.09798576682806015,100.1642837524414,2020-05-15,12.04425048828125,0,1.0,155.739990234375,2020-05-15,2020-05-14,4.568506240844727,301.7405700683594,2020-05-16,0.0,0.0,2020-05-15,0.3954569399356842,1.0,"{""type"":""Point"",""coordinates"":[89.15927832767146,24.55608542948718]}"
96,10,0.5813496708869934,273.2522277832031,2023-06-03,10.221691131591797,0,1.0,1.7000000476837158,2023-06-03,2023-06-02,5.120207786560059,303.3124084472656,2023-06-04,17.06999969482422,6.25,2023-06-03,0.3391609191894531,1.0,"{""type"":""Point"",""coordinates"":[91.714518593022,24.89262325999634]}"
97,40,0.2749253511428833,145.77281188964844,2019-01-13,96.22119140625,0,10675.0,0.0,2019-01-13,2019-01-12,2.1309030055999756,293.84954833984375,2019-01-14,0.0,0.0,2019-01-13,0.33409881591796875,10608.0,"{""type"":""Point"",""coordinates"":[94.89577819158237,22.124968923709957]}"
98,10,0.4105777144432068,299.24761962890625,2023-01-06,1109.5172119140625,0,2.0,0.0,2023-01-06,2023-01-05,11.880125999450684,286.343017578125,2023-01-07,0.0,0.0,2023-01-06,0.24082119762897491,1.0,"{""type"":""Point"",""coordinates"":[94.10908463516503,24.59203013692408]}"
99,60,0.015759088099002838,103.09407043457031,2020-03-29,5136.91162109375,0,2.0,0.0,2020-03-29,2020-03-28,17.523405075073242,274.98553466796875,2020-03-30,0.0,0.0,2020-03-29,0.22445614635944366,2.0,"{""type"":""Point"",""coordinates"":[89.7611748327826,28.500970476096647]}"
100,10,-0.005223433952778578,359.64312744140625,2021-07-02,205.24365234375,0,2.0,15.001999855041504,2021-07-02,2021-07-01,16.678117752075195,299.8167724609375,2021-07-03,0.0,0.0,2021-07-02,0.4628206789493561,2.0,"{""type"":""Point"",""coordinates"":[94.80508319764945,24.86974177776754]}"
101,10,0.16632957756519318,115.22018432617188,2021-10-03,640.6760864257812,0,4.0,36.52000045776367,2021-10-03,2021-10-02,36.501033782958984,295.9124450683594,2021-10-04,19.809999465942383,12.5,2021-10-03,0.3346589505672455,4.0,"{""type"":""Point"",""coordinates"":[91.75560557508537,26.923849836634577]}"
102,40,0.3330012261867523,246.87948608398438,2019-12-20,137.87701416015625,0,8.0,0.11999999731779099,2019-12-20,2019-12-19,0.3737117052078247,289.07647705078125,2019-12-21,0.019999999552965164,0.0,2019-12-20,0.3349030911922455,1.0,"{""type"":""Point"",""coordinates"":[95.72842749583207,27.298177906180452]}"
103,10,0.26744887232780457,143.7191619873047,2022-08-25,12.281033515930176,0,1.0,2.9499998092651367,2022-08-25,2022-08-24,5.615598201751709,301.6229248046875,2022-08-26,0.0,0.0,2022-08-25,0.4098733365535736,1.0,"{""type"":""Point"",""coordinates"":[88.38990425808504,23.276237306749376]}"
104,80,-0.39113253355026245,-0.0,2019-02-15,78.0,0,1.0,0.0,2019-02-15,2019-02-14,0.0,296.8494873046875,2019-02-16,0.0,0.0,2019-02-15,0.2711264193058014,1.0,"{""type"":""Point"",""coordinates"":[96.02188880330324,23.55995188459731]}"
105,40,0.17017953097820282,81.2710189819336,2021-12-10,19.089332580566406,0,2.0,0.0,2021-12-10,2021-12-09,0.04223266616463661,295.5347595214844,2021-12-11,0.0,0.0,2021-12-10,0.1571044921875,2.0,"{""type"":""Point"",""coordinates"":[88.94249595719464,25.1133658789631]}"
106,10,0.4074977934360504,81.02225494384766,2022-09-22,775.1694946289062,0,1.0,2.1399998664855957,2022-09-22,2022-09-21,33.07851028442383,296.1395568847656,2022-09-23,7.090000152587891,10.416666984558105,2022-09-22,0.46722412109375,1.0,"{""type"":""Point"",""coordinates"":[97.40709243682181,23.71082278255105]}"
107,10,0.0061394227668643,237.45692443847656,2021-05-30,1522.8187255859375,0,2.0,0.0,2021-05-30,2021-05-29,18.89506721496582,294.739990234375,2021-05-31,0.1899999976158142,0.0,2021-05-30,0.37696966528892517,2.0,"{""type"":""Point"",""coordinates"":[94.344058494515,25.09270464662564]}"
108,10,0.38319745659828186,358.32635498046875,2019-03-24,7.910848617553711,0,2.0,0.0,2019-03-24,2019-03-23,2.0421369075775146,303.3724060058594,2019-03-25,0.0,0.0,2019-03-24,0.28926023840904236,2.0,"{""type"":""Point"",""coordinates"":[90.38887022616447,22.193152041891835]}"
109,40,0.19870731234550476,218.83311462402344,2020-03-08,18.39118194580078,0,1.0,3.7300000190734863,2020-03-08,2020-03-07,0.44671347737312317,296.19097900390625,2020-03-09,0.0,0.0,2020-03-08,0.3431917726993561,1.0,"{""type"":""Point"",""coordinates"":[88.06567055681157,23.724347179974963]}"
110,40,0.07941249012947083,111.68814849853516,2020-05-17,22.72002410888672,0,5.0,255.54998779296875,2020-05-17,2020-05-16,0.575059175491333,300.85797119140625,2020-05-18,7.039999961853027,2.0833332538604736,2020-05-17,0.3994598388671875,1.0,"{""type"":""Point"",""coordinates"":[89.31183798460142,25.341561337049903]}"
111,30,-2.0053643675055355E-4,312.47808837890625,2020-07-08,4703.63671875,0,2.0,28.600000381469727,2020-07-08,2020-07-07,26.3934383392334,286.7367858886719,2020-07-09,33.349998474121094,25.0,2020-07-08,0.4056040346622467,2.0,"{""type"":""Point"",""coordinates"":[91.49131714152313,28.951578420191797]}"
112,10,0.15800140798091888,109.52193450927734,2020-11-01,414.09320068359375,0,5.0,17.19999885559082,2020-11-01,2020-10-31,3.109076976776123,293.7739562988281,2020-11-02,33.68600082397461,27.08333396911621,2020-11-01,0.3967526853084564,4.0,"{""type"":""Point"",""coordinates"":[97.36449818724599,27.44242579077675]}"
113,30,0.03929964825510979,45.38161087036133,2021-05-13,5086.39306640625,0,7.0,53.27000045776367,2021-05-13,2021-05-12,23.45265007019043,278.7795104980469,2021-05-14,0.5,0.0,2021-05-13,0.4072011411190033,7.0,"{""type"":""Point"",""coordinates"":[90.55044687032756,29.38962837715882]}"
114,10,0.05014518275856972,328.9295654296875,2022-04-08,3119.636474609375,0,1.0,0.85999995470047,2022-04-08,2022-04-07,36.65325164794922,289.49053955078125,2022-04-09,1.4399999380111694,0.0,2022-04-08,0.3837820589542389,1.0,"{""type"":""Point"",""coordinates"":[95.13533966753634,26.006344199618987]}"
115,10,0.7634501457214355,226.44400024414062,2020-03-19,1041.4527587890625,0,1.0,0.0,2020-03-19,2020-03-18,11.941478729248047,293.508544921875,2020-03-20,0.0,0.0,2020-03-19,0.15525181591510773,1.0,"{""type"":""Point"",""coordinates"":[93.11020036342427,24.239585971781864]}"
116,10,-0.012839417904615402,54.61438751220703,2019-10-01,1499.76171875,0,1.0,0.28999999165534973,2019-10-01,2019-09-30,26.238628387451172,295.0419921875,2019-10-02,2.065999984741211,2.0833332538604736,2019-10-01,0.4102242887020111,1.0,"{""type"":""Point"",""coordinates"":[93.96107223156525,21.532152700411483]}"
117,10,0.7352085113525391,74.65103149414062,2023-12-27,101.26908111572266,0,2.0,0.0,2023-12-27,2023-12-26,12.510327339172363,295.24237060546875,2023-12-28,0.0,0.0,2023-12-27,0.20920562744140625,1.0,"{""type"":""Point"",""coordinates"":[92.2582731691362,22.48698368753974]}"
118,10,0.05856919661164284,19.13629722595215,2023-08-09,675.8944702148438,0,1.0,21.40999984741211,2023-08-09,2023-08-08,32.48279571533203,299.0351257324219,2023-08-10,30.739999771118164,20.83333396911621,2023-08-09,0.49241766333580017,1.0,"{""type"":""Point"",""coordinates"":[92.59396676956194,25.044604683944375]}"
119,80,-0.00796285830438137,-0.0,2021-08-26,0.0,0,0.0,0.0,2021-08-26,2021-08-25,0.0,0.0,2021-08-27,6.359999656677246,10.416666984558105,2021-08-26,0.0,0.0,"{""type"":""Point"",""coordinates"":[91.38175185965953,22.10044728087939]}"
120,10,0.2782370448112488,7.4775309562683105,2020-09-19,55.393314361572266,0,2.0,3.6999998092651367,2020-09-19,2020-09-18,13.067468643188477,301.890869140625,2020-09-20,4.279999732971191,8.333333015441895,2020-09-19,0.3353595733642578,2.0,"{""type"":""Point"",""coordinates"":[92.13545621300669,22.735687474441434]}"
121,10,0.09976451843976974,311.14312744140625,2021-06-25,9.761225700378418,0,1.0,0.8899999856948853,2021-06-25,2021-06-24,0.9178396463394165,302.4516296386719,2021-06-26,4.579999923706055,0.0,2021-06-25,0.467437744140625,1.0,"{""type"":""Point"",""coordinates"":[88.05300360369954,22.043734305498788]}"
122,10,0.08826858550310135,135.76800537109375,2023-07-14,632.7213134765625,0,220.0,192.0,2023-07-14,2023-07-13,42.98544692993164,296.06170654296875,2023-07-15,3.7799999713897705,6.25,2023-07-14,0.48386701941490173,3.0,"{""type"":""Point"",""coordinates"":[97.36278917953098,26.346266261781743]}"
123,40,0.3725058138370514,353.0530090332031,2022-04-10,6.008696556091309,0,25.0,0.0,2022-04-10,2022-04-09,0.9254756569862366,301.6478271484375,2022-04-11,97.8699951171875,16.66666603088379,2022-04-10,0.21390469372272491,25.0,"{""type"":""Point"",""coordinates"":[90.86921916078333,24.643227825467402]}"
124,30,-0.020904580131173134,196.056884765625,2023-04-22,4365.32080078125,0,7.0,105.3499984741211,2023-04-22,2023-04-21,32.75712585449219,276.11151123046875,2023-04-23,9.5,10.416666984558105,2023-04-22,0.39987120032310486,7.0,"{""type"":""Point"",""coordinates"":[89.38324454742589,27.569024633029958]}"
125,30,0.18548916280269623,199.6160888671875,2021-01-03,4305.08642578125,0,1.0,0.0,2021-01-03,2021-01-02,36.679718017578125,271.06719970703125,2021-01-04,0.0,0.0,2021-01-03,0.3413950502872467,1.0,"{""type"":""Point"",""coordinates"":[93.4038390169238,29.05501830037624]}"
126,95,0.18978945910930634,43.69654846191406,2019-03-04,5.885162353515625,0,3.0,0.7799999713897705,2019-03-04,2019-03-03,0.44309452176094055,295.78656005859375,2019-03-05,3.0799999237060547,4.166666507720947,2019-03-04,0.35494741797447205,3.0,"{""type"":""Point"",""coordinates"":[89.50693593165441,22.306569493073816]}"
127,10,0.0965111181139946,70.2228775024414,2022-08-21,257.3536071777344,0,1.0,1.619999885559082,2022-08-21,2022-08-20,18.68917465209961,300.69915771484375,2022-08-22,3.2300000190734863,4.166666507720947,2022-08-21,0.4827047884464264,1.0,"{""type"":""Point"",""coordinates"":[95.93995283353257,25.731018945264807]}"
128,30,0.10757248103618622,189.78500366210938,2019-06-02,918.4932861328125,0,11.0,18.52400016784668,2019-06-02,2019-06-01,11.063390731811523,295.8337097167969,2019-06-03,45.97999954223633,25.0,2019-06-02,0.47929954528808594,11.0,"{""type"":""Point"",""coordinates"":[92.00535912756138,25.794821009214314]}"
129,20,0.16693970561027527,314.58721923828125,2020-11-19,182.3056182861328,0,8.0,0.0,2020-11-19,2020-11-18,3.5992472171783447,296.2791748046875,2020-11-20,0.0,0.0,2020-11-19,0.34993109107017517,1.0,"{""type"":""Point"",""coordinates"":[95.45759725730501,23.54754590008259]}"
130,10,0.3710428774356842,141.4127197265625,2019-08-24,855.060791015625,0,11.0,87.95999908447266,2019-08-24,2019-08-23,30.360454559326172,294.90869140625,2019-08-25,98.18000030517578,22.91666603088379,2019-08-24,0.41972288489341736,1.0,"{""type"":""Point"",""coordinates"":[93.65382945480404,23.57894468833768]}"
131,10,0.5983676910400391,299.52459716796875,2022-12-21,60.86287307739258,0,1.0,0.0,2022-12-21,2022-12-20,10.756499290466309,294.1532897949219,2022-12-22,0.0,0.0,2022-12-21,0.16640853881835938,1.0,"{""type"":""Point"",""coordinates"":[91.88692875582151,22.83022524985391]}"
132,10,-0.009720627218484879,206.46864318847656,2019-08-26,3596.585693359375,0,1.0,3.299999952316284,2019-08-26,2019-08-25,21.514087677001953,291.16998291015625,2019-08-27,1.7799999713897705,2.0833332538604736,2019-08-26,0.42605146765708923,1.0,"{""type"":""Point"",""coordinates"":[91.6467761141151,27.23436836690897]}"
133,40,0.3035461902618408,304.2813720703125,2021-02-06,165.12442016601562,0,1.0,0.0,2021-02-06,2021-02-05,1.2372108697891235,292.1606140136719,2021-02-07,0.0,0.0,2021-02-06,0.1645679473876953,1.0,"{""type"":""Point"",""coordinates"":[94.12488472661991,23.50241175051737]}"
134,40,0.3605618178844452,157.9088897705078,2021-01-01,115.96991729736328,0,4.0,0.0,2021-01-01,2020-12-31,0.8721816539764404,288.87896728515625,2021-01-02,0.02200000174343586,0.0,2021-01-01,0.18161265552043915,4.0,"{""type"":""Point"",""coordinates"":[93.57554022663867,26.95352527106953]}"
135,10,0.1934913545846939,123.3687515258789,2020-06-25,2200.932373046875,0,1.0,41.28999710083008,2020-06-25,2020-06-24,15.01484489440918,287.9278564453125,2020-06-26,24.079999923706055,10.416666984558105,2020-06-25,0.4262479245662689,1.0,"{""type"":""Point"",""coordinates"":[94.06308217158082,28.640297068746158]}"
136,10,0.11128304153680801,211.53811645507812,2019-09-02,571.2843627929688,0,39.0,25.095998764038086,2019-09-02,2019-09-01,39.966407775878906,295.66473388671875,2019-09-03,3.93999981880188,8.333333015441895,2019-09-02,0.43157196044921875,2.0,"{""type"":""Point"",""coordinates"":[93.31298539966792,21.517815207297993]}"
137,60,0.13003148138523102,194.81570434570312,2019-09-09,3876.486328125,0,3.0,2.0799999237060547,2019-09-09,2019-09-08,34.057918548583984,284.15350341796875,2019-09-10,16.299999237060547,33.33333206176758,2019-09-09,0.35264143347740173,2.0,"{""type"":""Point"",""coordinates"":[92.77538708001084,28.57528862232951]}"
138,30,0.3957665264606476,175.12684631347656,2020-12-30,3192.259521484375,0,86.0,2.2799999713897705,2020-12-30,2020-12-29,23.53819465637207,272.8304138183594,2020-12-31,0.029999999329447746,0.0,2020-12-30,0.3588918149471283,76.0,"{""type"":""Point"",""coordinates"":[96.92056879889967,28.39268102932877]}"
139,40,0.13038140535354614,118.59648895263672,2020-02-29,68.9616928100586,0,166.0,0.0,2020-02-29,2020-02-28,0.47049087285995483,293.37689208984375,2020-03-01,0.0,0.0,2020-02-29,0.3645693361759186,1.0,"{""type"":""Point"",""coordinates"":[90.53695080313322,26.59203119773499]}"
140,30,0.10980983823537827,315.7434997558594,2019-09-15,4793.9814453125,0,4.0,3.2799999713897705,2019-09-15,2019-09-14,20.01090431213379,284.3917541503906,2019-09-16,3.359999895095825,6.25,2019-09-15,0.4136543273925781,4.0,"{""type"":""Point"",""coordinates"":[90.01468132766628,29.098958027694284]}"
141,80,-0.08530542254447937,-0.0,2020-01-11,0.0,0,0.0,0.0,2020-01-11,2020-01-10,0.0,0.0,2020-01-12,0.0,0.0,2020-01-11,0.0,0.0,"{""type"":""Point"",""coordinates"":[90.86199390863001,22.10871041197205]}"
142,80,-0.3877088725566864,-0.0,2021-01-16,0.0,0,0.0,0.0,2021-01-16,2021-01-15,0.0,0.0,2021-01-17,0.0,0.0,2021-01-16,0.0,0.0,"{""type"":""Point"",""coordinates"":[88.06940249677866,21.5097902996447]}"
143,10,0.2297707349061966,261.0893249511719,2019-10-16,196.34039306640625,0,1.0,13.049999237060547,2019-10-16,2019-10-15,6.0081682205200195,297.8547668457031,2019-10-17,0.019999999552965164,0.0,2019-10-16,0.48117318749427795,1.0,"{""type"":""Point"",""coordinates"":[95.89428708267498,25.465737022740857]}"
144,10,0.027567682787775993,228.94419860839844,2020-07-04,1026.877685546875,0,37.0,421.79998779296875,2020-07-04,2020-07-03,41.83590316772461,296.31793212890625,2020-07-05,62.43000030517578,35.41666793823242,2020-07-04,0.470446914434433,37.0,"{""type"":""Point"",""coordinates"":[95.82739858756518,28.248129852237593]}"
145,10,0.11961983889341354,177.5334930419922,2021-02-17,2274.715087890625,0,2.0,2.1599998474121094,2021-02-17,2021-02-16,18.199974060058594,280.4461669921875,2021-02-18,0.5199999809265137,0.0,2021-02-17,0.314709335565567,2.0,"{""type"":""Point"",""coordinates"":[90.28968698526188,27.104816858895425]}"
146,30,0.11572159826755524,302.10430908203125,2022-07-09,4951.009765625,0,5.0,76.3499984741211,2022-07-09,2022-07-08,5.804388523101807,271.83514404296875,2022-07-10,0.3999999761581421,0.0,2022-07-09,0.425610214471817,5.0,"{""type"":""Point"",""coordinates"":[88.4163300932218,28.043883063890842]}"
147,70,-0.04063946753740311,209.2938995361328,2022-02-23,6526.3408203125,0,4.0,9.84000015258789,2022-02-23,2022-02-22,5.12406587600708,258.16473388671875,2022-02-24,5.979999542236328,4.166666507720947,2022-02-23,0.19232177734375,4.0,"{""type"":""Point"",""coordinates"":[90.31499091275685,28.19983753816987]}"
148,10,0.1564277857542038,204.69822692871094,2019-09-15,53.611087799072266,0,1.0,3.5799999237060547,2019-09-15,2019-09-14,1.115212082862854,301.07666015625,2019-09-16,46.32999801635742,43.75,2019-09-15,0.4618428647518158,1.0,"{""type"":""Point"",""coordinates"":[90.629668226572,25.994120479589192]}"
149,10,0.24580799043178558,245.46717834472656,2019-04-26,211.86976623535156,0,4.0,0.0,2019-04-26,2019-04-25,5.03048849105835,300.3505554199219,2019-04-27,0.05999999865889549,0.0,2019-04-26,0.21903927624225616,2.0,"{""type"":""Point"",""coordinates"":[96.28449880691545,26.58749747997824]}"
150,30,0.055667322129011154,261.80517578125,2021-06-06,193.92254638671875,0,1.0,1.8199999332427979,2021-06-06,2021-06-05,3.599687099456787,307.3145446777344,2021-06-07,11.300000190734863,12.5,2021-06-06,0.3760643005371094,1.0,"{""type"":""Point"",""coordinates"":[95.52225265815345,21.6272884994365]}"
151,60,0.014964459463953972,92.78844451904297,2023-04-15,5460.35986328125,0,3.0,0.0,2023-04-15,2023-04-14,27.17702865600586,266.2937316894531,2023-04-16,1.96999990940094,4.166666507720947,2023-04-15,0.1906789094209671,1.0,"{""type"":""Point"",""coordinates"":[90.10408623640105,28.28979250291648]}"
152,100,0.07065349072217941,175.6236114501953,2022-07-09,5100.22705078125,0,2.0,0.0,2022-07-09,2022-07-08,33.45023727416992,287.67181396484375,2022-07-10,0.0,0.0,2022-07-09,0.3300507962703705,2.0,"{""type"":""Point"",""coordinates"":[93.4939468366735,29.041343231166824]}"
153,10,0.2177099585533142,34.6441535949707,2021-10-05,357.7921447753906,0,3.0,16.85999870300293,2021-10-05,2021-10-04,21.470481872558594,297.9839782714844,2021-10-06,6.509999752044678,2.0833332538604736,2021-10-05,0.44719061255455017,3.0,"{""type"":""Point"",""coordinates"":[96.30315044969372,24.856802634103015]}"
154,40,0.11609955132007599,336.4658508300781,2021-04-08,172.74700927734375,0,1.0,0.0,2021-04-08,2021-04-07,1.2866350412368774,299.7211608886719,2021-04-09,0.0,0.0,2021-04-08,0.25813230872154236,1.0,"{""type"":""Point"",""coordinates"":[94.03878277341192,22.674698101279613]}"
155,40,0.19628489017486572,80.12834167480469,2022-11-29,7.62644100189209,0,1.0,0.0,2022-11-29,2022-11-28,0.08059381693601608,294.4543762207031,2022-11-30,0.0,0.0,2022-11-29,0.26194700598716736,1.0,"{""type"":""Point"",""coordinates"":[91.85650718005279,25.080003552980298]}"
156,60,0.06134679540991783,66.64224243164062,2022-04-01,4872.70068359375,0,49.0,0.0,2022-04-01,2022-03-31,2.4760377407073975,270.7624816894531,2022-04-02,0.06300000101327896,0.0,2022-04-01,0.33387312293052673,49.0,"{""type"":""Point"",""coordinates"":[88.41550652150788,28.13427713138647]}"
157,40,0.4919925034046173,304.9808654785156,2022-03-13,67.04209899902344,0,1.0,0.0,2022-03-13,2022-03-12,1.7369470596313477,304.3576965332031,2022-03-14,0.0,0.0,2022-03-13,0.25004830956459045,1.0,"{""type"":""Point"",""coordinates"":[96.01017014202526,22.12091917014219]}"
158,10,0.4660089612007141,331.0855712890625,2023-02-26,383.7640380859375,0,1.0,0.0,2023-02-26,2023-02-25,27.349672317504883,293.6959533691406,2023-02-27,0.0,0.0,2023-02-26,0.3149223327636719,1.0,"{""type"":""Point"",""coordinates"":[91.84308511270956,25.978250049155825]}"
159,10,0.07202723622322083,260.0559997558594,2019-08-07,248.479736328125,0,5.0,57.87999725341797,2019-08-07,2019-08-06,11.428092002868652,300.9522399902344,2019-08-08,7.159999847412109,8.333333015441895,2019-08-07,0.4714253842830658,4.0,"{""type"":""Point"",""coordinates"":[95.95049817532939,24.108054114203984]}"
160,10,0.04786450043320656,59.42143630981445,2022-09-08,3251.59130859375,0,2.0,26.779998779296875,2022-09-08,2022-09-07,46.43936538696289,283.2496643066406,2022-09-09,27.689998626708984,37.5,2022-09-08,0.42524972558021545,2.0,"{""type"":""Point"",""coordinates"":[90.01411653120911,27.800257568839598]}"
161,40,0.1405513435602188,54.33237838745117,2022-02-03,101.99676513671875,0,3.0,0.0,2022-02-03,2022-02-02,2.690842390060425,291.1228332519531,2022-02-04,0.0,0.0,2022-02-03,0.3290303647518158,3.0,"{""type"":""Point"",""coordinates"":[96.48446070311071,23.993253014649895]}"
162,10,0.06504424661397934,131.44786071777344,2023-08-18,7.765416145324707,0,1.0,7.71999979019165,2023-08-18,2023-08-17,4.063721656799316,303.33642578125,2023-08-19,9.90999984741211,12.5,2023-08-18,0.4721717834472656,1.0,"{""type"":""Point"",""coordinates"":[89.12353716069879,22.44892151234329]}"
163,10,0.4033600091934204,214.52114868164062,2022-01-10,98.38178253173828,0,1.0,0.0,2022-01-10,2022-01-09,11.530901908874512,293.5066223144531,2022-01-11,0.0,0.0,2022-01-10,0.15462557971477509,1.0,"{""type"":""Point"",""coordinates"":[89.92764636715471,25.355935434122944]}"
164,30,0.10527045279741287,105.23950958251953,2023-03-11,5132.09521484375,0,3.0,0.0,2023-03-11,2023-03-10,24.724679946899414,272.9508361816406,2023-03-12,0.0,0.0,2023-03-11,0.30734381079673767,3.0,"{""type"":""Point"",""coordinates"":[88.74190346683997,29.45634008108426]}"
165,10,0.49551448225975037,260.0618896484375,2023-01-06,265.83111572265625,0,5.0,0.0,2023-01-06,2023-01-05,16.153200149536133,290.83184814453125,2023-01-07,0.0,0.0,2023-01-06,0.2918306887149811,5.0,"{""type"":""Point"",""coordinates"":[94.6617652860968,23.692684238888205]}"
166,10,0.7226771116256714,349.4427795410156,2021-10-29,17.765321731567383,0,1.0,0.0,2021-10-29,2021-10-28,3.461040735244751,298.58367919921875,2021-10-30,0.0,0.0,2021-10-29,0.3145224153995514,1.0,"{""type"":""Point"",""coordinates"":[88.65630339059373,23.734599982483015]}"
167,40,0.3488849997520447,156.94320678710938,2020-02-07,185.58175659179688,0,1315.0,0.0,2020-02-07,2020-02-06,1.6386831998825073,292.71722412109375,2020-02-08,0.0,0.0,2020-02-07,0.2775942385196686,1.0,"{""type"":""Point"",""coordinates"":[96.29306968029137,23.158439076792934]}"
168,10,0.14051902294158936,334.1217041015625,2022-09-05,3548.85693359375,0,1.0,11.969999313354492,2022-09-05,2022-09-04,21.911548614501953,285.8168640136719,2022-09-06,8.460000038146973,6.25,2022-09-05,0.4267832338809967,1.0,"{""type"":""Point"",""coordinates"":[90.22039892384035,27.394846847085148]}"
169,10,0.8230347633361816,93.80142211914062,2022-03-05,482.5629577636719,0,2.0,0.0,2022-03-05,2022-03-04,8.691991806030273,296.80322265625,2022-03-06,0.0,0.0,2022-03-05,0.2842508852481842,2.0,"{""type"":""Point"",""coordinates"":[94.98485823483543,23.792083465796853]}"
170,60,0.09529271721839905,160.52586364746094,2023-02-21,4735.51611328125,0,4.0,0.0,2023-02-21,2023-02-20,17.27686309814453,273.97711181640625,2023-02-22,0.0,0.0,2023-02-21,0.05872027203440666,4.0,"{""type"":""Point"",""coordinates"":[88.26756842498189,28.330747831452864]}"
171,40,0.09074366837739944,270.0,2021-09-13,49.0,0,2.0,0.0,2021-09-13,2021-09-12,1.0797241926193237,303.35211181640625,2021-09-14,0.0,0.0,2021-09-13,0.44071832299232483,2.0,"{""type"":""Point"",""coordinates"":[92.00106507665559,26.17544283756686]}"
172,10,0.1824229210615158,147.120849609375,2023-08-08,69.21904754638672,0,3.0,1026.239990234375,2023-08-08,2023-08-07,26.990083694458008,298.2813415527344,2023-08-09,111.41999816894531,64.58333587646484,2023-08-08,0.4280509948730469,3.0,"{""type"":""Point"",""coordinates"":[92.35782700635674,21.616411536996686]}"
173,10,0.0,139.37071228027344,2021-09-07,2184.269775390625,0,8.0,918.0799560546875,2021-09-07,2021-09-06,33.85045623779297,288.2730712890625,2021-09-08,47.14999771118164,29.16666603088379,2021-09-07,0.4264698028564453,8.0,"{""type"":""Point"",""coordinates"":[93.2511398444991,28.170176672219785]}"
174,40,0.38983049988746643,310.7833557128906,2021-03-09,13.816411972045898,0,3.0,0.0,2021-03-09,2021-03-08,0.43597275018692017,300.5997314453125,2021-03-10,0.0,0.0,2021-03-09,0.14354324340820312,3.0,"{""type"":""Point"",""coordinates"":[89.50558875619203,24.71988572397012]}"
175,10,0.16792143881320953,217.4434051513672,2019-06-25,1608.8271484375,0,3.0,19.31999969482422,2019-06-25,2019-06-24,34.57246398925781,291.6960144042969,2019-06-26,24.93000030517578,18.75,2019-06-25,0.428051620721817,3.0,"{""type"":""Point"",""coordinates"":[93.17948823111611,27.562323683200876]}"
176,10,0.8427361845970154,41.50383377075195,2023-01-30,2478.13525390625,0,1.0,0.0,2023-01-30,2023-01-29,25.954288482666016,288.2960510253906,2023-01-31,0.0,0.0,2023-01-30,0.14883549511432648,1.0,"{""type"":""Point"",""coordinates"":[93.78569571917046,23.561798091026716]}"
177,10,-0.016588298603892326,228.80908203125,2022-04-07,132.29855346679688,0,13.0,306.2799987792969,2022-04-07,2022-04-06,5.614973068237305,295.3941650390625,2022-04-08,15.839999198913574,8.333333015441895,2022-04-07,0.48426756262779236,13.0,"{""type"":""Point"",""coordinates"":[90.2584533497579,26.702068219311165]}"
178,10,0.23153334856033325,93.11377716064453,2020-05-22,505.1639709472656,0,143.0,356.0699768066406,2020-05-22,2020-05-21,19.84699249267578,297.7434997558594,2020-05-23,2.7799999713897705,4.166666507720947,2020-05-22,0.46421751379966736,143.0,"{""type"":""Point"",""coordinates"":[96.87190204065266,25.807526124300654]}"
179,10,0.5567373037338257,167.33645629882812,2023-12-28,776.0562133789062,0,1.0,0.08999999612569809,2023-12-28,2023-12-27,18.52669334411621,286.37994384765625,2023-12-29,0.04999999701976776,0.0,2023-12-28,0.45123162865638733,1.0,"{""type"":""Point"",""coordinates"":[95.47296118275959,26.249712574299046]}"
180,30,0.010630390606820583,303.5922546386719,2020-04-09,5004.08056640625,0,1.0,0.20000000298023224,2020-04-09,2020-04-08,33.81654357910156,275.037841796875,2020-04-10,1.2300000190734863,4.166666507720947,2020-04-09,0.34717369079589844,1.0,"{""type"":""Point"",""coordinates"":[91.93308962599977,29.344908931231114]}"
181,10,0.06829768419265747,25.042346954345703,2020-08-29,268.9893798828125,0,2.0,17.779998779296875,2020-08-29,2020-08-28,4.068806171417236,299.32598876953125,2020-08-30,9.15999984741211,10.416666984558105,2020-08-29,0.41557884216308594,2.0,"{""type"":""Point"",""coordinates"":[97.33492325894635,24.088930010899432]}"
182,10,0.17315468192100525,207.29310607910156,2022-07-18,232.0574493408203,0,1.0,0.0,2022-07-18,2022-07-17,8.037290573120117,303.6568603515625,2022-07-19,32.71999740600586,39.58333206176758,2022-07-18,0.40557923913002014,1.0,"{""type"":""Point"",""coordinates"":[94.53618295787676,22.928548875163894]}"
183,40,0.22394363582134247,155.7871856689453,2023-03-22,36.032169342041016,0,90.0,337.5,2023-03-22,2023-03-21,1.8238869905471802,294.1328430175781,2023-03-23,8.719999313354492,6.25,2023-03-22,0.3873837888240814,90.0,"{""type"":""Point"",""coordinates"":[92.88537587012804,24.51977440069019]}"
184,30,0.07854732871055603,183.54052734375,2021-08-09,5403.69482421875,0,34.0,0.5799999833106995,2021-08-09,2021-08-08,15.897887229919434,281.1794128417969,2021-08-10,0.3999999761581421,0.0,2021-08-09,0.37760481238365173,2.0,"{""type"":""Point"",""coordinates"":[89.79719115371417,29.48745370737396]}"
185,10,0.10953506827354431,227.46987915039062,2023-03-11,661.6921997070312,0,1.0,0.0,2023-03-11,2023-03-10,5.756176471710205,289.506591796875,2023-03-12,0.0,0.0,2023-03-11,0.3928852081298828,1.0,"{""type"":""Point"",""coordinates"":[96.28661884164856,27.33243977676258]}"
186,10,0.4794621765613556,1.4292490482330322,2021-05-12,575.1119995117188,0,1.0,27.049999237060547,2021-05-12,2021-05-11,10.164844512939453,299.0543518066406,2021-05-13,4.859999656677246,8.333333015441895,2021-05-12,0.24995486438274384,1.0,"{""type"":""Point"",""coordinates"":[92.70001431476216,23.905399642394006]}"
187,40,0.10940565913915634,84.48365020751953,2021-10-01,6.688900470733643,0,5.0,14.0,2021-10-01,2021-09-30,0.14997246861457825,303.9551696777344,2021-10-02,2.381999969482422,2.0833332538604736,2021-10-01,0.23573748767375946,4.0,"{""type"":""Point"",""coordinates"":[89.94561103733896,23.66786220238908]}"
188,10,0.11238116770982742,104.24287414550781,2022-04-07,948.3468017578125,0,2.0,0.0,2022-04-07,2022-04-06,32.684696197509766,298.4405517578125,2022-04-08,0.0,0.0,2022-04-07,0.15249188244342804,1.0,"{""type"":""Point"",""coordinates"":[92.86624008613941,22.687604407260096]}"
189,10,0.10623376071453094,22.26194953918457,2022-10-31,93.77613067626953,0,1.0,0.0,2022-10-31,2022-10-30,0.42622536420822144,295.95709228515625,2022-11-01,0.0,0.0,2022-10-31,0.3472830355167389,1.0,"{""type"":""Point"",""coordinates"":[94.15753909611024,27.304217467955606]}"
190,40,0.21600711345672607,283.6805114746094,2023-02-18,64.61807250976562,0,1.0,0.0,2023-02-18,2023-02-17,0.807593822479248,295.447998046875,2023-02-19,0.0,0.0,2023-02-18,0.23903529345989227,1.0,"{""type"":""Point"",""coordinates"":[92.64819247689448,26.00478037997345]}"
191,10,0.1610475331544876,347.8518981933594,2023-12-20,2587.46728515625,0,2.0,0.1599999964237213,2023-12-20,2023-12-19,29.72722816467285,277.24005126953125,2023-12-21,0.0,0.0,2023-12-20,0.35688653588294983,2.0,"{""type"":""Point"",""coordinates"":[92.19772476159349,27.327736045117096]}"
192,10,0.17860078811645508,249.34344482421875,2022-12-10,300.4139099121094,0,345.0,0.0,2022-12-10,2022-12-09,23.16254234313965,295.7284240722656,2022-12-11,0.17000000178813934,0.0,2022-12-10,0.19104449450969696,1.0,"{""type"":""Point"",""coordinates"":[92.65905156617558,21.900405630783204]}"
193,40,0.1193222627043724,111.928466796875,2021-09-23,103.55329132080078,0,7.0,0.0,2021-09-23,2021-09-22,2.0827629566192627,301.9942626953125,2021-09-24,8.519999504089355,14.583333015441895,2021-09-23,0.460955947637558,7.0,"{""type"":""Point"",""coordinates"":[95.73374264816204,22.11762485537837]}"
194,10,0.31776076555252075,233.39520263671875,2021-08-22,694.4036865234375,0,6.0,0.0,2021-08-22,2021-08-21,8.527419090270996,297.092041015625,2021-08-23,0.46000000834465027,0.0,2021-08-22,0.4737682342529297,6.0,"{""type"":""Point"",""coordinates"":[97.33200724741697,22.099340746835363]}"
195,40,0.03978951647877693,107.81283569335938,2021-06-06,58.59387969970703,0,1.0,29.719999313354492,2021-06-06,2021-06-05,1.212881326675415,299.713623046875,2021-06-07,40.09000015258789,27.08333396911621,2021-06-06,0.4290987551212311,1.0,"{""type"":""Point"",""coordinates"":[91.40185579237522,26.564802627257283]}"
196,10,0.8835195302963257,250.86537170410156,2020-12-08,948.4732666015625,0,4.0,0.0,2020-12-08,2020-12-07,24.098060607910156,291.8581237792969,2020-12-09,0.0,0.0,2020-12-08,0.3194917142391205,4.0,"{""type"":""Point"",""coordinates"":[95.75378641138619,24.13002662832651]}"
197,30,0.021222734823822975,80.45061492919922,2020-06-21,3984.686279296875,0,2118.0,16721.740234375,2020-06-21,2020-06-20,26.778030395507812,279.376708984375,2020-06-22,0.9799999594688416,0.0,2020-06-21,0.42792192101478577,2114.0,"{""type"":""Point"",""coordinates"":[89.0337574142998,27.5960176187112]}"
198,10,0.02194848470389843,287.00982666015625,2022-05-07,377.6943054199219,0,1.0,1.7699999809265137,2022-05-07,2022-05-06,8.258651733398438,299.4181823730469,2022-05-08,18.850000381469727,14.583333015441895,2022-05-07,0.4629383087158203,1.0,"{""type"":""Point"",""coordinates"":[94.97301311126189,23.340342062082062]}"
199,10,0.11719956248998642,129.09471130371094,2020-07-29,379.1974792480469,0,2.0,17.56999969482422,2020-07-29,2020-07-28,10.083130836486816,299.02490234375,2020-07-30,37.349998474121094,35.41666793823242,2020-07-29,0.4939441680908203,1.0,"{""type"":""Point"",""coordinates"":[94.613190104997,26.582775837122355]}"
200,40,0.0947837084531784,316.806640625,2022-10-24,12.920990943908691,0,1.0,37.290000915527344,2022-10-24,2022-10-23,6.282045841217041,298.9933776855469,2022-10-25,188.0399932861328,87.5,2022-10-24,0.29344049096107483,1.0,"{""type"":""Point"",""coordinates"":[90.62114319862546,25.076250424303137]}"
201,40,0.04652974382042885,206.24911499023438,2022-09-06,150.84327697753906,0,2074.0,14123.939453125,2022-09-06,2022-09-05,0.07555261999368668,300.5691833496094,2022-09-07,76.62999725341797,29.16666603088379,2022-09-06,0.47055625915527344,2074.0,"{""type"":""Point"",""coordinates"":[94.87262998701632,24.176003337369696]}"
202,10,0.13842354714870453,293.1234436035156,2020-01-21,868.7080688476562,0,1.0,0.0,2020-01-21,2020-01-20,31.354503631591797,291.3848571777344,2020-01-22,0.0,0.0,2020-01-21,0.3395010530948639,1.0,"{""type"":""Point"",""coordinates"":[95.80636853071226,24.66679287010783]}"
203,10,0.09825941920280457,186.96974182128906,2023-02-27,114.67448425292969,0,1.0,0.0,2023-02-27,2023-02-26,5.265688419342041,293.9365234375,2023-02-28,4.190000057220459,2.0833332538604736,2023-02-27,0.40646299719810486,1.0,"{""type"":""Point"",""coordinates"":[95.09881845852577,27.086561898376676]}"
204,80,0.028136447072029114,110.32366180419922,2021-11-06,278.74713134765625,0,426.0,0.0,2021-11-06,2021-11-05,1.4567193984985352,288.71929931640625,2021-11-07,0.0,0.0,2021-11-06,0.3868751525878906,426.0,"{""type"":""Point"",""coordinates"":[95.67828533669925,28.27329970448104]}"
205,10,0.4864264130592346,352.96600341796875,2023-03-11,656.6732177734375,0,5.0,0.0,2023-03-11,2023-03-10,15.230812072753906,297.3221130371094,2023-03-12,0.25999999046325684,0.0,2023-03-11,0.25251707434654236,5.0,"{""type"":""Point"",""coordinates"":[97.05645513107339,21.80313948091539]}"
206,100,0.0372314378619194,176.68446350097656,2021-08-31,4798.443359375,0,1.0,1.350000023841858,2021-08-31,2021-08-30,31.21290397644043,281.6676025390625,2021-09-01,0.9599999785423279,2.0833332538604736,2021-08-31,0.42335763573646545,1.0,"{""type"":""Point"",""coordinates"":[93.36765573459537,28.696765607351793]}"
207,30,0.06869450956583023,173.43679809570312,2022-03-23,545.4096069335938,0,4.0,35.91999816894531,2022-03-23,2022-03-22,0.73731929063797,297.5636291503906,2022-03-24,47.31999969482422,33.33333206176758,2022-03-23,0.2698453366756439,2.0,"{""type"":""Point"",""coordinates"":[97.32110954363205,22.445888981712454]}"
208,30,0.12382950633764267,326.77191162109375,2021-05-31,521.1074829101562,0,1.0,65.04999542236328,2021-05-31,2021-05-30,1.1901581287384033,301.93560791015625,2021-06-01,1.3799999952316284,0.0,2021-05-31,0.41419920325279236,1.0,"{""type"":""Point"",""coordinates"":[94.38009873864166,21.869963765417356]}"
209,10,0.10557014495134354,102.0434799194336,2019-02-20,2386.365478515625,0,6.0,0.0,2019-02-20,2019-02-19,49.862125396728516,274.42205810546875,2019-02-21,0.8399999737739563,0.0,2019-02-20,0.376415878534317,5.0,"{""type"":""Point"",""coordinates"":[96.56206135975276,28.384258696383473]}"
210,40,0.4405430555343628,40.498268127441406,2023-02-03,84.87308502197266,0,2.0,0.6399999856948853,2023-02-03,2023-02-02,0.651799201965332,299.5029602050781,2023-02-04,0.0,0.0,2023-02-03,0.25239434838294983,2.0,"{""type"":""Point"",""coordinates"":[95.15196308643307,22.180924042221555]}"
211,40,0.31314072012901306,99.1719741821289,2020-04-02,14.488423347473145,0,504.0,0.5580000281333923,2020-04-02,2020-04-01,1.839547038078308,301.5965881347656,2020-04-03,1.6099998950958252,4.166666507720947,2020-04-02,0.2534332275390625,2.0,"{""type"":""Point"",""coordinates"":[92.49139677097646,24.95083316854094]}"
212,10,0.37113136053085327,11.0305757522583,2021-11-06,945.8641357421875,0,62.0,0.0,2021-11-06,2021-11-05,37.14120864868164,290.8373718261719,2021-11-07,0.0,0.0,2021-11-06,0.2638905942440033,58.0,"{""type"":""Point"",""coordinates"":[94.82022033878127,25.659775119269312]}"
213,40,0.32712721824645996,352.2039794921875,2020-12-28,12.917725563049316,0,2118.0,0.0,2020-12-28,2020-12-27,1.4061005115509033,291.670166015625,2020-12-29,0.0,0.0,2020-12-28,0.13821537792682648,1.0,"{""type"":""Point"",""coordinates"":[88.85158063226945,23.700835231017887]}"
214,10,0.042667876929044724,165.73464965820312,2019-03-24,431.2860107421875,0,2.0,36.89999771118164,2019-03-24,2019-03-23,20.24596405029297,289.65423583984375,2019-03-25,0.0,0.0,2019-03-24,0.5010623931884766,2.0,"{""type"":""Point"",""coordinates"":[96.33109453962079,27.54511309181096]}"
215,10,0.04516322538256645,3.7948336601257324,2023-09-04,897.1193237304688,0,23.0,0.0,2023-09-04,2023-09-03,45.46743392944336,294.6728515625,2023-09-05,0.0,0.0,2023-09-04,0.3881899416446686,23.0,"{""type"":""Point"",""coordinates"":[95.55218205170702,28.351599062404258]}"
216,10,0.2325257509946823,262.289306640625,2020-05-12,530.0143432617188,0,3.0,0.0,2020-05-12,2020-05-11,29.431737899780273,298.72607421875,2020-05-13,0.0,0.0,2020-05-12,0.2704378664493561,3.0,"{""type"":""Point"",""coordinates"":[92.88250988198932,23.139415069844695]}"
217,10,0.6891640424728394,185.875732421875,2019-12-17,8.913004875183105,0,5.0,0.949999988079071,2019-12-17,2019-12-16,2.3917195796966553,296.04229736328125,2019-12-18,0.0,0.0,2019-12-17,0.1208140030503273,5.0,"{""type"":""Point"",""coordinates"":[90.59029724470041,22.656630177029758]}"
218,10,0.02187468111515045,28.493738174438477,2023-04-06,3897.498046875,0,2.0,3.68999981880188,2023-04-06,2023-04-05,46.096683502197266,278.0699462890625,2023-04-07,0.7599999904632568,0.0,2023-04-06,0.3889331817626953,1.0,"{""type"":""Point"",""coordinates"":[93.03272188528142,29.0222167467635]}"
219,60,-0.03965763747692108,42.067726135253906,2023-05-26,4827.29736328125,0,6.0,18.239999771118164,2023-05-26,2023-05-25,30.494775772094727,279.404541015625,2023-05-27,6.900000095367432,4.166666507720947,2023-05-26,0.30797067284584045,6.0,"{""type"":""Point"",""coordinates"":[90.16316580935474,27.971780760542682]}"
220,30,0.009185017086565495,79.7003402709961,2021-05-22,4477.0068359375,0,9.0,0.0,2021-05-22,2021-05-21,28.315969467163086,285.099853515625,2021-05-23,3.0999999046325684,4.166666507720947,2021-05-22,0.3065554201602936,9.0,"{""type"":""Point"",""coordinates"":[88.93780434027174,28.986563614398957]}"
221,40,0.0828770250082016,352.2381286621094,2020-10-04,28.857112884521484,0,2.0,6.659999847412109,2020-10-04,2020-10-03,1.1604912281036377,301.2754821777344,2020-10-05,43.689998626708984,47.91666793823242,2020-10-04,0.423901230096817,1.0,"{""type"":""Point"",""coordinates"":[88.38372017323631,25.057534841285108]}"
222,10,0.1091322973370552,45.49879837036133,2023-09-28,1444.9884033203125,0,1.0,2.619999885559082,2023-09-28,2023-09-27,38.492835998535156,289.3982849121094,2023-09-29,0.0,0.0,2023-09-28,0.4209938049316406,1.0,"{""type"":""Point"",""coordinates"":[94.01885147680494,28.350940193784577]}"
223,10,0.15106631815433502,205.05384826660156,2020-06-28,90.30394744873047,0,28.0,1098.1600341796875,2020-06-28,2020-06-27,24.03291130065918,298.9109191894531,2020-06-29,6.949999809265137,12.5,2020-06-28,0.3892790377140045,28.0,"{""type"":""Point"",""coordinates"":[92.52350459453997,23.959173001778655]}"
224,30,0.0992719754576683,91.98041534423828,2023-06-30,4639.39990234375,0,1.0,0.0,2023-06-30,2023-06-29,1.5198088884353638,283.4105529785156,2023-07-01,0.0,0.0,2023-06-30,0.34327951073646545,1.0,"{""type"":""Point"",""coordinates"":[90.8157750711882,28.648393867922916]}"
225,10,0.1899816244840622,123.72515106201172,2019-05-03,388.9847106933594,0,1.0,6.0,2019-05-03,2019-05-02,2.5844788551330566,299.4061584472656,2019-05-04,17.1299991607666,25.0,2019-05-03,0.3900032043457031,1.0,"{""type"":""Point"",""coordinates"":[97.01470040039369,26.256992234153834]}"
226,40,0.12048909068107605,73.865478515625,2023-08-15,11.232161521911621,0,3.0,22.68000030517578,2023-08-15,2023-08-14,1.8939614295959473,302.6517639160156,2023-08-16,12.09999942779541,20.83333396911621,2023-08-15,0.4758027493953705,3.0,"{""type"":""Point"",""coordinates"":[90.20053428475597,24.56990572545091]}"
227,10,0.2900673747062683,175.63059997558594,2021-09-09,8.387796401977539,0,2.0,15.819999694824219,2021-09-09,2021-09-08,0.4889209270477295,301.334228515625,2021-09-10,0.0,0.0,2021-09-09,0.41163507103919983,1.0,"{""type"":""Point"",""coordinates"":[88.55795083453117,23.19179444111205]}"
228,10,0.6138102412223816,263.95758056640625,2021-01-31,334.49951171875,0,4049.0,0.0,2021-01-31,2021-01-30,11.080360412597656,287.7892761230469,2021-02-01,0.0,0.0,2021-01-31,0.3160667419433594,18.0,"{""type"":""Point"",""coordinates"":[95.00043406955375,25.42779271503359]}"
229,10,0.08631991595029831,289.4039611816406,2020-11-19,2342.57763671875,0,20.0,0.0,2020-11-19,2020-11-18,26.515579223632812,278.6480712890625,2020-11-20,0.9599999785423279,0.0,2020-11-19,0.3641580045223236,1.0,"{""type"":""Point"",""coordinates"":[94.2619380540446,28.380044958141184]}"
230,10,0.009765497408807278,102.37681579589844,2020-09-26,348.12261962890625,0,2.0,17.899999618530273,2020-09-26,2020-09-25,31.285615921020508,298.8088073730469,2020-09-27,1.4900000095367432,0.0,2020-09-26,0.47979164123535156,1.0,"{""type"":""Point"",""coordinates"":[96.83742686809317,25.207042489340665]}"
231,10,-0.01171875,207.84625244140625,2021-09-15,3129.27978515625,0,4.0,1.9199999570846558,2021-09-15,2021-09-14,32.813106536865234,287.90997314453125,2021-09-16,0.22999998927116394,0.0,2021-09-15,0.40897050499916077,4.0,"{""type"":""Point"",""coordinates"":[95.39025658510656,28.816569295909414]}"
232,10,0.22984938323497772,204.49710083007812,2019-06-15,390.0337829589844,0,9.0,113.72999572753906,2019-06-15,2019-06-14,6.78453254699707,299.07257080078125,2019-06-16,121.88999938964844,25.0,2019-06-15,0.4600931704044342,1.0,"{""type"":""Point"",""coordinates"":[93.32930700975271,25.37556789263592]}"
233,10,0.5007081627845764,249.903564453125,2021-11-07,625.0136108398438,0,7.0,0.0,2021-11-07,2021-11-06,30.041379928588867,293.0419006347656,2021-11-08,0.0,0.0,2021-11-07,0.46735382080078125,1.0,"{""type"":""Point"",""coordinates"":[97.37241740469138,22.996526717745624]}"
234,10,0.18689154088497162,342.783935546875,2022-01-13,7.690120220184326,0,1.0,3.009999990463257,2022-01-13,2022-01-12,0.9552425742149353,294.4564514160156,2022-01-14,0.0,0.0,2022-01-13,0.29120445251464844,1.0,"{""type"":""Point"",""coordinates"":[90.57515200111584,24.14316205294924]}"
235,10,0.06072317808866501,28.827760696411133,2022-08-16,245.7792205810547,0,360.0,4.21999979019165,2022-08-16,2022-08-15,11.853480339050293,300.3521728515625,2022-08-17,0.04999999701976776,0.0,2022-08-16,0.4522113800048828,1.0,"{""type"":""Point"",""coordinates"":[91.98156690947607,26.024310954764573]}"
236,10,0.13947699964046478,301.5946960449219,2021-06-10,748.538330078125,0,1.0,45.019996643066406,2021-06-10,2021-06-09,17.64036750793457,298.3822937011719,2021-06-11,44.09000015258789,54.16666793823242,2021-06-10,0.48255476355552673,1.0,"{""type"":""Point"",""coordinates"":[93.7269687145495,25.58747068897126]}"
237,95,0.7153487205505371,114.6454086303711,2021-04-16,11.70262336730957,0,27.0,0.0,2021-04-16,2021-04-15,1.859053134918213,304.7767333984375,2021-04-17,11.90999984741211,2.0833332538604736,2021-04-16,0.27302297949790955,1.0,"{""type"":""Point"",""coordinates"":[89.62817570252287,22.25836323645328]}"
238,10,0.0782274678349495,239.17124938964844,2019-09-29,7.141212463378906,0,1.0,26.26999855041504,2019-09-29,2019-09-28,2.634791851043701,300.14703369140625,2019-09-30,35.43000030517578,31.25,2019-09-29,0.47334733605384827,1.0,"{""type"":""Point"",""coordinates"":[88.2909730673031,22.279516890185125]}"
239,40,0.023783981800079346,153.51031494140625,2022-10-17,132.5792694091797,0,2.0,0.0,2022-10-17,2022-10-16,0.3284687399864197,297.63397216796875,2022-10-18,0.0,0.0,2022-10-17,0.388446182012558,2.0,"{""type"":""Point"",""coordinates"":[92.2751457737902,26.84132284931342]}"
240,10,0.12598323822021484,342.03936767578125,2023-06-04,16.094831466674805,0,2.0,4.989999771118164,2023-06-04,2023-06-03,4.542421340942383,303.5032043457031,2023-06-05,0.0,0.0,2023-06-04,0.3764597475528717,1.0,"{""type"":""Point"",""coordinates"":[92.3453841941347,24.84017643929407]}"
241,10,0.05867645889520645,235.3720703125,2021-08-12,1015.010009765625,0,14.0,349.29998779296875,2021-08-12,2021-08-11,11.944957733154297,297.3204040527344,2021-08-13,67.23999786376953,60.41666793823242,2021-08-12,0.49509239196777344,14.0,"{""type"":""Point"",""coordinates"":[96.88213066807234,23.191616045676845]}"
242,40,0.3939723074436188,199.89541625976562,2023-11-12,1.9509320259094238,0,8.0,0.0,2023-11-12,2023-11-11,0.46571916341781616,298.41168212890625,2023-11-13,0.0,0.0,2023-11-12,0.2933177947998047,1.0,"{""type"":""Point"",""coordinates"":[90.18697231124632,21.97312839895392]}"
243,10,0.10911516100168228,92.3221664428711,2022-10-21,1732.417236328125,0,9.0,0.0,2022-10-21,2022-10-20,9.044595718383789,285.30126953125,2022-10-22,0.0,0.0,2022-10-21,0.35216522216796875,9.0,"{""type"":""Point"",""coordinates"":[88.69007774996336,27.262080187510474]}"
244,10,0.08075816929340363,322.6012268066406,2019-07-02,57.86381912231445,0,4.0,166.68399047851562,2019-07-02,2019-07-01,7.058934211730957,302.128662109375,2019-07-03,2.7899999618530273,4.166666507720947,2019-07-02,0.4715792238712311,4.0,"{""type"":""Point"",""coordinates"":[90.2764727393941,26.459738258443313]}"
245,10,0.6946909427642822,127.6456527709961,2023-12-13,361.476806640625,0,28.0,0.0,2023-12-13,2023-12-12,25.379196166992188,291.2350769042969,2023-12-14,0.0,0.0,2023-12-13,0.37427011132240295,28.0,"{""type"":""Point"",""coordinates"":[92.85309123601692,23.864009253674084]}"
246,40,0.07139434665441513,246.2772979736328,2020-02-12,24.43948745727539,0,5.0,0.0,2020-02-12,2020-02-11,1.4347201585769653,292.3038635253906,2020-02-13,0.0,0.0,2020-02-12,0.13528887927532196,5.0,"{""type"":""Point"",""coordinates"":[89.67038249698362,25.693345534560176]}"
247,10,0.33009764552116394,264.9344787597656,2022-10-26,237.95745849609375,0,643.0,0.0,2022-10-26,2022-10-25,29.488378524780273,296.8634033203125,2022-10-27,0.0,0.0,2022-10-26,0.4749857485294342,643.0,"{""type"":""Point"",""coordinates"":[94.67726398450415,23.64332957511662]}"
248,40,0.18321074545383453,9.024008750915527,2021-05-11,5.9669365882873535,0,2.0,119.99999237060547,2021-05-11,2021-05-10,0.9995461106300354,302.8493347167969,2021-05-12,19.010000228881836,14.583333015441895,2021-05-11,0.26408830285072327,2.0,"{""type"":""Point"",""coordinates"":[91.66479374987581,24.340534651022207]}"
249,30,0.12930235266685486,169.3990936279297,2022-06-09,4474.16162109375,0,3.0,1.1099998950958252,2022-06-09,2022-06-08,33.580848693847656,285.4903564453125,2022-06-10,1.46999990940094,2.0833332538604736,2022-06-09,0.3076528012752533,1.0,"{""type"":""Point"",""coordinates"":[90.83890078053602,29.462992762960234]}"
250,40,0.06637035310268402,118.34281921386719,2021-09-19,52.44063186645508,0,7.0,5.739999771118164,2021-09-19,2021-09-18,0.2863641381263733,300.08868408203125,2021-09-20,0.0,0.0,2021-09-19,0.503442108631134,7.0,"{""type"":""Point"",""coordinates"":[90.2808954301716,26.49257230749103]}"
251,10,0.2620500922203064,74.7594985961914,2019-09-09,3.374115467071533,0,3.0,43.02000045776367,2019-09-09,2019-09-08,3.7970752716064453,302.3847961425781,2019-09-10,2.129999876022339,2.0833332538604736,2019-09-09,0.27222251892089844,2.0,"{""type"":""Point"",""coordinates"":[90.60474367523095,23.393301403104786]}"
252,10,0.8203780651092529,98.60723876953125,2022-01-10,1443.2449951171875,0,1.0,0.0,2022-01-10,2022-01-09,17.149181365966797,287.5452880859375,2022-01-11,0.0,0.0,2022-01-10,0.2361774444580078,1.0,"{""type"":""Point"",""coordinates"":[93.49000023490713,24.049853454814574]}"
253,40,0.0795411467552185,99.22380065917969,2019-01-03,66.7098617553711,0,266.0,0.0,2019-01-03,2019-01-02,1.9231547117233276,289.1834716796875,2019-01-04,0.0,0.0,2019-01-03,0.3464762270450592,1.0,"{""type"":""Point"",""coordinates"":[92.03452072727802,26.582914848962904]}"
254,10,0.12885749340057373,254.66470336914062,2021-07-16,137.77976989746094,0,272.0,40.880001068115234,2021-07-16,2021-07-15,4.3403449058532715,300.58770751953125,2021-07-17,43.29999923706055,41.66666793823242,2021-07-16,0.4787088930606842,2.0,"{""type"":""Point"",""coordinates"":[97.04118115585378,23.919875241671697]}"
255,100,0.006460179109126329,71.29199981689453,2022-09-06,4470.43359375,0,1.0,4.090000152587891,2022-09-06,2022-09-05,33.952423095703125,281.844482421875,2022-09-07,2.9600000381469727,4.166666507720947,2022-09-06,0.42993417382240295,1.0,"{""type"":""Point"",""coordinates"":[96.77747427658926,28.934526236686285]}"
256,30,0.0690712258219719,101.8995590209961,2022-03-26,3241.110107421875,0,4.0,86.63999938964844,2022-03-26,2022-03-25,15.131073951721191,272.825927734375,2022-03-27,9.079999923706055,16.66666603088379,2022-03-26,0.3983510434627533,4.0,"{""type"":""Point"",""coordinates"":[96.43243039767034,28.881036852782003]}"
257,10,0.19539828598499298,71.30931854248047,2019-05-29,55.53934860229492,0,2.0,0.0,2019-05-29,2019-05-28,3.8668384552001953,303.1840515136719,2019-05-30,0.0,0.0,2019-05-29,0.4491342008113861,2.0,"{""type"":""Point"",""coordinates"":[91.80606387032482,23.19957794721358]}"
258,10,0.2945680320262909,332.38470458984375,2021-11-16,209.26519775390625,0,1.0,0.0,2021-11-16,2021-11-15,7.8930768966674805,293.245849609375,2021-11-17,0.0,0.0,2021-11-16,0.3636302947998047,1.0,"{""type"":""Point"",""coordinates"":[95.7782895231942,26.056043210657787]}"
259,30,0.2841395139694214,108.13790893554688,2020-05-07,23.5478572845459,0,18.0,195.66000366210938,2020-05-07,2020-05-06,4.0673136711120605,300.7945861816406,2020-05-08,0.8999999761581421,2.0833332538604736,2020-05-07,0.3461322784423828,18.0,"{""type"":""Point"",""coordinates"":[92.92731797579886,24.891259403737234]}"
260,40,0.04681073874235153,47.86783981323242,2019-07-28,10.004593849182129,0,14.0,231.9199981689453,2019-07-28,2019-07-27,2.674730062484741,301.9645690917969,2019-07-29,7.929999828338623,10.416666984558105,2019-07-28,0.41318002343177795,13.0,"{""type"":""Point"",""coordinates"":[89.62971656872247,24.212799062590424]}"
261,10,0.09490182995796204,241.48538208007812,2022-10-14,943.666748046875,0,2.0,5.409999847412109,2022-10-14,2022-10-13,7.078866004943848,293.3765869140625,2022-10-15,3.8499999046325684,2.0833332538604736,2022-10-14,0.45659127831459045,1.0,"{""type"":""Point"",""coordinates"":[94.00481169137355,25.739165064213182]}"
262,10,0.8750831484794617,101.33679962158203,2022-12-17,617.7540283203125,0,1.0,0.0,2022-12-17,2022-12-16,30.35917854309082,289.880859375,2022-12-18,0.0,0.0,2022-12-17,0.288592666387558,1.0,"{""type"":""Point"",""coordinates"":[94.76084626410866,26.73550950003591]}"
263,10,0.0811614915728569,311.44610595703125,2020-01-26,1259.9495849609375,0,3.0,0.0,2020-01-26,2020-01-25,36.212623596191406,279.79986572265625,2020-01-27,0.0,0.0,2020-01-26,0.40158334374427795,3.0,"{""type"":""Point"",""coordinates"":[93.97835073959214,27.901630106304356]}"
264,10,0.04759354144334793,249.8297882080078,2021-10-27,108.52466583251953,0,3.0,0.0,2021-10-27,2021-10-26,5.803799629211426,297.9997253417969,2021-10-28,0.0,0.0,2021-10-27,0.38426080346107483,3.0,"{""type"":""Point"",""coordinates"":[94.82231729736048,27.6215320445159]}"
265,40,0.08204277604818344,212.45925903320312,2021-09-07,20.68803596496582,0,2.0,8.0,2021-09-07,2021-09-06,1.096394419670105,303.0666198730469,2021-09-08,13.75999927520752,18.75,2021-09-07,0.38844361901283264,2.0,"{""type"":""Point"",""coordinates"":[88.24686933056016,24.639614070913048]}"
266,30,0.11153757572174072,4.275908946990967,2020-09-22,4597.45361328125,0,60.0,0.85999995470047,2020-09-22,2020-09-21,35.28654861450195,284.69110107421875,2020-09-23,14.279999732971191,20.83333396911621,2020-09-22,0.39381852746009827,1.0,"{""type"":""Point"",""coordinates"":[92.07100033326208,28.903458522387385]}"
267,20,0.1037309542298317,271.1997985839844,2020-10-03,254.57809448242188,0,100.0,24.0,2020-10-03,2020-10-02,2.940263271331787,301.4582214355469,2020-10-04,0.3400000035762787,0.0,2020-10-03,0.4576683044433594,96.0,"{""type"":""Point"",""coordinates"":[94.98200626635402,22.883924953671976]}"
268,60,0.08449675142765045,100.31926727294922,2021-08-17,7.085533142089844,0,1.0,51.57999801635742,2021-08-17,2021-08-16,3.190300464630127,301.0076599121094,2021-08-18,15.40999984741211,31.25,2021-08-17,0.41554006934165955,1.0,"{""type"":""Point"",""coordinates"":[91.32149206686803,24.127150220372148]}"
269,10,0.41041654348373413,38.52708435058594,2023-01-24,529.4501342773438,0,3.0,0.0,2023-01-24,2023-01-23,9.33510971069336,289.9908447265625,2023-01-25,0.0,0.0,2023-01-24,0.2040913850069046,3.0,"{""type"":""Point"",""coordinates"":[94.22552705392746,23.584645243427982]}"
270,10,0.21078737080097198,155.6395721435547,2023-09-24,52.91012954711914,0,1.0,201.39999389648438,2023-09-24,2023-09-23,0.4635625183582306,299.36065673828125,2023-09-25,111.1500015258789,39.58333206176758,2023-09-24,0.42470040917396545,1.0,"{""type"":""Point"",""coordinates"":[88.16890664977213,26.118968906805794]}"
271,10,0.12080758064985275,88.61693572998047,2021-09-28,184.1983642578125,0,40.0,11.460000038146973,2021-09-28,2021-09-27,18.18157386779785,300.0937194824219,2021-09-29,3.9699997901916504,4.166666507720947,2021-09-28,0.4428742825984955,3.0,"{""type"":""Point"",""coordinates"":[95.94388872029691,24.608199060304994]}"
272,10,0.14872045814990997,86.77970123291016,2022-08-20,276.7066345214844,0,1.0,0.0,2022-08-20,2022-08-19,7.960852146148682,300.6893005371094,2022-08-21,0.4599999785423279,0.0,2022-08-20,0.4696502685546875,1.0,"{""type"":""Point"",""coordinates"":[96.46108168037843,24.6231876334119]}"
273,60,0.16194558143615723,314.21209716796875,2023-11-22,3662.742919921875,0,2.0,0.0,2023-11-22,2023-11-21,1.866525411605835,273.64617919921875,2023-11-23,0.0,0.0,2023-11-22,0.3197409212589264,2.0,"{""type"":""Point"",""coordinates"":[91.09847660651323,29.205380133035]}"
274,10,0.07336326688528061,148.7951202392578,2021-02-24,17.311338424682617,0,2.0,0.0,2021-02-24,2021-02-23,2.062114953994751,298.1347351074219,2021-02-25,0.0,0.0,2021-02-24,0.24022674560546875,2.0,"{""type"":""Point"",""coordinates"":[90.17301521524399,24.700255800306273]}"
275,10,0.3489515781402588,190.7205047607422,2019-11-16,251.52276611328125,0,1.0,0.0,2019-11-16,2019-11-15,25.650205612182617,295.8573913574219,2019-11-17,0.0,0.0,2019-11-16,0.3115946352481842,1.0,"{""type"":""Point"",""coordinates"":[92.55779695493149,23.039442189262072]}"
276,70,-0.02068284898996353,114.77517700195312,2023-01-28,4946.28271484375,0,1.0,0.0,2023-01-28,2023-01-27,41.80122756958008,262.68841552734375,2023-01-29,0.0,0.0,2023-01-28,0.40010643005371094,1.0,"{""type"":""Point"",""coordinates"":[96.64935027721941,29.342039636745945]}"
277,10,0.24192313849925995,300.36578369140625,2021-06-12,671.8575439453125,0,707.0,21804.119140625,2021-06-12,2021-06-11,15.936723709106445,295.43048095703125,2021-06-13,8.269999504089355,10.416666984558105,2021-06-12,0.4921811521053314,702.0,"{""type"":""Point"",""coordinates"":[97.23670581735917,22.817123329223783]}"
278,10,0.015514901839196682,330.0655822753906,2023-01-27,2644.59765625,0,16.0,4.799999713897705,2023-01-27,2023-01-26,24.874134063720703,281.0811462402344,2023-01-28,0.14000000059604645,0.0,2023-01-27,0.3897005617618561,16.0,"{""type"":""Point"",""coordinates"":[89.86146747310525,27.275067721940122]}"
279,60,0.0143763218075037,303.0651550292969,2020-05-14,4380.8173828125,0,100.0,141.0,2020-05-14,2020-05-13,26.424182891845703,277.1526794433594,2020-05-15,0.0,0.0,2020-05-14,0.31941986083984375,100.0,"{""type"":""Point"",""coordinates"":[89.64321926765619,28.62677377126414]}"
280,100,0.07386830449104309,306.2328186035156,2020-02-12,4973.08740234375,0,5.0,0.009999999776482582,2020-02-12,2020-02-11,19.144062042236328,271.4139709472656,2020-02-13,0.0,0.0,2020-02-12,0.21048037707805634,1.0,"{""type"":""Point"",""coordinates"":[92.34291662311206,28.695426139667603]}"
281,10,0.7041640877723694,348.6558837890625,2020-12-05,790.8375854492188,0,69.0,0.0,2020-12-05,2020-12-04,25.92211151123047,281.0791931152344,2020-12-06,0.0,0.0,2020-12-05,0.3093903958797455,1.0,"{""type"":""Point"",""coordinates"":[96.53781773807329,28.0653949043266]}"
282,10,0.5105896592140198,181.0537109375,2020-03-20,1799.0521240234375,0,5.0,0.0,2020-03-20,2020-03-19,13.14111614227295,289.57965087890625,2020-03-21,0.26999998092651367,0.0,2020-03-20,0.1937205046415329,5.0,"{""type"":""Point"",""coordinates"":[93.83982105166923,25.317743543002926]}"
283,10,0.11348367482423782,253.9652557373047,2022-01-03,2558.582763671875,0,8.0,17.760000228881836,2022-01-03,2022-01-02,23.582698822021484,273.5997009277344,2022-01-04,2.9200000762939453,6.25,2022-01-03,0.39687857031822205,8.0,"{""type"":""Point"",""coordinates"":[96.00952677441906,28.716820324892023]}"
284,10,0.18096844851970673,33.67066955566406,2021-07-31,357.5892028808594,0,92.0,54.560001373291016,2021-07-31,2021-07-30,15.544785499572754,298.5563049316406,2021-08-01,5.619999885559082,10.416666984558105,2021-07-31,0.415814071893692,1.0,"{""type"":""Point"",""coordinates"":[94.71207616918642,28.179998886017522]}"
285,10,0.049721721559762955,98.34003448486328,2021-09-22,634.8524780273438,0,4.0,418.67999267578125,2021-09-22,2021-09-21,15.823169708251953,296.9497985839844,2021-09-23,5.460000038146973,6.25,2021-09-22,0.48932138085365295,4.0,"{""type"":""Point"",""coordinates"":[95.23125854558657,25.611469873992313]}"
286,70,-0.012145948596298695,207.86854553222656,2020-09-09,4981.89892578125,0,5.0,11.25,2020-09-09,2020-09-08,43.663333892822266,282.1518859863281,2020-09-10,0.0,0.0,2020-09-09,0.41352081298828125,3.0,"{""type"":""Point"",""coordinates"":[96.06700097797675,29.470320875585877]}"
287,10,0.2809849977493286,51.018341064453125,2021-06-04,388.5170593261719,0,13.0,19.239999771118164,2021-06-04,2021-06-03,47.536033630371094,298.05023193359375,2021-06-05,7.400000095367432,6.25,2021-06-04,0.3009713590145111,13.0,"{""type"":""Point"",""coordinates"":[92.92393948301903,22.688602930875252]}"
288,40,0.12877418100833893,216.78489685058594,2019-06-05,150.0963134765625,0,1.0,8.359999656677246,2019-06-05,2019-06-04,0.1749407947063446,299.3871765136719,2019-06-06,0.0,0.0,2019-06-05,0.37919679284095764,1.0,"{""type"":""Point"",""coordinates"":[97.42649386072627,25.51821947574221]}"
289,40,0.12066192924976349,69.82130432128906,2021-02-12,40.534664154052734,0,6.0,0.0,2021-02-12,2021-02-11,5.903293132781982,294.7712707519531,2021-02-13,0.0,0.0,2021-02-12,0.1373189240694046,1.0,"{""type"":""Point"",""coordinates"":[88.83734744201196,25.65393805348231]}"
290,10,0.3890109956264496,229.31431579589844,2021-03-15,243.17701721191406,0,5.0,0.0,2021-03-15,2021-03-14,14.754335403442383,298.6155700683594,2021-03-16,0.0,0.0,2021-03-15,0.17397689819335938,5.0,"{""type"":""Point"",""coordinates"":[93.99194221383571,22.86652749100908]}"
291,80,0.016414452344179153,340.9040222167969,2019-04-14,33.81856155395508,0,9.0,88.64999389648438,2019-04-14,2019-04-13,8.083513259887695,301.21978759765625,2019-04-15,24.729999542236328,16.66666603088379,2019-04-14,0.3128795623779297,9.0,"{""type"":""Point"",""coordinates"":[89.27679906693724,25.86304256988294]}"
292,10,-0.008421135134994984,96.09452819824219,2022-09-19,59.17972183227539,0,2.0,6.37999963760376,2022-09-19,2022-09-18,3.34785795211792,301.75189208984375,2022-09-20,80.2699966430664,35.41666793823242,2022-09-19,0.4814167022705078,2.0,"{""type"":""Point"",""coordinates"":[90.72041954709368,25.959691134605265]}"
293,10,0.3843142092227936,13.482439994812012,2021-11-30,133.9694366455078,0,1.0,0.0,2021-11-30,2021-11-29,0.9408549070358276,293.6474914550781,2021-12-01,0.0,0.0,2021-11-30,0.352313369512558,1.0,"{""type"":""Point"",""coordinates"":[97.19415860409102,24.04487706519472]}"
294,30,-0.007312094792723656,74.00906372070312,2021-07-02,1302.404296875,0,3.0,10.059000015258789,2021-07-02,2021-07-01,21.266956329345703,294.4899597167969,2021-07-03,1.659999966621399,0.0,2021-07-02,0.49353790283203125,3.0,"{""type"":""Point"",""coordinates"":[97.13567549935027,23.289430774155534]}"
295,10,0.21869619190692902,43.24668502807617,2023-03-31,23.757217407226562,0,3.0,4.730000019073486,2023-03-31,2023-03-30,6.4885993003845215,300.6129150390625,2023-04-01,1.869999885559082,4.166666507720947,2023-03-31,0.3897132873535156,1.0,"{""type"":""Point"",""coordinates"":[91.53170308069214,23.291694072090994]}"
296,30,0.06762979179620743,91.64708709716797,2020-04-14,4257.76416015625,0,1.0,0.0,2020-04-14,2020-04-13,5.622521877288818,275.24591064453125,2020-04-15,0.0,0.0,2020-04-14,0.24992816150188446,1.0,"{""type"":""Point"",""coordinates"":[89.42211082456747,28.981148229790712]}"
297,10,0.1051253229379654,118.9795913696289,2022-10-05,422.4517822265625,0,1.0,51.80999755859375,2022-10-05,2022-10-04,4.483156204223633,297.0910339355469,2022-10-06,0.0,0.0,2022-10-05,0.42111459374427795,1.0,"{""type"":""Point"",""coordinates"":[93.99640813077963,22.009649239140206]}"
298,40,0.26579293608665466,180.46749877929688,2023-01-12,8.85918140411377,0,67.0,0.0,2023-01-12,2023-01-11,0.2510276734828949,291.8614807128906,2023-01-13,0.0,0.0,2023-01-12,0.15322749316692352,1.0,"{""type"":""Point"",""coordinates"":[89.43806460402267,24.328241652934]}"
299,10,0.5889142155647278,199.43887329101562,2019-02-08,3282.12353515625,0,3.0,1.3499999046325684,2019-02-08,2019-02-07,29.02680206298828,273.1410217285156,2019-02-09,5.909999847412109,12.5,2019-02-08,0.3833751678466797,3.0,"{""type"":""Point"",""coordinates"":[96.94934674753799,28.250767065811296]}"
300,40,0.16672436892986298,173.6176300048828,2020-06-05,242.13157653808594,0,1.0,25.799999237060547,2020-06-05,2020-06-04,2.15210223197937,295.952392578125,2020-06-06,68.0999984741211,41.66666793823242,2020-06-05,0.4189211428165436,1.0,"{""type"":""Point"",""coordinates"":[89.0692601038655,26.856624350871453]}"
301,10,0.01128751877695322,82.9090805053711,2022-10-14,1897.1063232421875,0,2.0,11.140000343322754,2022-10-14,2022-10-13,38.938777923583984,285.1623229980469,2022-10-15,4.059999942779541,4.166666507720947,2022-10-14,0.4282773435115814,2.0,"{""type"":""Point"",""coordinates"":[92.50552253100636,27.50126913332162]}"
302,60,0.10349031537771225,33.77804183959961,2022-09-26,4279.60888671875,0,4815.0,25086.150390625,2022-09-26,2022-09-25,3.6406707763671875,281.8445129394531,2022-09-27,0.5299999713897705,2.0833332538604736,2022-09-26,0.2966480255126953,4815.0,"{""type"":""Point"",""coordinates"":[90.63968001540017,28.369858051373907]}"
303,10,0.23114435374736786,104.86589813232422,2021-03-03,75.71200561523438,0,1.0,0.0,2021-03-03,2021-03-02,0.5454315543174744,295.82415771484375,2021-03-04,0.0,0.0,2021-03-03,0.270160049200058,1.0,"{""type"":""Point"",""coordinates"":[90.0906746743441,26.607387041355793]}"
304,10,0.1443473845720291,192.51263427734375,2019-05-02,1691.581298828125,0,2.0,46.055999755859375,2019-05-02,2019-05-01,27.655303955078125,289.2596130371094,2019-05-03,7.599999904632568,12.5,2019-05-02,0.4672495424747467,1.0,"{""type"":""Point"",""coordinates"":[95.59037314239019,26.94613673938102]}"
305,40,0.3675127625465393,225.16815185546875,2020-04-24,12.743658065795898,0,9.0,12.420000076293945,2020-04-24,2020-04-23,0.4016227126121521,298.5981140136719,2020-04-25,0.0,0.0,2020-04-24,0.39507612586021423,9.0,"{""type"":""Point"",""coordinates"":[90.16659383246132,24.931335231039192]}"
306,10,0.06376643478870392,95.3579330444336,2023-09-06,1238.8858642578125,0,1.0,8.609999656677246,2023-09-06,2023-09-05,29.03459930419922,296.18426513671875,2023-09-07,1.4900000095367432,4.166666507720947,2023-09-06,0.3859914243221283,1.0,"{""type"":""Point"",""coordinates"":[93.33455856523614,23.4182892744785]}"
307,40,0.042000722140073776,42.95366287231445,2023-04-16,3.6442220211029053,0,15.0,0.0,2023-04-16,2023-04-15,0.1806008219718933,0.0,2023-04-17,0.0,0.0,2023-04-16,0.0,14.0,"{""type"":""Point"",""coordinates"":[91.53530037864785,22.417387334346706]}"
308,30,0.29850953817367554,63.501766204833984,2023-09-23,230.292236328125,0,1.0,2.43999981880188,2023-09-23,2023-09-22,9.804411888122559,300.5954895019531,2023-09-24,2.919999837875366,2.0833332538604736,2023-09-23,0.43215498328208923,1.0,"{""type"":""Point"",""coordinates"":[95.78133503794842,23.112974539178914]}"
309,10,0.1533830463886261,9.33055591583252,2023-03-24,66.42488098144531,0,2.0,0.0,2023-03-24,2023-03-23,1.960336446762085,293.74664306640625,2023-03-25,0.0,0.0,2023-03-24,0.31469663977622986,2.0,"{""type"":""Point"",""coordinates"":[93.04741512352584,24.975938373980174]}"
310,10,0.8476666808128357,302.3702087402344,2021-02-11,797.3497924804688,0,1.0,0.0,2021-02-11,2021-02-10,31.961380004882812,290.2657470703125,2021-02-12,0.0,0.0,2021-02-11,0.1889546662569046,1.0,"{""type"":""Point"",""coordinates"":[93.23008725725373,21.550610002422484]}"
311,40,0.10028088092803955,36.26338577270508,2022-10-05,6.103403568267822,0,1.0,7.259999752044678,2022-10-05,2022-10-04,1.9465965032577515,300.3475341796875,2022-10-06,17.81999969482422,8.333333015441895,2022-10-05,0.4155985414981842,1.0,"{""type"":""Point"",""coordinates"":[88.05754730572689,22.705245952711447]}"
312,10,0.6551387906074524,233.39036560058594,2019-02-24,425.8075866699219,0,1.0,0.0,2019-02-24,2019-02-23,23.292953491210938,296.750732421875,2019-02-25,0.0,0.0,2019-02-24,0.25781503319740295,1.0,"{""type"":""Point"",""coordinates"":[96.20998785266852,22.599177197902826]}"
313,10,0.18171724677085876,174.3739471435547,2023-04-16,18.11582374572754,0,1.0,0.8799999952316284,2023-04-16,2023-04-15,1.5322530269622803,301.6432800292969,2023-04-17,0.0,0.0,2023-04-16,0.25103759765625,1.0,"{""type"":""Point"",""coordinates"":[91.7881366554958,24.760758734481733]}"
314,10,0.034816693514585495,184.7860107421875,2021-05-24,2269.437744140625,0,1.0,0.9800000190734863,2021-05-24,2021-05-23,24.714019775390625,288.5084533691406,2021-05-25,3.619999885559082,4.166666507720947,2021-05-24,0.3983783721923828,1.0,"{""type"":""Point"",""coordinates"":[92.25744138439825,27.199951798134514]}"
315,10,0.035961929708719254,108.34098815917969,2023-07-29,2736.5498046875,0,1.0,177.0500030517578,2023-07-29,2023-07-28,46.768184661865234,288.281494140625,2023-07-30,2.059999942779541,0.0,2023-07-29,0.42832818627357483,1.0,"{""type"":""Point"",""coordinates"":[96.02757401140784,28.557023707611208]}"
316,30,0.15956299006938934,85.46977233886719,2020-01-18,1586.04345703125,0,2.0,0.0,2020-01-18,2020-01-17,18.11604118347168,286.6639404296875,2020-01-19,0.0,0.0,2020-01-18,0.3102213442325592,1.0,"{""type"":""Point"",""coordinates"":[91.60788832873769,25.44671814988067]}"
317,10,0.7278106212615967,49.30854797363281,2019-03-23,1025.969970703125,0,1.0,0.0,2019-03-23,2019-03-22,15.196619987487793,293.9322204589844,2019-03-24,0.0,0.0,2019-03-23,0.30291619896888733,1.0,"{""type"":""Point"",""coordinates"":[96.68154115360943,22.73345753613181]}"
318,10,0.15470051765441895,326.5978698730469,2019-06-26,23.09030532836914,0,3.0,144.05999755859375,2019-06-26,2019-06-25,5.03719425201416,302.7645263671875,2019-06-27,85.3499984741211,54.16666793823242,2019-06-26,0.3932126462459564,3.0,"{""type"":""Point"",""coordinates"":[91.94755740016531,24.392005419546617]}"
319,30,5.790255381725729E-4,248.86268615722656,2020-06-23,4120.06640625,0,2.0,3.1999998092651367,2020-06-23,2020-06-22,27.953351974487305,273.5559387207031,2020-06-24,29.389999389648438,27.08333396911621,2020-06-23,0.42837080359458923,2.0,"{""type"":""Point"",""coordinates"":[96.52963380763096,28.840913381799265]}"
320,10,0.43587228655815125,3.3852570056915283,2023-11-30,58.08060073852539,0,1.0,5.630000114440918,2023-11-30,2023-11-29,30.902883529663086,294.6904296875,2023-12-01,0.0,0.0,2023-11-30,0.29757562279701233,1.0,"{""type"":""Point"",""coordinates"":[92.81156788688004,21.731881856791833]}"
321,10,0.10859648883342743,266.3564758300781,2023-08-03,328.56292724609375,0,4.0,14.15999984741211,2023-08-03,2023-08-02,4.5424909591674805,299.551025390625,2023-08-04,8.529999732971191,14.583333015441895,2023-08-03,0.47407403588294983,1.0,"{""type"":""Point"",""coordinates"":[94.70493970354751,23.957182258157093]}"
322,10,0.2591083347797394,4.4336161613464355,2019-04-07,929.4747314453125,0,2.0,0.0,2019-04-07,2019-04-06,27.250886917114258,293.3526611328125,2019-04-08,13.039999961853027,27.08333396911621,2019-04-07,0.3924833834171295,2.0,"{""type"":""Point"",""coordinates"":[95.1686327654089,26.773690709969]}"
323,60,-3.580913762561977E-4,186.54786682128906,2022-06-19,3.7824745178222656,0,5.0,176.51998901367188,2022-06-19,2022-06-18,2.0170657634735107,302.7203674316406,2022-06-20,23.729999542236328,45.83333206176758,2022-06-19,0.43026161193847656,4.0,"{""type"":""Point"",""coordinates"":[88.64211939352845,22.10865698276963]}"
324,80,-0.05907154828310013,-0.0,2023-02-27,23.0,0,19.0,0.0,2023-02-27,2023-02-26,0.0,297.9103088378906,2023-02-28,0.0,0.0,2023-02-27,0.10398928076028824,1.0,"{""type"":""Point"",""coordinates"":[89.99871232278808,25.93747058466814]}"
325,60,0.032022081315517426,74.12157440185547,2020-11-30,5275.91650390625,0,2.0,0.0,2020-11-30,2020-11-29,43.50117492675781,272.3612060546875,2020-12-01,0.0,0.0,2020-11-30,0.3154977262020111,1.0,"{""type"":""Point"",""coordinates"":[92.45359778452409,29.192000308878637]}"
326,10,0.20035021007061005,88.73652648925781,2022-07-31,484.9098205566406,0,8.0,27.799999237060547,2022-07-31,2022-07-30,28.040334701538086,298.9254455566406,2022-08-01,11.959999084472656,16.66666603088379,2022-07-31,0.4719289243221283,2.0,"{""type"":""Point"",""coordinates"":[96.3412605561913,22.570270988279844]}"
327,10,0.5155403017997742,55.6084098815918,2023-03-13,802.9310913085938,0,266.0,5.87999963760376,2023-03-13,2023-03-12,27.80207633972168,295.5989685058594,2023-03-14,1.3700000047683716,4.166666507720947,2023-03-13,0.2797578275203705,4.0,"{""type"":""Point"",""coordinates"":[96.94112985286336,22.55223254108174]}"
328,95,0.466191828250885,5.034757614135742,2023-12-19,6.995028495788574,0,3.0,0.0,2023-12-19,2023-12-18,1.9035909175872803,293.6896057128906,2023-12-20,0.0,0.0,2023-12-19,0.33905029296875,3.0,"{""type"":""Point"",""coordinates"":[89.55922494507558,21.99324439263886]}"
329,10,-0.012473393231630325,324.1301574707031,2021-07-15,1069.4757080078125,0,73.0,1319.1099853515625,2021-07-15,2021-07-14,27.725040435791016,295.2619934082031,2021-07-16,32.459999084472656,37.5,2021-07-15,0.42144647240638733,73.0,"{""type"":""Point"",""coordinates"":[94.6533612326135,25.095399568544796]}"
330,10,0.08810702711343765,331.3263244628906,2022-05-25,202.4764862060547,0,1.0,62.86000061035156,2022-05-25,2022-05-24,15.157758712768555,300.6220703125,2022-05-26,62.849998474121094,45.83333206176758,2022-05-25,0.4711240231990814,1.0,"{""type"":""Point"",""coordinates"":[96.2055709342179,24.503966980143982]}"
331,10,0.31406471133232117,266.3442077636719,2021-10-31,7.373964786529541,0,6.0,0.0,2021-10-31,2021-10-30,3.5553436279296875,0.0,2021-11-01,0.0,0.0,2021-10-31,0.0,1.0,"{""type"":""Point"",""coordinates"":[91.6899803959887,22.54138663574117]}"
332,10,0.06393267214298248,133.96310424804688,2020-08-28,276.29547119140625,0,6.0,0.0,2020-08-28,2020-08-27,1.2510181665420532,298.2443542480469,2020-08-29,2.879999876022339,4.166666507720947,2020-08-28,0.4594917297363281,6.0,"{""type"":""Point"",""coordinates"":[96.76483902831976,23.114563321571083]}"
333,30,-3.660565707832575E-4,74.38386535644531,2019-09-08,5275.4736328125,0,5.0,10.149999618530273,2019-09-08,2019-09-07,18.287565231323242,283.2033996582031,2019-09-09,0.0,0.0,2019-09-08,0.3343130648136139,5.0,"{""type"":""Point"",""coordinates"":[89.73875418886867,28.611409923048036]}"
334,10,0.1106378436088562,344.1246337890625,2019-03-07,707.7012939453125,0,1.0,6.96999979019165,2019-03-07,2019-03-06,43.63602066040039,289.09747314453125,2019-03-08,0.04999999701976776,0.0,2019-03-07,0.4796988070011139,1.0,"{""type"":""Point"",""coordinates"":[96.53217910221434,26.833830306787174]}"
335,10,0.17375817894935608,199.5845184326172,2019-08-12,182.99688720703125,0,7.0,342.5799865722656,2019-08-12,2019-08-11,8.646988868713379,301.976318359375,2019-08-13,2.450000047683716,0.0,2019-08-12,0.4762655794620514,7.0,"{""type"":""Point"",""coordinates"":[94.68539393471747,22.624159291583755]}"
336,10,0.015893490985035896,122.61724090576172,2022-04-09,2001.9644775390625,0,3.0,117.75,2022-04-09,2022-04-08,39.563751220703125,274.1644287109375,2022-04-10,17.479999542236328,8.333333015441895,2022-04-09,0.4244295656681061,3.0,"{""type"":""Point"",""coordinates"":[95.96312303135124,28.85857259231422]}"
337,30,0.1673569530248642,298.00018310546875,2019-02-21,3428.42578125,0,2.0,0.029999999329447746,2019-02-21,2019-02-20,47.0528678894043,271.0599060058594,2019-02-22,0.0,0.0,2019-02-21,0.2010211944580078,1.0,"{""type"":""Point"",""coordinates"":[93.32569289729283,29.016302441007422]}"
338,10,0.10658974200487137,194.16139221191406,2022-08-21,364.24285888671875,0,28.0,595.8400268554688,2022-08-21,2022-08-20,29.717918395996094,299.64837646484375,2022-08-22,0.11999999731779099,0.0,2022-08-21,0.45867347717285156,28.0,"{""type"":""Point"",""coordinates"":[94.6685641355149,26.57694759511852]}"
339,80,-0.007538369856774807,291.7770690917969,2022-02-27,3.176084518432617,0,0.0,0.0,2022-02-27,2022-02-26,0.7872203588485718,0.0,2022-02-28,0.0,0.0,2022-02-27,0.0,0.0,"{""type"":""Point"",""coordinates"":[91.24177810348095,22.50353893064306]}"
340,30,0.7145406603813171,235.385009765625,2023-09-21,3845.97021484375,0,87.0,0.0,2023-09-21,2023-09-20,5.697715759277344,288.39666748046875,2023-09-22,0.0,0.0,2023-09-21,0.33522096276283264,87.0,"{""type"":""Point"",""coordinates"":[88.94703446099021,29.21432421582807]}"
341,10,0.14181633293628693,185.71510314941406,2020-05-22,2783.93603515625,0,13.0,718.7699584960938,2020-05-22,2020-05-21,55.18519973754883,273.7490234375,2020-05-23,7.419999599456787,10.416666984558105,2020-05-22,0.4286397397518158,13.0,"{""type"":""Point"",""coordinates"":[91.12072812599092,27.901565163618592]}"
342,10,0.16156111657619476,270.0110778808594,2021-04-20,678.9649658203125,0,106.0,652.9599609375,2021-04-20,2021-04-19,2.339458465576172,297.9379577636719,2021-04-21,0.47999998927116394,0.0,2021-04-20,0.31338372826576233,106.0,"{""type"":""Point"",""coordinates"":[97.11514866570155,21.75953671313282]}"
343,10,0.08156212419271469,67.98145294189453,2019-07-03,2008.946044921875,0,2.0,10.40999984741211,2019-07-03,2019-07-02,33.645137786865234,289.6141662597656,2019-07-04,1.5199999809265137,0.0,2019-07-03,0.41214561462402344,1.0,"{""type"":""Point"",""coordinates"":[88.27492636294275,27.36549918648781]}"
344,30,0.03153171017765999,167.39125061035156,2023-08-03,4543.1005859375,0,3.0,1.559999942779541,2023-08-03,2023-08-02,9.013671875,284.25146484375,2023-08-04,1.8300000429153442,2.0833332538604736,2023-08-03,0.414227157831192,3.0,"{""type"":""Point"",""coordinates"":[89.09065381183753,27.807594133599643]}"
345,10,0.05039548501372337,141.65167236328125,2023-03-29,117.44925689697266,0,2.0,0.14000000059604645,2023-03-29,2023-03-28,16.633392333984375,298.7791442871094,2023-03-30,23.920000076293945,18.75,2023-03-29,0.3085651397705078,1.0,"{""type"":""Point"",""coordinates"":[92.01378762748556,23.26260784513965]}"
346,10,0.05521801486611366,300.3762512207031,2022-07-20,3269.242431640625,0,3.0,10.229999542236328,2022-07-20,2022-07-19,25.014427185058594,287.12127685546875,2022-07-21,11.479999542236328,10.416666984558105,2022-07-20,0.4247722625732422,3.0,"{""type"":""Point"",""coordinates"":[95.8800757847324,29.026199615065558]}"
347,10,0.4302425980567932,323.26129150390625,2019-05-10,81.62983703613281,0,3.0,9.539999961853027,2019-05-10,2019-05-09,16.635944366455078,302.5573425292969,2019-05-11,0.0,0.0,2019-05-10,0.3169593811035156,3.0,"{""type"":""Point"",""coordinates"":[89.96734384325072,25.306961478972887]}"
348,10,0.008075356483459473,162.0323944091797,2020-06-05,59.973201751708984,0,1.0,55.18000030517578,2020-06-05,2020-06-04,6.930145740509033,299.2919921875,2020-06-06,99.93999481201172,31.25,2020-06-05,0.4844449460506439,1.0,"{""type"":""Point"",""coordinates"":[92.28860022893687,26.272032974426626]}"
349,10,0.04945872351527214,157.09979248046875,2022-07-28,998.5219116210938,0,8.0,4.579999923706055,2022-07-28,2022-07-27,7.106268882751465,293.67181396484375,2022-07-29,28.029998779296875,41.66666793823242,2022-07-28,0.49124717712402344,2.0,"{""type"":""Point"",""coordinates"":[96.41289660125113,27.26403328520226]}"
350,10,0.65350341796875,312.0574645996094,2019-02-25,572.51611328125,0,3.0,0.0,2019-02-25,2019-02-24,9.245586395263672,293.5151062011719,2019-02-26,3.5799999237060547,6.25,2019-02-25,0.28984007239341736,3.0,"{""type"":""Point"",""coordinates"":[95.82664045315593,25.043160153029177]}"
351,30,-0.007674572989344597,127.15860748291016,2022-02-10,4427.01611328125,0,1.0,0.0,2022-02-10,2022-02-09,31.460124969482422,271.3894958496094,2022-02-11,0.0,0.0,2022-02-10,0.3457234799861908,1.0,"{""type"":""Point"",""coordinates"":[94.25487144607594,29.389238556062455]}"
352,10,0.2086610496044159,89.71623992919922,2021-12-28,2505.407958984375,0,5.0,0.0,2021-12-28,2021-12-27,15.774284362792969,274.0404052734375,2021-12-29,1.2400000095367432,0.0,2021-12-28,0.36417898535728455,2.0,"{""type"":""Point"",""coordinates"":[89.41606555156318,27.447388079541014]}"
353,30,0.05519654601812363,269.75341796875,2020-10-09,282.0108642578125,0,1.0,3.6499998569488525,2020-10-09,2020-10-08,5.024873733520508,301.7032775878906,2020-10-10,0.0,0.0,2020-10-09,0.40724754333496094,1.0,"{""type"":""Point"",""coordinates"":[94.53072109545958,21.569160157003665]}"
354,10,0.35718268156051636,337.2850036621094,2022-11-17,927.2340087890625,0,5.0,0.0,2022-11-17,2022-11-16,32.50878143310547,292.7701416015625,2022-11-18,0.0,0.0,2022-11-17,0.3337148129940033,5.0,"{""type"":""Point"",""coordinates"":[97.02486360014215,23.371522770332266]}"
355,20,0.1111714169383049,126.85221099853516,2019-10-12,1013.3856201171875,0,3.0,2.8399999141693115,2019-10-12,2019-10-11,8.911026000976562,293.7135009765625,2019-10-13,0.17999999225139618,0.0,2019-10-12,0.4680207669734955,1.0,"{""type"":""Point"",""coordinates"":[93.888077681983,25.0030692368716]}"
356,80,0.021956225857138634,311.08441162109375,2019-12-14,683.0,0,1284309.0,3249301.75,2019-12-14,2019-12-13,0.7056344151496887,278.1416320800781,2019-12-15,1.5699999332427979,0.0,2019-12-14,0.41534361243247986,1284309.0,"{""type"":""Point"",""coordinates"":[95.29378842048149,29.322368937209795]}"
357,10,0.11116527765989304,175.88636779785156,2023-06-19,1378.756591796875,0,5.0,12.649999618530273,2023-06-19,2023-06-18,15.3306245803833,296.41314697265625,2023-06-20,27.94999885559082,37.5,2023-06-19,0.46929994225502014,1.0,"{""type"":""Point"",""coordinates"":[95.63683256617209,27.054540621764744]}"
358,60,0.02053692191839218,90.0,2021-07-11,74.38992309570312,0,64.0,18.619998931884766,2021-07-11,2021-07-10,0.06429086625576019,300.72357177734375,2021-07-12,11.799999237060547,16.66666603088379,2021-07-11,0.4177004396915436,1.0,"{""type"":""Point"",""coordinates"":[92.62146239414426,26.72446983064176]}"
359,10,0.03038833849132061,354.297607421875,2020-06-10,2883.425537109375,0,8.0,4.079999923706055,2020-06-10,2020-06-09,20.694002151489258,288.9866027832031,2020-06-11,0.0,0.0,2020-06-10,0.41482099890708923,8.0,"{""type"":""Point"",""coordinates"":[89.99092240999853,27.60520961897668]}"
360,40,0.3151019215583801,17.88609504699707,2021-10-15,73.21034240722656,0,11.0,0.0,2021-10-15,2021-10-14,0.46806570887565613,301.5957336425781,2021-10-16,6.460000038146973,10.416666984558105,2021-10-15,0.3840554654598236,11.0,"{""type"":""Point"",""coordinates"":[91.87277763563229,23.37780291425036]}"
361,10,0.08416854590177536,265.6158447265625,2023-05-17,106.80197143554688,0,1.0,0.20999999344348907,2023-05-17,2023-05-16,2.047844648361206,299.89068603515625,2023-05-18,13.129999160766602,10.416666984558105,2023-05-17,0.37200483679771423,1.0,"{""type"":""Point"",""coordinates"":[91.67765620697293,23.80737738421141]}"
362,10,0.24831384420394897,55.63274002075195,2019-01-14,460.20037841796875,0,2.0,0.0,2019-01-14,2019-01-13,19.16524314880371,290.71331787109375,2019-01-15,0.5499999523162842,0.0,2019-01-14,0.24747149646282196,2.0,"{""type"":""Point"",""coordinates"":[94.25895913963383,23.338133313112387]}"
363,10,0.016911083832383156,253.73635864257812,2022-07-12,204.76876831054688,0,136.0,20.399999618530273,2022-07-12,2022-07-11,5.676568508148193,300.7425842285156,2022-07-13,7.349999904632568,6.25,2022-07-12,0.48760223388671875,136.0,"{""type"":""Point"",""coordinates"":[95.19615824651594,23.495566921036815]}"
364,10,0.059700753539800644,174.16615295410156,2023-09-21,977.2265625,0,2.0,197.01998901367188,2023-09-21,2023-09-20,27.77057456970215,295.0581970214844,2023-09-22,44.279998779296875,31.25,2023-09-21,0.4982573091983795,2.0,"{""type"":""Point"",""coordinates"":[92.62298903180512,27.086821411532725]}"
365,10,0.18162326514720917,92.6708755493164,2021-04-01,574.3572998046875,0,3.0,0.0,2021-04-01,2021-03-31,30.80882453918457,299.0850830078125,2021-04-02,0.11900000274181366,0.0,2021-04-01,0.2489064484834671,3.0,"{""type"":""Point"",""coordinates"":[96.77565899079788,21.843429747572852]}"
366,10,0.6454828381538391,242.55458068847656,2022-01-25,155.84939575195312,0,24.0,51.36000061035156,2022-01-25,2022-01-24,19.021514892578125,291.0542297363281,2022-01-26,0.0,0.0,2022-01-25,0.3022359311580658,24.0,"{""type"":""Point"",""coordinates"":[92.14151122830665,23.773364026230634]}"
367,10,0.04237405210733414,108.71136474609375,2023-03-30,9.82610034942627,0,2.0,30.3799991607666,2023-03-30,2023-03-29,6.750303268432617,301.8035583496094,2023-03-31,0.23999997973442078,0.0,2023-03-30,0.24123191833496094,2.0,"{""type"":""Point"",""coordinates"":[90.47177871950933,22.90265630761808]}"
368,10,0.2468813955783844,150.98321533203125,2023-09-24,33.844844818115234,0,3.0,0.0,2023-09-24,2023-09-23,3.0741734504699707,301.62750244140625,2023-09-25,8.180000305175781,12.5,2023-09-24,0.4079557955265045,1.0,"{""type"":""Point"",""coordinates"":[92.29772921574866,24.508628018827736]}"
369,40,0.3610883057117462,131.93104553222656,2019-02-25,3.279743194580078,0,101.0,426.2200012207031,2019-02-25,2019-02-24,0.7925026416778564,299.9018859863281,2019-02-26,51.790000915527344,35.41666793823242,2019-02-25,0.15679232776165009,101.0,"{""type"":""Point"",""coordinates"":[91.04773459614127,23.74644002029442]}"
370,30,0.04851561784744263,145.63613891601562,2020-05-11,4557.53125,0,1235.0,0.6599999666213989,2020-05-11,2020-05-10,55.82170486450195,269.6606750488281,2020-05-12,1.4900000095367432,4.166666507720947,2020-05-11,0.39799436926841736,3.0,"{""type"":""Point"",""coordinates"":[91.32986639957763,28.445968925414732]}"
371,40,0.04175952821969986,248.38722229003906,2021-09-04,127.18668365478516,0,677.0,3892.75,2021-09-04,2021-09-03,0.12122412025928497,300.6119079589844,2021-09-05,1.8399999141693115,4.166666507720947,2021-09-04,0.4808603823184967,677.0,"{""type"":""Point"",""coordinates"":[93.78573445340429,26.081790783643424]}"
372,10,-0.025068068876862526,134.48052978515625,2022-07-06,1304.7103271484375,0,16.0,57.279998779296875,2022-07-06,2022-07-05,13.232921600341797,294.4535827636719,2022-07-07,50.81999969482422,14.583333015441895,2022-07-06,0.4188423156738281,4.0,"{""type"":""Point"",""coordinates"":[94.01442506077962,27.475634037915814]}"
373,10,0.24266059696674347,36.93130111694336,2022-04-14,434.5416259765625,0,1.0,0.0,2022-04-14,2022-04-13,29.973134994506836,299.73114013671875,2022-04-15,0.5299999713897705,0.0,2022-04-14,0.1312662810087204,1.0,"{""type"":""Point"",""coordinates"":[92.76804066622108,22.567600630194693]}"
374,40,0.5692240595817566,240.09811401367188,2019-11-25,149.16143798828125,0,11.0,0.0,2019-11-25,2019-11-24,1.4260553121566772,296.86761474609375,2019-11-26,0.0,0.0,2019-11-25,0.32174935936927795,11.0,"{""type"":""Point"",""coordinates"":[95.84942245395467,22.59254679703263]}"
375,10,0.4143190383911133,37.25364303588867,2022-03-22,2308.505126953125,0,30.0,454.1999816894531,2022-03-22,2022-03-21,21.874155044555664,282.78466796875,2022-03-23,10.839999198913574,14.583333015441895,2022-03-22,0.40671539306640625,30.0,"{""type"":""Point"",""coordinates"":[91.78080260603474,27.17513149982192]}"
376,10,0.8928320407867432,243.4762725830078,2021-01-07,871.6482543945312,0,137.0,0.0,2021-01-07,2021-01-06,10.412978172302246,288.3429870605469,2021-01-08,0.0,0.0,2021-01-07,0.19763755798339844,137.0,"{""type"":""Point"",""coordinates"":[93.4291289078819,23.82870577969129]}"
377,10,0.6118598580360413,87.49317169189453,2019-12-24,964.821044921875,0,17.0,0.0,2019-12-24,2019-12-23,46.71966552734375,284.9743957519531,2019-12-25,0.0,0.0,2019-12-24,0.2689005434513092,1.0,"{""type"":""Point"",""coordinates"":[90.81241339413369,26.9458127283141]}"
378,10,0.6332324147224426,223.92129516601562,2020-12-16,1807.219482421875,0,1.0,0.0,2020-12-16,2020-12-15,24.669376373291016,288.17156982421875,2020-12-17,0.0,0.0,2020-12-16,0.19325383007526398,1.0,"{""type"":""Point"",""coordinates"":[93.68434132401683,21.671697155809515]}"
379,10,0.3936634957790375,35.7515869140625,2021-09-19,750.66796875,0,3.0,1.3199999332427979,2021-09-19,2021-09-18,25.182498931884766,292.492919921875,2021-09-20,0.0,0.0,2021-09-19,0.42168936133384705,1.0,"{""type"":""Point"",""coordinates"":[90.74135637732607,27.109703614726083]}"
380,10,-0.004812116734683514,111.06556701660156,2021-07-07,1318.5794677734375,0,2.0,62.88999938964844,2021-07-07,2021-07-06,32.660160064697266,296.0328369140625,2021-07-08,121.25,27.08333396911621,2021-07-07,0.4589761197566986,1.0,"{""type"":""Point"",""coordinates"":[96.95380758169028,25.61032781805721]}"
381,100,0.054002001881599426,65.64744567871094,2020-01-12,4957.89697265625,0,5.0,0.0,2020-01-12,2020-01-11,19.62105369567871,269.5741271972656,2020-01-13,0.0,0.0,2020-01-12,0.308258056640625,5.0,"{""type"":""Point"",""coordinates"":[92.72685630048713,28.508917522187197]}"
382,30,0.06626866012811661,354.03179931640625,2021-01-02,61.00117111206055,0,239.0,0.015000000596046448,2021-01-02,2021-01-01,3.850933790206909,292.18389892578125,2021-01-03,0.0,0.0,2021-01-02,0.16264469921588898,1.0,"{""type"":""Point"",""coordinates"":[92.56471765422438,26.533385418492674]}"
383,10,0.3527347445487976,302.39373779296875,2019-02-17,400.71990966796875,0,1.0,8.0,2019-02-17,2019-02-16,17.846149444580078,291.5657653808594,2019-02-18,3.629999876022339,4.166666507720947,2019-02-17,0.393206924200058,1.0,"{""type"":""Point"",""coordinates"":[94.92879823551576,26.83236013665516]}"
384,10,0.16759946942329407,128.36752319335938,2022-03-25,1400.801025390625,0,3.0,213.6899871826172,2022-03-25,2022-03-24,29.390296936035156,286.06732177734375,2022-03-26,26.760000228881836,47.91666793823242,2022-03-25,0.42329344153404236,3.0,"{""type"":""Point"",""coordinates"":[95.75655077412287,28.54512179963967]}"
385,40,0.0015543835470452905,108.1426010131836,2019-08-22,88.64208221435547,0,3.0,600.8999633789062,2019-08-22,2019-08-21,0.46778467297554016,302.3491516113281,2019-08-23,1.7899999618530273,2.0833332538604736,2019-08-22,0.4801502227783203,3.0,"{""type"":""Point"",""coordinates"":[95.10780697741419,22.293289658726064]}"
386,60,0.08167583495378494,308.5028991699219,2019-06-30,4167.197265625,0,6600.0,2046.0,2019-06-30,2019-06-29,21.446823120117188,288.29364013671875,2019-07-01,0.0,0.0,2019-06-30,0.06879425048828125,6600.0,"{""type"":""Point"",""coordinates"":[89.61775335039702,28.68109378345617]}"
387,60,0.036225832998752594,32.75124740600586,2019-04-02,3247.226318359375,0,9657.0,434.56500244140625,2019-04-02,2019-04-01,41.69972610473633,272.62432861328125,2019-04-03,1.4299999475479126,0.0,2019-04-02,0.32755914330482483,9657.0,"{""type"":""Point"",""coordinates"":[92.87744580895267,28.53813777344295]}"
388,95,0.756104052066803,47.996055603027344,2023-12-18,2.4464266300201416,0,0.0,0.0,2023-12-18,2023-12-17,1.423280954360962,293.4604797363281,2023-12-19,0.0,0.0,2023-12-18,0.3482513427734375,0.0,"{""type"":""Point"",""coordinates"":[88.18964702696395,21.575215985286796]}"
389,30,0.1066555455327034,21.43618392944336,2022-04-14,4749.01171875,0,2.0,0.009999999776482582,2022-04-14,2022-04-13,24.390745162963867,275.40618896484375,2022-04-15,0.0,0.0,2022-04-14,0.2671000063419342,1.0,"{""type"":""Point"",""coordinates"":[90.94558126645569,28.889177814828557]}"
390,10,0.03855132311582565,283.7528076171875,2022-05-04,2141.722412109375,0,1.0,56.29999923706055,2022-05-04,2022-05-03,19.309682846069336,286.3205261230469,2022-05-05,7.829999923706055,14.583333015441895,2022-05-04,0.4267253875732422,1.0,"{""type"":""Point"",""coordinates"":[94.60001192128689,28.61889525666526]}"
391,10,0.7525655627250671,347.73626708984375,2020-12-06,186.1320343017578,0,2.0,0.0,2020-12-06,2020-12-05,2.639389753341675,295.9538269042969,2020-12-07,0.0,0.0,2020-12-06,0.27530670166015625,2.0,"{""type"":""Point"",""coordinates"":[95.21879226731056,23.1182408311709]}"
392,10,0.09553706645965576,30.70539665222168,2023-03-26,318.6924743652344,0,1.0,0.20999999344348907,2023-03-26,2023-03-25,3.45835542678833,296.0195007324219,2023-03-27,0.0,0.0,2023-03-26,0.47513580322265625,1.0,"{""type"":""Point"",""coordinates"":[90.59149676403615,25.657827868600585]}"
393,80,-0.0011418003123253584,349.8539733886719,2021-01-26,134.18418884277344,0,5.0,0.0,2021-01-26,2021-01-25,0.2878870368003845,289.964599609375,2021-01-27,0.0,0.0,2021-01-26,0.35545477271080017,2.0,"{""type"":""Point"",""coordinates"":[95.7792280251539,27.793824351756008]}"
394,10,-0.05201072245836258,105.08924865722656,2023-07-03,401.5603942871094,0,3.0,714.5700073242188,2023-07-03,2023-07-02,8.694802284240723,296.91888427734375,2023-07-04,13.339999198913574,16.66666603088379,2023-07-03,0.47353997826576233,3.0,"{""type"":""Point"",""coordinates"":[90.90453030374056,25.401991851174117]}"
395,10,0.14934296905994415,217.21524047851562,2021-02-23,53.123939514160156,0,18.0,0.0,2021-02-23,2021-02-22,4.915716648101807,295.6929626464844,2021-02-24,0.0,0.0,2021-02-23,0.14314015209674835,18.0,"{""type"":""Point"",""coordinates"":[89.24896398973767,26.37751647951892]}"
396,10,0.2053348422050476,311.6875915527344,2020-02-15,2179.077880859375,0,1.0,0.0,2020-02-15,2020-02-14,13.627378463745117,275.9762268066406,2020-02-16,0.0,0.0,2020-02-15,0.40876832604408264,1.0,"{""type"":""Point"",""coordinates"":[95.89286301607287,28.654778265826714]}"
397,40,-0.009090409614145756,98.40985870361328,2022-07-24,6.279146194458008,0,5.0,262.6499938964844,2022-07-24,2022-07-23,0.2438647747039795,303.2974853515625,2022-07-25,37.5099983215332,45.83333206176758,2022-07-24,0.4202982485294342,5.0,"{""type"":""Point"",""coordinates"":[90.79519286785647,24.840798751706746]}"
398,40,0.3035432696342468,309.6329345703125,2023-09-29,20.302295684814453,0,176.0,7390.23974609375,2023-09-29,2023-09-28,0.5030232667922974,302.68121337890625,2023-09-30,34.14999771118164,16.66666603088379,2023-09-29,0.39583778381347656,176.0,"{""type"":""Point"",""coordinates"":[91.70299418180173,22.70703663821673]}"
399,40,0.716157078742981,267.6813659667969,2022-12-15,69.38768005371094,0,1.0,0.0,2022-12-15,2022-12-14,1.4543850421905518,299.2452392578125,2022-12-16,0.0,0.0,2022-12-15,0.25609079003334045,1.0,"{""type"":""Point"",""coordinates"":[95.20658160043527,21.653369040360698]}"
400,10,0.41360464692115784,340.48876953125,2019-11-16,127.55554962158203,0,16.0,0.0,2019-11-16,2019-11-15,2.4020588397979736,296.3271789550781,2019-11-17,0.0,0.0,2019-11-16,0.3492501676082611,16.0,"{""type"":""Point"",""coordinates"":[97.3870048977456,24.495909683412957]}"
401,10,-0.06392748653888702,113.05474853515625,2023-06-16,62.97343063354492,0,16.0,931.2000122070312,2023-06-16,2023-06-15,1.8591653108596802,302.3970031738281,2023-06-17,0.0,0.0,2023-06-16,0.3921572268009186,16.0,"{""type"":""Point"",""coordinates"":[88.94218385605032,26.232515871776783]}"
402,10,0.6506398916244507,144.4695587158203,2023-12-21,939.9490356445312,0,2.0,0.0,2023-12-21,2023-12-20,21.362937927246094,287.8875427246094,2023-12-22,0.0,0.0,2023-12-21,0.32093939185142517,1.0,"{""type"":""Point"",""coordinates"":[93.0854783899381,23.59587476724161]}"
403,10,0.14022430777549744,205.09527587890625,2019-03-22,2325.4111328125,0,2.0,4.5,2019-03-22,2019-03-21,27.805740356445312,286.381591796875,2019-03-23,0.17000000178813934,0.0,2019-03-22,0.3103790283203125,2.0,"{""type"":""Point"",""coordinates"":[94.97983186390218,25.75305951385921]}"
404,10,0.3817717730998993,200.74911499023438,2023-11-14,1364.457763671875,0,48.0,0.0,2023-11-14,2023-11-13,21.946516036987305,289.90704345703125,2023-11-15,0.0,0.0,2023-11-14,0.2582073211669922,1.0,"{""type"":""Point"",""coordinates"":[94.4335131051412,24.92864056183823]}"
405,10,0.565324068069458,148.1500701904297,2020-03-02,249.11776733398438,0,3.0,0.06600000709295273,2020-03-02,2020-03-01,17.355594635009766,294.1339416503906,2020-03-03,2.3899998664855957,2.0833332538604736,2020-03-02,0.22394371032714844,3.0,"{""type"":""Point"",""coordinates"":[94.48475768830926,24.344514061808937]}"
406,10,0.17635424435138702,129.11865234375,2020-09-25,59.29346466064453,0,10.0,421.0999755859375,2020-09-25,2020-09-24,2.4807026386260986,299.5616149902344,2020-09-26,1.0499999523162842,2.0833332538604736,2020-09-25,0.4164358675479889,10.0,"{""type"":""Point"",""coordinates"":[92.35694746198989,24.401731261922993]}"
407,80,-0.07165198773145676,-0.0,2020-11-19,0.0,0,0.0,0.0,2020-11-19,2020-11-18,0.0,0.0,2020-11-20,0.0,0.0,2020-11-19,0.0,0.0,"{""type"":""Point"",""coordinates"":[91.75327333581819,21.584162814887296]}"
408,80,-0.019891813397407532,270.0,2019-08-10,111.5,0,1.0,1.659999966621399,2019-08-10,2019-08-09,4.361279010772705,302.5638427734375,2019-08-11,6.009999752044678,6.25,2019-08-10,0.4888547360897064,1.0,"{""type"":""Point"",""coordinates"":[95.2519880799912,27.711353222091283]}"
409,70,-0.02385753206908703,175.05955505371094,2022-08-12,5630.173828125,0,1.0,0.5199999809265137,2022-08-12,2022-08-11,29.00312614440918,285.5415954589844,2022-08-13,3.2199997901916504,2.0833332538604736,2022-08-12,0.2934214174747467,1.0,"{""type"":""Point"",""coordinates"":[97.08096557400197,29.407090551704815]}"
410,30,0.4877781271934509,24.839065551757812,2020-12-15,1100.4149169921875,0,907.0,0.0,2020-12-15,2020-12-14,15.316773414611816,288.2708740234375,2020-12-16,0.0,0.0,2020-12-15,0.3210945129394531,907.0,"{""type"":""Point"",""coordinates"":[97.47640409513,23.51626647949304]}"
411,40,0.07780344784259796,297.34130859375,2020-06-20,125.20814514160156,0,1.0,3.059999942779541,2020-06-20,2020-06-19,4.08097505569458,301.6104431152344,2020-06-21,17.260000228881836,20.83333396911621,2020-06-20,0.4673423767089844,1.0,"{""type"":""Point"",""coordinates"":[93.14427179671571,25.96271418215153]}"
412,30,0.01579218916594982,50.097965240478516,2023-01-07,5361.4296875,0,1.0,0.0,2023-01-07,2023-01-06,16.50279998779297,265.9775695800781,2023-01-08,0.0,0.0,2023-01-07,0.1983642578125,1.0,"{""type"":""Point"",""coordinates"":[90.0846458283799,28.251458042587387]}"
413,10,0.01602598838508129,247.8070831298828,2022-10-09,2694.11328125,0,1.0,14.59999942779541,2022-10-09,2022-10-08,33.11371994018555,291.1460266113281,2022-10-10,4.779999732971191,8.333333015441895,2022-10-09,0.4740937650203705,1.0,"{""type"":""Point"",""coordinates"":[97.30715151983665,27.068935799101624]}"
414,10,0.20183344185352325,119.40007781982422,2019-09-18,13.059416770935059,0,1.0,0.0,2019-09-18,2019-09-17,1.9748562574386597,302.8583679199219,2019-09-19,0.0,0.0,2019-09-18,0.34675154089927673,1.0,"{""type"":""Point"",""coordinates"":[89.57008181672732,23.53073310921247]}"
415,40,0.6073286533355713,240.07965087890625,2020-11-28,95.50248718261719,0,10.0,0.0,2020-11-28,2020-11-27,0.5458397269248962,297.0069580078125,2020-11-29,0.0,0.0,2020-11-28,0.2774696350097656,1.0,"{""type"":""Point"",""coordinates"":[95.55034192489214,22.587581610005596]}"
416,40,0.07457441091537476,348.1847229003906,2022-05-29,69.13204956054688,0,2.0,0.0,2022-05-29,2022-05-28,0.551742434501648,300.2198181152344,2022-05-30,0.0,0.0,2022-05-29,0.48439154028892517,1.0,"{""type"":""Point"",""coordinates"":[92.11294726900951,26.590512341932037]}"
417,30,0.01740657351911068,215.17269897460938,2023-10-06,684.5133666992188,0,3.0,415.22998046875,2023-10-06,2023-10-05,5.568085193634033,295.9391784667969,2023-10-07,44.34000015258789,47.91666793823242,2023-10-06,0.48107466101646423,3.0,"{""type"":""Point"",""coordinates"":[92.32069697405777,25.80156168258938]}"
418,10,-0.022061891853809357,22.715970993041992,2022-08-10,2277.578369140625,0,1.0,27.799999237060547,2022-08-10,2022-08-09,24.244813919067383,293.525146484375,2022-08-11,16.15999984741211,8.333333015441895,2022-08-10,0.4254875183105469,1.0,"{""type"":""Point"",""coordinates"":[97.03522269460329,27.11960107304772]}"
419,10,0.13029983639717102,247.27200317382812,2023-09-19,1320.9071044921875,0,4.0,20.119998931884766,2023-09-19,2023-09-18,27.977399826049805,294.8754577636719,2023-09-20,32.63999938964844,35.41666793823242,2023-09-19,0.4670295715332031,4.0,"{""type"":""Point"",""coordinates"":[93.88484188686043,25.555020338253147]}"
420,40,0.04669412225484848,216.65928649902344,2023-07-14,179.08694458007812,0,778.0,18765.359375,2023-07-14,2023-07-13,0.3484598696231842,298.1548767089844,2023-07-15,2.2100000381469727,4.166666507720947,2023-07-14,0.45834097266197205,778.0,"{""type"":""Point"",""coordinates"":[96.24308150326843,25.069171912220636]}"
421,10,0.5824806094169617,194.07220458984375,2019-01-31,13.270042419433594,0,1.0,0.0,2019-01-31,2019-01-30,2.4415767192840576,292.82855224609375,2019-02-01,0.0,0.0,2019-01-31,0.15352757275104523,1.0,"{""type"":""Point"",""coordinates"":[88.43702027295511,22.706836531157283]}"
422,10,0.004736099857836962,46.16370391845703,2022-08-22,948.8824462890625,0,35.0,479.8499755859375,2022-08-22,2022-08-21,21.4193172454834,297.86370849609375,2022-08-23,22.099998474121094,20.83333396911621,2022-08-22,0.49364981055259705,35.0,"{""type"":""Point"",""coordinates"":[94.015159203493,23.746660769627983]}"
423,10,0.26964515447616577,80.92876434326172,2019-02-20,1008.3814086914062,0,60.0,0.0,2019-02-20,2019-02-19,31.00990104675293,285.7686767578125,2019-02-21,0.0,0.0,2019-02-20,0.43610700964927673,60.0,"{""type"":""Point"",""coordinates"":[94.4637003563089,25.957122052699745]}"
424,80,-0.1602964699268341,-0.0,2023-11-03,0.0,0,0.0,0.0,2023-11-03,2023-11-02,0.0,0.0,2023-11-04,0.0,0.0,2023-11-03,0.0,0.0,"{""type"":""Point"",""coordinates"":[88.6878382180649,21.89290243069672]}"
425,10,0.3887063264846802,59.74410629272461,2020-11-28,1283.9407958984375,0,2.0,8.519999504089355,2020-11-28,2020-11-27,34.199867248535156,280.6698913574219,2020-11-29,0.0,0.0,2020-11-28,0.40103912353515625,2.0,"{""type"":""Point"",""coordinates"":[93.3031606262396,28.11607009342701]}"
426,100,0.008821811527013779,85.54736328125,2022-10-27,4854.439453125,0,1.0,9.489999771118164,2022-10-27,2022-10-26,30.066701889038086,275.1430358886719,2022-10-28,0.1899999976158142,0.0,2022-10-27,0.3738975524902344,1.0,"{""type"":""Point"",""coordinates"":[91.17948769989037,28.332390173623033]}"
427,30,-0.018900616094470024,273.3945617675781,2022-05-21,4336.22509765625,0,2.0,6.059999942779541,2022-05-21,2022-05-20,30.15446662902832,280.7546691894531,2022-05-22,98.90999603271484,22.91666603088379,2022-05-21,0.4216041564941406,2.0,"{""type"":""Point"",""coordinates"":[90.15988070815253,27.74927517532054]}"
428,10,0.11539240926504135,306.010498046875,2020-04-20,90.97855377197266,0,6.0,87.65999603271484,2020-04-20,2020-04-19,3.5552189350128174,296.10235595703125,2020-04-21,20.40999984741211,25.0,2020-04-20,0.3900413513183594,6.0,"{""type"":""Point"",""coordinates"":[94.06733568040264,27.20542512697489]}"
429,10,0.19280947744846344,69.65800476074219,2020-11-16,1345.0528564453125,0,1.0,0.0,2020-11-16,2020-11-15,24.33563804626465,290.8587341308594,2020-11-17,0.0,0.0,2020-11-16,0.398211807012558,1.0,"{""type"":""Point"",""coordinates"":[95.00688949223421,25.472187810854056]}"
430,80,-0.022760896012187004,-0.0,2023-07-15,0.0,0,1.0,12.979999542236328,2023-07-15,2023-07-14,0.0,301.3143615722656,2023-07-16,20.239999771118164,25.0,2023-07-15,0.41819635033607483,1.0,"{""type"":""Point"",""coordinates"":[90.53756823162082,22.61880768289792]}"
431,10,0.11959616094827652,174.4373321533203,2020-06-05,5.660985946655273,0,3.0,23.78999900817871,2020-06-05,2020-06-04,1.870032548904419,302.74609375,2020-06-06,2.93999981880188,2.0833332538604736,2020-06-05,0.4606049954891205,1.0,"{""type"":""Point"",""coordinates"":[89.56684649448042,22.68418338673495]}"
432,10,0.058513425290584564,253.48941040039062,2019-05-17,16.552059173583984,0,14.0,0.0,2019-05-17,2019-05-16,4.248823642730713,300.09100341796875,2019-05-18,65.70999908447266,22.91666603088379,2019-05-17,0.40745481848716736,14.0,"{""type"":""Point"",""coordinates"":[90.90533182207092,24.77318465575483]}"
433,10,0.06455039978027344,221.03073120117188,2023-07-20,436.24041748046875,0,3.0,75.33000183105469,2023-07-20,2023-07-19,12.065296173095703,302.11761474609375,2023-07-21,115.0999984741211,43.75,2023-07-20,0.43236032128334045,1.0,"{""type"":""Point"",""coordinates"":[93.30066639301944,25.5990755271931]}"
434,100,8.095258963294327E-4,353.42236328125,2021-02-04,4374.90234375,0,6.0,0.1599999964237213,2021-02-04,2021-02-03,29.654224395751953,271.7140197753906,2021-02-05,0.0,0.0,2021-02-04,0.3586343228816986,4.0,"{""type"":""Point"",""coordinates"":[92.79179140335971,28.075532483240437]}"
435,10,0.25189000368118286,13.914923667907715,2023-02-06,1912.5682373046875,0,11.0,0.809999942779541,2023-02-06,2023-02-05,22.747074127197266,278.29656982421875,2023-02-07,1.6699999570846558,0.0,2023-02-06,0.36430931091308594,9.0,"{""type"":""Point"",""coordinates"":[89.84142006187896,27.122347960379276]}"
436,30,0.17187926173210144,18.429428100585938,2022-06-24,4317.814453125,0,1.0,5.21999979019165,2022-06-24,2022-06-23,29.816181182861328,288.49658203125,2022-06-25,14.630000114440918,14.583333015441895,2022-06-24,0.2975839078426361,1.0,"{""type"":""Point"",""coordinates"":[89.72466206347872,29.298320859252737]}"
437,10,0.24031175673007965,251.03916931152344,2021-06-06,335.53466796875,0,1.0,25.51999855041504,2021-06-06,2021-06-05,15.203425407409668,299.5735778808594,2021-06-07,132.5399932861328,39.58333206176758,2021-06-06,0.36813926696777344,1.0,"{""type"":""Point"",""coordinates"":[92.65603346365877,21.548173920355396]}"
438,10,0.3131248354911804,112.35466003417969,2021-03-03,338.0220642089844,0,5.0,0.0,2021-03-03,2021-03-02,15.229609489440918,300.01190185546875,2021-03-04,0.0,0.0,2021-03-03,0.25252023339271545,2.0,"{""type"":""Point"",""coordinates"":[94.57029267355313,22.202310201605023]}"
439,10,0.27814748883247375,286.8675537109375,2019-05-02,372.6434020996094,0,4.0,1.0360000133514404,2019-05-02,2019-05-01,24.785255432128906,302.071533203125,2019-05-03,2.450000047683716,2.0833332538604736,2019-05-02,0.1327393800020218,4.0,"{""type"":""Point"",""coordinates"":[92.6061306383176,23.103073344949692]}"
440,10,0.140238419175148,170.10089111328125,2020-01-09,60.38331604003906,0,2.0,7.21999979019165,2020-01-09,2020-01-08,4.530981063842773,290.74346923828125,2020-01-10,0.11999999731779099,0.0,2020-01-09,0.19257418811321259,2.0,"{""type"":""Point"",""coordinates"":[89.22168030538899,26.45798364765873]}"
441,80,0.009653933346271515,270.0,2021-03-29,109.0,0,1.0,0.0,2021-03-29,2021-03-28,1.5730336904525757,300.7565612792969,2021-03-30,0.2199999988079071,0.0,2021-03-29,0.3149515688419342,1.0,"{""type"":""Point"",""coordinates"":[95.10968723553702,27.590698665329224]}"
442,40,0.6240158081054688,280.1404113769531,2019-01-27,92.7862319946289,0,1.0,0.05999999865889549,2019-01-27,2019-01-26,0.9166932702064514,292.83294677734375,2019-01-28,0.0,0.0,2019-01-27,0.20113690197467804,1.0,"{""type"":""Point"",""coordinates"":[94.5782474583473,27.35605473351648]}"
443,10,0.23108309507369995,9.371685981750488,2020-04-29,930.9618530273438,0,1.0,18.469999313354492,2020-04-29,2020-04-28,14.428726196289062,295.0128173828125,2020-04-30,21.01999855041504,18.75,2020-04-29,0.49074044823646545,1.0,"{""type"":""Point"",""coordinates"":[96.82341043666999,21.73162759006144]}"
444,40,0.2074134200811386,34.18516540527344,2023-10-27,54.1234130859375,0,1.0,0.0,2023-10-27,2023-10-26,1.2514660358428955,299.194091796875,2023-10-28,0.0,0.0,2023-10-27,0.2793292999267578,1.0,"{""type"":""Point"",""coordinates"":[89.99885081015354,26.319919847864565]}"
445,60,0.022313276305794716,214.18392944335938,2020-11-22,4926.568359375,0,1.0,0.0,2020-11-22,2020-11-21,9.647031784057617,271.6106872558594,2020-11-23,0.0,0.0,2020-11-22,0.30362191796302795,1.0,"{""type"":""Point"",""coordinates"":[90.51903226383666,27.872915402912934]}"
446,40,0.21754221618175507,345.86627197265625,2020-12-11,2.1452629566192627,0,8.0,0.0,2020-12-11,2020-12-10,1.1045700311660767,297.3222351074219,2020-12-12,0.0,0.0,2020-12-11,0.16775448620319366,8.0,"{""type"":""Point"",""coordinates"":[88.73130143638376,22.02825195903518]}"
447,0,-0.1292317658662796,-0.0,2020-06-07,0.0,0,0.0,0.0,2020-06-07,2020-06-06,0.0,0.0,2020-06-08,3.419999837875366,4.166666507720947,2020-06-07,0.0,0.0,"{""type"":""Point"",""coordinates"":[91.3636043704429,21.66994055308009]}"
448,40,0.1545027494430542,94.89769744873047,2020-02-19,42.57999801635742,0,2.0,0.0,2020-02-19,2020-02-18,0.7641251087188721,295.4878845214844,2020-02-20,0.029999999329447746,0.0,2020-02-19,0.16209030151367188,2.0,"{""type"":""Point"",""coordinates"":[89.22968473824598,26.08701383223565]}"
449,10,0.12758377194404602,347.7406005859375,2020-12-24,623.9476318359375,0,4.0,0.0,2020-12-24,2020-12-23,22.032419204711914,285.64862060546875,2020-12-25,0.0,0.0,2020-12-24,0.31838861107826233,3.0,"{""type"":""Point"",""coordinates"":[89.1125313632259,26.897204680515326]}"
450,40,0.13409928977489471,207.51806640625,2023-08-03,3.081395387649536,0,1.0,30.03999900817871,2023-08-03,2023-08-02,0.44776612520217896,301.56585693359375,2023-08-04,12.579999923706055,22.91666603088379,2023-08-03,0.49452653527259827,1.0,"{""type"":""Point"",""coordinates"":[90.09432806565346,21.95163051238858]}"
451,10,0.05707356333732605,76.53189849853516,2023-05-17,551.1908569335938,0,9330.0,202647.59375,2023-05-17,2023-05-16,3.6066088676452637,287.85748291015625,2023-05-18,18.079999923706055,27.08333396911621,2023-05-17,0.42566046118736267,9330.0,"{""type"":""Point"",""coordinates"":[93.49347139827465,28.012184179224857]}"
452,10,0.6446369886398315,224.25845336914062,2019-02-24,150.19894409179688,0,1.0,0.0,2019-02-24,2019-02-23,3.7953548431396484,294.4942932128906,2019-02-25,0.0,0.0,2019-02-24,0.33471742272377014,1.0,"{""type"":""Point"",""coordinates"":[96.8360572081917,24.931429511833606]}"
453,10,0.24839742481708527,281.56298828125,2022-08-27,179.84706115722656,0,3.0,65.45999908447266,2022-08-27,2022-08-26,16.466510772705078,300.064453125,2022-08-28,12.420000076293945,16.66666603088379,2022-08-27,0.3895912170410156,3.0,"{""type"":""Point"",""coordinates"":[92.17842764732558,23.6714136930882]}"
454,40,0.33469143509864807,327.1325988769531,2021-11-20,2.592402696609497,0,36.0,0.0,2021-11-20,2021-11-19,7.893853664398193,299.44476318359375,2021-11-21,0.0,0.0,2021-11-20,0.041983287781476974,1.0,"{""type"":""Point"",""coordinates"":[90.55043728329817,22.053441043463785]}"
455,10,0.32540273666381836,197.4503936767578,2023-11-15,626.8873901367188,0,42.0,0.0,2023-11-15,2023-11-14,26.943498611450195,294.0713806152344,2023-11-16,0.75,2.0833332538604736,2023-11-15,0.28257688879966736,42.0,"{""type"":""Point"",""coordinates"":[96.06525060627968,25.815131880851833]}"
456,80,-0.30770087242126465,-0.0,2019-01-24,91.0,0,1.0,0.0,2019-01-24,2019-01-23,0.0,291.3360900878906,2019-01-25,0.0,0.0,2019-01-24,0.31022199988365173,1.0,"{""type"":""Point"",""coordinates"":[94.56991599547278,27.218201683917933]}"
457,100,0.025807278230786324,52.88395309448242,2021-07-10,5248.8466796875,0,1.0,14.039999961853027,2021-07-10,2021-07-09,7.3466620445251465,279.90216064453125,2021-07-11,10.949999809265137,22.91666603088379,2021-07-10,0.3825753629207611,1.0,"{""type"":""Point"",""coordinates"":[88.90829878705333,28.044015023558067]}"
458,10,0.0573723278939724,263.849853515625,2023-10-07,191.75355529785156,0,1.0,14.839999198913574,2023-10-07,2023-10-06,3.927502393722534,298.91400146484375,2023-10-08,42.5,25.0,2023-10-07,0.48820051550865173,1.0,"{""type"":""Point"",""coordinates"":[94.97838464275222,24.601225944110944]}"
459,40,0.06995987147092819,284.9736328125,2020-05-26,121.42053985595703,0,22.0,533.9400024414062,2020-05-26,2020-05-25,2.186995506286621,296.56512451171875,2020-05-27,81.97000122070312,72.91666412353516,2020-05-26,0.48197683691978455,22.0,"{""type"":""Point"",""coordinates"":[95.37053237018966,27.307460198438275]}"
460,40,0.17709141969680786,304.28125,2019-03-07,46.821109771728516,0,11.0,24.0,2019-03-07,2019-03-06,0.893660843372345,294.1177978515625,2019-03-08,0.0,0.0,2019-03-07,0.4675661623477936,5.0,"{""type"":""Point"",""coordinates"":[91.4039584153544,26.17964929246459]}"
461,100,-0.009371737949550152,262.99371337890625,2020-06-23,4883.1201171875,0,10.0,8.59999942779541,2020-06-23,2020-06-22,3.315504789352417,271.6954345703125,2020-06-24,3.7599997520446777,6.25,2020-06-23,0.4171060025691986,10.0,"{""type"":""Point"",""coordinates"":[88.85948299572554,27.864728287415655]}"
462,10,0.1296188235282898,165.2332763671875,2023-09-20,18.818275451660156,0,38.0,48.75,2023-09-20,2023-09-19,0.5209372639656067,301.0159606933594,2023-09-21,29.229999542236328,33.33333206176758,2023-09-20,0.38599395751953125,1.0,"{""type"":""Point"",""coordinates"":[90.18376125368681,25.121203161858173]}"
463,10,0.7369030117988586,157.0331573486328,2022-02-16,32.83820343017578,0,2.0,0.0,2022-02-16,2022-02-15,6.792413711547852,294.1069641113281,2022-02-17,0.0,0.0,2022-02-16,0.16794395446777344,1.0,"{""type"":""Point"",""coordinates"":[92.0123817453021,22.036569328674332]}"
464,30,0.17373529076576233,321.9325866699219,2023-09-06,4338.51611328125,0,1.0,0.0,2023-09-06,2023-09-05,31.168790817260742,286.1401672363281,2023-09-07,0.0,0.0,2023-09-06,0.34228071570396423,1.0,"{""type"":""Point"",""coordinates"":[90.72797589757806,29.430550801631945]}"
465,40,0.21006104350090027,179.81365966796875,2022-02-22,176.74993896484375,0,22.0,64.9000015258789,2022-02-22,2022-02-21,2.7744579315185547,288.6134338378906,2022-02-23,0.0,0.0,2022-02-22,0.18398411571979523,5.0,"{""type"":""Point"",""coordinates"":[93.0344634252144,26.908932839968763]}"
466,10,0.018745873123407364,102.03756713867188,2019-08-10,491.22698974609375,0,96.0,221.14999389648438,2019-08-10,2019-08-09,34.913204193115234,296.2499694824219,2019-08-11,2.2100000381469727,6.25,2019-08-10,0.4596315920352936,5.0,"{""type"":""Point"",""coordinates"":[91.67467923959177,25.260709382629646]}"
467,40,0.10831791162490845,119.2224349975586,2021-04-03,52.35331726074219,0,3.0,0.0,2021-04-03,2021-04-02,0.40160468220710754,299.9803466796875,2021-04-04,33.84000015258789,25.0,2021-04-03,0.30496978759765625,3.0,"{""type"":""Point"",""coordinates"":[92.05299317888297,26.151793477946345]}"
468,30,0.059789903461933136,80.27676391601562,2020-07-22,1029.6605224609375,0,4.0,0.0,2020-07-22,2020-07-21,2.1428613662719727,295.6698303222656,2020-07-23,4.849999904632568,8.333333015441895,2020-07-22,0.49440446496009827,4.0,"{""type"":""Point"",""coordinates"":[96.48079233626706,22.490582851609783]}"
469,10,0.8061065673828125,80.4682388305664,2021-01-26,226.95945739746094,0,1.0,0.0,2021-01-26,2021-01-25,5.713582515716553,289.672119140625,2021-01-27,0.0,0.0,2021-01-26,0.39544740319252014,1.0,"{""type"":""Point"",""coordinates"":[95.52335711275305,25.65836341705287]}"
470,10,0.6020213961601257,287.84088134765625,2023-01-29,140.48165893554688,0,1.0,0.0,2023-01-29,2023-01-28,3.83705472946167,291.72314453125,2023-01-30,0.0,0.0,2023-01-29,0.18243980407714844,1.0,"{""type"":""Point"",""coordinates"":[88.57406351640675,26.713379100241685]}"
471,10,0.48496225476264954,244.43482971191406,2022-12-20,52.21363067626953,0,9.0,0.0,2022-12-20,2022-12-19,7.267276287078857,294.4214172363281,2022-12-21,0.0,0.0,2022-12-20,0.17685572803020477,1.0,"{""type"":""Point"",""coordinates"":[91.43214729888686,24.037531765175032]}"
472,10,0.48350557684898376,289.75604248046875,2023-12-15,106.09840393066406,0,3.0,0.0,2023-12-15,2023-12-14,11.058266639709473,294.5121154785156,2023-12-16,0.0,0.0,2023-12-15,0.31622314453125,3.0,"{""type"":""Point"",""coordinates"":[92.13909632988363,21.856266606390093]}"
473,20,0.16288194060325623,211.86599731445312,2020-10-15,200.49673461914062,0,4.0,0.0,2020-10-15,2020-10-14,3.2988152503967285,303.17779541015625,2020-10-16,0.0,0.0,2020-10-15,0.3676166534423828,4.0,"{""type"":""Point"",""coordinates"":[94.777581709122,22.372117185890623]}"
474,40,0.32692524790763855,306.7077941894531,2019-04-03,48.41290283203125,0,1.0,9.239999771118164,2019-04-03,2019-04-02,5.155416965484619,296.5553894042969,2019-04-04,0.0,0.0,2019-04-03,0.43764305114746094,1.0,"{""type"":""Point"",""coordinates"":[91.5700749132927,26.12353246654908]}"
475,30,-7.57985922973603E-4,210.6181182861328,2022-10-30,4480.26220703125,0,3.0,14.399999618530273,2022-10-30,2022-10-29,24.386192321777344,276.3926086425781,2022-10-31,0.41999998688697815,0.0,2022-10-30,0.4126676023006439,3.0,"{""type"":""Point"",""coordinates"":[90.98706628038637,27.931109746225754]}"
476,100,0.02115381322801113,175.70359802246094,2020-11-04,3912.625,0,5.0,0.0,2020-11-04,2020-11-03,58.858341217041016,277.46124267578125,2020-11-05,3.9599997997283936,2.0833332538604736,2020-11-04,0.3926016390323639,3.0,"{""type"":""Point"",""coordinates"":[96.32595986286066,29.025549095192332]}"
477,10,0.3179597556591034,264.8523864746094,2022-02-14,412.7762756347656,0,323.0,0.0,2022-02-14,2022-02-13,13.804194450378418,286.0196533203125,2022-02-15,0.0,0.0,2022-02-14,0.3994719088077545,323.0,"{""type"":""Point"",""coordinates"":[93.5372289464727,25.51267532262769]}"
478,10,0.01354498602449894,57.24563217163086,2020-09-13,2753.932861328125,0,2.0,41.779998779296875,2020-09-13,2020-09-12,41.40754699707031,288.94012451171875,2020-09-14,5.650000095367432,10.416666984558105,2020-09-13,0.4257418215274811,2.0,"{""type"":""Point"",""coordinates"":[97.43620063629342,27.89824738400641]}"
479,10,0.7920209169387817,347.034912109375,2022-05-14,841.4407348632812,0,25.0,496.0,2022-05-14,2022-05-13,10.028796195983887,290.5535583496094,2022-05-15,0.3499999940395355,0.0,2022-05-14,0.4265696108341217,25.0,"{""type"":""Point"",""coordinates"":[91.21535529507264,27.167789581649988]}"
480,30,0.05611829832196236,297.1434631347656,2020-04-29,4028.120361328125,0,319.0,4245.8896484375,2020-04-29,2020-04-28,27.544490814208984,279.3272705078125,2020-04-30,9.329999923706055,16.66666603088379,2020-04-29,0.2493794709444046,319.0,"{""type"":""Point"",""coordinates"":[88.68685609065932,29.05541780384119]}"
481,10,0.7015401721000671,274.3507995605469,2020-02-22,163.43653869628906,0,3.0,0.0,2020-02-22,2020-02-21,14.11528491973877,293.0504150390625,2020-02-23,0.0,0.0,2020-02-22,0.17357571423053741,3.0,"{""type"":""Point"",""coordinates"":[97.2762577694248,24.03019222508417]}"
482,10,0.44082731008529663,329.645751953125,2021-12-01,699.4353637695312,0,5.0,0.0,2021-12-01,2021-11-30,10.633513450622559,286.0652160644531,2021-12-02,0.02500000037252903,0.0,2021-12-01,0.3244514465332031,5.0,"{""type"":""Point"",""coordinates"":[94.79950725985448,28.300169714304634]}"
483,10,0.09608133882284164,168.86778259277344,2022-09-05,375.4414367675781,0,1.0,10.199999809265137,2022-09-05,2022-09-04,16.416732788085938,299.4564514160156,2022-09-06,42.13999938964844,33.33333206176758,2022-09-05,0.4466285705566406,1.0,"{""type"":""Point"",""coordinates"":[94.72797769881332,24.7934825874285]}"
484,30,0.06482205539941788,103.87156677246094,2022-04-29,4383.0263671875,0,1.0,2.6599998474121094,2022-04-29,2022-04-28,29.784284591674805,280.12396240234375,2022-04-30,0.4699999690055847,0.0,2022-04-29,0.2949028015136719,1.0,"{""type"":""Point"",""coordinates"":[92.6259720831382,28.315325297111286]}"
485,10,0.8996170163154602,204.85545349121094,2020-12-05,1257.6376953125,0,1.0,0.08999999612569809,2020-12-05,2020-12-04,16.21316146850586,288.71014404296875,2020-12-06,0.0,0.0,2020-12-05,0.3553530275821686,1.0,"{""type"":""Point"",""coordinates"":[94.14901368288898,25.94070254461951]}"
486,10,0.09613975882530212,42.62799835205078,2022-08-11,798.2515869140625,0,1.0,6.229999542236328,2022-08-11,2022-08-10,6.201695442199707,298.40045166015625,2022-08-12,0.1899999976158142,0.0,2022-08-11,0.4185568392276764,1.0,"{""type"":""Point"",""coordinates"":[95.18388634470126,26.69419159379904]}"
487,40,0.01593862846493721,219.68943786621094,2019-07-28,11.938169479370117,0,425.0,4628.25,2019-07-28,2019-07-27,0.3680165708065033,300.4635925292969,2019-07-29,2.7100000381469727,4.166666507720947,2019-07-28,0.41797637939453125,425.0,"{""type"":""Point"",""coordinates"":[90.36540018685864,25.120155063872797]}"
488,10,-0.014020107686519623,47.386375427246094,2022-04-11,2626.054931640625,0,52.0,50.54999923706055,2022-04-11,2022-04-10,23.439868927001953,283.4728698730469,2022-04-12,0.0,0.0,2022-04-11,0.4161898195743561,1.0,"{""type"":""Point"",""coordinates"":[93.3446025962937,27.60367726328235]}"
489,10,0.6701129674911499,322.99176025390625,2022-03-18,115.2606430053711,0,1.0,0.0,2022-03-18,2022-03-17,16.018573760986328,300.6865539550781,2022-03-19,0.0,0.0,2022-03-18,0.1556415557861328,1.0,"{""type"":""Point"",""coordinates"":[96.68503078162946,24.468443816774727]}"
490,80,0.00646706810221076,-0.0,2023-09-30,106.0,0,336287.0,8067525.0,2023-09-30,2023-09-29,0.0,300.7837219238281,2023-10-01,12.799999237060547,14.583333015441895,2023-09-30,0.4626223146915436,336287.0,"{""type"":""Point"",""coordinates"":[97.11588834661163,24.61909812088268]}"
491,60,0.15125605463981628,230.49928283691406,2020-09-22,1733.099609375,0,1.0,20.139999389648438,2020-09-22,2020-09-21,23.56631088256836,294.720458984375,2020-09-23,68.83999633789062,33.33333206176758,2020-09-22,0.4820944368839264,1.0,"{""type"":""Point"",""coordinates"":[94.39666231429577,25.55151553899609]}"
492,40,0.1756250113248825,276.0223083496094,2022-10-28,128.0057373046875,0,3.0,0.0,2022-10-28,2022-10-27,0.6550105214118958,296.6226806640625,2022-10-29,0.0,0.0,2022-10-28,0.48165449500083923,3.0,"{""type"":""Point"",""coordinates"":[95.51917959187712,27.45796435104817]}"
493,30,0.29847782850265503,120.76824188232422,2019-12-01,4240.36962890625,0,23.0,143.05999755859375,2019-12-01,2019-11-30,17.862865447998047,272.8841552734375,2019-12-02,2.800999879837036,0.0,2019-12-01,0.4028104245662689,23.0,"{""type"":""Point"",""coordinates"":[89.85317006856944,27.849985703592786]}"
494,30,0.03168053552508354,201.41867065429688,2020-05-12,5178.39453125,0,1.0,0.0,2020-05-12,2020-05-11,17.16612434387207,275.9585876464844,2020-05-13,0.2800000011920929,0.0,2020-05-12,0.2300395965576172,1.0,"{""type"":""Point"",""coordinates"":[88.97168995161863,28.459264985290748]}"
495,10,0.27383366227149963,105.33125305175781,2022-01-14,16.981225967407227,0,3.0,0.14999999105930328,2022-01-14,2022-01-13,1.6108531951904297,292.85821533203125,2022-01-15,0.4699999988079071,0.0,2022-01-14,0.27386030554771423,3.0,"{""type"":""Point"",""coordinates"":[88.65854591152912,24.435691048616164]}"
496,40,0.2077779620885849,1.041661024093628,2020-02-01,6.46742057800293,0,1.0,0.0,2020-02-01,2020-01-31,2.1162567138671875,292.86419677734375,2020-02-02,0.006000000052154064,0.0,2020-02-01,0.16338984668254852,1.0,"{""type"":""Point"",""coordinates"":[91.48212907078437,24.529042948864156]}"
497,10,0.03854089230298996,256.245849609375,2023-07-20,432.333984375,0,2.0,66.93999481201172,2023-07-20,2023-07-19,28.006267547607422,300.8653564453125,2023-07-21,2.75,0.0,2023-07-20,0.46369805932044983,2.0,"{""type"":""Point"",""coordinates"":[94.34028859194926,26.204660245764494]}"
498,10,0.06347417831420898,191.84873962402344,2023-06-19,1605.15283203125,0,6.0,100.13999938964844,2023-06-19,2023-06-18,17.28449249267578,294.69366455078125,2023-06-20,21.119998931884766,22.91666603088379,2023-06-19,0.45910200476646423,6.0,"{""type"":""Point"",""coordinates"":[94.01027639046012,25.65781455962169]}"
499,60,-0.0055312542244791985,359.6982727050781,2019-10-18,5064.9501953125,0,1.0,0.0,2019-10-18,2019-10-17,25.12478256225586,277.4549560546875,2019-10-19,0.8799999356269836,0.0,2019-10-18,0.38987478613853455,1.0,"{""type"":""Point"",""coordinates"":[93.19309126936228,28.7265355868481]}"
500,80,-0.020658327266573906,-0.0,2023-04-07,169.0,0,1.0,0.0,2023-04-07,2023-04-06,0.0,300.14190673828125,2023-04-08,0.0,0.0,2023-04-07,0.34126028418540955,1.0,"{""type"":""Point"",""coordinates"":[96.34895195044861,25.097905368778882]}"
501,10,0.05815858766436577,176.88699340820312,2021-06-05,930.8623657226562,0,9.0,12.929999351501465,2021-06-05,2021-06-04,6.915281772613525,296.0074768066406,2021-06-06,1.649999976158142,2.0833332538604736,2021-06-05,0.3815981447696686,3.0,"{""type"":""Point"",""coordinates"":[94.6299528686561,25.053894493955138]}"
502,10,0.06730859726667404,151.62646484375,2022-09-03,252.0010223388672,0,1.0,9.429999351501465,2022-09-03,2022-09-02,14.069150924682617,301.7541809082031,2022-09-04,1.8899999856948853,2.0833332538604736,2022-09-03,0.4584725797176361,1.0,"{""type"":""Point"",""coordinates"":[95.12185841039678,24.43606833776181]}"
503,10,0.10156213492155075,66.07018280029297,2023-03-17,1103.2952880859375,0,16.0,2.0299999713897705,2023-03-17,2023-03-16,43.83123016357422,277.5799560546875,2023-03-18,5.300000190734863,6.25,2023-03-17,0.42507997155189514,7.0,"{""type"":""Point"",""coordinates"":[94.7799244578979,28.953758168822485]}"
504,10,0.23943662643432617,200.56216430664062,2021-06-07,209.6156463623047,0,1.0,2.25,2021-06-07,2021-06-06,10.049189567565918,298.7910461425781,2021-06-08,0.0,0.0,2021-06-07,0.46417489647865295,1.0,"{""type"":""Point"",""coordinates"":[95.3936293452593,25.34778830798626]}"
505,10,0.25591161847114563,186.5599822998047,2022-08-05,81.74808502197266,0,63.0,3844.260009765625,2022-08-05,2022-08-04,24.0773868560791,301.05908203125,2022-08-06,91.93000030517578,35.41666793823242,2022-08-05,0.40910911560058594,63.0,"{""type"":""Point"",""coordinates"":[92.23244031412635,22.058439841053907]}"
506,10,0.8209500312805176,150.33834838867188,2023-11-30,58.79224395751953,0,2.0,2.5999999046325684,2023-11-30,2023-11-29,16.09770393371582,296.6463317871094,2023-12-01,0.0,0.0,2023-11-30,0.30817922949790955,1.0,"{""type"":""Point"",""coordinates"":[91.98444694678446,22.533023575894077]}"
507,10,0.8127305507659912,174.541259765625,2023-03-07,518.5737915039062,0,434.0,0.0,2023-03-07,2023-03-06,9.069669723510742,291.8545837402344,2023-03-08,0.0,0.0,2023-03-07,0.14025942981243134,1.0,"{""type"":""Point"",""coordinates"":[93.20104818153096,23.750127318670152]}"
508,10,2.4958568974398077E-4,44.77005386352539,2019-07-25,109.48523712158203,0,726.0,10998.8994140625,2019-07-25,2019-07-24,0.23616454005241394,299.5636291503906,2019-07-26,60.78999710083008,31.25,2019-07-25,0.4953276216983795,726.0,"{""type"":""Point"",""coordinates"":[95.05094868299105,27.709387575832416]}"
509,40,0.008281023241579533,129.51971435546875,2020-08-02,4.987208366394043,0,1.0,0.9190000295639038,2020-08-02,2020-08-01,2.8459055423736572,304.35540771484375,2020-08-03,3.240000009536743,6.25,2020-08-02,0.4409548342227936,1.0,"{""type"":""Point"",""coordinates"":[90.62972015255104,23.965424099955424]}"
510,10,0.539565920829773,315.3487854003906,2021-12-15,714.2462158203125,0,2.0,0.0,2021-12-15,2021-12-14,36.3314323425293,288.07196044921875,2021-12-16,0.0,0.0,2021-12-15,0.36100640892982483,2.0,"{""type"":""Point"",""coordinates"":[95.09050325605064,26.709125545711476]}"
511,10,0.0160116795450449,11.17137622833252,2023-03-22,124.9831771850586,0,1.0,34.06999969482422,2023-03-22,2023-03-21,3.7428958415985107,292.4109191894531,2023-03-23,57.15999984741211,56.25,2023-03-22,0.48091253638267517,1.0,"{""type"":""Point"",""coordinates"":[95.43006149806808,27.671141199476004]}"
512,80,-0.12464503198862076,359.22967529296875,2022-07-23,3.011995553970337,0,14.0,0.0,2022-07-23,2022-07-22,1.6622755527496338,302.5990905761719,2022-07-24,60.05999755859375,66.66666412353516,2022-07-23,0.29775872826576233,0.0,"{""type"":""Point"",""coordinates"":[90.59716170812356,22.80825514160684]}"
513,40,0.3189977705478668,59.63916778564453,2020-12-03,26.862590789794922,0,34.0,0.0,2020-12-03,2020-12-02,5.337144374847412,296.1421813964844,2020-12-04,0.0,0.0,2020-12-03,0.14402198791503906,2.0,"{""type"":""Point"",""coordinates"":[88.49016917576184,24.633245083969364]}"
514,10,0.01816518045961857,235.97744750976562,2019-05-25,1116.0802001953125,0,2.0,2.93999981880188,2019-05-25,2019-05-24,32.214393615722656,293.06903076171875,2019-05-26,7.919999599456787,6.25,2019-05-25,0.47793135046958923,2.0,"{""type"":""Point"",""coordinates"":[93.07996986355577,27.149150766214863]}"
515,10,0.4734245240688324,344.1431884765625,2023-02-21,199.23158264160156,0,5.0,0.0,2023-02-21,2023-02-20,0.37096357345581055,294.62652587890625,2023-02-22,0.0,0.0,2023-02-21,0.3133964538574219,1.0,"{""type"":""Point"",""coordinates"":[93.41351325939146,25.85880869604486]}"
516,10,0.09304214268922806,47.31028366088867,2022-06-21,1638.832275390625,0,3.0,19.170000076293945,2022-06-21,2022-06-20,37.29439926147461,293.2467346191406,2022-06-22,1.6200000047683716,4.166666507720947,2022-06-21,0.42060407996177673,3.0,"{""type"":""Point"",""coordinates"":[93.83961087009013,22.972871927716657]}"
517,10,0.19390399754047394,304.28265380859375,2020-03-23,6.023746013641357,0,97.0,0.29999998211860657,2020-03-23,2020-03-22,2.480884552001953,298.8011474609375,2020-03-24,0.0,0.0,2020-03-23,0.1619841307401657,15.0,"{""type"":""Point"",""coordinates"":[91.4718752880504,24.667477467314328]}"
518,10,0.07792240381240845,155.60557556152344,2020-07-10,792.8901977539062,0,119.0,6.839999675750732,2020-07-10,2020-07-09,23.09986686706543,295.9436340332031,2020-07-11,8.300000190734863,14.583333015441895,2020-07-10,0.4773826599121094,1.0,"{""type"":""Point"",""coordinates"":[96.64476556741471,22.850242004929143]}"
519,10,0.06670713424682617,240.82965087890625,2023-01-15,3424.80908203125,0,3.0,0.0,2023-01-15,2023-01-14,25.30365562438965,276.8443603515625,2023-01-16,0.35999998450279236,0.0,2023-01-15,0.38099732995033264,2.0,"{""type"":""Point"",""coordinates"":[91.06037918998189,27.359179052316122]}"
520,10,0.15809188783168793,160.82565307617188,2023-01-01,2779.345458984375,0,1.0,2.8499999046325684,2023-01-01,2022-12-31,29.247323989868164,276.5975341796875,2023-01-02,1.5699999332427979,0.0,2023-01-01,0.32653236389160156,1.0,"{""type"":""Point"",""coordinates"":[95.22536807288894,29.17442000059882]}"
521,10,0.25183039903640747,215.9228057861328,2021-04-13,1176.4708251953125,0,1.0,1.0199999809265137,2021-04-13,2021-04-12,44.82186508178711,293.1722717285156,2021-04-14,7.960000038146973,10.416666984558105,2021-04-13,0.4934908449649811,1.0,"{""type"":""Point"",""coordinates"":[93.31974387343475,27.12343285536468]}"
522,40,0.004706079605966806,188.60296630859375,2021-01-28,31.252832412719727,0,545.0,0.0,2021-01-28,2021-01-27,1.6711186170578003,290.76397705078125,2021-01-29,0.0,0.0,2021-01-28,0.2080790251493454,1.0,"{""type"":""Point"",""coordinates"":[90.38787048456028,26.259493146018457]}"
523,40,0.5747591257095337,27.110475540161133,2021-01-25,246.8206787109375,0,12.0,0.0,2021-01-25,2021-01-24,2.1875789165496826,295.159423828125,2021-01-26,0.0,0.0,2021-01-25,0.24806976318359375,9.0,"{""type"":""Point"",""coordinates"":[95.08810600515959,23.037568415989423]}"
524,70,-0.02041567489504814,283.3702697753906,2020-11-05,4807.01611328125,0,1.0,10.469999313354492,2020-11-05,2020-11-04,4.849244594573975,273.97412109375,2020-11-06,2.309999942779541,4.166666507720947,2020-11-05,0.4129486083984375,1.0,"{""type"":""Point"",""coordinates"":[97.03644461980427,29.09166030987409]}"
525,10,0.010880245827138424,276.7785949707031,2020-08-27,335.21771240234375,0,1.0,0.0,2020-08-27,2020-08-26,15.755406379699707,298.2076721191406,2020-08-28,0.0,0.0,2020-08-27,0.47631773352622986,1.0,"{""type"":""Point"",""coordinates"":[94.90604287403703,23.920716367477407]}"
526,10,0.28331777453422546,177.36785888671875,2022-01-10,54.67649841308594,0,1.0,0.0,2022-01-10,2022-01-09,4.508225917816162,293.0938720703125,2022-01-11,0.0,0.0,2022-01-10,0.27880415320396423,1.0,"{""type"":""Point"",""coordinates"":[90.08875663673969,25.566723519442906]}"
527,30,0.3785245418548584,217.7897186279297,2022-01-12,131.92160034179688,0,1.0,0.3100000023841858,2022-01-12,2022-01-11,1.262750267982483,291.6283264160156,2022-01-13,52.13999938964844,25.0,2022-01-12,0.3239981234073639,1.0,"{""type"":""Point"",""coordinates"":[95.71791394892597,27.769841546186882]}"
528,10,0.3676752746105194,280.54132080078125,2020-04-01,209.31631469726562,0,1.0,0.0,2020-04-01,2020-03-31,17.015913009643555,302.787109375,2020-04-02,0.07700000703334808,0.0,2020-04-01,0.2527294158935547,1.0,"{""type"":""Point"",""coordinates"":[94.41903256446086,23.190742438084367]}"
529,10,0.19177676737308502,270.4033203125,2023-05-27,1238.9296875,0,2.0,0.0,2023-05-27,2023-05-26,14.992916107177734,293.9671630859375,2023-05-28,0.09999999403953552,0.0,2023-05-27,0.47325387597084045,2.0,"{""type"":""Point"",""coordinates"":[97.19435861929354,23.410246555821026]}"
530,10,0.8356953859329224,358.5866394042969,2019-02-06,1178.2667236328125,0,1.0,0.0,2019-02-06,2019-02-05,39.65450668334961,283.9317626953125,2019-02-07,0.25999999046325684,0.0,2019-02-06,0.3657773435115814,1.0,"{""type"":""Point"",""coordinates"":[97.19677766054734,27.369223298566993]}"
531,30,0.1250539869070053,273.48468017578125,2023-09-22,1512.3245849609375,0,3.0,331.1999816894531,2023-09-22,2023-09-21,20.117633819580078,294.0329284667969,2023-09-23,87.19999694824219,22.91666603088379,2023-09-22,0.49212583899497986,3.0,"{""type"":""Point"",""coordinates"":[91.46971206876177,25.380633239325743]}"
532,95,0.34887218475341797,248.8875732421875,2020-03-29,4.457065582275391,0,2.0,0.0,2020-03-29,2020-03-28,1.5078237056732178,306.0323181152344,2020-03-30,0.0,0.0,2020-03-29,0.15046246349811554,1.0,"{""type"":""Point"",""coordinates"":[88.56151021532652,21.93800509124338]}"
533,10,0.17618227005004883,167.2819061279297,2023-10-12,173.5598907470703,0,29.0,602.9400024414062,2023-10-12,2023-10-11,5.737857818603516,298.71978759765625,2023-10-13,160.0399932861328,68.75,2023-10-12,0.4893360137939453,26.0,"{""type"":""Point"",""coordinates"":[96.35914813551645,23.563421675407223]}"
534,10,0.2712972164154053,160.8153076171875,2019-12-14,94.38809967041016,0,1.0,0.8799999356269836,2019-12-14,2019-12-13,0.49638137221336365,292.2711181640625,2019-12-15,2.3999998569488525,2.0833332538604736,2019-12-14,0.17514865100383759,1.0,"{""type"":""Point"",""coordinates"":[88.423339179749,26.54043808122906]}"
535,10,0.10512146353721619,196.82888793945312,2019-09-11,573.2054443359375,0,2.0,17.350000381469727,2019-09-11,2019-09-10,20.714584350585938,299.26220703125,2019-09-12,0.9299999475479126,0.0,2019-09-11,0.4929828643798828,1.0,"{""type"":""Point"",""coordinates"":[92.36475306240425,26.01669942077292]}"
536,80,0.10754221677780151,-0.0,2022-11-23,0.0,0,0.0,0.0,2022-11-23,2022-11-22,0.0,0.0,2022-11-24,0.0,0.0,2022-11-23,0.0,0.0,"{""type"":""Point"",""coordinates"":[91.28115058190942,22.408829624167133]}"
537,10,0.09828731417655945,9.884286880493164,2019-10-01,1479.580322265625,0,2.0,1.3799999952316284,2019-10-01,2019-09-30,16.51468276977539,291.9892578125,2019-10-02,26.261999130249023,35.41666793823242,2019-10-01,0.4017658233642578,2.0,"{""type"":""Point"",""coordinates"":[94.39763717807328,25.14231260995054]}"
538,70,-0.03257220610976219,314.2678527832031,2020-06-11,5976.21923828125,0,1.0,0.0,2020-06-11,2020-06-10,22.537675857543945,280.2284851074219,2020-06-12,0.0,0.0,2020-06-11,0.37936973571777344,1.0,"{""type"":""Point"",""coordinates"":[90.21048908980107,29.002920631577833]}"
539,10,0.15863777697086334,329.7247009277344,2020-05-21,212.15025329589844,0,1.0,18.1299991607666,2020-05-21,2020-05-20,18.992765426635742,299.97100830078125,2020-05-22,6.679999828338623,4.166666507720947,2020-05-21,0.4161612093448639,1.0,"{""type"":""Point"",""coordinates"":[96.8878345215627,25.37933146233479]}"
540,10,0.24054664373397827,78.13907623291016,2023-07-11,166.35647583007812,0,202.0,3648.119873046875,2023-07-11,2023-07-10,8.449671745300293,299.98394775390625,2023-07-12,19.459999084472656,14.583333015441895,2023-07-11,0.46595892310142517,202.0,"{""type"":""Point"",""coordinates"":[96.1594779676193,24.157233160059988]}"
541,10,0.1468352973461151,345.8671569824219,2023-09-16,1299.4356689453125,0,1.0,16.139999389648438,2023-09-16,2023-09-15,25.415029525756836,293.5985107421875,2023-09-17,19.850000381469727,20.83333396911621,2023-09-16,0.3743508756160736,1.0,"{""type"":""Point"",""coordinates"":[93.4171937868604,28.048811303489455]}"
542,10,0.1863243579864502,18.181941986083984,2022-10-10,1720.663818359375,0,1.0,21.100000381469727,2022-10-10,2022-10-09,42.52847671508789,293.3928527832031,2022-10-11,10.15999984741211,8.333333015441895,2022-10-10,0.4090232849121094,1.0,"{""type"":""Point"",""coordinates"":[93.26951614481344,22.302958948018524]}"
543,10,-0.008938942104578018,93.72357940673828,2019-07-06,776.7826538085938,0,1.0,0.0,2019-07-06,2019-07-05,16.19326400756836,299.2916259765625,2019-07-07,3.359999895095825,6.25,2019-07-06,0.48212751746177673,1.0,"{""type"":""Point"",""coordinates"":[94.39888790552709,21.923342700231323]}"
544,80,-0.18633276224136353,-0.0,2021-01-10,0.0,0,0.0,0.0,2021-01-10,2021-01-09,0.0,0.0,2021-01-11,0.0,0.0,2021-01-10,0.0,0.0,"{""type"":""Point"",""coordinates"":[91.47185973554008,22.279592185954918]}"
545,20,0.1315922737121582,287.64605712890625,2020-10-13,287.31854248046875,0,1.0,0.0,2020-10-13,2020-10-12,0.8430997729301453,300.16485595703125,2020-10-14,0.0,0.0,2020-10-13,0.4649524688720703,1.0,"{""type"":""Point"",""coordinates"":[94.59811855978953,23.10518614933183]}"
546,10,0.003511475631967187,303.13330078125,2022-07-10,43.20989227294922,0,1.0,0.0,2022-07-10,2022-07-09,5.212906360626221,303.1521911621094,2022-07-11,0.0,0.0,2022-07-10,0.36930403113365173,1.0,"{""type"":""Point"",""coordinates"":[89.53284556723537,26.335651443334605]}"
547,40,0.23242564499378204,129.76612854003906,2023-02-05,26.873668670654297,0,1.0,0.0,2023-02-05,2023-02-04,0.8978373408317566,295.5232238769531,2023-02-06,0.0,0.0,2023-02-05,0.1387481689453125,1.0,"{""type"":""Point"",""coordinates"":[89.64954482947502,25.863243135024153]}"
548,40,0.1683373600244522,8.895177841186523,2023-01-08,3.4897093772888184,0,1.0,0.0,2023-01-08,2023-01-07,4.324573993682861,292.77911376953125,2023-01-09,0.0,0.0,2023-01-08,0.24731571972370148,1.0,"{""type"":""Point"",""coordinates"":[88.37464805701819,22.15678456678552]}"
549,100,-0.028416238725185394,291.74810791015625,2023-05-23,4596.18408203125,0,5.0,0.28999999165534973,2023-05-23,2023-05-22,16.213396072387695,271.9584655761719,2023-05-24,0.5099999904632568,0.0,2023-05-23,0.37467193603515625,1.0,"{""type"":""Point"",""coordinates"":[97.0107021440367,29.30419692511827]}"
550,80,0.012788884341716766,-0.0,2022-08-31,837.0,0,1446.0,4.099999904632568,2022-08-31,2022-08-30,0.0,296.656494140625,2022-09-01,3.109999895095825,4.166666507720947,2022-08-31,0.46809640526771545,1.0,"{""type"":""Point"",""coordinates"":[93.67074002827985,24.25627988726626]}"
551,10,0.007400176953524351,333.4471740722656,2021-10-07,999.2142944335938,0,2.0,1.9999998807907104,2021-10-07,2021-10-06,24.788375854492188,296.0053405761719,2021-10-08,4.900000095367432,6.25,2021-10-07,0.39940452575683594,1.0,"{""type"":""Point"",""coordinates"":[93.89633588888194,21.782377554834454]}"
552,30,0.14037437736988068,59.12549591064453,2023-02-20,4747.35888671875,0,11.0,0.0,2023-02-20,2023-02-19,2.680039644241333,273.277099609375,2023-02-21,0.0,0.0,2023-02-20,0.33790016174316406,8.0,"{""type"":""Point"",""coordinates"":[89.08006968909561,27.926948572521017]}"
553,60,6.920619052834809E-4,263.365966796875,2019-07-16,5557.9296875,0,1.0,0.0,2019-07-16,2019-07-15,33.99575424194336,279.51898193359375,2019-07-17,0.2800000011920929,0.0,2019-07-16,0.3687470853328705,1.0,"{""type"":""Point"",""coordinates"":[89.95945510379778,28.517436718574032]}"
554,10,0.29623574018478394,7.96336555480957,2019-03-01,270.64556884765625,0,1.0,1.869999885559082,2019-03-01,2019-02-28,11.485269546508789,290.4212341308594,2019-03-02,0.04700000211596489,0.0,2019-03-01,0.4777507781982422,1.0,"{""type"":""Point"",""coordinates"":[90.61466829262997,25.493215690254818]}"
555,10,0.06377608329057693,205.29135131835938,2020-06-15,10.446409225463867,0,1.0,1.2799999713897705,2020-06-15,2020-06-14,5.102934837341309,302.3453063964844,2020-06-16,3.5399999618530273,6.25,2020-06-15,0.4005393981933594,1.0,"{""type"":""Point"",""coordinates"":[91.08603338269366,23.273063086550096]}"
556,60,0.036757633090019226,271.44293212890625,2022-05-15,5086.8154296875,0,1.0,0.0,2022-05-15,2022-05-14,16.621057510375977,271.80596923828125,2022-05-16,5.449999809265137,10.416666984558105,2022-05-15,0.424755722284317,1.0,"{""type"":""Point"",""coordinates"":[88.25626675947714,28.04281401247863]}"
557,40,0.321943074464798,157.8777618408203,2021-10-21,41.52574157714844,0,5.0,708.0499877929688,2021-10-21,2021-10-20,0.3074972331523895,298.1997985839844,2021-10-22,0.0,0.0,2021-10-21,0.42396607995033264,5.0,"{""type"":""Point"",""coordinates"":[89.34588906499289,26.2224447355497]}"
558,10,0.11318802833557129,127.19966125488281,2023-08-28,770.3754272460938,0,1.0,4.259999752044678,2023-08-28,2023-08-27,26.969850540161133,294.3482360839844,2023-08-29,0.0,0.0,2023-08-28,0.48734474182128906,1.0,"{""type"":""Point"",""coordinates"":[94.21505957546447,25.644967807811124]}"
559,10,0.15569886565208435,180.01361083984375,2023-04-02,253.18142700195312,0,1.0,4.372999668121338,2023-04-02,2023-04-01,13.08985424041748,296.9434509277344,2023-04-03,0.0,0.0,2023-04-02,0.2922401428222656,1.0,"{""type"":""Point"",""coordinates"":[95.60357994984005,25.367336476481594]}"
560,40,0.5389963388442993,237.71543884277344,2020-11-27,4.700492858886719,0,1.0,6.339999675750732,2020-11-27,2020-11-26,1.21708083152771,295.7013244628906,2020-11-28,0.009999999776482582,0.0,2020-11-27,0.2840811312198639,1.0,"{""type"":""Point"",""coordinates"":[90.59478610683726,23.852759115451956]}"
561,60,0.07183605432510376,212.38868713378906,2023-03-23,3736.197021484375,0,2.0,2.859999895095825,2023-03-23,2023-03-22,36.890037536621094,274.66827392578125,2023-03-24,2.369999885559082,4.166666507720947,2023-03-23,0.3097419738769531,2.0,"{""type"":""Point"",""coordinates"":[91.44191875017994,29.3391449791327]}"
562,10,0.01261204481124878,169.4202117919922,2020-08-02,484.64111328125,0,1.0,0.2639999985694885,2020-08-02,2020-08-01,19.921756744384766,297.7880859375,2020-08-03,0.0,0.0,2020-08-02,0.32327207922935486,1.0,"{""type"":""Point"",""coordinates"":[91.84491146885067,26.913350573977528]}"
563,40,0.22881674766540527,254.29888916015625,2021-04-08,5.502056121826172,0,1.0,0.0,2021-04-08,2021-04-07,2.346647024154663,305.0553283691406,2021-04-09,0.0,0.0,2021-04-08,0.14458401501178741,1.0,"{""type"":""Point"",""coordinates"":[91.00423309838068,23.442609662676098]}"
564,60,0.05456852912902832,230.1140594482422,2023-06-05,4552.69482421875,0,7.0,0.0,2023-06-05,2023-06-04,4.791149139404297,274.19305419921875,2023-06-06,0.3400000035762787,0.0,2023-06-05,0.4024759829044342,7.0,"{""type"":""Point"",""coordinates"":[89.41781545241096,28.064950557773372]}"
565,10,0.3862874507904053,27.65782356262207,2023-12-02,165.33770751953125,0,2.0,1.8399999141693115,2023-12-02,2023-12-01,4.922614097595215,292.5792541503906,2023-12-03,0.22999998927116394,0.0,2023-12-02,0.29588761925697327,2.0,"{""type"":""Point"",""coordinates"":[96.01961956108714,27.767829337369367]}"
566,95,-0.038105472922325134,297.0478820800781,2022-05-31,5.357281684875488,0,8.0,367.44000244140625,2022-05-31,2022-05-30,1.866341471672058,305.330810546875,2022-06-01,1.6399999856948853,0.0,2022-05-31,0.3228486478328705,8.0,"{""type"":""Point"",""coordinates"":[88.84298594445885,21.85233633161102]}"
567,10,0.17832739651203156,100.45829010009766,2020-07-01,634.2327270507812,0,6.0,23.34000015258789,2020-07-01,2020-06-30,5.735599994659424,299.62451171875,2020-07-02,95.23600006103516,56.25,2020-07-01,0.4391975402832031,6.0,"{""type"":""Point"",""coordinates"":[97.07948879655268,21.74326420976351]}"
568,10,0.6842553019523621,66.59046936035156,2022-03-08,811.0888061523438,0,2.0,0.0,2022-03-08,2022-03-07,16.721988677978516,293.53338623046875,2022-03-09,0.0,0.0,2022-03-08,0.16830317676067352,1.0,"{""type"":""Point"",""coordinates"":[94.01823751216824,21.57485016210299]}"
569,10,0.1146535649895668,0.17232497036457062,2021-09-09,84.04820251464844,0,9.0,46.88999938964844,2021-09-09,2021-09-08,3.925651788711548,300.6175231933594,2021-09-10,32.79999923706055,18.75,2021-09-09,0.39138922095298767,9.0,"{""type"":""Point"",""coordinates"":[89.32051286348546,26.620682708378762]}"
570,30,0.39917030930519104,205.34783935546875,2020-04-22,1118.231689453125,0,1.0,7.739999771118164,2020-04-22,2020-04-21,6.308684825897217,300.8808288574219,2020-04-23,1.4899998903274536,2.0833332538604736,2020-04-22,0.26378631591796875,1.0,"{""type"":""Point"",""coordinates"":[96.54874369235537,21.920939448162883]}"
571,0,-0.5389986038208008,-0.0,2019-02-07,0.0,0,0.0,0.0,2019-02-07,2019-02-06,0.0,0.0,2019-02-08,0.0,0.0,2019-02-07,0.0,0.0,"{""type"":""Point"",""coordinates"":[90.39121831838392,21.540593092556414]}"
572,70,-0.03793845325708389,187.43605041503906,2020-04-17,5249.544921875,0,2.0,5.139999866485596,2020-04-17,2020-04-16,39.61455535888672,271.9957580566406,2020-04-18,1.9199999570846558,0.0,2020-04-17,0.37405458092689514,2.0,"{""type"":""Point"",""coordinates"":[90.7734664775429,27.928279703402552]}"
573,10,0.10033948719501495,68.06832885742188,2022-06-05,90.2633056640625,0,1.0,9.510000228881836,2022-06-05,2022-06-04,2.6437811851501465,300.78045654296875,2022-06-06,18.53999900817871,25.0,2022-06-05,0.47229957580566406,1.0,"{""type"":""Point"",""coordinates"":[93.01091896227913,25.98080138544619]}"
574,100,-0.012114262208342552,144.1248779296875,2021-05-20,4745.4013671875,0,18.0,0.0,2021-05-20,2021-05-19,3.5406038761138916,271.3947448730469,2021-05-21,0.12999999523162842,0.0,2021-05-20,0.42492738366127014,18.0,"{""type"":""Point"",""coordinates"":[90.93295207216815,28.01073726405729]}"
575,10,0.13086940348148346,25.93065071105957,2019-08-31,93.38938903808594,0,77.0,2425.5,2019-08-31,2019-08-30,24.919084548950195,300.33160400390625,2019-09-01,95.75,45.83333206176758,2019-08-31,0.4069099426269531,77.0,"{""type"":""Point"",""coordinates"":[92.35253984175795,21.78489007091697]}"
576,60,0.026081465184688568,154.64720153808594,2023-04-05,5037.759765625,0,3.0,0.0,2023-04-05,2023-04-04,30.090999603271484,276.2926940917969,2023-04-06,0.0,0.0,2023-04-05,0.12603823840618134,3.0,"{""type"":""Point"",""coordinates"":[92.35070330372156,28.116522049554575]}"
577,10,0.4451894760131836,272.06414794921875,2021-11-13,16.835485458374023,0,1.0,0.0,2021-11-13,2021-11-12,4.861810684204102,298.24139404296875,2021-11-14,11.119999885559082,16.66666603088379,2021-11-13,0.20048268139362335,1.0,"{""type"":""Point"",""coordinates"":[91.36947832009275,24.26806856319995]}"
578,40,0.049243830144405365,180.84471130371094,2021-12-09,4.073855400085449,0,2.0,0.0,2021-12-09,2021-12-08,0.20149867236614227,295.88934326171875,2021-12-10,1.3299999237060547,0.0,2021-12-09,0.37100791931152344,2.0,"{""type"":""Point"",""coordinates"":[91.31996345709489,24.827193807533302]}"
579,10,0.13115668296813965,174.8644256591797,2020-04-03,4.7260284423828125,0,1.0,0.0,2020-04-03,2020-04-02,6.701895236968994,307.2236328125,2020-04-04,0.0,0.0,2020-04-03,0.07182439416646957,1.0,"{""type"":""Point"",""coordinates"":[90.64672853394264,22.192289392502886]}"
580,10,0.13549065589904785,289.4647216796875,2021-09-16,15.715614318847656,0,3.0,7.169999599456787,2021-09-16,2021-09-15,4.708230018615723,300.0736083984375,2021-09-17,8.529999732971191,14.583333015441895,2021-09-16,0.42409324645996094,1.0,"{""type"":""Point"",""coordinates"":[88.53618120048567,23.14673750507477]}"
581,40,0.49827730655670166,99.15663146972656,2022-11-24,137.5428009033203,0,35.0,0.0,2022-11-24,2022-11-23,1.8082242012023926,298.82525634765625,2022-11-25,0.0,0.0,2022-11-24,0.2486623078584671,35.0,"{""type"":""Point"",""coordinates"":[95.8474922388563,22.698520597135307]}"
582,40,-0.01256592757999897,90.35441589355469,2021-06-17,774.07080078125,0,1.0,12.59000015258789,2021-06-17,2021-06-16,0.18303221464157104,298.1534729003906,2021-06-18,31.26999855041504,18.75,2021-06-17,0.4208354949951172,1.0,"{""type"":""Point"",""coordinates"":[93.99003417243041,24.631103442811717]}"
583,10,0.22228848934173584,265.06365966796875,2023-10-10,7.384060382843018,0,1.0,6.829999923706055,2023-10-10,2023-10-09,0.8589451909065247,302.74884033203125,2023-10-11,0.47999998927116394,0.0,2023-10-10,0.38267579674720764,1.0,"{""type"":""Point"",""coordinates"":[89.40280702020848,22.93530861146094]}"
584,10,0.1448706090450287,301.3270568847656,2020-06-08,1109.11669921875,0,3.0,18.899999618530273,2020-06-08,2020-06-07,25.161046981811523,296.7000732421875,2020-06-09,30.649999618530273,20.83333396911621,2020-06-08,0.46510758996009827,3.0,"{""type"":""Point"",""coordinates"":[96.86819302752998,22.600652881832804]}"
585,10,0.28843429684638977,150.90078735351562,2019-10-05,635.4878540039062,0,3.0,0.6899999976158142,2019-10-05,2019-10-04,8.070557594299316,299.3497619628906,2019-10-06,0.019999999552965164,0.0,2019-10-05,0.4819062650203705,3.0,"{""type"":""Point"",""coordinates"":[95.9699508916645,23.711673014039256]}"
586,10,0.09659983962774277,283.7394714355469,2023-05-05,280.7110595703125,0,93.0,18.8799991607666,2023-05-05,2023-05-04,8.877079010009766,297.377685546875,2023-05-06,21.19999885559082,20.83333396911621,2023-05-05,0.4349861145019531,1.0,"{""type"":""Point"",""coordinates"":[93.40397455837336,25.64633964395806]}"
587,30,0.02348877303302288,221.3060760498047,2022-10-26,3850.732421875,0,2.0,71.6199951171875,2022-10-26,2022-10-25,41.762840270996094,279.9398193359375,2022-10-27,4.309999942779541,4.166666507720947,2022-10-26,0.4292869567871094,2.0,"{""type"":""Point"",""coordinates"":[91.98004469032917,27.28011913866296]}"
588,100,-0.003476719604805112,336.44732666015625,2020-12-25,4940.630859375,0,1.0,0.03999999910593033,2020-12-25,2020-12-24,32.62645721435547,270.8957824707031,2020-12-26,0.0,0.0,2020-12-25,0.34719276428222656,1.0,"{""type"":""Point"",""coordinates"":[93.5744703295238,29.35605631846515]}"
589,10,0.07736346870660782,180.77919006347656,2023-04-04,866.6642456054688,0,397.0,36.18000030517578,2023-04-04,2023-04-03,34.43458557128906,291.2503662109375,2023-04-05,5.730000019073486,6.25,2023-04-04,0.2660999298095703,9.0,"{""type"":""Point"",""coordinates"":[93.17113989939577,23.603968385956463]}"
590,40,0.3869825005531311,6.338326930999756,2023-02-01,125.83837127685547,0,1.0,0.0,2023-02-01,2023-01-31,3.459318161010742,299.45184326171875,2023-02-02,0.0010000000474974513,0.0,2023-02-01,0.2521120607852936,1.0,"{""type"":""Point"",""coordinates"":[95.53194547378813,22.96098655883809]}"
591,30,0.08955290168523788,124.91960906982422,2021-02-28,4544.7587890625,0,125.0,0.0,2021-02-28,2021-02-27,5.387633323669434,273.4806823730469,2021-03-01,0.0,0.0,2021-02-28,0.26221147179603577,7.0,"{""type"":""Point"",""coordinates"":[89.19104609699593,27.978287768608258]}"
592,10,0.06214934587478638,175.29579162597656,2021-07-17,359.5760803222656,0,7.0,16.939998626708984,2021-07-17,2021-07-16,2.393616199493408,296.94866943359375,2021-07-18,3.989999771118164,4.166666507720947,2021-07-17,0.4602572023868561,7.0,"{""type"":""Point"",""coordinates"":[96.33887238614363,27.755199484527733]}"
593,40,0.17386142909526825,196.95428466796875,2019-03-12,8.361519813537598,0,113.0,0.0,2019-03-12,2019-03-11,0.15665733814239502,296.36285400390625,2019-03-13,0.0,0.0,2019-03-12,0.21815364062786102,113.0,"{""type"":""Point"",""coordinates"":[90.68990502104701,25.01783504073943]}"
594,60,0.13461259007453918,185.90101623535156,2020-03-31,1317.1082763671875,0,3.0,0.0,2020-03-31,2020-03-30,12.469236373901367,293.0422058105469,2020-04-01,0.0,0.0,2020-03-31,0.35543251037597656,1.0,"{""type"":""Point"",""coordinates"":[91.72519425430951,25.27126103269364]}"
595,10,0.5911097526550293,339.13189697265625,2021-02-11,230.94293212890625,0,2.0,0.0,2021-02-11,2021-02-10,16.11292266845703,292.3924560546875,2021-02-12,0.0,0.0,2021-02-11,0.2955150604248047,2.0,"{""type"":""Point"",""coordinates"":[97.12213753144339,25.263463059708805]}"
596,10,0.018931426107883453,77.72511291503906,2019-09-09,3870.37255859375,0,15.0,51.44999694824219,2019-09-09,2019-09-08,28.87114143371582,285.0527648925781,2019-09-10,40.82999801635742,43.75,2019-09-09,0.42596498131752014,15.0,"{""type"":""Point"",""coordinates"":[93.02932111983421,28.25275462438842]}"
597,40,0.15882855653762817,13.104973793029785,2020-02-26,146.2946014404297,0,23.0,36.14999771118164,2020-02-26,2020-02-25,0.09633927792310715,294.08563232421875,2020-02-27,13.09000015258789,14.583333015441895,2020-02-26,0.33149656653404236,1.0,"{""type"":""Point"",""coordinates"":[95.86633908699194,27.58520916282672]}"
598,10,0.3291993737220764,280.56451416015625,2019-05-07,184.35537719726562,0,1.0,0.0,2019-05-07,2019-05-06,11.45392894744873,301.7312927246094,2019-05-08,0.0,0.0,2019-05-07,0.31289610266685486,1.0,"{""type"":""Point"",""coordinates"":[91.96449736892018,23.4086898472931]}"
599,10,0.15124288201332092,140.43109130859375,2022-08-16,1246.2462158203125,0,51.0,271.8299865722656,2022-08-16,2022-08-15,21.562761306762695,294.5234680175781,2022-08-17,23.270000457763672,18.75,2022-08-16,0.41401609778404236,51.0,"{""type"":""Point"",""coordinates"":[89.13961509663827,27.009721082415382]}"
600,10,0.032144952565431595,333.8872985839844,2021-07-28,657.5040893554688,0,1.0,3.1399998664855957,2021-07-28,2021-07-27,15.68122386932373,299.9432373046875,2021-07-29,33.48999786376953,25.0,2021-07-28,0.42308998107910156,1.0,"{""type"":""Point"",""coordinates"":[97.2070723566571,24.547754448961328]}"
601,10,0.41847923398017883,348.5811462402344,2019-01-10,151.0819854736328,0,45.0,0.0,2019-01-10,2019-01-09,0.7324809432029724,291.2148742675781,2019-01-11,0.0,0.0,2019-01-10,0.44625410437583923,1.0,"{""type"":""Point"",""coordinates"":[96.68077052136289,23.562053546294752]}"
602,40,0.1688065230846405,269.3240661621094,2022-08-03,16.18036651611328,0,9.0,75.1500015258789,2022-08-03,2022-08-02,3.6799399852752686,303.0718994140625,2022-08-04,21.84000015258789,14.583333015441895,2022-08-03,0.419543594121933,9.0,"{""type"":""Point"",""coordinates"":[91.98343002056775,24.65511067080513]}"
603,40,0.035227470099925995,179.20086669921875,2021-07-04,95.69654083251953,0,1.0,12.239999771118164,2021-07-04,2021-07-03,0.8661373853683472,299.08056640625,2021-07-05,33.34000015258789,56.25,2021-07-04,0.4703865051269531,1.0,"{""type"":""Point"",""coordinates"":[94.10901262581062,26.41712064684127]}"
604,30,0.06482912600040436,240.18565368652344,2022-06-04,4594.33740234375,0,4.0,4.919999599456787,2022-06-04,2022-06-03,38.03694152832031,284.0881652832031,2022-06-05,1.9399999380111694,0.0,2022-06-04,0.4271240234375,4.0,"{""type"":""Point"",""coordinates"":[93.01235856433071,28.32863751739792]}"
605,30,0.02929391898214817,276.30126953125,2021-04-30,4120.041015625,0,35.0,0.0,2021-04-30,2021-04-29,22.901350021362305,272.02410888671875,2021-05-01,0.0,0.0,2021-04-30,0.39106878638267517,35.0,"{""type"":""Point"",""coordinates"":[97.17314837613675,28.777298466664412]}"
606,20,0.5151704549789429,225.30902099609375,2020-11-15,100.25546264648438,0,58.0,0.0,2020-11-15,2020-11-14,2.3981845378875732,294.8203125,2020-11-16,0.0,0.0,2020-11-15,0.3256600797176361,1.0,"{""type"":""Point"",""coordinates"":[93.16008552419771,24.49105800125456]}"
607,80,-0.06510855257511139,209.4530029296875,2023-07-23,3.0675785541534424,0,2.0,6.579999923706055,2023-07-23,2023-07-22,0.32106560468673706,0.0,2023-07-24,4.96999979019165,6.25,2023-07-23,0.0,2.0,"{""type"":""Point"",""coordinates"":[91.1399685210774,22.472196800948534]}"
608,10,0.6435745358467102,321.9093017578125,2019-01-29,309.2425842285156,0,2.0,0.0,2019-01-29,2019-01-28,12.049995422363281,290.62109375,2019-01-30,11.949999809265137,12.5,2019-01-29,0.1939360350370407,2.0,"{""type"":""Point"",""coordinates"":[97.41013126698722,24.920539626738275]}"
609,40,0.1289137452840805,77.72119903564453,2023-01-02,27.13512420654297,0,3.0,0.0010000000474974513,2023-01-02,2023-01-01,0.402824729681015,291.75164794921875,2023-01-03,0.0,0.0,2023-01-02,0.16453106701374054,1.0,"{""type"":""Point"",""coordinates"":[88.6998621448865,25.307725409414726]}"
610,40,0.11793102324008942,5.658670902252197,2019-07-09,328.99725341796875,0,7.0,1.75,2019-07-09,2019-07-08,0.7831966280937195,299.310791015625,2019-07-10,3.68999981880188,6.25,2019-07-09,0.47668203711509705,7.0,"{""type"":""Point"",""coordinates"":[95.53021113441338,24.185523223505523]}"
611,40,0.12461285293102264,57.47261428833008,2023-06-12,16.069616317749023,0,6.0,144.66000366210938,2023-06-12,2023-06-11,0.10899798572063446,304.7400207519531,2023-06-13,8.00999927520752,8.333333015441895,2023-06-12,0.28730902075767517,6.0,"{""type"":""Point"",""coordinates"":[89.01840902518315,24.923468207855812]}"
612,40,0.05319947004318237,282.9024963378906,2019-06-22,161.4542236328125,0,2.0,28.349998474121094,2019-06-22,2019-06-21,0.3644958734512329,300.01361083984375,2019-06-23,15.25999927520752,14.583333015441895,2019-06-22,0.46707025170326233,1.0,"{""type"":""Point"",""coordinates"":[96.74665804484508,25.60885230093791]}"
613,10,0.18973566591739655,272.8321533203125,2023-03-27,2001.328369140625,0,8.0,9.279999732971191,2023-03-27,2023-03-26,32.47938919067383,288.2294921875,2023-03-28,36.12999725341797,18.75,2023-03-27,0.3832155764102936,2.0,"{""type"":""Point"",""coordinates"":[94.63407690185555,25.88261641440704]}"
614,40,0.23895256221294403,343.674560546875,2019-06-04,6.2671799659729,0,19.0,4.619999885559082,2019-06-04,2019-06-03,0.2542238235473633,300.1027526855469,2019-06-05,18.770000457763672,6.25,2019-06-04,0.4279836118221283,14.0,"{""type"":""Point"",""coordinates"":[90.08720294426318,24.13418640920537]}"
615,80,-0.015014325268566608,-0.0,2021-08-18,36.5,0,1.0,10.59999942779541,2021-08-18,2021-08-17,0.0,301.4349670410156,2021-08-19,7.159999847412109,14.583333015441895,2021-08-18,0.4724782407283783,1.0,"{""type"":""Point"",""coordinates"":[91.09311810835997,26.19550259075426]}"
616,40,0.10674985498189926,358.96563720703125,2022-05-17,89.31239318847656,0,1.0,41.07999801635742,2022-05-17,2022-05-16,0.17829196155071259,298.02130126953125,2022-05-18,0.0,0.0,2022-05-17,0.4277617037296295,1.0,"{""type"":""Point"",""coordinates"":[88.44765326756915,26.51390730824483]}"
617,10,0.4965900778770447,73.79743957519531,2023-10-23,1025.0665283203125,0,1.0,29.6299991607666,2023-10-23,2023-10-22,15.027392387390137,294.9998474121094,2023-10-24,119.8699951171875,56.25,2023-10-23,0.3722362518310547,1.0,"{""type"":""Point"",""coordinates"":[92.971627645521,22.590664726123293]}"
618,30,0.06842727959156036,66.081787109375,2020-12-26,5168.04443359375,0,11.0,0.0,2020-12-26,2020-12-25,7.624148368835449,272.5867919921875,2020-12-27,0.0,0.0,2020-12-26,0.3067716062068939,11.0,"{""type"":""Point"",""coordinates"":[90.34272377570262,28.629496908051205]}"
619,10,0.34764066338539124,202.24954223632812,2023-10-19,556.8001098632812,0,422.0,0.0,2023-10-19,2023-10-18,10.20626449584961,293.7093505859375,2023-10-20,0.0,0.0,2023-10-19,0.351306289434433,416.0,"{""type"":""Point"",""coordinates"":[93.37528324891537,24.09034045969003]}"
620,10,0.5478647947311401,340.66156005859375,2019-01-27,8.022666931152344,0,2.0,0.0,2019-01-27,2019-01-26,0.5447003841400146,296.6600036621094,2019-01-28,0.0,0.0,2019-01-27,0.1395212858915329,2.0,"{""type"":""Point"",""coordinates"":[91.80274692723499,22.476780167639607]}"
621,10,0.16043855249881744,110.31067657470703,2022-04-10,1232.2667236328125,0,1.0,9.119999885559082,2022-04-10,2022-04-09,15.190733909606934,290.85528564453125,2022-04-11,37.779998779296875,31.25,2022-04-10,0.483929306268692,1.0,"{""type"":""Point"",""coordinates"":[95.47286609490376,26.266367748362303]}"
622,30,-0.014430072158575058,24.722593307495117,2020-01-27,4077.73486328125,0,1.0,0.0,2020-01-27,2020-01-26,44.70677185058594,273.8403625488281,2020-01-28,0.0,0.0,2020-01-27,0.3445110321044922,1.0,"{""type"":""Point"",""coordinates"":[96.35985376136074,28.9651320603913]}"
623,10,0.2929878234863281,343.4933166503906,2022-07-30,1709.31005859375,0,2.0,19.75,2022-07-30,2022-07-29,21.542396545410156,290.2434387207031,2022-07-31,9.880000114440918,10.416666984558105,2022-07-30,0.423309326171875,1.0,"{""type"":""Point"",""coordinates"":[95.12934008112903,28.876577067030908]}"
624,10,0.8030858039855957,14.076397895812988,2021-11-09,957.4326171875,0,10.0,0.0,2021-11-09,2021-11-08,43.187339782714844,288.1893310546875,2021-11-10,0.0,0.0,2021-11-09,0.3427041471004486,10.0,"{""type"":""Point"",""coordinates"":[92.66728885634535,27.249996259227565]}"
625,80,-0.029949789866805077,-0.0,2021-06-23,0.0,0,0.0,0.0,2021-06-23,2021-06-22,0.0,0.0,2021-06-24,25.1299991607666,20.83333396911621,2021-06-23,0.0,0.0,"{""type"":""Point"",""coordinates"":[91.6096767252843,21.865145853724364]}"
626,10,0.2257944643497467,100.04173278808594,2022-03-31,1530.219482421875,0,1.0,3.679999828338623,2022-03-31,2022-03-30,23.244136810302734,291.97149658203125,2022-04-01,5.670000076293945,10.416666984558105,2022-03-31,0.45802560448646545,1.0,"{""type"":""Point"",""coordinates"":[95.84350062574023,27.073272625113766]}"
627,10,0.5915986895561218,278.7879943847656,2023-11-09,291.4688415527344,0,124.0,0.0,2023-11-09,2023-11-08,13.394118309020996,293.9484558105469,2023-11-10,0.0,0.0,2023-11-09,0.3270454406738281,124.0,"{""type"":""Point"",""coordinates"":[96.9080127006156,26.48214148172202]}"
628,10,0.502537190914154,271.65826416015625,2023-05-21,39.696998596191406,0,1.0,76.80999755859375,2023-05-21,2023-05-20,9.262837409973145,299.0250549316406,2023-05-22,45.13999938964844,33.33333206176758,2023-05-21,0.36585935950279236,1.0,"{""type"":""Point"",""coordinates"":[90.38641053924054,26.075226273611648]}"
629,50,0.20336154103279114,234.4127197265625,2019-11-14,57.788875579833984,0,8.0,0.0,2019-11-14,2019-11-13,3.1685099601745605,296.0160827636719,2019-11-15,0.0,0.0,2019-11-14,0.4575875699520111,8.0,"{""type"":""Point"",""coordinates"":[92.11027975961835,26.112805000392413]}"
630,60,-0.002011331729590893,320.062744140625,2023-04-11,1013.622802734375,0,1682.0,12093.580078125,2023-04-11,2023-04-10,5.5617780685424805,284.302490234375,2023-04-12,1.8599998950958252,2.0833332538604736,2023-04-11,0.4270210266113281,1682.0,"{""type"":""Point"",""coordinates"":[93.38428311626478,27.746652530968134]}"
631,10,0.590444028377533,235.8578643798828,2021-01-25,91.51700592041016,0,3.0,0.0,2021-01-25,2021-01-24,15.337508201599121,291.58843994140625,2021-01-26,0.0,0.0,2021-01-25,0.16977818310260773,2.0,"{""type"":""Point"",""coordinates"":[91.93741479085189,24.174054192898353]}"
632,40,0.31100183725357056,355.2559509277344,2022-10-04,76.36077117919922,0,12.0,462.239990234375,2022-10-04,2022-10-03,6.124916076660156,299.8418273925781,2022-10-05,43.779998779296875,20.83333396911621,2022-10-04,0.49239984154701233,12.0,"{""type"":""Point"",""coordinates"":[92.95709337873625,26.19685460651376]}"
633,10,0.23138649761676788,66.28816986083984,2020-10-31,90.43505859375,0,1.0,0.0,2020-10-31,2020-10-30,4.539363384246826,296.55145263671875,2020-11-01,2.5799999237060547,4.166666507720947,2020-10-31,0.40734419226646423,1.0,"{""type"":""Point"",""coordinates"":[90.24916703059654,26.622204407345393]}"
634,10,0.06808792799711227,69.85969543457031,2019-10-11,2042.7637939453125,0,1.0,7.739999771118164,2019-10-11,2019-10-10,29.112384796142578,290.5787658691406,2019-10-12,8.6899995803833,10.416666984558105,2019-10-11,0.4732888638973236,1.0,"{""type"":""Point"",""coordinates"":[95.1235596771259,25.943092254323062]}"
635,10,0.24308551847934723,227.24855041503906,2019-01-03,2475.369873046875,0,2.0,1.3600000143051147,2019-01-03,2019-01-02,37.9593391418457,273.1185302734375,2019-01-04,0.10999999940395355,0.0,2019-01-03,0.35252252221107483,2.0,"{""type"":""Point"",""coordinates"":[90.30983287308712,27.255879247726913]}"
636,10,0.26808974146842957,3.2238926887512207,2021-04-07,639.1569213867188,0,2.0,16.03999900817871,2021-04-07,2021-04-06,27.402414321899414,297.0633850097656,2021-04-08,1.0,0.0,2021-04-07,0.27307701110839844,2.0,"{""type"":""Point"",""coordinates"":[96.8745523483854,25.576046474312268]}"
637,30,0.174708753824234,245.00497436523438,2020-09-07,709.6881713867188,0,76.0,1313.2799072265625,2020-09-07,2020-09-06,17.831554412841797,297.98944091796875,2020-09-08,7.309999942779541,12.5,2020-09-07,0.4679756164550781,76.0,"{""type"":""Point"",""coordinates"":[91.62204798925633,25.752522309575284]}"
638,60,-0.04239138960838318,82.92678833007812,2023-05-16,5318.9169921875,0,1.0,2.8899998664855957,2023-05-16,2023-05-15,26.245256423950195,271.9867858886719,2023-05-17,4.519999980926514,2.0833332538604736,2023-05-16,0.4053414762020111,1.0,"{""type"":""Point"",""coordinates"":[91.71394427177363,28.0960614094669]}"
639,100,0.05810857191681862,0.9033265113830566,2023-01-02,5084.52490234375,0,1.0,0.0,2023-01-02,2023-01-01,20.979618072509766,269.7417297363281,2023-01-03,0.0,0.0,2023-01-02,0.3447488248348236,1.0,"{""type"":""Point"",""coordinates"":[89.67560216897138,28.365231509727735]}"
640,10,0.004596248269081116,88.75299835205078,2021-10-06,2546.210693359375,0,3.0,22.739999771118164,2021-10-06,2021-10-05,25.504209518432617,291.4714660644531,2021-10-07,8.5,10.416666984558105,2021-10-06,0.39733633399009705,3.0,"{""type"":""Point"",""coordinates"":[96.0073831482661,28.203931579325516]}"
641,10,0.23289500176906586,255.737548828125,2021-02-14,860.8914184570312,0,5.0,0.0,2021-02-14,2021-02-13,52.86191177368164,287.96087646484375,2021-02-15,0.0,0.0,2021-02-14,0.21437709033489227,1.0,"{""type"":""Point"",""coordinates"":[89.92471817778042,26.849769131030452]}"
642,40,0.002525084652006626,134.35305786132812,2022-04-30,602.7789306640625,0,2.0,8.539999961853027,2022-04-30,2022-04-29,3.3940012454986572,300.079833984375,2022-05-01,35.79999923706055,22.91666603088379,2022-04-30,0.3481121063232422,2.0,"{""type"":""Point"",""coordinates"":[97.49910863042011,22.647267814833842]}"
643,10,0.10259874910116196,156.16912841796875,2023-10-04,256.8624267578125,0,37349.0,6775108.5,2023-10-04,2023-10-03,37.67183303833008,294.4677734375,2023-10-05,20.760000228881836,20.83333396911621,2023-10-04,0.41753196716308594,37349.0,"{""type"":""Point"",""coordinates"":[90.85949176781885,26.97000115525314]}"
644,10,0.6303641200065613,2.1715636253356934,2020-02-29,134.0161590576172,0,11.0,0.0,2020-02-29,2020-02-28,12.59581184387207,295.2242126464844,2020-03-01,0.0,0.0,2020-02-29,0.23489761352539062,11.0,"{""type"":""Point"",""coordinates"":[96.01155312217875,23.763563150897998]}"
645,10,0.8376534581184387,229.30459594726562,2019-01-25,197.82373046875,0,2.0,0.0,2019-01-25,2019-01-24,7.909203052520752,292.8279724121094,2019-01-26,0.0,0.0,2019-01-25,0.2701638638973236,2.0,"{""type"":""Point"",""coordinates"":[95.9914742538505,24.052189045028296]}"
646,30,0.16767096519470215,236.5318145751953,2021-10-02,1518.636474609375,0,50.0,38.54999923706055,2021-10-02,2021-10-01,14.092484474182129,295.02117919921875,2021-10-03,0.4099999964237213,0.0,2021-10-02,0.4859835207462311,50.0,"{""type"":""Point"",""coordinates"":[91.38637436466962,25.530915112958468]}"
647,40,0.16327930986881256,210.09024047851562,2023-01-15,133.3828887939453,0,5.0,0.0,2023-01-15,2023-01-14,5.222256183624268,289.6515808105469,2023-01-16,0.0,0.0,2023-01-15,0.15795262157917023,5.0,"{""type"":""Point"",""coordinates"":[94.63863845968132,27.627829716704046]}"
648,10,0.3790973722934723,152.53509521484375,2019-11-14,472.2745666503906,0,8.0,0.0,2019-11-14,2019-11-13,7.4605536460876465,294.5499267578125,2019-11-15,0.0,0.0,2019-11-14,0.4686616361141205,8.0,"{""type"":""Point"",""coordinates"":[95.90963562483613,24.968308556704784]}"
649,10,0.6965661644935608,3.360670804977417,2023-12-02,1491.9263916015625,0,2.0,0.0,2023-12-02,2023-12-01,38.74306869506836,287.0061950683594,2023-12-03,0.17000000178813934,0.0,2023-12-02,0.31310972571372986,1.0,"{""type"":""Point"",""coordinates"":[94.80148890494169,25.587436281073572]}"
650,10,0.04583955928683281,157.42164611816406,2019-08-04,414.90240478515625,0,17.0,1.1999999284744263,2019-08-04,2019-08-03,22.844953536987305,300.68231201171875,2019-08-05,69.69999694824219,43.75,2019-08-04,0.49206796288490295,1.0,"{""type"":""Point"",""coordinates"":[90.71013702353778,25.779949187851553]}"
651,10,0.5029470324516296,208.89459228515625,2023-11-06,19.30389976501465,0,5.0,0.0,2023-11-06,2023-11-05,4.928081512451172,300.0211486816406,2023-11-07,0.0,0.0,2023-11-06,0.2875124514102936,5.0,"{""type"":""Point"",""coordinates"":[90.43001212593401,24.129648905488292]}"
652,60,0.2343405932188034,237.29550170898438,2020-12-17,69.33306121826172,0,6.0,0.0,2020-12-17,2020-12-16,1.4151833057403564,292.5959167480469,2020-12-18,0.0,0.0,2020-12-17,0.32946333289146423,5.0,"{""type"":""Point"",""coordinates"":[92.94502275413213,26.486838726769722]}"
653,30,0.04222295060753822,109.3729476928711,2023-02-11,40.96635818481445,0,27.0,0.0,2023-02-11,2023-02-10,0.24721623957157135,293.51324462890625,2023-02-12,0.0,0.0,2023-02-11,0.1656138151884079,27.0,"{""type"":""Point"",""coordinates"":[91.14071095550442,26.437977284762134]}"
654,0,-0.09496378153562546,-0.0,2022-02-21,0.0,0,0.0,0.0,2022-02-21,2022-02-20,0.0,0.0,2022-02-22,0.0,0.0,2022-02-21,0.0,0.0,"{""type"":""Point"",""coordinates"":[91.37352142878314,21.557804009690827]}"
655,10,-0.004309230484068394,351.5765075683594,2021-07-13,423.0470886230469,0,7349.0,0.0,2021-07-13,2021-07-12,8.653739929199219,296.4395751953125,2021-07-14,10.029999732971191,12.5,2021-07-13,0.4820181429386139,7349.0,"{""type"":""Point"",""coordinates"":[96.50781833382233,27.101495280191752]}"
656,10,0.6315222382545471,221.1930694580078,2023-02-18,196.6097412109375,0,121.0,0.0,2023-02-18,2023-02-17,11.577590942382812,296.58770751953125,2023-02-19,0.0,0.0,2023-02-18,0.1983439177274704,4.0,"{""type"":""Point"",""coordinates"":[96.83387549180404,24.39232201839463]}"
657,60,2.949321933556348E-4,41.89689636230469,2019-08-22,4912.87841796875,0,3.0,6.179999828338623,2019-08-22,2019-08-21,24.03818130493164,281.6024169921875,2019-08-23,0.0,0.0,2019-08-22,0.4083995819091797,3.0,"{""type"":""Point"",""coordinates"":[89.95225648646331,27.99727469314963]}"
658,80,-0.3830749988555908,-0.0,2023-02-28,0.0,0,0.0,0.0,2023-02-28,2023-02-27,0.0,0.0,2023-03-01,0.0,0.0,2023-02-28,0.0,0.0,"{""type"":""Point"",""coordinates"":[89.9144100684976,21.843420212382185]}"
659,10,0.4823996126651764,177.77943420410156,2021-12-18,414.9780578613281,0,16.0,0.0,2021-12-18,2021-12-17,11.427115440368652,288.8220520019531,2021-12-19,0.0,0.0,2021-12-18,0.35847601294517517,1.0,"{""type"":""Point"",""coordinates"":[94.50266429511043,26.546474205649517]}"
660,30,0.054737526923418045,53.71601867675781,2023-05-04,4218.166015625,0,91.0,40.95000076293945,2023-05-04,2023-05-03,15.801325798034668,280.9247131347656,2023-05-05,9.75999927520752,16.66666603088379,2023-05-04,0.23975308239459991,91.0,"{""type"":""Point"",""coordinates"":[92.45083278835688,28.355721288109127]}"
661,10,0.0673251822590828,305.8254699707031,2020-10-05,1514.243408203125,0,11.0,499.17999267578125,2020-10-05,2020-10-04,37.94132614135742,293.02264404296875,2020-10-06,50.40999984741211,52.08333206176758,2020-10-05,0.436267226934433,11.0,"{""type"":""Point"",""coordinates"":[93.5288556487403,27.335801136478274]}"
662,95,0.029702171683311462,138.72640991210938,2019-09-07,6.965457916259766,0,5.0,13.949999809265137,2019-09-07,2019-09-06,1.4689208269119263,302.29168701171875,2019-09-08,5.369999885559082,6.25,2019-09-07,0.48584556579589844,5.0,"{""type"":""Point"",""coordinates"":[88.88597174675971,21.974580536408638]}"
663,60,0.015415899455547333,358.2229309082031,2023-06-25,5973.92822265625,0,4.0,1.8600000143051147,2023-06-25,2023-06-24,21.459699630737305,273.4024963378906,2023-06-26,0.6399999856948853,2.0833332538604736,2023-06-25,0.40364518761634827,1.0,"{""type"":""Point"",""coordinates"":[88.85497153093625,27.979371495275625]}"
664,30,0.04130139946937561,236.17745971679688,2023-06-03,5051.40966796875,0,5.0,0.0,2023-06-03,2023-06-02,22.692489624023438,283.642578125,2023-06-04,0.0,0.0,2023-06-03,0.30763497948646545,5.0,"{""type"":""Point"",""coordinates"":[90.37884214128027,29.164869001480355]}"
665,10,0.0348367914557457,50.308902740478516,2020-06-11,379.606201171875,0,2.0,242.1599884033203,2020-06-11,2020-06-10,3.6268470287323,298.66680908203125,2020-06-12,27.510000228881836,20.83333396911621,2020-06-11,0.4267183840274811,2.0,"{""type"":""Point"",""coordinates"":[94.53960903734315,24.371518009318237]}"
666,10,0.018942246213555336,175.57383728027344,2021-03-17,2810.92822265625,0,1.0,0.49000000953674316,2021-03-17,2021-03-16,8.159165382385254,284.25616455078125,2021-03-18,0.0,0.0,2021-03-17,0.42590585350990295,1.0,"{""type"":""Point"",""coordinates"":[89.92251575827969,27.116698280159834]}"
667,40,0.03110644780099392,80.44863891601562,2023-03-22,140.01510620117188,0,1.0,15.619999885559082,2023-03-22,2023-03-21,2.197368621826172,294.5427551269531,2023-03-23,8.880000114440918,12.5,2023-03-22,0.31936708092689514,1.0,"{""type"":""Point"",""coordinates"":[97.36966850870903,25.017823569217583]}"
668,30,0.11203096061944962,336.7530822753906,2020-10-21,1357.41748046875,0,2.0,3.179999828338623,2020-10-21,2020-10-20,21.205461502075195,295.24462890625,2020-10-22,3.9800000190734863,6.25,2020-10-21,0.442547470331192,2.0,"{""type"":""Point"",""coordinates"":[92.29340228213994,25.437422046393284]}"
669,10,0.14318740367889404,89.90483093261719,2019-05-02,784.509033203125,0,1.0,7.921999931335449,2019-05-02,2019-05-01,23.01114845275879,291.843017578125,2019-05-03,12.149999618530273,10.416666984558105,2019-05-02,0.42436280846595764,1.0,"{""type"":""Point"",""coordinates"":[94.16557942459146,28.013665036577354]}"
670,60,0.1942499428987503,304.155029296875,2023-03-02,1545.321044921875,0,1.0,0.1990000158548355,2023-03-02,2023-03-01,2.876688241958618,289.7156982421875,2023-03-03,0.0,0.0,2023-03-02,0.3163534700870514,1.0,"{""type"":""Point"",""coordinates"":[91.45935872043546,25.59792739262388]}"
671,10,0.01593797653913498,329.4454345703125,2021-07-31,4235.17578125,0,1.0,22.67999839782715,2021-07-31,2021-07-30,36.25204849243164,283.2088928222656,2021-08-01,9.260000228881836,14.583333015441895,2021-07-31,0.4257774353027344,1.0,"{""type"":""Point"",""coordinates"":[90.60511794268231,27.731989187745015]}"
672,10,0.06177309900522232,202.1027069091797,2023-06-12,4238.54052734375,0,3.0,90.5,2023-06-12,2023-06-11,38.403106689453125,276.2622375488281,2023-06-13,18.799999237060547,14.583333015441895,2023-06-12,0.4264596402645111,2.0,"{""type"":""Point"",""coordinates"":[94.09932645162912,29.402278920193236]}"
673,10,0.19084523618221283,59.68019485473633,2020-12-02,3763.573974609375,0,3.0,0.015000000596046448,2020-12-02,2020-12-01,27.23419761657715,279.714111328125,2020-12-03,0.0,0.0,2020-12-02,0.31947264075279236,3.0,"{""type"":""Point"",""coordinates"":[90.33199559057907,27.188369178910133]}"
674,40,0.24441328644752502,214.7246856689453,2022-09-25,76.37321472167969,0,23.0,0.0,2022-09-25,2022-09-24,0.5044732689857483,301.5881652832031,2022-09-26,0.0,0.0,2022-09-25,0.38808631896972656,21.0,"{""type"":""Point"",""coordinates"":[96.08828793571868,21.727245706925945]}"
675,10,0.3852601647377014,85.93622589111328,2020-12-04,33.40992736816406,0,1.0,0.0,2020-12-04,2020-12-03,6.731680393218994,295.7523498535156,2020-12-05,0.0,0.0,2020-12-04,0.14388783276081085,1.0,"{""type"":""Point"",""coordinates"":[88.00234795329186,25.549645105397996]}"
676,40,0.39880499243736267,230.6824951171875,2019-12-09,4.271936893463135,0,862.0,0.0,2019-12-09,2019-12-08,0.44178688526153564,295.8324890136719,2019-12-10,0.0,0.0,2019-12-09,0.21546173095703125,853.0,"{""type"":""Point"",""coordinates"":[89.92123905396132,23.404659962876213]}"
677,10,0.2298811376094818,107.536376953125,2023-12-12,224.9008331298828,0,5.0,0.0,2023-12-12,2023-12-11,9.635655403137207,292.47503662109375,2023-12-13,0.0,0.0,2023-12-12,0.42184892296791077,1.0,"{""type"":""Point"",""coordinates"":[95.9867722828673,25.545141115609056]}"
678,10,0.2892235517501831,359.7935485839844,2020-04-06,84.87598419189453,0,5.0,0.0,2020-04-06,2020-04-05,18.778444290161133,301.9388732910156,2020-04-07,0.0,0.0,2020-04-06,0.17873509228229523,1.0,"{""type"":""Point"",""coordinates"":[90.14967875875782,25.28952202598375]}"
679,10,0.0983615517616272,166.2646942138672,2022-10-24,175.36886596679688,0,3.0,4.420000076293945,2022-10-24,2022-10-23,12.871471405029297,298.22027587890625,2022-10-25,102.25,66.66666412353516,2022-10-24,0.40827497839927673,2.0,"{""type"":""Point"",""coordinates"":[95.76630689118034,25.314998120210497]}"
680,10,0.46064630150794983,9.789937973022461,2021-01-01,1312.3397216796875,0,2.0,0.0,2021-01-01,2020-12-31,54.432865142822266,282.17919921875,2021-01-02,0.010000000707805157,0.0,2021-01-01,0.2212422639131546,1.0,"{""type"":""Point"",""coordinates"":[91.57834928294643,27.02797110116047]}"
681,10,0.025945238769054413,106.35943603515625,2021-07-22,16.705427169799805,0,61.0,1068.1099853515625,2021-07-22,2021-07-21,5.515364170074463,301.30230712890625,2021-07-23,1.2699999809265137,0.0,2021-07-22,0.39366087317466736,61.0,"{""type"":""Point"",""coordinates"":[91.91601832360834,24.984398496285607]}"
682,10,0.5784175992012024,287.5816955566406,2020-03-20,795.7149658203125,0,1.0,0.0,2020-03-20,2020-03-19,13.979840278625488,296.9955749511719,2020-03-21,4.349999904632568,8.333333015441895,2020-03-20,0.28762754797935486,1.0,"{""type"":""Point"",""coordinates"":[96.84922196940884,25.74480616432858]}"
683,10,-0.021535150706768036,39.93626403808594,2022-04-27,312.8592834472656,0,2.0,277.3599853515625,2022-04-27,2022-04-26,21.315174102783203,295.6205749511719,2022-04-28,41.90999984741211,33.33333206176758,2022-04-27,0.469830185174942,2.0,"{""type"":""Point"",""coordinates"":[95.36466809906398,27.028742099365534]}"
684,10,0.024650659412145615,132.17477416992188,2020-04-12,1693.3389892578125,0,2.0,99.27999877929688,2020-04-12,2020-04-11,28.27536392211914,287.80303955078125,2020-04-13,6.4599995613098145,10.416666984558105,2020-04-12,0.39971670508384705,2.0,"{""type"":""Point"",""coordinates"":[93.6896273501729,27.984811146792474]}"
685,10,0.14976267516613007,110.7145004272461,2019-09-27,174.83055114746094,0,61591.0,980528.6875,2019-09-27,2019-09-26,0.8140909671783447,297.77099609375,2019-09-28,0.7599999904632568,0.0,2019-09-27,0.45779165625572205,61591.0,"{""type"":""Point"",""coordinates"":[95.66845903064208,28.076667436204904]}"
686,10,0.08092883229255676,11.011917114257812,2021-04-12,755.5359497070312,0,1.0,0.07000000029802322,2021-04-12,2021-04-11,37.25524139404297,292.91192626953125,2021-04-13,2.2799999713897705,4.166666507720947,2021-04-12,0.46652159094810486,1.0,"{""type"":""Point"",""coordinates"":[97.39554499177332,26.701547607390797]}"
687,40,-0.01733246073126793,201.6262664794922,2021-08-28,98.07221221923828,0,9.0,36.09000015258789,2021-08-28,2021-08-27,0.4194149374961853,303.0661926269531,2021-08-29,43.34000015258789,39.58333206176758,2021-08-28,0.4246177673339844,9.0,"{""type"":""Point"",""coordinates"":[95.45533484434918,22.684502078502696]}"
688,70,-0.013669539242982864,187.7862548828125,2022-07-16,4063.6181640625,0,2.0,0.0,2022-07-16,2022-07-15,25.17485237121582,290.2369384765625,2022-07-17,2.740000009536743,4.166666507720947,2022-07-16,0.40273094177246094,1.0,"{""type"":""Point"",""coordinates"":[94.37945892799974,29.149005693968345]}"
689,10,0.4502106010913849,234.473876953125,2020-11-30,141.81533813476562,0,11.0,0.0,2020-11-30,2020-11-29,5.5134596824646,291.98919677734375,2020-12-01,0.0,0.0,2020-11-30,0.2891572415828705,1.0,"{""type"":""Point"",""coordinates"":[97.09102589386788,25.044064337176287]}"
690,40,0.0625891163945198,359.5904235839844,2022-09-28,1002.2018432617188,0,6.0,66.65999603271484,2022-09-28,2022-09-27,4.394791126251221,295.2162170410156,2022-09-29,49.14999771118164,27.08333396911621,2022-09-28,0.47599664330482483,6.0,"{""type"":""Point"",""coordinates"":[94.15686034570226,25.71326418111984]}"
691,30,0.08271534740924835,123.75069427490234,2021-01-30,4641.74755859375,0,3.0,0.0,2021-01-30,2021-01-29,8.815624237060547,268.2508850097656,2021-01-31,0.0,0.0,2021-01-30,0.08015187829732895,3.0,"{""type"":""Point"",""coordinates"":[89.62232504441099,28.559353934167184]}"
692,10,0.8206872344017029,287.939208984375,2019-12-11,1040.018798828125,0,2.0,0.0,2019-12-11,2019-12-10,2.9776968955993652,286.89947509765625,2019-12-12,0.0,0.0,2019-12-11,0.3280881345272064,2.0,"{""type"":""Point"",""coordinates"":[97.3346803325793,22.83741978853601]}"
693,10,0.017308106645941734,195.41407775878906,2020-09-10,3104.978271484375,0,2.0,2.2799999713897705,2020-09-10,2020-09-09,40.99073028564453,289.148681640625,2020-09-11,8.389999389648438,10.416666984558105,2020-09-10,0.4200305938720703,2.0,"{""type"":""Point"",""coordinates"":[92.10201697120924,27.208326919718044]}"
694,95,0.044000182300806046,56.088680267333984,2022-04-06,0.0,0,20.0,0.0,2022-04-06,2022-04-05,4.292731285095215,301.8299560546875,2022-04-07,0.0,0.0,2022-04-06,0.2886880338191986,20.0,"{""type"":""Point"",""coordinates"":[89.61279195265277,21.864151391009912]}"
695,60,0.026372192427515984,201.490234375,2020-01-05,4529.80810546875,0,2.0,0.0,2020-01-05,2020-01-04,47.98076629638672,271.0509033203125,2020-01-06,0.0,0.0,2020-01-05,0.29673194885253906,2.0,"{""type"":""Point"",""coordinates"":[97.44230987229824,28.378909544717036]}"
696,10,0.12293439358472824,90.49876403808594,2022-10-07,233.20904541015625,0,1.0,0.0,2022-10-07,2022-10-06,16.381750106811523,299.9151306152344,2022-10-08,3.9200000762939453,8.333333015441895,2022-10-07,0.46881547570228577,1.0,"{""type"":""Point"",""coordinates"":[90.58118652362074,25.2063211200317]}"
697,40,0.14961911737918854,228.0030517578125,2019-04-09,1.1626609563827515,0,1.0,1.0099999904632568,2019-04-09,2019-04-08,0.22379469871520996,302.4368591308594,2019-04-10,27.81999969482422,22.91666603088379,2019-04-09,0.339495986700058,1.0,"{""type"":""Point"",""coordinates"":[88.48025843171929,22.467860132952385]}"
698,60,0.04935241490602493,207.5262908935547,2023-02-25,5200.0732421875,0,4.0,0.0,2023-02-25,2023-02-24,25.91310691833496,272.30938720703125,2023-02-26,0.38999998569488525,0.0,2023-02-25,0.3316122591495514,1.0,"{""type"":""Point"",""coordinates"":[91.78764489193729,28.766682014823175]}"
699,10,0.012673498131334782,1.0399000644683838,2020-05-28,3608.20654296875,0,3.0,28.489999771118164,2020-05-28,2020-05-27,20.84284782409668,274.2665710449219,2020-05-29,6.779999732971191,2.0833332538604736,2020-05-28,0.42410025000572205,1.0,"{""type"":""Point"",""coordinates"":[93.03943027024427,28.18702735823412]}"
700,10,0.2612195611000061,317.3505859375,2020-03-01,4060.7919921875,0,2.0,0.0,2020-03-01,2020-02-29,31.903871536254883,271.2654724121094,2020-03-02,0.014000000432133675,0.0,2020-03-01,0.3356069028377533,1.0,"{""type"":""Point"",""coordinates"":[93.56406538623378,29.283870956613576]}"
701,60,0.10019496083259583,233.85287475585938,2022-09-02,5178.40478515625,0,5.0,2.8919999599456787,2022-09-02,2022-09-01,17.363994598388672,282.7300109863281,2022-09-03,4.21999979019165,4.166666507720947,2022-09-02,0.4247487485408783,4.0,"{""type"":""Point"",""coordinates"":[88.00893243801175,28.750344573416275]}"
702,30,0.20760397613048553,59.65828323364258,2019-11-21,120.65274810791016,0,34.0,0.0,2019-11-21,2019-11-20,1.6301257610321045,299.07763671875,2019-11-22,0.0,0.0,2019-11-21,0.37480607628822327,2.0,"{""type"":""Point"",""coordinates"":[95.54554535382421,22.152338019278567]}"
703,80,-0.04213133081793785,-0.0,2020-10-03,0.0,0,0.0,0.0,2020-10-03,2020-10-02,0.0,0.0,2020-10-04,5.389999866485596,0.0,2020-10-03,0.0,0.0,"{""type"":""Point"",""coordinates"":[88.6370470765127,21.703101435307737]}"
704,40,0.20546157658100128,135.98696899414062,2020-07-02,3.389747142791748,0,6896.0,0.453000009059906,2020-07-02,2020-07-01,0.23642581701278687,303.5973815917969,2020-07-03,0.7400000095367432,2.0833332538604736,2020-07-02,0.38814735412597656,1.0,"{""type"":""Point"",""coordinates"":[89.96216713870838,23.358921479226087]}"
705,10,0.07453665137290955,162.99929809570312,2021-08-27,412.0314025878906,0,1.0,54.91999816894531,2021-08-27,2021-08-26,23.31304168701172,297.09222412109375,2021-08-28,19.81999969482422,20.83333396911621,2021-08-27,0.43601545691490173,1.0,"{""type"":""Point"",""coordinates"":[93.57383541167577,24.789048208176396]}"
706,10,0.5743324160575867,154.53915405273438,2021-11-22,1237.1453857421875,0,1.0,0.0,2021-11-22,2021-11-21,23.315610885620117,290.1309814453125,2021-11-23,0.0,0.0,2021-11-22,0.30010858178138733,1.0,"{""type"":""Point"",""coordinates"":[93.75982301664772,25.47770589529049]}"
707,40,0.27267777919769287,118.81242370605469,2023-02-23,164.61891174316406,0,96.0,0.0,2023-02-23,2023-02-22,0.2554464638233185,300.0594482421875,2023-02-24,0.0,0.0,2023-02-23,0.2529315948486328,1.0,"{""type"":""Point"",""coordinates"":[95.55462908117451,23.18518692048244]}"
708,40,0.15094664692878723,68.76293182373047,2021-01-17,41.91757583618164,0,20.0,0.0,2021-01-17,2021-01-16,1.9288419485092163,290.8909912109375,2021-01-18,0.0,0.0,2021-01-17,0.28810057044029236,3.0,"{""type"":""Point"",""coordinates"":[91.19574459386554,26.121105922260327]}"
709,60,0.02451847679913044,14.945155143737793,2023-01-18,4855.24658203125,0,1.0,0.0,2023-01-18,2023-01-17,31.029064178466797,273.01202392578125,2023-01-19,0.0,0.0,2023-01-18,0.3438453674316406,1.0,"{""type"":""Point"",""coordinates"":[88.9196194564841,27.779991645496903]}"
710,60,-0.02324868179857731,321.757568359375,2023-04-28,4726.39111328125,0,1.0,2.1399998664855957,2023-04-28,2023-04-27,31.271862030029297,271.41412353515625,2023-04-29,8.420000076293945,12.5,2023-04-28,0.38343939185142517,1.0,"{""type"":""Point"",""coordinates"":[97.41401891191278,28.411441470297248]}"
711,30,0.21919280290603638,170.6315460205078,2019-03-25,267.9278564453125,0,2.0,0.0,2019-03-25,2019-03-24,2.50539493560791,303.7769470214844,2019-03-26,0.0,0.0,2019-03-25,0.24909146130084991,1.0,"{""type"":""Point"",""coordinates"":[94.670814040102,21.744561458596223]}"
712,60,0.05550355836749077,129.9038848876953,2023-11-20,4213.5048828125,0,3537.0,0.0,2023-11-20,2023-11-19,2.186011791229248,273.3741760253906,2023-11-21,0.26999998092651367,0.0,2023-11-20,0.2770957946777344,3537.0,"{""type"":""Point"",""coordinates"":[91.78029807784303,28.230277147915974]}"
713,10,0.20582807064056396,179.83485412597656,2023-10-23,1823.22900390625,0,2.0,0.03999999910593033,2023-10-23,2023-10-22,15.116548538208008,291.6218566894531,2023-10-24,8.609999656677246,14.583333015441895,2023-10-23,0.3673947751522064,2.0,"{""type"":""Point"",""coordinates"":[94.20897182287852,25.383529470571645]}"
714,10,0.6506040692329407,220.7299041748047,2023-01-20,262.5306091308594,0,3.0,0.0,2023-01-20,2023-01-19,23.370555877685547,289.8114013671875,2023-01-21,0.0,0.0,2023-01-20,0.29078927636146545,2.0,"{""type"":""Point"",""coordinates"":[97.14531804346232,24.616059925003228]}"
715,10,0.23344621062278748,241.6687469482422,2021-03-04,8.072014808654785,0,1.0,0.0,2021-03-04,2021-03-03,2.627978801727295,302.33551025390625,2021-03-05,0.0,0.0,2021-03-04,0.08078321069478989,1.0,"{""type"":""Point"",""coordinates"":[90.73037846242372,22.430534998289232]}"
716,10,0.226376011967659,328.59588623046875,2020-05-14,11.186368942260742,0,1.0,0.5999999642372131,2020-05-14,2020-05-13,0.37823131680488586,303.28070068359375,2020-05-15,14.489999771118164,12.5,2020-05-14,0.3182436525821686,1.0,"{""type"":""Point"",""coordinates"":[88.88956950622818,23.514830471312393]}"
717,40,0.1784970611333847,46.154720306396484,2019-08-08,19.3817195892334,0,2.0,3.6999998092651367,2019-08-08,2019-08-07,0.185639888048172,301.7914123535156,2019-08-09,25.049999237060547,41.66666793823242,2019-08-08,0.4057668149471283,1.0,"{""type"":""Point"",""coordinates"":[88.06457741251985,23.34121814134983]}"
718,40,0.08772452175617218,316.468505859375,2021-03-31,73.10285186767578,0,5.0,0.0,2021-03-31,2021-03-30,0.4590475261211395,299.1585998535156,2021-04-01,0.0,0.0,2021-03-31,0.1736787110567093,1.0,"{""type"":""Point"",""coordinates"":[88.9062625378245,26.483634007717946]}"
719,10,0.040527429431676865,130.9839324951172,2023-09-11,8.236255645751953,0,48.0,1.0399999618530273,2023-09-11,2023-09-10,1.7511199712753296,303.7048034667969,2023-09-12,49.66999816894531,41.66666793823242,2023-09-11,0.4030017852783203,1.0,"{""type"":""Point"",""coordinates"":[91.079556106801,22.905986740868318]}"
720,10,0.19652466475963593,324.4360046386719,2021-08-23,1065.4075927734375,0,5.0,17.899999618530273,2021-08-23,2021-08-22,19.260372161865234,296.2644348144531,2021-08-24,0.29999998211860657,0.0,2021-08-23,0.4869588315486908,5.0,"{""type"":""Point"",""coordinates"":[94.21594810629428,25.89475845709971]}"
721,10,0.11636025458574295,251.5436553955078,2020-05-10,10.534531593322754,0,3.0,17.700000762939453,2020-05-10,2020-05-09,5.329084396362305,303.5685119628906,2020-05-11,0.019999999552965164,0.0,2020-05-10,0.34872373938560486,3.0,"{""type"":""Point"",""coordinates"":[89.94288938698709,22.62270766244711]}"
722,80,-0.08871842175722122,-0.0,2019-07-05,0.0,0,0.0,0.0,2019-07-05,2019-07-04,0.0,0.0,2019-07-06,32.32999801635742,29.16666603088379,2019-07-05,0.0,0.0,"{""type"":""Point"",""coordinates"":[91.57888069160003,22.35969157633256]}"
723,10,0.6851556897163391,303.3645324707031,2020-02-17,331.2176513671875,0,1.0,0.0,2020-02-17,2020-02-16,35.658321380615234,292.181640625,2020-02-18,0.0,0.0,2020-02-17,0.1892121583223343,1.0,"{""type"":""Point"",""coordinates"":[94.34360466970601,23.498915080941572]}"
724,10,0.31156018376350403,70.36528778076172,2023-11-17,3.2324728965759277,0,954.0,89074.9765625,2023-11-17,2023-11-16,1.931372880935669,298.0479736328125,2023-11-18,118.88999938964844,43.75,2023-11-17,0.2380402833223343,954.0,"{""type"":""Point"",""coordinates"":[90.99734215453701,23.0804420633606]}"
725,10,0.13765849173069,10.627803802490234,2022-08-13,2282.888427734375,0,1.0,8.289999961853027,2022-08-13,2022-08-12,37.53499221801758,291.86627197265625,2022-08-14,0.8499999642372131,0.0,2022-08-13,0.394024521112442,1.0,"{""type"":""Point"",""coordinates"":[96.04070010637602,28.635370860930845]}"
726,10,0.5697594285011292,236.24462890625,2022-03-25,766.2047119140625,0,97.0,0.0,2022-03-25,2022-03-24,8.383386611938477,296.4169921875,2022-03-26,0.5900000333786011,0.0,2022-03-25,0.29514503479003906,97.0,"{""type"":""Point"",""coordinates"":[91.90790362452094,25.75992745929447]}"
727,40,-0.10470173507928848,324.1324462890625,2022-06-18,36.85227966308594,0,1.0,83.31999969482422,2022-06-18,2022-06-17,6.631839275360107,298.3595886230469,2022-06-19,81.52999877929688,45.83333206176758,2022-06-18,0.45082154870033264,1.0,"{""type"":""Point"",""coordinates"":[90.62241830729798,26.16794103995761]}"
728,10,0.10288112610578537,209.614501953125,2019-10-02,1520.2701416015625,0,2.0,22.444000244140625,2019-10-02,2019-10-01,31.57650375366211,292.78521728515625,2019-10-03,13.149999618530273,18.75,2019-10-02,0.4649435579776764,2.0,"{""type"":""Point"",""coordinates"":[95.65383681199316,26.99054647240553]}"
729,40,0.5371747016906738,317.5561218261719,2019-12-21,31.5,0,1.0,0.0,2019-12-21,2019-12-20,3.34024977684021,292.1855163574219,2019-12-22,0.0,0.0,2019-12-21,0.17012977600097656,1.0,"{""type"":""Point"",""coordinates"":[89.26754660884598,25.87721641601911]}"
730,60,-0.03277857229113579,332.2145690917969,2021-02-27,5233.3095703125,0,1.0,0.0,2021-02-27,2021-02-26,36.127967834472656,271.15753173828125,2021-02-28,3.8399999141693115,8.333333015441895,2021-02-27,0.3605327606201172,1.0,"{""type"":""Point"",""coordinates"":[93.19444068075843,28.80692155741502]}"
731,70,-0.01708800531923771,190.3888397216797,2022-04-05,5632.67626953125,0,1.0,15.649999618530273,2022-04-05,2022-04-04,25.696063995361328,272.5561828613281,2022-04-06,3.6499998569488525,4.166666507720947,2022-04-05,0.3555107116699219,1.0,"{""type"":""Point"",""coordinates"":[96.57161445810216,29.122302832378132]}"
732,40,0.14353777468204498,313.1847229003906,2019-04-20,102.12397766113281,0,1.0,1.5499999523162842,2019-04-20,2019-04-19,0.23607076704502106,296.43817138671875,2019-04-21,73.25,22.91666603088379,2019-04-20,0.43380865454673767,1.0,"{""type"":""Point"",""coordinates"":[94.64432653179298,27.510166739432975]}"
733,100,0.08969096839427948,347.82489013671875,2019-02-07,5062.08935546875,0,1.0,0.0,2019-02-07,2019-02-06,22.368730545043945,271.42364501953125,2019-02-08,0.0,0.0,2019-02-07,0.382556289434433,1.0,"{""type"":""Point"",""coordinates"":[92.4145610918681,28.94407078120478]}"
734,40,0.04875299707055092,135.45602416992188,2021-07-06,43.19023895263672,0,3.0,0.0,2021-07-06,2021-07-05,9.536482810974121,301.32940673828125,2021-07-07,43.62999725341797,45.83333206176758,2021-07-06,0.3905728757381439,3.0,"{""type"":""Point"",""coordinates"":[92.42442421244955,24.351727730791907]}"
735,30,0.03161114081740379,173.63848876953125,2021-05-14,5055.0078125,0,1.0,0.0,2021-05-14,2021-05-13,30.553653717041016,276.1515808105469,2021-05-15,0.0,0.0,2021-05-14,0.36587271094322205,1.0,"{""type"":""Point"",""coordinates"":[90.90370625468438,28.632865318087035]}"
736,10,-0.0019195860950276256,67.41023254394531,2022-06-19,3675.132080078125,0,7.0,9.380000114440918,2022-06-19,2022-06-18,24.83827018737793,273.1524963378906,2022-06-20,0.22999998927116394,0.0,2022-06-19,0.42841657996177673,7.0,"{""type"":""Point"",""coordinates"":[96.31098253063077,29.23620654291899]}"
737,10,0.051904842257499695,106.08557891845703,2019-09-29,238.3250274658203,0,1.0,2.819999933242798,2019-09-29,2019-09-28,4.456404209136963,298.28009033203125,2019-09-30,5.590000152587891,4.166666507720947,2019-09-29,0.40609869360923767,1.0,"{""type"":""Point"",""coordinates"":[96.4861095107359,26.319697891901757]}"
738,10,0.005766434129327536,76.91664123535156,2022-07-29,1429.13427734375,0,2.0,21.439998626708984,2022-07-29,2022-07-28,23.04649543762207,293.2112121582031,2022-07-30,20.31999969482422,16.66666603088379,2022-07-29,0.4874846041202545,1.0,"{""type"":""Point"",""coordinates"":[96.64494376753434,27.178613825276354]}"
739,10,0.25405287742614746,56.96720886230469,2022-05-18,116.3744888305664,0,1.0,0.0,2022-05-18,2022-05-17,1.5259722471237183,298.8330993652344,2022-05-19,0.0,0.0,2022-05-18,0.3385639190673828,1.0,"{""type"":""Point"",""coordinates"":[88.76494178213431,26.78654756076386]}"
740,10,0.03463272750377655,218.5515899658203,2021-08-25,710.507568359375,0,1.0,0.08999999612569809,2021-08-25,2021-08-24,9.38862133026123,298.8919372558594,2021-08-26,98.04000091552734,37.5,2021-08-25,0.5008010864257812,1.0,"{""type"":""Point"",""coordinates"":[90.36537775876921,25.677065008795715]}"
741,80,-0.12569747865200043,-0.0,2020-06-08,0.0,0,0.0,0.0,2020-06-08,2020-06-07,0.0,0.0,2020-06-09,0.2800000011920929,0.0,2020-06-08,0.0,0.0,"{""type"":""Point"",""coordinates"":[89.84498687822895,21.60898753740701]}"
742,90,0.18050585687160492,-0.0,2019-04-06,17.0,0,81.0,0.0,2019-04-06,2019-04-05,1.5015076398849487,297.79345703125,2019-04-07,11.619999885559082,18.75,2019-04-06,0.20874722301959991,2.0,"{""type"":""Point"",""coordinates"":[88.23716772347095,25.05872188332723]}"
743,40,0.05558018386363983,257.7879943847656,2022-09-24,93.28382110595703,0,1.0,23.299999237060547,2022-09-24,2022-09-23,0.24242864549160004,300.28680419921875,2022-09-25,25.279998779296875,25.0,2022-09-24,0.49834123253822327,1.0,"{""type"":""Point"",""coordinates"":[94.56136852348213,27.307860588433623]}"
744,30,0.0778198167681694,264.2430419921875,2020-06-14,832.5973510742188,0,1.0,0.0,2020-06-14,2020-06-13,11.500268936157227,297.54156494140625,2020-06-15,3.2899999618530273,2.0833332538604736,2020-06-14,0.4781818389892578,1.0,"{""type"":""Point"",""coordinates"":[92.49649023009617,25.70971936284683]}"
745,10,0.15524733066558838,139.7353515625,2022-07-21,35.515499114990234,0,4803.0,0.0,2022-07-21,2022-07-20,6.637930870056152,301.3888244628906,2022-07-22,33.44999694824219,22.91666603088379,2022-07-21,0.38887467980384827,4803.0,"{""type"":""Point"",""coordinates"":[92.03469819579023,24.163317578774063]}"
746,30,0.0830489844083786,134.0865020751953,2020-07-09,739.7112426757812,0,1.0,9.289999961853027,2020-07-09,2020-07-08,14.811962127685547,298.91552734375,2020-07-10,16.94999885559082,10.416666984558105,2020-07-09,0.46472105383872986,1.0,"{""type"":""Point"",""coordinates"":[96.20184802501821,22.88223941431291]}"
747,10,0.15044595301151276,5.066852569580078,2020-12-29,2123.197021484375,0,120.0,4.799999713897705,2020-12-29,2020-12-28,13.674214363098145,278.5072021484375,2020-12-30,1.7699999809265137,0.0,2020-12-29,0.2784767150878906,120.0,"{""type"":""Point"",""coordinates"":[91.8407217103803,27.10198798909808]}"
748,10,0.34484174847602844,137.40017700195312,2021-03-25,40.31753158569336,0,3.0,0.0,2021-03-25,2021-03-24,7.265619277954102,304.88720703125,2021-03-26,0.0,0.0,2021-03-25,0.13854026794433594,3.0,"{""type"":""Point"",""coordinates"":[91.6638582254577,22.90004143208805]}"
749,10,0.07856986671686172,344.8680114746094,2023-09-01,134.26002502441406,0,2.0,3.5,2023-09-01,2023-08-31,23.487863540649414,301.1515808105469,2023-09-02,21.3799991607666,16.66666603088379,2023-09-01,0.4479045867919922,2.0,"{""type"":""Point"",""coordinates"":[94.39522054382785,22.961938048224876]}"
750,30,0.11195679754018784,297.6796875,2022-11-09,4307.87060546875,0,94.0,0.0,2022-11-09,2022-11-08,41.41335678100586,274.6387939453125,2022-11-10,0.0,0.0,2022-11-09,0.3410301208496094,6.0,"{""type"":""Point"",""coordinates"":[92.72098392427046,28.426568785183306]}"
751,30,0.2164730727672577,37.7098503112793,2023-06-15,4272.73193359375,0,779.0,37111.55859375,2023-06-15,2023-06-14,14.95905590057373,283.4013366699219,2023-06-16,8.420000076293945,8.333333015441895,2023-06-15,0.42102494835853577,779.0,"{""type"":""Point"",""coordinates"":[91.79283239580293,29.479749805160083]}"
752,30,0.1058683767914772,232.75408935546875,2022-07-04,5205.35986328125,0,9.0,32.7599983215332,2022-07-04,2022-07-03,19.45978355407715,284.4888916015625,2022-07-05,0.0,0.0,2022-07-04,0.4223804473876953,9.0,"{""type"":""Point"",""coordinates"":[92.7774315662884,29.441521166523906]}"
753,10,0.22258234024047852,15.895938873291016,2021-03-21,435.9345703125,0,4.0,0.0,2021-03-21,2021-03-20,9.884641647338867,300.6996154785156,2021-03-22,0.0,0.0,2021-03-21,0.25093522667884827,4.0,"{""type"":""Point"",""coordinates"":[94.22905959606216,21.96895899254403]}"
754,60,0.45480576157569885,127.12030029296875,2022-03-07,18.67036247253418,0,1.0,0.0,2022-03-07,2022-03-06,3.706559896469116,296.12835693359375,2022-03-08,0.0,0.0,2022-03-07,0.2038014680147171,1.0,"{""type"":""Point"",""coordinates"":[88.64818621898286,24.91905922525489]}"
755,10,0.11213072389364243,23.147174835205078,2019-11-18,656.7823486328125,0,2.0,2.299999952316284,2019-11-18,2019-11-17,18.12972640991211,291.0523681640625,2019-11-19,7.21999979019165,14.583333015441895,2019-11-18,0.40565428137779236,2.0,"{""type"":""Point"",""coordinates"":[94.56392294562654,28.192830769426436]}"
756,10,0.10979891568422318,298.8291320800781,2023-07-06,15.214834213256836,0,2.0,18.829999923706055,2023-07-06,2023-07-05,5.074119567871094,303.05291748046875,2023-07-07,17.529998779296875,14.583333015441895,2023-07-06,0.41046905517578125,1.0,"{""type"":""Point"",""coordinates"":[90.83364634888271,24.399300421275914]}"
757,10,-0.03604724258184433,120.9558334350586,2022-03-05,108.99580383300781,0,2.0,0.0,2022-03-05,2022-03-04,10.685654640197754,296.059814453125,2022-03-06,0.0,0.0,2022-03-05,0.17101605236530304,2.0,"{""type"":""Point"",""coordinates"":[91.6542027239892,23.76177663771705]}"
758,10,0.2032247632741928,221.7242431640625,2023-06-23,43.590614318847656,0,64.0,25.170000076293945,2023-06-23,2023-06-22,5.141613006591797,301.8270263671875,2023-06-24,9.9399995803833,10.416666984558105,2023-06-23,0.4089813232421875,1.0,"{""type"":""Point"",""coordinates"":[91.76299751559773,24.30024907708151]}"
759,40,0.42847204208374023,258.9710998535156,2022-03-29,2.2526743412017822,0,1.0,0.0,2022-03-29,2022-03-28,0.8727672696113586,304.5906982421875,2022-03-30,0.0,0.0,2022-03-29,0.2555389404296875,1.0,"{""type"":""Point"",""coordinates"":[88.31375768722,21.88755510445897]}"
760,10,0.17748740315437317,179.73983764648438,2021-02-15,609.3071899414062,0,2.0,0.6399999856948853,2021-02-15,2021-02-14,34.804508209228516,283.4586181640625,2021-02-16,0.04999999701976776,0.0,2021-02-15,0.3198305666446686,1.0,"{""type"":""Point"",""coordinates"":[96.4038169615978,27.98857796226625]}"
761,10,0.14815576374530792,16.95849609375,2020-06-30,118.1098403930664,0,11.0,0.0,2020-06-30,2020-06-29,5.122890472412109,300.91217041015625,2020-07-01,42.84000015258789,31.25,2020-06-30,0.4328206479549408,11.0,"{""type"":""Point"",""coordinates"":[94.86620856252762,26.902573786235077]}"
762,10,0.37575456500053406,42.63099670410156,2022-10-31,293.14044189453125,0,2.0,0.0,2022-10-31,2022-10-30,17.51595115661621,298.29742431640625,2022-11-01,0.0,0.0,2022-10-31,0.35540771484375,2.0,"{""type"":""Point"",""coordinates"":[92.10984511688252,23.68453037316623]}"
763,10,0.06920746713876724,194.8557586669922,2022-08-28,34.7479133605957,0,1.0,36.25,2022-08-28,2022-08-27,1.9586938619613647,302.986328125,2022-08-29,17.459999084472656,16.66666603088379,2022-08-28,0.36161866784095764,1.0,"{""type"":""Point"",""coordinates"":[89.57346620133565,25.83362062611865]}"
764,10,0.009583973325788975,116.6328353881836,2023-09-02,1164.4688720703125,0,1.0,100.40999603271484,2023-09-02,2023-09-01,15.30731201171875,294.26220703125,2023-09-03,61.81999969482422,39.58333206176758,2023-09-02,0.422607421875,1.0,"{""type"":""Point"",""coordinates"":[93.25722944257748,21.8621763993995]}"
765,10,0.22657573223114014,37.15974426269531,2023-05-25,218.29786682128906,0,1.0,19.360000610351562,2023-05-25,2023-05-24,5.331906318664551,302.0146789550781,2023-05-26,0.0,0.0,2023-05-25,0.32610002160072327,1.0,"{""type"":""Point"",""coordinates"":[95.59873849105219,25.51500922532492]}"
766,10,0.06890930980443954,290.8086242675781,2023-12-01,7.32678747177124,0,15.0,0.0,2023-12-01,2023-11-30,0.9078640341758728,296.7304382324219,2023-12-02,0.019999999552965164,0.0,2023-12-01,0.33224615454673767,1.0,"{""type"":""Point"",""coordinates"":[90.64438651122337,24.087633306195567]}"
767,40,0.1011321172118187,307.7452697753906,2020-05-23,7.201008319854736,0,13.0,0.0,2020-05-23,2020-05-22,0.8929967284202576,300.4713134765625,2020-05-24,0.0,0.0,2020-05-23,0.3832327425479889,10.0,"{""type"":""Point"",""coordinates"":[89.66249457344729,23.75405024144355]}"
768,40,0.4897686541080475,118.14202117919922,2022-03-02,15.287869453430176,0,2.0,0.006000000052154064,2022-03-02,2022-03-01,0.09368292987346649,294.6357421875,2022-03-03,0.0,0.0,2022-03-02,0.2978553771972656,2.0,"{""type"":""Point"",""coordinates"":[89.207039678471,24.773109024498115]}"
769,40,0.011115419678390026,181.21409606933594,2020-09-21,13.842784881591797,0,12.0,36.47999954223633,2020-09-21,2020-09-20,0.903014063835144,303.7493896484375,2020-09-22,17.25,16.66666603088379,2020-09-21,0.39028802514076233,12.0,"{""type"":""Point"",""coordinates"":[88.40734102998722,23.880993977605936]}"
770,60,0.010108095593750477,108.07869720458984,2020-01-24,3882.39501953125,0,4.0,0.0,2020-01-24,2020-01-23,31.304988861083984,271.56817626953125,2020-01-25,0.0,0.0,2020-01-24,0.3012784421443939,4.0,"{""type"":""Point"",""coordinates"":[96.48919165554905,29.488373697164445]}"
771,40,0.8645077347755432,310.15203857421875,2022-11-20,138.290771484375,0,20.0,0.0,2022-11-20,2022-11-19,0.9376394152641296,298.31585693359375,2022-11-21,0.0,0.0,2022-11-20,0.23386891186237335,20.0,"{""type"":""Point"",""coordinates"":[95.86225056993679,22.650476391471205]}"
772,10,0.16372060775756836,292.74896240234375,2022-02-03,591.6110229492188,0,2.0,1.3599998950958252,2022-02-03,2022-02-02,25.232187271118164,283.1932373046875,2022-02-04,0.12999999523162842,0.0,2022-02-03,0.4507560729980469,1.0,"{""type"":""Point"",""coordinates"":[96.41706473262931,27.087451297161028]}"
773,10,0.2340928465127945,350.2270812988281,2019-09-30,518.49853515625,0,12.0,439.1999816894531,2019-09-30,2019-09-29,25.390100479125977,290.427001953125,2019-10-01,79.87999725341797,52.08333206176758,2019-09-30,0.41596412658691406,12.0,"{""type"":""Point"",""coordinates"":[91.21963204507665,27.1887282134943]}"
774,10,0.09964581578969955,9.517797470092773,2020-12-28,3075.195068359375,0,2.0,1.8600000143051147,2020-12-28,2020-12-27,29.542573928833008,273.4688415527344,2020-12-29,0.0,0.0,2020-12-28,0.33437538146972656,2.0,"{""type"":""Point"",""coordinates"":[91.93554162786191,27.53407141638038]}"
775,10,0.13215148448944092,284.649658203125,2019-03-06,878.2655029296875,0,1.0,8.529999732971191,2019-03-06,2019-03-05,20.978914260864258,285.7010192871094,2019-03-07,1.3199999332427979,0.0,2019-03-06,0.4806385040283203,1.0,"{""type"":""Point"",""coordinates"":[97.35856594297117,27.222933168939484]}"
776,80,-0.12777848541736603,95.47784423828125,2020-06-24,84.5303726196289,0,1.0,16.029998779296875,2020-06-24,2020-06-23,4.24995231628418,302.3879089355469,2020-06-25,82.22000122070312,60.41666793823242,2020-06-24,0.5031878352165222,1.0,"{""type"":""Point"",""coordinates"":[94.16152747902353,26.87257089940415]}"
777,10,0.1483214795589447,30.432706832885742,2020-04-12,136.4537811279297,0,9.0,0.0,2020-04-12,2020-04-11,1.7516279220581055,297.4706115722656,2020-04-13,4.960000038146973,10.416666984558105,2020-04-12,0.42337164282798767,9.0,"{""type"":""Point"",""coordinates"":[95.65256999766723,27.622481396936813]}"
778,10,0.8317137360572815,357.5715026855469,2022-12-13,265.0821228027344,0,2.0,0.0,2022-12-13,2022-12-12,17.36285972595215,291.00677490234375,2022-12-14,0.0,0.0,2022-12-13,0.2891336977481842,2.0,"{""type"":""Point"",""coordinates"":[97.24422786488128,24.69379739026825]}"
779,40,0.059357885271310806,285.61700439453125,2021-08-31,149.1335906982422,0,8.0,138.72000122070312,2021-08-31,2021-08-30,0.8207335472106934,302.5955810546875,2021-09-01,26.529998779296875,20.83333396911621,2021-08-31,0.4804445803165436,8.0,"{""type"":""Point"",""coordinates"":[95.35416904367277,21.956799970720024]}"
780,40,0.15649472177028656,170.5609893798828,2022-10-02,36.51367950439453,0,3.0,0.6330000162124634,2022-10-02,2022-10-01,1.4017841815948486,302.9376525878906,2022-10-03,0.32999998331069946,0.0,2022-10-02,0.36584535241127014,3.0,"{""type"":""Point"",""coordinates"":[89.28918086668632,25.96809243065365]}"
781,30,0.15783452987670898,289.8271484375,2022-01-04,4913.91064453125,0,11.0,0.0,2022-01-04,2022-01-03,27.429019927978516,270.65765380859375,2022-01-05,0.0,0.0,2022-01-04,0.2775154113769531,11.0,"{""type"":""Point"",""coordinates"":[91.34132976462325,29.40455414287989]}"
782,30,0.12298038601875305,188.43984985351562,2023-02-16,5232.30029296875,0,1.0,0.6699999570846558,2023-02-16,2023-02-15,5.573429584503174,271.7020568847656,2023-02-17,0.0,0.0,2023-02-16,0.3464730679988861,1.0,"{""type"":""Point"",""coordinates"":[89.23478751230891,28.12729287223523]}"
783,40,0.6666666865348816,120.64490509033203,2021-10-27,2.2404353618621826,0,1.0,0.5999999642372131,2021-10-27,2021-10-26,2.02639102935791,299.95806884765625,2021-10-28,4.449999809265137,2.0833332538604736,2021-10-27,0.41468939185142517,1.0,"{""type"":""Point"",""coordinates"":[88.419414650922,22.019595111964534]}"
784,10,0.005251361057162285,285.2165832519531,2021-07-20,4324.43603515625,0,974.0,16.85999870300293,2021-07-20,2021-07-19,31.268817901611328,283.245361328125,2021-07-21,11.449999809265137,12.5,2021-07-20,0.42658424377441406,2.0,"{""type"":""Point"",""coordinates"":[90.46276910052781,27.89784076689811]}"
785,10,0.14458340406417847,211.18910217285156,2021-08-13,27.11957550048828,0,44.0,33.880001068115234,2021-08-13,2021-08-12,7.006462574005127,300.8663635253906,2021-08-14,42.619998931884766,50.0,2021-08-13,0.4167849123477936,2.0,"{""type"":""Point"",""coordinates"":[92.55449601359338,24.64095083050491]}"
786,10,0.27109530568122864,169.5992431640625,2021-03-18,49.54873275756836,0,2.0,0.0,2021-03-18,2021-03-17,0.8814069628715515,299.9267272949219,2021-03-19,0.0,0.0,2021-03-18,0.13289515674114227,1.0,"{""type"":""Point"",""coordinates"":[92.06288810703722,23.279033887263118]}"
787,10,0.06242101266980171,358.8222351074219,2020-10-07,220.84889221191406,0,77566.0,80.22999572753906,2020-10-07,2020-10-06,17.288782119750977,296.3675537109375,2020-10-08,6.869999885559082,8.333333015441895,2020-10-07,0.4619038999080658,1.0,"{""type"":""Point"",""coordinates"":[96.24966025548594,26.501438261122765]}"
788,40,0.013739214278757572,6.922436237335205,2021-07-03,94.5160140991211,0,1.0,3.8999998569488525,2021-07-03,2021-07-02,1.540771722793579,298.84326171875,2021-07-04,0.7999999523162842,0.0,2021-07-03,0.41877174377441406,1.0,"{""type"":""Point"",""coordinates"":[92.91911810024791,26.88198068990108]}"
789,40,0.08256186544895172,258.0854187011719,2021-07-05,15.603378295898438,0,5.0,5.099999904632568,2021-07-05,2021-07-04,0.19609513878822327,302.3220520019531,2021-07-06,2.319999933242798,6.25,2021-07-05,0.4155336916446686,5.0,"{""type"":""Point"",""coordinates"":[88.90650113263945,24.930264854923024]}"
790,10,0.6142086386680603,180.28045654296875,2020-03-29,600.6111450195312,0,1.0,0.0,2020-03-29,2020-03-28,14.800636291503906,297.94158935546875,2020-03-30,0.0,0.0,2020-03-29,0.29281172156333923,1.0,"{""type"":""Point"",""coordinates"":[96.8898701235881,25.649981989692975]}"
791,60,0.01926312781870365,18.46188735961914,2020-03-02,3850.237548828125,0,1.0,0.2549999952316284,2020-03-02,2020-03-01,28.35898780822754,271.95220947265625,2020-03-03,0.26999998092651367,0.0,2020-03-02,0.3317324221134186,1.0,"{""type"":""Point"",""coordinates"":[91.01909041791453,28.178402173209694]}"
792,30,0.29421481490135193,275.1357116699219,2021-11-29,264.1267395019531,0,1.0,0.0,2021-11-29,2021-11-28,5.483209133148193,295.11541748046875,2021-11-30,0.0,0.0,2021-11-29,0.3806203305721283,1.0,"{""type"":""Point"",""coordinates"":[94.40462976719047,21.618677772173395]}"
793,30,-0.03249127045273781,121.2691650390625,2019-03-19,4797.14892578125,0,4.0,5.399999618530273,2019-03-19,2019-03-18,37.96521759033203,271.0876159667969,2019-03-20,0.0,0.0,2019-03-19,0.33519235253334045,4.0,"{""type"":""Point"",""coordinates"":[91.65657991254805,28.071627550950062]}"
794,10,8.355265890713781E-5,210.29513549804688,2022-05-12,2011.5135498046875,0,36.0,95.98999786376953,2022-05-12,2022-05-11,38.08557891845703,287.94683837890625,2022-05-13,75.8499984741211,33.33333206176758,2022-05-12,0.4255695343017578,1.0,"{""type"":""Point"",""coordinates"":[93.89233679446632,28.121220120087052]}"
795,10,0.03875186666846275,48.011253356933594,2019-07-27,827.0247802734375,0,3.0,12.710000038146973,2019-07-27,2019-07-26,17.18280601501465,295.60498046875,2019-07-28,1.5,0.0,2019-07-27,0.47642388939857483,1.0,"{""type"":""Point"",""coordinates"":[97.3547214062152,26.56237744147788]}"
796,60,0.012531569227576256,151.56002807617188,2021-04-19,5595.23779296875,0,1.0,0.0,2021-04-19,2021-04-18,17.54728889465332,275.6539001464844,2021-04-20,0.0,0.0,2021-04-19,0.1859556883573532,1.0,"{""type"":""Point"",""coordinates"":[88.92650184703355,28.44375758314689]}"
797,80,-0.0474083349108696,-0.0,2023-09-10,0.0,0,0.0,0.0,2023-09-10,2023-09-09,0.0,0.0,2023-09-11,1.46999990940094,2.0833332538604736,2023-09-10,0.0,0.0,"{""type"":""Point"",""coordinates"":[89.9606951042175,21.888423698610055]}"
798,10,0.762474775314331,298.862548828125,2023-02-19,497.5709228515625,0,1.0,0.0,2023-02-19,2023-02-18,10.027688026428223,293.9617614746094,2023-02-20,0.0,0.0,2023-02-19,0.2598794400691986,1.0,"{""type"":""Point"",""coordinates"":[96.21377475586452,24.91740048777147]}"
799,40,0.4369058609008789,348.954345703125,2021-01-17,8.237226486206055,0,1.0,0.0,2021-01-17,2021-01-16,3.0156352519989014,293.0434265136719,2021-01-18,0.0,0.0,2021-01-17,0.14163334667682648,1.0,"{""type"":""Point"",""coordinates"":[89.32543821562324,23.62273736431647]}"
800,40,0.18529729545116425,128.6149139404297,2019-05-28,115.5445556640625,0,22.0,0.0,2019-05-28,2019-05-27,1.6225204467773438,309.9256896972656,2019-05-29,0.0,0.0,2019-05-28,0.25365257263183594,21.0,"{""type"":""Point"",""coordinates"":[94.92023563702483,22.35353964224165]}"
801,10,0.07195562869310379,291.94207763671875,2023-07-07,21.832942962646484,0,1.0,6.529999732971191,2023-07-07,2023-07-06,2.2999870777130127,301.8597412109375,2023-07-08,11.029999732971191,10.416666984558105,2023-07-07,0.41213226318359375,1.0,"{""type"":""Point"",""coordinates"":[91.75160747443776,24.322962347418667]}"
802,10,0.17630450427532196,106.41809844970703,2019-06-11,872.3121948242188,0,6.0,208.34999084472656,2019-06-11,2019-06-10,22.61899185180664,296.9969177246094,2019-06-12,8.959999084472656,12.5,2019-06-11,0.47544288635253906,5.0,"{""type"":""Point"",""coordinates"":[96.31549706174098,26.037235348571645]}"
803,80,-0.033476829528808594,-0.0,2022-09-03,0.0,0,0.0,0.0,2022-09-03,2022-09-02,0.0,0.0,2022-09-04,1.0499999523162842,0.0,2022-09-03,0.0,0.0,"{""type"":""Point"",""coordinates"":[90.34685900011799,21.715880776703177]}"
804,40,0.12833485007286072,145.26063537597656,2021-09-23,143.2550811767578,0,15.0,0.0,2021-09-23,2021-09-22,0.7857479453086853,298.0367431640625,2021-09-24,0.0,0.0,2021-09-23,0.31284651160240173,15.0,"{""type"":""Point"",""coordinates"":[92.28315623502434,26.86185058366084]}"
805,10,0.13249118626117706,174.2034454345703,2022-07-11,244.54676818847656,0,450.0,4023.0,2022-07-11,2022-07-10,19.465606689453125,301.2769470214844,2022-07-12,5.089999675750732,10.416666984558105,2022-07-11,0.4588591158390045,450.0,"{""type"":""Point"",""coordinates"":[90.64056737708306,25.69350204394001]}"
806,10,0.37968623638153076,147.1283416748047,2019-05-14,2075.012939453125,0,2.0,28.100000381469727,2019-05-14,2019-05-13,39.233829498291016,295.85125732421875,2019-05-15,1.2299998998641968,2.0833332538604736,2019-05-14,0.18611907958984375,2.0,"{""type"":""Point"",""coordinates"":[93.60312436660702,21.540804304141755]}"
807,80,-0.27961093187332153,-0.0,2022-06-15,0.0,0,0.0,0.0,2022-06-15,2022-06-14,0.0,0.0,2022-06-16,111.47000122070312,33.33333206176758,2022-06-15,0.0,0.0,"{""type"":""Point"",""coordinates"":[90.84960247023388,22.096753717200702]}"
808,0,-0.08261978626251221,-0.0,2022-03-05,0.0,0,0.0,0.0,2022-03-05,2022-03-04,0.0,0.0,2022-03-06,0.0,0.0,2022-03-05,0.0,0.0,"{""type"":""Point"",""coordinates"":[91.37302626281594,21.93592753287698]}"
809,10,0.12338599562644958,11.460345268249512,2020-03-12,1412.1416015625,0,4.0,3.5199999809265137,2020-03-12,2020-03-11,35.070716857910156,283.12811279296875,2020-03-13,0.0,0.0,2020-03-12,0.4270680844783783,4.0,"{""type"":""Point"",""coordinates"":[93.66301374073235,27.83809686695649]}"
810,100,0.08826576918363571,179.55050659179688,2019-11-21,4837.12158203125,0,3.0,0.0,2019-11-21,2019-11-20,7.0242509841918945,272.6087951660156,2019-11-22,0.0,0.0,2019-11-21,0.3081207275390625,2.0,"{""type"":""Point"",""coordinates"":[89.06582986965756,27.97987522903793]}"
811,40,0.3204697072505951,281.8439636230469,2019-05-30,10.265388488769531,0,5.0,0.0,2019-05-30,2019-05-29,4.246732711791992,304.0572814941406,2019-05-31,2.5299999713897705,6.25,2019-05-30,0.34949302673339844,5.0,"{""type"":""Point"",""coordinates"":[89.9436994095267,24.02550641306027]}"
812,10,0.1502232402563095,131.64276123046875,2023-10-18,1186.855712890625,0,1.0,1.7499998807907104,2023-10-18,2023-10-17,43.95317840576172,287.4893493652344,2023-10-19,0.7999999523162842,0.0,2023-10-18,0.44375863671302795,1.0,"{""type"":""Point"",""coordinates"":[96.47226232309181,27.83919291101976]}"
813,10,0.0566239096224308,309.55322265625,2019-03-17,2081.820556640625,0,4.0,8.59999942779541,2019-03-17,2019-03-16,26.637184143066406,283.7498474121094,2019-03-18,0.0,0.0,2019-03-17,0.3971080780029297,4.0,"{""type"":""Point"",""coordinates"":[89.23566114935012,27.139101501750325]}"
814,40,0.3378157913684845,329.76837158203125,2023-02-01,417.78387451171875,0,61241.0,0.0,2023-02-01,2023-01-31,1.3862098455429077,293.39251708984375,2023-02-02,0.009000000543892384,0.0,2023-02-01,0.27207884192466736,1.0,"{""type"":""Point"",""coordinates"":[97.31704675580652,22.62059081035389]}"
815,10,0.4204689562320709,22.15929412841797,2022-03-10,632.8663330078125,0,6.0,0.0,2022-03-10,2022-03-09,31.557497024536133,289.93853759765625,2022-03-11,0.0,0.0,2022-03-10,0.38106536865234375,6.0,"{""type"":""Point"",""coordinates"":[96.46303431384163,27.515062837687353]}"
816,40,0.30197542905807495,215.41860961914062,2019-06-16,16.759666442871094,0,2.0,69.47999572753906,2019-06-16,2019-06-15,1.613169550895691,302.7012939453125,2019-06-17,0.0,0.0,2019-06-16,0.38499006628990173,2.0,"{""type"":""Point"",""coordinates"":[89.37407280390163,24.764319668049637]}"
817,40,0.5557489991188049,82.44986724853516,2023-11-27,23.919540405273438,0,4.0,0.0,2023-11-27,2023-11-26,0.173520028591156,296.2357177734375,2023-11-28,0.6299999952316284,2.0833332538604736,2023-11-27,0.18666140735149384,1.0,"{""type"":""Point"",""coordinates"":[88.92066322265343,25.221270639407557]}"
818,10,0.07593408972024918,246.21261596679688,2019-02-18,2739.80859375,0,1206.0,24.119998931884766,2019-02-18,2019-02-17,3.68780517578125,272.440185546875,2019-02-19,2.569999933242798,2.0833332538604736,2019-02-18,0.334674209356308,1206.0,"{""type"":""Point"",""coordinates"":[96.14993700371637,29.18286467369433]}"
819,80,-0.04229053854942322,-0.0,2020-07-11,67.0,0,2.0,6.279999732971191,2020-07-11,2020-07-10,0.0,302.5763244628906,2020-07-12,0.1599999964237213,0.0,2020-07-11,0.4039726257324219,2.0,"{""type"":""Point"",""coordinates"":[96.02232158418249,22.267603062853315]}"
820,10,0.32338377833366394,344.1997375488281,2019-03-20,397.087158203125,0,1.0,20.239999771118164,2019-03-20,2019-03-19,17.092483520507812,296.62322998046875,2019-03-21,1.2599999904632568,2.0833332538604736,2019-03-20,0.3020305633544922,1.0,"{""type"":""Point"",""coordinates"":[96.84120797206305,25.518964797760464]}"
821,10,0.2679275870323181,121.87271118164062,2023-01-17,1315.48974609375,0,2.0,0.08999999612569809,2023-01-17,2023-01-16,42.53545379638672,284.274169921875,2023-01-18,0.03999999910593033,0.0,2023-01-17,0.3947652280330658,1.0,"{""type"":""Point"",""coordinates"":[95.46649734804976,26.6001993775752]}"
822,40,0.09210583567619324,262.2731018066406,2021-04-22,245.47608947753906,0,1.0,0.35999998450279236,2021-04-22,2021-04-21,3.0297229290008545,296.21527099609375,2021-04-23,1.459999918937683,0.0,2021-04-22,0.32049116492271423,1.0,"{""type"":""Point"",""coordinates"":[96.12239545194349,27.964715861460473]}"
823,10,0.3809828758239746,356.611328125,2019-02-22,930.925048828125,0,36.0,0.0,2019-02-22,2019-02-21,26.721343994140625,288.43695068359375,2019-02-23,0.0,0.0,2019-02-22,0.16136296093463898,1.0,"{""type"":""Point"",""coordinates"":[93.93055506481988,23.832798289464087]}"
824,30,0.13430377840995789,305.6861572265625,2022-11-23,4546.47998046875,0,1.0,0.0,2022-11-23,2022-11-22,37.939456939697266,272.94805908203125,2022-11-24,0.0,0.0,2022-11-23,0.3578732907772064,1.0,"{""type"":""Point"",""coordinates"":[89.79913984425681,28.134224950839286]}"
825,40,0.09746742993593216,202.40737915039062,2019-05-04,53.041351318359375,0,2.0,44.029998779296875,2019-05-04,2019-05-03,0.33311811089515686,299.1994934082031,2019-05-05,113.97999572753906,60.41666793823242,2019-05-04,0.49409928917884827,1.0,"{""type"":""Point"",""coordinates"":[92.2762728733531,26.35026106383909]}"
826,40,0.05587853491306305,186.98509216308594,2020-10-05,12.003466606140137,0,3.0,47.220001220703125,2020-10-05,2020-10-04,0.27952563762664795,302.2962341308594,2020-10-06,5.269999980926514,4.166666507720947,2020-10-05,0.3988545835018158,3.0,"{""type"":""Point"",""coordinates"":[88.97504057639962,24.66584015935353]}"
827,60,0.09737547487020493,21.59418296813965,2020-11-30,71.88198852539062,0,2.0,0.0,2020-11-30,2020-11-29,0.48029977083206177,293.4219055175781,2020-12-01,0.0,0.0,2020-11-30,0.1287282258272171,1.0,"{""type"":""Point"",""coordinates"":[88.10458749814042,26.45968622384373]}"
828,10,0.6567541360855103,333.7063293457031,2023-02-12,7.745096206665039,0,5.0,0.0,2023-02-12,2023-02-11,8.372779846191406,298.5920715332031,2023-02-13,0.0,0.0,2023-02-12,0.13854534924030304,1.0,"{""type"":""Point"",""coordinates"":[90.19095394917149,22.69616940648775]}"
829,30,0.0828951820731163,283.0004577636719,2023-07-31,4744.33349609375,0,1.0,3.1599998474121094,2023-07-31,2023-07-30,9.856635093688965,283.9200744628906,2023-08-01,5.690000057220459,12.5,2023-07-31,0.419403076171875,1.0,"{""type"":""Point"",""coordinates"":[92.26448124204595,28.777992571974664]}"
830,10,0.15186096727848053,146.5857391357422,2019-11-21,2419.864990234375,0,2.0,0.0,2019-11-21,2019-11-20,38.767024993896484,279.2633361816406,2019-11-22,0.0,0.0,2019-11-21,0.41532960534095764,2.0,"{""type"":""Point"",""coordinates"":[91.03855187378652,27.569112177000317]}"
831,40,0.34160518646240234,156.53982543945312,2019-12-02,7.358341217041016,0,1.0,0.006000000052154064,2019-12-02,2019-12-01,0.07819662988185883,295.9873046875,2019-12-03,0.0,0.0,2019-12-02,0.2508220672607422,1.0,"{""type"":""Point"",""coordinates"":[89.85186777436643,23.947702132511367]}"
832,60,0.033942557871341705,172.3835906982422,2019-12-22,5151.88427734375,0,3.0,0.0,2019-12-22,2019-12-21,29.79630470275879,268.73419189453125,2019-12-23,0.0,0.0,2019-12-22,0.12686030566692352,2.0,"{""type"":""Point"",""coordinates"":[92.15504189659914,28.037688888779325]}"
833,10,0.5322133302688599,326.1376647949219,2021-01-15,186.4893798828125,0,1.0,0.0,2021-01-15,2021-01-14,10.468379020690918,291.6489562988281,2021-01-16,0.0,0.0,2021-01-15,0.24605369567871094,1.0,"{""type"":""Point"",""coordinates"":[90.21825869540248,25.344239386995625]}"
834,40,0.02310885116457939,232.7954864501953,2021-07-26,768.867919921875,0,4.0,152.1999969482422,2021-07-26,2021-07-25,0.7463111877441406,297.83563232421875,2021-07-27,16.899999618530273,27.08333396911621,2021-07-26,0.40669503808021545,4.0,"{""type"":""Point"",""coordinates"":[93.85876029078003,24.598796022586637]}"
835,40,0.169465571641922,91.95113372802734,2019-04-20,108.60507202148438,0,1.0,0.26999998092651367,2019-04-20,2019-04-19,0.034500665962696075,296.4153137207031,2019-04-21,30.26999855041504,20.83333396911621,2019-04-20,0.45314979553222656,1.0,"{""type"":""Point"",""coordinates"":[94.94895214312717,27.682798653797217]}"
836,30,0.24249941110610962,324.54632568359375,2020-10-23,4294.64501953125,0,8.0,0.0,2020-10-23,2020-10-22,17.621349334716797,279.5453796386719,2020-10-24,0.0,0.0,2020-10-23,0.2613290250301361,1.0,"{""type"":""Point"",""coordinates"":[89.5160213077917,29.149246209738333]}"
837,40,0.2753135859966278,325.8294982910156,2019-01-16,12.56839370727539,0,2.0,0.0,2019-01-16,2019-01-15,0.7409890294075012,292.1260070800781,2019-01-17,0.0,0.0,2019-01-16,0.18100611865520477,2.0,"{""type"":""Point"",""coordinates"":[91.55749523350337,24.31433058471582]}"
838,10,0.42587947845458984,161.2946319580078,2021-02-17,504.2371826171875,0,6.0,0.0,2021-02-17,2021-02-16,10.360568046569824,291.3503112792969,2021-02-18,0.10999999940395355,0.0,2021-02-17,0.3300088346004486,6.0,"{""type"":""Point"",""coordinates"":[97.48296718203956,26.291673565446658]}"
839,40,0.053157512098550797,-0.0,2019-11-20,19.0,0,71.0,0.0,2019-11-20,2019-11-19,0.0,294.29095458984375,2019-11-21,0.0,0.0,2019-11-20,0.41511407494544983,2.0,"{""type"":""Point"",""coordinates"":[92.82453009419984,24.905017771286317]}"
840,10,0.7080878615379333,349.15692138671875,2020-03-19,117.68161010742188,0,1.0,0.0,2020-03-19,2020-03-18,34.89445114135742,296.0901794433594,2020-03-20,0.0,0.0,2020-03-19,0.1628265380859375,1.0,"{""type"":""Point"",""coordinates"":[92.55321103596907,24.101247630242725]}"
841,10,0.05399512127041817,272.85858154296875,2023-08-26,564.4122314453125,0,122.0,7418.81982421875,2023-08-26,2023-08-25,37.76695251464844,294.9350280761719,2023-08-27,26.549999237060547,27.08333396911621,2023-08-26,0.4599475860595703,122.0,"{""type"":""Point"",""coordinates"":[95.5737727741826,27.039943507600185]}"
842,40,0.28750380873680115,51.82989501953125,2022-01-22,2.138713836669922,0,3.0,0.0,2022-01-22,2022-01-21,0.10742980241775513,294.16510009765625,2022-01-23,0.0,0.0,2022-01-22,0.24295298755168915,1.0,"{""type"":""Point"",""coordinates"":[90.21732527556827,22.07533221186592]}"
843,10,0.20660120248794556,282.42169189453125,2019-07-06,622.7717895507812,0,3.0,3.7199997901916504,2019-07-06,2019-07-05,47.635337829589844,298.7467041015625,2019-07-07,109.62999725341797,41.66666793823242,2019-07-06,0.4614035189151764,1.0,"{""type"":""Point"",""coordinates"":[94.70560487924514,26.49968138324956]}"
844,10,0.3532295823097229,80.42975616455078,2022-04-29,5.955761909484863,0,1.0,0.0,2022-04-29,2022-04-28,3.8498244285583496,306.06048583984375,2022-04-30,7.37999963760376,4.166666507720947,2022-04-29,0.16377513110637665,1.0,"{""type"":""Point"",""coordinates"":[90.50125817051835,22.522336902309124]}"
845,10,0.5305941104888916,314.426513671875,2023-12-14,64.47432708740234,0,5.0,0.0,2023-12-14,2023-12-13,11.235383033752441,293.4971008300781,2023-12-15,0.0,0.0,2023-12-14,0.33047232031822205,5.0,"{""type"":""Point"",""coordinates"":[92.4235826409151,22.938783110425977]}"
846,40,0.06861747801303864,173.24034118652344,2021-08-23,77.78549194335938,0,8.0,0.0,2021-08-23,2021-08-22,0.3806507885456085,300.68182373046875,2021-08-24,0.0,0.0,2021-08-23,0.38600096106529236,8.0,"{""type"":""Point"",""coordinates"":[96.15015461170309,22.114563080370278]}"
847,30,0.18841925263404846,236.7315673828125,2019-05-21,4647.6181640625,0,1.0,0.0,2019-05-21,2019-05-20,22.358192443847656,275.8443603515625,2019-05-22,2.3899998664855957,6.25,2019-05-21,0.2778778076171875,1.0,"{""type"":""Point"",""coordinates"":[89.94832683485726,29.373038581579284]}"
848,40,-0.0028288960456848145,195.48208618164062,2020-08-13,1.8923026323318481,0,1.0,15.269999504089355,2020-08-13,2020-08-12,0.33123767375946045,302.14459228515625,2020-08-14,1.909999966621399,2.0833332538604736,2020-08-13,0.4033609926700592,1.0,"{""type"":""Point"",""coordinates"":[90.50282197574815,22.675415030365173]}"
849,10,0.5787834525108337,281.9266662597656,2022-11-19,1163.703857421875,0,5.0,0.0,2022-11-19,2022-11-18,59.665096282958984,289.0131530761719,2022-11-20,0.0,0.0,2022-11-19,0.2597618103027344,3.0,"{""type"":""Point"",""coordinates"":[89.43212116142499,26.91639583814164]}"
850,40,0.03954559937119484,175.24363708496094,2019-08-11,83.62122344970703,0,22.0,225.05999755859375,2019-08-11,2019-08-10,0.19819246232509613,301.3056640625,2019-08-12,0.0,0.0,2019-08-11,0.47032293677330017,22.0,"{""type"":""Point"",""coordinates"":[94.1399273059144,26.74326605092728]}"
851,60,0.20840834081172943,79.78483581542969,2023-10-04,19.331544876098633,0,3.0,93.93000030517578,2023-10-04,2023-10-03,1.8168760538101196,300.89837646484375,2023-10-05,154.489990234375,68.75,2023-10-04,0.42081961035728455,3.0,"{""type"":""Point"",""coordinates"":[88.71906035688971,24.964525114005813]}"
852,10,0.45534053444862366,63.17658233642578,2021-02-14,38.758724212646484,0,1.0,0.0,2021-02-14,2021-02-13,7.914906978607178,293.7667236328125,2021-02-15,0.0,0.0,2021-02-14,0.2684262692928314,1.0,"{""type"":""Point"",""coordinates"":[92.70099708377953,24.757410585607737]}"
853,30,0.023904472589492798,205.0657501220703,2023-03-17,4584.03076171875,0,2.0,0.0,2023-03-17,2023-03-16,28.554838180541992,273.8111572265625,2023-03-18,0.9199999570846558,0.0,2023-03-17,0.3799794614315033,2.0,"{""type"":""Point"",""coordinates"":[92.93185042367764,29.114444805388928]}"
854,20,0.588078498840332,252.5330810546875,2020-10-25,3905.6259765625,0,2.0,1.1799999475479126,2020-10-25,2020-10-24,23.3123836517334,282.0894470214844,2020-10-26,0.5299999713897705,0.0,2020-10-25,0.29090753197669983,2.0,"{""type"":""Point"",""coordinates"":[92.62306301482391,29.146921311772278]}"
855,100,-0.003343576565384865,136.00099182128906,2020-04-14,3346.588623046875,0,2.0,0.0,2020-04-14,2020-04-13,27.77260971069336,275.4046936035156,2020-04-15,1.149999976158142,2.0833332538604736,2020-04-14,0.4214414060115814,1.0,"{""type"":""Point"",""coordinates"":[95.60778521313942,29.049858646055448]}"
856,60,0.01692052185535431,79.22098541259766,2023-05-16,3917.79541015625,0,371.0,3.7099997997283936,2023-05-16,2023-05-15,4.292570114135742,279.9757385253906,2023-05-17,0.0,0.0,2023-05-16,0.3345082700252533,371.0,"{""type"":""Point"",""coordinates"":[89.78887937740299,29.24673839338836]}"
857,10,0.3431091904640198,46.92038345336914,2020-03-22,1034.9046630859375,0,1.0,0.14000000059604645,2020-03-22,2020-03-21,21.601972579956055,290.6490478515625,2020-03-23,0.0,0.0,2020-03-22,0.40262094140052795,1.0,"{""type"":""Point"",""coordinates"":[94.10236446546999,25.84223566695591]}"
858,10,0.5016977787017822,233.63204956054688,2023-11-03,1819.70556640625,0,1.0,0.0,2023-11-03,2023-11-02,25.03719139099121,284.5103759765625,2023-11-04,0.0,0.0,2023-11-03,0.3578268587589264,1.0,"{""type"":""Point"",""coordinates"":[92.64422258523558,27.436125559628515]}"
859,10,0.3419111371040344,149.97666931152344,2023-01-21,568.1660766601562,0,1.0,0.0,2023-01-21,2023-01-20,8.949666976928711,287.6384582519531,2023-01-22,0.0,0.0,2023-01-21,0.3914337158203125,1.0,"{""type"":""Point"",""coordinates"":[92.64773562509265,25.83429017250289]}"
860,10,0.6383528113365173,55.98917007446289,2021-11-30,127.3149185180664,0,5.0,0.0,2021-11-30,2021-11-29,21.5542049407959,293.89447021484375,2021-12-01,0.0,0.0,2021-11-30,0.2538719177246094,1.0,"{""type"":""Point"",""coordinates"":[92.14456718624838,23.945108533871938]}"
861,10,0.14196032285690308,102.37601470947266,2023-12-14,368.2886962890625,0,1.0,0.0,2023-12-14,2023-12-13,2.933872699737549,292.3827819824219,2023-12-15,0.0,0.0,2023-12-14,0.3846092224121094,1.0,"{""type"":""Point"",""coordinates"":[93.91344543906816,22.171499243733614]}"
862,30,0.08479119837284088,50.24188995361328,2022-04-18,4791.57275390625,0,11.0,38.38999938964844,2022-04-18,2022-04-17,4.472582817077637,272.44952392578125,2022-04-19,0.0,0.0,2022-04-18,0.3852284848690033,11.0,"{""type"":""Point"",""coordinates"":[91.31271646581168,28.431922467321076]}"
863,10,0.21129992604255676,67.2679672241211,2019-02-19,143.7169189453125,0,2084.0,1.5,2019-02-19,2019-02-18,0.8748475909233093,290.85443115234375,2019-02-20,0.0,0.0,2019-02-19,0.3595619201660156,1.0,"{""type"":""Point"",""coordinates"":[93.9086833378658,25.98938270782004]}"
864,40,0.4466943144798279,102.7691650390625,2020-11-25,128.21109008789062,0,1.0,0.0,2020-11-25,2020-11-24,0.3265549838542938,292.02947998046875,2020-11-26,0.0,0.0,2020-11-25,0.4412619173526764,1.0,"{""type"":""Point"",""coordinates"":[95.60432166333844,27.83511528013777]}"
865,40,0.42750364542007446,290.24176025390625,2022-03-14,58.2766227722168,0,1.0,0.0,2022-03-14,2022-03-13,0.47648078203201294,299.6520080566406,2022-03-15,0.0,0.0,2022-03-14,0.14562098681926727,1.0,"{""type"":""Point"",""coordinates"":[89.04330875497554,26.38320206648704]}"
866,10,0.13595892488956451,280.265869140625,2019-06-24,185.00531005859375,0,28.0,15.879999160766602,2019-06-24,2019-06-23,17.370134353637695,300.724365234375,2019-06-25,0.0,0.0,2019-06-24,0.36914506554603577,1.0,"{""type"":""Point"",""coordinates"":[92.70502748938691,21.685345879680643]}"
867,10,0.1705377697944641,176.80601501464844,2019-03-20,173.8874969482422,0,1.0,0.21000000834465027,2019-03-20,2019-03-19,3.193739652633667,297.7678527832031,2019-03-21,0.0,0.0,2019-03-20,0.26916375756263733,1.0,"{""type"":""Point"",""coordinates"":[94.80148944300498,24.644750225416402]}"
868,10,0.21440017223358154,14.808743476867676,2021-03-29,222.81578063964844,0,3.0,1.649999976158142,2021-03-29,2021-03-28,2.1369643211364746,297.4394226074219,2021-03-30,0.0,0.0,2021-03-29,0.2194843292236328,3.0,"{""type"":""Point"",""coordinates"":[96.80483698437165,26.456411552865834]}"
869,10,-0.022582408040761948,254.89987182617188,2021-09-23,806.7402954101562,0,2.0,6.359999656677246,2021-09-23,2021-09-22,25.515485763549805,296.53009033203125,2021-09-24,0.0,0.0,2021-09-23,0.451495498418808,2.0,"{""type"":""Point"",""coordinates"":[94.29880491316159,24.42642573751273]}"
870,40,0.4444717764854431,334.56884765625,2022-09-29,163.12156677246094,0,310.0,0.0,2022-09-29,2022-09-28,0.4509354531764984,302.3617248535156,2022-09-30,0.38999998569488525,0.0,2022-09-29,0.4700355529785156,310.0,"{""type"":""Point"",""coordinates"":[95.50197795485809,23.258784892348622]}"
871,40,0.10399435460567474,165.3066864013672,2023-09-11,7.140230655670166,0,11.0,32.22999954223633,2023-09-11,2023-09-10,0.4148232340812683,304.2294616699219,2023-09-12,2.359999895095825,0.0,2023-09-11,0.38306427001953125,11.0,"{""type"":""Point"",""coordinates"":[89.4920545126243,24.032451972455654]}"
872,10,0.8284620642662048,145.107666015625,2023-10-23,366.9163818359375,0,2.0,22.479999542236328,2023-10-23,2023-10-22,7.2968831062316895,296.84783935546875,2023-10-24,61.56999969482422,43.75,2023-10-23,0.4064737856388092,1.0,"{""type"":""Point"",""coordinates"":[93.14571044854162,21.50992937386177]}"
873,60,0.019959548488259315,88.01301574707031,2022-03-24,5205.73486328125,0,2.0,22.01999855041504,2022-03-24,2022-03-23,34.41274642944336,271.3877868652344,2022-03-25,2.1399998664855957,0.0,2022-03-24,0.35906919836997986,2.0,"{""type"":""Point"",""coordinates"":[88.95045215604412,27.893278116470928]}"
874,10,0.05638255551457405,215.99856567382812,2023-03-10,1723.178466796875,0,5.0,0.0,2023-03-10,2023-03-09,40.68775177001953,287.8589172363281,2023-03-11,0.0,0.0,2023-03-10,0.3378194272518158,1.0,"{""type"":""Point"",""coordinates"":[91.00671854317243,26.98771382577202]}"
875,10,0.16142001748085022,241.3837127685547,2020-11-03,1462.8958740234375,0,1.0,12.25999927520752,2020-11-03,2020-11-02,33.65578842163086,293.30377197265625,2020-11-04,4.150000095367432,8.333333015441895,2020-11-03,0.4183616638183594,1.0,"{""type"":""Point"",""coordinates"":[93.1853908256345,22.999947537328094]}"
876,40,0.03423381596803665,175.95730590820312,2021-01-02,15.278701782226562,0,1.0,0.0020000000949949026,2021-01-02,2021-01-01,2.707387685775757,293.44000244140625,2021-01-03,0.0,0.0,2021-01-02,0.15038299560546875,1.0,"{""type"":""Point"",""coordinates"":[90.19284043615167,24.772366033022777]}"
877,10,0.09251508861780167,171.44180297851562,2023-10-18,3536.388671875,0,110.0,163.64999389648438,2023-10-18,2023-10-17,21.74073600769043,280.3442687988281,2023-10-19,17.719999313354492,20.83333396911621,2023-10-18,0.3814868927001953,15.0,"{""type"":""Point"",""coordinates"":[88.78143491227296,27.358905814549008]}"
878,100,0.038188908249139786,347.5086669921875,2021-07-01,5206.01708984375,0,8.0,47.599998474121094,2021-07-01,2021-06-30,14.162290573120117,283.7274475097656,2021-07-02,44.05799865722656,54.16666793823242,2021-07-01,0.3301715850830078,8.0,"{""type"":""Point"",""coordinates"":[92.49522714700825,29.362654555346722]}"
879,10,0.09143701940774918,42.633201599121094,2020-09-28,1788.9656982421875,0,2.0,60.279998779296875,2020-09-28,2020-09-27,26.156625747680664,294.5758361816406,2020-09-29,0.3700000047683716,0.0,2020-09-28,0.4163576662540436,2.0,"{""type"":""Point"",""coordinates"":[93.66579891292824,22.284039557132214]}"
880,30,0.10632328689098358,257.94091796875,2021-10-24,4836.2265625,0,6.0,0.0,2021-10-24,2021-10-23,8.121729850769043,275.8476867675781,2021-10-25,0.0,0.0,2021-10-24,0.3348121643066406,6.0,"{""type"":""Point"",""coordinates"":[88.65360714934249,28.538637846096712]}"
881,10,0.09895692020654678,171.062744140625,2019-09-06,1339.90185546875,0,3.0,17.69999885559082,2019-09-06,2019-09-05,31.809465408325195,296.3445739746094,2019-09-07,39.369998931884766,20.83333396911621,2019-09-06,0.47654595971107483,1.0,"{""type"":""Point"",""coordinates"":[93.13921105082724,27.104183788536538]}"
882,10,0.010697646997869015,6.741504669189453,2021-03-17,2592.57763671875,0,1.0,0.0,2021-03-17,2021-03-16,40.69229507446289,282.60162353515625,2021-03-18,2.119999885559082,2.0833332538604736,2021-03-17,0.41974639892578125,1.0,"{""type"":""Point"",""coordinates"":[93.37619972368793,27.538594093117872]}"
883,30,0.21645154058933258,54.05455780029297,2023-03-28,202.1754913330078,0,1.0,0.0,2023-03-28,2023-03-27,5.251346588134766,303.9668273925781,2023-03-29,0.0,0.0,2023-03-28,0.2757905423641205,1.0,"{""type"":""Point"",""coordinates"":[95.61716191235645,23.174823923631156]}"
884,10,0.7630331516265869,90.94539642333984,2022-01-12,1106.8377685546875,0,8.0,3.1999998092651367,2022-01-12,2022-01-11,18.65542984008789,286.4703674316406,2022-01-13,1.25,2.0833332538604736,2022-01-12,0.21132977306842804,8.0,"{""type"":""Point"",""coordinates"":[93.60960499940575,23.144057637872276]}"
885,10,0.02173432894051075,290.5713195800781,2023-07-09,286.7406005859375,0,138.0,119.37999725341797,2023-07-09,2023-07-08,21.524415969848633,300.55206298828125,2023-07-10,8.769999504089355,14.583333015441895,2023-07-09,0.4878285825252533,127.0,"{""type"":""Point"",""coordinates"":[93.67077928375984,26.205113278190193]}"
886,10,-0.025026854127645493,245.26492309570312,2022-06-29,2068.4833984375,0,6.0,74.76000213623047,2022-06-29,2022-06-28,30.958467483520508,292.18402099609375,2022-06-30,9.639999389648438,10.416666984558105,2022-06-29,0.4907747805118561,4.0,"{""type"":""Point"",""coordinates"":[94.0410247850992,25.628952617961854]}"
887,70,-0.018485259264707565,340.8839111328125,2022-01-17,4758.896484375,0,2.0,0.0,2022-01-17,2022-01-16,40.81121826171875,275.13116455078125,2022-01-18,0.0,0.0,2022-01-17,0.35030999779701233,1.0,"{""type"":""Point"",""coordinates"":[95.80651756407016,29.42413866867035]}"
888,10,0.04644062742590904,76.21326446533203,2019-09-15,2564.4501953125,0,2.0,7.319999694824219,2019-09-15,2019-09-14,40.374210357666016,291.786865234375,2019-09-16,3.369999885559082,4.166666507720947,2019-09-15,0.4398040771484375,1.0,"{""type"":""Point"",""coordinates"":[92.48265801573245,27.273525000538342]}"
889,10,0.03680678829550743,154.773681640625,2022-07-20,469.8805236816406,0,3.0,0.0,2022-07-20,2022-07-19,7.765891075134277,301.34930419921875,2022-07-21,27.389999389648438,16.66666603088379,2022-07-20,0.46360015869140625,2.0,"{""type"":""Point"",""coordinates"":[94.87743034643917,23.27025665116709]}"
890,10,0.7050648927688599,202.35337829589844,2023-02-17,128.68409729003906,0,1.0,0.0,2023-02-17,2023-02-16,0.5975011587142944,297.47412109375,2023-02-18,0.0,0.0,2023-02-17,0.13834254443645477,1.0,"{""type"":""Point"",""coordinates"":[96.58179300218609,24.43523741519034]}"
891,30,0.06731381267309189,5.546669960021973,2023-11-17,4208.48876953125,0,4.0,0.0,2023-11-17,2023-11-16,16.501230239868164,274.7030029296875,2023-11-18,0.0,0.0,2023-11-17,0.23391342163085938,4.0,"{""type"":""Point"",""coordinates"":[89.12843284408639,29.07622838458839]}"
892,10,0.010126934386789799,135.68011474609375,2022-06-20,3603.50830078125,0,3.0,0.0,2022-06-20,2022-06-19,38.39509582519531,283.15521240234375,2022-06-21,0.0,0.0,2022-06-20,0.4082120358943939,3.0,"{""type"":""Point"",""coordinates"":[97.44805972450457,28.733359712937126]}"
893,10,0.5252054929733276,37.12984848022461,2022-01-28,10.116752624511719,0,8.0,0.0,2022-01-28,2022-01-27,5.969098091125488,292.3589782714844,2022-01-29,0.0,0.0,2022-01-28,0.2394205778837204,8.0,"{""type"":""Point"",""coordinates"":[90.32384941237649,23.122222727767912]}"
894,10,0.27897223830223083,336.5088806152344,2023-07-17,421.0322265625,0,2.0,36.7599983215332,2023-07-17,2023-07-16,5.953756809234619,299.9131164550781,2023-07-18,7.860000133514404,14.583333015441895,2023-07-17,0.48858705163002014,2.0,"{""type"":""Point"",""coordinates"":[94.20637992273997,21.83504363779201]}"
895,10,0.3112994432449341,13.341559410095215,2020-11-27,246.191650390625,0,2.0,7.579999923706055,2020-11-27,2020-11-26,40.02094268798828,291.74566650390625,2020-11-28,27.350000381469727,20.83333396911621,2020-11-27,0.20550282299518585,2.0,"{""type"":""Point"",""coordinates"":[93.80106078725402,27.08586698693337]}"
896,40,0.06190866976976395,32.04315185546875,2019-04-01,17.678970336914062,0,1.0,92.13999938964844,2019-04-01,2019-03-31,0.49064117670059204,298.5333557128906,2019-04-02,15.057000160217285,25.0,2019-04-01,0.34305891394615173,1.0,"{""type"":""Point"",""coordinates"":[92.728322972866,24.8793968263852]}"
897,30,0.024278242141008377,133.4857940673828,2019-06-03,4900.18701171875,0,8.0,6.559999942779541,2019-06-03,2019-06-02,10.145556449890137,283.2069091796875,2019-06-04,0.3199999928474426,0.0,2019-06-03,0.2823403775691986,8.0,"{""type"":""Point"",""coordinates"":[89.40962563538365,28.852285614385167]}"
898,80,0.014034911058843136,347.98492431640625,2022-10-16,55.24836349487305,0,15.0,0.0,2022-10-16,2022-10-15,0.5714814066886902,298.83428955078125,2022-10-17,0.0,0.0,2022-10-16,0.37141481041908264,1.0,"{""type"":""Point"",""coordinates"":[89.01283488657835,26.209218439889078]}"
899,10,0.07182171940803528,153.0857696533203,2022-05-26,321.0010986328125,0,12.0,213.72000122070312,2022-05-26,2022-05-25,10.101679801940918,298.3373107910156,2022-05-27,1.0399999618530273,2.0833332538604736,2022-05-26,0.368792861700058,12.0,"{""type"":""Point"",""coordinates"":[91.00250828458584,26.802820709319384]}"
900,95,0.4354422986507416,169.0084686279297,2021-04-28,4.382343769073486,0,2.0,0.14999999105930328,2021-04-28,2021-04-27,2.777378797531128,307.2665710449219,2021-04-29,0.0,0.0,2021-04-28,0.1992848664522171,1.0,"{""type"":""Point"",""coordinates"":[89.2390639176888,22.00801396967025]}"
901,10,0.7601234912872314,332.9169921875,2021-12-26,2268.03076171875,0,1.0,2.2699999809265137,2021-12-26,2021-12-25,31.07431411743164,277.7770690917969,2021-12-27,0.18000000715255737,0.0,2021-12-26,0.34983697533607483,1.0,"{""type"":""Point"",""coordinates"":[90.23546896937017,27.179306455923488]}"
902,40,0.26590877771377563,326.2254638671875,2019-02-19,22.815279006958008,0,1.0,0.0,2019-02-19,2019-02-18,6.680663108825684,294.35174560546875,2019-02-20,0.0,0.0,2019-02-19,0.2147846221923828,1.0,"{""type"":""Point"",""coordinates"":[91.95683877778389,24.658366626550343]}"
903,10,0.07119754701852798,129.52682495117188,2019-04-16,164.07382202148438,0,2.0,59.19999694824219,2019-04-16,2019-04-15,5.021121501922607,298.2886657714844,2019-04-17,0.04999999701976776,0.0,2019-04-16,0.4340578615665436,2.0,"{""type"":""Point"",""coordinates"":[97.31194737749884,25.607582412899653]}"
904,10,0.7125664949417114,60.99270248413086,2019-12-27,281.4564208984375,0,256.0,5.119999885559082,2019-12-27,2019-12-26,8.082998275756836,288.534912109375,2019-12-28,5.670000076293945,12.5,2019-12-27,0.3227132260799408,256.0,"{""type"":""Point"",""coordinates"":[93.21842770488416,25.549185964748343]}"
905,10,0.26926708221435547,239.2209930419922,2021-05-21,14.70892333984375,0,1.0,18.65999984741211,2021-05-21,2021-05-20,6.079000949859619,302.1675720214844,2021-05-22,0.0,0.0,2021-05-21,0.40271249413490295,1.0,"{""type"":""Point"",""coordinates"":[91.60308518925048,24.534934701305136]}"
906,40,0.13799145817756653,296.2998352050781,2023-05-28,12.568138122558594,0,9.0,1.0799999237060547,2023-05-28,2023-05-27,0.42098063230514526,300.83929443359375,2023-05-29,0.0,0.0,2023-05-28,0.41732850670814514,9.0,"{""type"":""Point"",""coordinates"":[89.54038142036113,24.63266161525488]}"
907,10,0.5232409834861755,358.54071044921875,2021-03-31,33.69327926635742,0,39.0,4596.9296875,2021-03-31,2021-03-30,2.3078994750976562,296.0423278808594,2021-04-01,26.349998474121094,8.333333015441895,2021-03-31,0.3397286832332611,39.0,"{""type"":""Point"",""coordinates"":[92.66746035729041,24.56443426868066]}"
908,10,0.24763472378253937,156.43577575683594,2020-04-16,139.14398193359375,0,1.0,1.8399999141693115,2020-04-16,2020-04-15,7.3799238204956055,304.6497802734375,2020-04-17,4.190000057220459,4.166666507720947,2020-04-16,0.1285839080810547,1.0,"{""type"":""Point"",""coordinates"":[96.25631490943401,24.002419764692068]}"
909,10,0.2526455819606781,265.6040954589844,2021-10-25,2098.900634765625,0,1.0,3.609999895095825,2021-10-25,2021-10-24,9.095834732055664,281.2632141113281,2021-10-26,3.549999952316284,8.333333015441895,2021-10-25,0.3926982879638672,1.0,"{""type"":""Point"",""coordinates"":[96.66405663416997,28.911184403589644]}"
910,10,0.22783787548542023,183.33676147460938,2020-04-29,358.9397277832031,0,1.0,20.979999542236328,2020-04-29,2020-04-28,11.543583869934082,294.8924560546875,2020-04-30,7.649999618530273,16.66666603088379,2020-04-29,0.4704570770263672,1.0,"{""type"":""Point"",""coordinates"":[93.34085462802183,25.544134155747127]}"
911,10,0.8212609887123108,202.25880432128906,2021-01-26,395.6141357421875,0,6.0,0.0,2021-01-26,2021-01-25,20.20490837097168,291.0274353027344,2021-01-27,0.0,0.0,2021-01-26,0.31014442443847656,2.0,"{""type"":""Point"",""coordinates"":[95.9339049000876,25.838369820009177]}"
912,40,0.20297670364379883,19.272138595581055,2021-03-24,31.505874633789062,0,1.0,0.0,2021-03-24,2021-03-23,2.2307209968566895,303.19110107421875,2021-03-25,0.2199999988079071,0.0,2021-03-24,0.13539759814739227,1.0,"{""type"":""Point"",""coordinates"":[88.44004916997405,24.567262456026892]}"
913,40,0.1370536983013153,224.66912841796875,2022-01-22,12.138396263122559,0,4.0,0.0,2022-01-22,2022-01-21,0.43845123052597046,292.10601806640625,2022-01-23,1.1399999856948853,0.0,2022-01-22,0.2158184051513672,2.0,"{""type"":""Point"",""coordinates"":[88.87546384011675,24.75081394592268]}"
914,10,0.18539085984230042,65.20757293701172,2023-05-05,178.04632568359375,0,2.0,9.489999771118164,2023-05-05,2023-05-04,19.280380249023438,301.9576721191406,2023-05-06,0.8700000047683716,0.0,2023-05-05,0.28922080993652344,1.0,"{""type"":""Point"",""coordinates"":[96.47491700774694,24.566587536840835]}"
915,100,0.04193736985325813,61.780426025390625,2020-11-17,3938.111083984375,0,1.0,1.869999885559082,2020-11-17,2020-11-16,41.78247833251953,276.6069641113281,2020-11-18,3.9599997997283936,10.416666984558105,2020-11-17,0.3574542999267578,1.0,"{""type"":""Point"",""coordinates"":[95.46190537573966,29.15694587941886]}"
916,40,0.4407442510128021,173.86839294433594,2023-11-02,2.505370616912842,0,4.0,0.11999999731779099,2023-11-02,2023-11-01,0.27204179763793945,301.3292236328125,2023-11-03,0.0,0.0,2023-11-02,0.2650012969970703,4.0,"{""type"":""Point"",""coordinates"":[88.67963701193632,22.047054492471133]}"
917,10,0.5932714939117432,107.96760559082031,2020-02-05,461.380615234375,0,3.0,0.0,2020-02-05,2020-02-04,23.823909759521484,286.765869140625,2020-02-06,0.0,0.0,2020-02-05,0.3942311704158783,3.0,"{""type"":""Point"",""coordinates"":[91.56020503295865,25.852069865858233]}"
918,10,0.011960353702306747,82.31424713134766,2020-07-23,246.3473663330078,0,13.0,77.61000061035156,2020-07-23,2020-07-22,2.3647983074188232,299.4595031738281,2020-07-24,4.619999885559082,6.25,2020-07-23,0.4918937683105469,13.0,"{""type"":""Point"",""coordinates"":[95.3023914049796,23.99305657681782]}"
919,10,0.19848760962486267,204.21038818359375,2020-04-30,59.00875473022461,0,1.0,4.279999732971191,2020-04-30,2020-04-29,3.639371871948242,299.5843505859375,2020-05-01,0.15000000596046448,0.0,2020-04-30,0.4305330812931061,1.0,"{""type"":""Point"",""coordinates"":[92.22644012162442,26.263409686225373]}"
920,10,-0.04808961972594261,9.565884590148926,2022-07-08,125.3655776977539,0,1.0,2.129999876022339,2022-07-08,2022-07-07,2.478677749633789,302.6025390625,2022-07-09,109.79999542236328,54.16666793823242,2022-07-08,0.35547319054603577,1.0,"{""type"":""Point"",""coordinates"":[88.3677807638696,26.707094433053108]}"
921,10,0.320867657661438,341.5060729980469,2020-12-24,2874.74609375,0,3.0,0.0,2020-12-24,2020-12-23,40.29240036010742,278.7065734863281,2020-12-25,0.04999999701976776,0.0,2020-12-24,0.4045124053955078,3.0,"{""type"":""Point"",""coordinates"":[88.58600134876953,27.626106532652074]}"
922,10,0.2879326343536377,258.56689453125,2019-05-15,1268.262451171875,0,3.0,2.0199999809265137,2019-05-15,2019-05-14,30.35175132751465,298.6917419433594,2019-05-16,1.6100000143051147,2.0833332538604736,2019-05-15,0.2815144956111908,1.0,"{""type"":""Point"",""coordinates"":[97.07078725089241,23.39155048993953]}"
923,10,0.39418840408325195,37.85338592529297,2023-12-18,98.65426635742188,0,2.0,0.0,2023-12-18,2023-12-17,2.882939100265503,291.71478271484375,2023-12-19,0.0,0.0,2023-12-18,0.38908958435058594,2.0,"{""type"":""Point"",""coordinates"":[94.65093765766603,26.892396286452385]}"
924,80,0.5872137546539307,88.446044921875,2019-02-15,17.699905395507812,0,1.0,0.029999999329447746,2019-02-15,2019-02-14,0.06516917794942856,295.88897705078125,2019-02-16,5.189999580383301,10.416666984558105,2019-02-15,0.1522083282470703,1.0,"{""type"":""Point"",""coordinates"":[89.66765504305053,25.03980181595897]}"
925,100,0.18550324440002441,320.78302001953125,2021-12-25,5141.822265625,0,4.0,0.0,2021-12-25,2021-12-24,4.113921165466309,271.2208557128906,2021-12-26,0.009999999776482582,0.0,2021-12-25,0.32921791076660156,4.0,"{""type"":""Point"",""coordinates"":[92.08915551665004,29.427710168825296]}"
926,10,0.049530815333127975,-0.0,2020-09-04,39.0,0,70029.0,0.0,2020-09-04,2020-09-03,0.0,299.1298828125,2020-09-05,0.0,0.0,2020-09-04,0.39978981018066406,1.0,"{""type"":""Point"",""coordinates"":[92.84119288568525,22.146620372492492]}"
927,10,0.04598822072148323,277.2100830078125,2021-02-02,3003.543701171875,0,20.0,4.172999858856201,2021-02-02,2021-02-01,28.09187126159668,275.1999206542969,2021-02-03,0.7799999713897705,0.0,2021-02-02,0.3889058530330658,1.0,"{""type"":""Point"",""coordinates"":[94.20837254846634,28.641439894242314]}"
928,60,0.008041377179324627,292.9259338378906,2022-06-05,4705.123046875,0,307.0,0.0,2022-06-05,2022-06-04,1.6388047933578491,283.9117126464844,2022-06-06,6.9599995613098145,10.416666984558105,2022-06-05,0.35739263892173767,5.0,"{""type"":""Point"",""coordinates"":[90.35058982137167,28.741747448556133]}"
929,30,0.012081362307071686,89.0473861694336,2022-06-02,3310.43212890625,0,7.0,2.4220001697540283,2022-06-02,2022-06-01,35.52116012573242,270.916015625,2022-06-03,0.0,0.0,2022-06-02,0.4292958676815033,7.0,"{""type"":""Point"",""coordinates"":[88.5192126489855,27.75843814007426]}"
930,10,0.048758454620838165,268.7284240722656,2023-08-18,664.6339111328125,0,1.0,3.7199997901916504,2023-08-18,2023-08-17,35.107765197753906,298.2926330566406,2023-08-19,0.0,0.0,2023-08-18,0.4107106626033783,1.0,"{""type"":""Point"",""coordinates"":[93.20971678280227,24.221972181901016]}"
931,40,0.3506537079811096,80.07907104492188,2019-09-18,29.898195266723633,0,1.0,16.959999084472656,2019-09-18,2019-09-17,0.27301156520843506,300.5318603515625,2019-09-19,0.0,0.0,2019-09-18,0.41093698143959045,1.0,"{""type"":""Point"",""coordinates"":[88.81443635534401,25.462418463984736]}"
932,10,0.2031273990869522,247.14163208007812,2022-08-02,321.7917175292969,0,3.0,97.11599731445312,2022-08-02,2022-08-01,32.258113861083984,300.8435974121094,2022-08-03,55.23999786376953,25.0,2022-08-02,0.444854736328125,3.0,"{""type"":""Point"",""coordinates"":[94.26590194970835,23.224740819800004]}"
933,10,0.3618517816066742,135.87210083007812,2023-01-31,100.40396118164062,0,4.0,0.0,2023-01-31,2023-01-30,2.7465286254882812,292.7605895996094,2023-02-01,3.379999876022339,2.0833332538604736,2023-01-31,0.27587446570396423,2.0,"{""type"":""Point"",""coordinates"":[93.96705073123233,26.48952642320243]}"
934,60,-0.031349554657936096,319.18133544921875,2020-01-21,5338.48779296875,0,1.0,0.0,2020-01-21,2020-01-20,29.9783992767334,264.2256774902344,2020-01-22,0.0,0.0,2020-01-21,0.3302523195743561,1.0,"{""type"":""Point"",""coordinates"":[92.64590095344492,29.353312782497483]}"
935,10,0.431478887796402,169.04737854003906,2021-02-28,287.4920654296875,0,862.0,896.47998046875,2021-02-28,2021-02-27,5.411345481872559,293.9552917480469,2021-03-01,0.0,0.0,2021-02-28,0.26972517371177673,862.0,"{""type"":""Point"",""coordinates"":[93.68831416190439,26.215204953451487]}"
936,10,0.30753347277641296,214.1902618408203,2023-02-15,1897.9412841796875,0,2.0,0.0,2023-02-15,2023-02-14,37.45515060424805,288.2685852050781,2023-02-16,1.1299999952316284,0.0,2023-02-15,0.3615550994873047,2.0,"{""type"":""Point"",""coordinates"":[97.27210481038144,26.602512842938705]}"
937,10,0.887448787689209,337.5616760253906,2022-11-18,1129.847412109375,0,174.0,0.0,2022-11-18,2022-11-17,11.496668815612793,284.28985595703125,2022-11-19,0.0,0.0,2022-11-18,0.3293050229549408,5.0,"{""type"":""Point"",""coordinates"":[97.27023050525453,27.14967791555524]}"
938,30,0.06345170736312866,139.66673278808594,2020-08-23,3951.015380859375,0,43.0,107.41999816894531,2020-08-23,2020-08-22,33.19140625,285.98760986328125,2020-08-24,0.47999998927116394,0.0,2020-08-23,0.343334823846817,41.0,"{""type"":""Point"",""coordinates"":[91.2578307669277,29.386649784652775]}"
939,10,0.09235872328281403,160.28317260742188,2019-05-31,223.21849060058594,0,27.0,7.289999961853027,2019-05-31,2019-05-30,2.174931526184082,300.1705322265625,2019-06-01,5.289999961853027,10.416666984558105,2019-05-31,0.43959298729896545,27.0,"{""type"":""Point"",""coordinates"":[95.73864158223289,27.264796369844017]}"
940,10,0.15370841324329376,52.54595184326172,2021-04-10,161.8725128173828,0,3.0,0.0,2021-04-10,2021-04-09,13.757633209228516,300.72137451171875,2021-04-11,0.0,0.0,2021-04-10,0.2588571012020111,3.0,"{""type"":""Point"",""coordinates"":[95.34548056058883,24.876455709856142]}"
941,10,0.05713248997926712,157.09510803222656,2023-02-11,3023.191162109375,0,1.0,0.0,2023-02-11,2023-02-10,25.12066650390625,277.0085144042969,2023-02-12,3.359999895095825,2.0833332538604736,2023-02-11,0.4253711700439453,1.0,"{""type"":""Point"",""coordinates"":[88.44249493758441,27.453268200903196]}"
942,10,0.36920469999313354,175.52503967285156,2019-11-03,70.30293273925781,0,1.0,0.0,2019-11-03,2019-11-02,4.0585455894470215,298.00921630859375,2019-11-04,0.0,0.0,2019-11-03,0.2748686373233795,1.0,"{""type"":""Point"",""coordinates"":[88.5851207238669,26.217053695495064]}"
943,10,0.21149089932441711,225.9215545654297,2019-02-26,40.494327545166016,0,2.0,52.41999816894531,2019-02-26,2019-02-25,11.555610656738281,295.1841125488281,2019-02-27,53.21999740600586,56.25,2019-02-26,0.25002798438072205,1.0,"{""type"":""Point"",""coordinates"":[92.0791676358355,22.82978136311564]}"
944,30,0.012927766889333725,224.08526611328125,2020-05-25,4731.89697265625,0,3.0,3.9599997997283936,2020-05-25,2020-05-24,23.858903884887695,272.34710693359375,2020-05-26,5.689999580383301,14.583333015441895,2020-05-25,0.4282054901123047,3.0,"{""type"":""Point"",""coordinates"":[89.46618660198304,27.96206622887476]}"
945,40,0.20761966705322266,127.55903625488281,2023-11-08,140.7888946533203,0,1759.0,0.0,2023-11-08,2023-11-07,2.077399492263794,295.1102600097656,2023-11-09,0.0,0.0,2023-11-08,0.3059558868408203,2.0,"{""type"":""Point"",""coordinates"":[95.8097682714634,27.89618679226265]}"
946,60,0.005577072035521269,98.97193145751953,2022-06-18,5925.71044921875,0,1.0,0.019999999552965164,2022-06-18,2022-06-17,24.664398193359375,272.6138916015625,2022-06-19,4.119999885559082,8.333333015441895,2022-06-18,0.37452951073646545,1.0,"{""type"":""Point"",""coordinates"":[90.07769618365951,28.21717078740029]}"
947,30,0.17033334076404572,218.50962829589844,2020-10-24,4613.9921875,0,1.0,0.0,2020-10-24,2020-10-23,24.454803466796875,280.56646728515625,2020-10-25,0.0,0.0,2020-10-24,0.2413686066865921,1.0,"{""type"":""Point"",""coordinates"":[88.80962863432188,29.081752999124273]}"
948,40,0.21291716396808624,53.63508605957031,2023-10-24,141.04428100585938,0,21.0,999.5999755859375,2023-10-24,2023-10-23,0.6737831830978394,300.74957275390625,2023-10-25,27.239999771118164,18.75,2023-10-24,0.44251886010169983,21.0,"{""type"":""Point"",""coordinates"":[95.53226077300938,21.656992952255354]}"
949,10,0.35747861862182617,157.60740661621094,2019-05-27,320.3660583496094,0,7.0,0.0,2019-05-27,2019-05-26,17.898990631103516,304.6217041015625,2019-05-28,0.0,0.0,2019-05-27,0.32093939185142517,7.0,"{""type"":""Point"",""coordinates"":[94.68262532505037,23.602666295621336]}"
950,10,0.054471082985401154,19.72201919555664,2022-09-17,792.3195190429688,0,16.0,3.43999981880188,2022-09-17,2022-09-16,18.627683639526367,295.50006103515625,2022-09-18,0.0,0.0,2022-09-17,0.4756692349910736,1.0,"{""type"":""Point"",""coordinates"":[92.24648250047703,25.257686345106507]}"
951,30,0.002138427458703518,234.0101776123047,2021-06-27,4157.32275390625,0,3.0,6.840000152587891,2021-06-27,2021-06-26,34.23517990112305,283.86114501953125,2021-06-28,4.380000114440918,6.25,2021-06-27,0.41237321496009827,2.0,"{""type"":""Point"",""coordinates"":[90.21193849013927,27.725692548520577]}"
952,30,0.1650630682706833,101.31725311279297,2020-08-30,824.23095703125,0,4.0,0.3700000047683716,2020-08-30,2020-08-29,30.292627334594727,296.5484619140625,2020-08-31,1.8899999856948853,2.0833332538604736,2020-08-30,0.40861383080482483,1.0,"{""type"":""Point"",""coordinates"":[93.04106281590072,23.842306087062894]}"
953,10,0.04995214194059372,196.11119079589844,2020-08-07,339.0673828125,0,1.0,0.5699999332427979,2020-08-07,2020-08-06,11.58337116241455,299.6528625488281,2020-08-08,0.6100000143051147,0.0,2020-08-07,0.48658180236816406,1.0,"{""type"":""Point"",""coordinates"":[94.8555643049935,23.156696422477914]}"
954,10,0.5754093527793884,111.44734954833984,2022-11-29,11.206978797912598,0,3.0,0.0,2022-11-29,2022-11-28,2.207662343978882,298.1844482421875,2022-11-30,0.0,0.0,2022-11-29,0.11928939819335938,3.0,"{""type"":""Point"",""coordinates"":[90.52254411790166,23.54381735513653]}"
955,40,0.26431816816329956,132.08677673339844,2021-10-03,22.774507522583008,0,128.0,138.239990234375,2021-10-03,2021-10-02,1.896986484527588,302.19232177734375,2021-10-04,181.55999755859375,56.25,2021-10-03,0.34788069128990173,128.0,"{""type"":""Point"",""coordinates"":[89.54208913378937,25.453776880821238]}"
956,40,0.3056783080101013,242.6239776611328,2023-11-11,3.312450647354126,0,1.0,0.0,2023-11-11,2023-11-10,1.476488709449768,298.7690124511719,2023-11-12,0.0,0.0,2023-11-11,0.25973764061927795,1.0,"{""type"":""Point"",""coordinates"":[89.17547474920497,22.623636855788686]}"
957,40,0.35766687989234924,96.82801055908203,2019-01-27,56.54801940917969,0,3.0,0.34999996423721313,2019-01-27,2019-01-26,1.2839398384094238,294.50970458984375,2019-01-28,0.0,0.0,2019-01-27,0.28959718346595764,1.0,"{""type"":""Point"",""coordinates"":[92.51575769777249,26.375687688740886]}"
958,40,0.0381038673222065,267.9528503417969,2020-08-16,19.166608810424805,0,26.0,53.29999923706055,2020-08-16,2020-08-15,4.454996109008789,302.2394104003906,2020-08-17,4.239999771118164,2.0833332538604736,2020-08-16,0.4034086763858795,26.0,"{""type"":""Point"",""coordinates"":[89.9904924077653,25.060330402515714]}"
959,10,0.6971820592880249,302.1327209472656,2019-03-31,482.6705627441406,0,6.0,0.0,2019-03-31,2019-03-30,18.804014205932617,300.6654357910156,2019-04-01,10.529999732971191,14.583333015441895,2019-03-31,0.2847156524658203,6.0,"{""type"":""Point"",""coordinates"":[94.96355567583034,23.695373499374682]}"
960,50,0.2389366328716278,327.3448791503906,2019-12-07,166.18019104003906,0,1.0,0.0,2019-12-07,2019-12-06,0.9895541071891785,289.8708801269531,2019-12-08,0.0,0.0,2019-12-07,0.2869911193847656,1.0,"{""type"":""Point"",""coordinates"":[96.03411627987028,27.809577512221217]}"
961,40,0.017953380942344666,262.3265686035156,2023-08-23,35.5355224609375,0,4.0,353.9599914550781,2023-08-23,2023-08-22,0.28661879897117615,302.60662841796875,2023-08-24,82.05999755859375,56.25,2023-08-23,0.32606950402259827,4.0,"{""type"":""Point"",""coordinates"":[90.67174125430007,26.22592448240948]}"
962,40,0.22378654778003693,86.34773254394531,2019-12-03,3.0059406757354736,0,3.0,0.0,2019-12-03,2019-12-02,0.5844512581825256,294.8333740234375,2019-12-04,0.0,0.0,2019-12-03,0.22901470959186554,3.0,"{""type"":""Point"",""coordinates"":[90.8865976996876,23.155683129063398]}"
963,30,0.013213115744292736,33.57906723022461,2022-10-28,4741.81689453125,0,15.0,2.0999999046325684,2022-10-28,2022-10-27,9.496624946594238,275.1116027832031,2022-10-29,0.0,0.0,2022-10-28,0.3235391080379486,5.0,"{""type"":""Point"",""coordinates"":[90.6094178856871,29.12865708374591]}"
964,30,0.008227997459471226,233.28567504882812,2022-03-07,3789.237060546875,0,11.0,0.0,2022-03-07,2022-03-06,49.08900833129883,268.24822998046875,2022-03-08,0.0,0.0,2022-03-07,0.359264999628067,11.0,"{""type"":""Point"",""coordinates"":[96.35830817406669,29.392756158581616]}"
965,10,0.24280986189842224,325.03826904296875,2021-11-16,1076.5958251953125,0,3.0,0.0,2021-11-16,2021-11-15,32.3099250793457,285.8536071777344,2021-11-17,0.0,0.0,2021-11-16,0.3382231295108795,3.0,"{""type"":""Point"",""coordinates"":[93.65536995598455,27.701800999811596]}"
966,10,-0.008574371226131916,178.0230255126953,2020-10-02,3415.240966796875,0,2.0,3.747999906539917,2020-10-02,2020-10-01,34.028541564941406,286.6818542480469,2020-10-03,13.179999351501465,25.0,2020-10-02,0.40800413489341736,2.0,"{""type"":""Point"",""coordinates"":[95.3839186816705,28.821682306177124]}"
967,10,0.008309030905365944,195.42591857910156,2019-06-04,2993.39599609375,0,40.0,75.8699951171875,2019-06-04,2019-06-03,38.57217025756836,288.4635009765625,2019-06-05,7.889999866485596,14.583333015441895,2019-06-04,0.39743170142173767,3.0,"{""type"":""Point"",""coordinates"":[96.09146440369287,28.43801144091828]}"
968,40,0.18172889947891235,65.0252456665039,2022-08-01,11.268865585327148,0,3.0,207.8699951171875,2022-08-01,2022-07-31,1.258212924003601,301.6592102050781,2022-08-02,39.125,47.91666793823242,2022-08-01,0.4280618131160736,3.0,"{""type"":""Point"",""coordinates"":[89.60813377341579,24.5889723559253]}"
969,40,0.12653030455112457,283.5310974121094,2022-05-13,30.589582443237305,0,3.0,34.290000915527344,2022-05-13,2022-05-12,0.2934739589691162,301.70892333984375,2022-05-14,8.969999313354492,10.416666984558105,2022-05-13,0.38835206627845764,3.0,"{""type"":""Point"",""coordinates"":[88.19699030109352,25.55063991930913]}"
970,40,0.05406305938959122,164.94509887695312,2021-08-24,83.92913818359375,0,1.0,0.0,2021-08-24,2021-08-23,0.2314368188381195,301.2901916503906,2021-08-25,8.460000038146973,14.583333015441895,2021-08-24,0.43904051184654236,1.0,"{""type"":""Point"",""coordinates"":[95.90816457534899,22.19298063874315]}"
971,10,0.8215967416763306,291.22259521484375,2021-11-28,207.20257568359375,0,3.0,0.0,2021-11-28,2021-11-27,10.252402305603027,291.69342041015625,2021-11-29,0.0,0.0,2021-11-28,0.2808164060115814,1.0,"{""type"":""Point"",""coordinates"":[90.80478610108902,25.429003416297032]}"
972,30,0.048207901418209076,186.40402221679688,2021-11-27,3819.0224609375,0,1.0,0.0,2021-11-27,2021-11-26,27.81044578552246,277.97509765625,2021-11-28,0.0,0.0,2021-11-27,0.3551909029483795,1.0,"{""type"":""Point"",""coordinates"":[89.27596630163787,27.220891228214214]}"
973,10,0.30647560954093933,102.44339752197266,2022-10-31,1422.228515625,0,2.0,0.0,2022-10-31,2022-10-30,35.599830627441406,288.83282470703125,2022-11-01,0.0,0.0,2022-10-31,0.44945207238197327,2.0,"{""type"":""Point"",""coordinates"":[94.78753600669191,26.162208249962333]}"
974,10,0.4437236487865448,61.73555374145508,2022-10-02,218.1901092529297,0,1.0,52.9379997253418,2022-10-02,2022-10-01,30.55379867553711,299.384033203125,2022-10-03,14.289999961853027,18.75,2022-10-02,0.42213568091392517,1.0,"{""type"":""Point"",""coordinates"":[92.38226098048887,23.1812528052725]}"
975,40,-0.008585188537836075,231.64151000976562,2023-04-02,108.65347290039062,0,167.0,2634.592041015625,2023-04-02,2023-04-01,0.3784908354282379,295.2027282714844,2023-04-03,1.399999976158142,2.0833332538604736,2023-04-02,0.22994041442871094,167.0,"{""type"":""Point"",""coordinates"":[92.37856854035992,26.798632945358275]}"
976,80,-0.28605151176452637,-0.0,2021-04-12,0.0,0,0.0,0.0,2021-04-12,2021-04-11,0.0,0.0,2021-04-13,0.0,0.0,2021-04-12,0.0,0.0,"{""type"":""Point"",""coordinates"":[89.692831661438,21.685601461598047]}"
977,30,0.20147334039211273,141.39605712890625,2019-04-02,1246.6868896484375,0,53.0,71.39099884033203,2019-04-02,2019-04-01,44.95082092285156,292.006103515625,2019-04-03,2.6999998092651367,2.0833332538604736,2019-04-02,0.17448997497558594,53.0,"{""type"":""Point"",""coordinates"":[93.61517083279426,22.27005244820536]}"
978,80,0.009192142635583878,-0.0,2022-10-06,0.0,0,3.0,40.77000045776367,2022-10-06,2022-10-05,0.0,300.6908874511719,2022-10-07,6.87999963760376,8.333333015441895,2022-10-06,0.4940929412841797,3.0,"{""type"":""Point"",""coordinates"":[89.29458751481943,21.90889396309683]}"
979,10,0.05884656310081482,285.78125,2022-04-21,252.02957153320312,0,6.0,1.7999999523162842,2022-04-21,2022-04-20,11.584037780761719,297.0311279296875,2022-04-22,0.0,0.0,2022-04-21,0.36406898498535156,3.0,"{""type"":""Point"",""coordinates"":[95.49201828576626,25.291424312187004]}"
980,10,0.4334734380245209,190.1754150390625,2019-10-31,78.98430633544922,0,2.0,0.0,2019-10-31,2019-10-30,24.221195220947266,299.1342468261719,2019-11-01,0.0,0.0,2019-10-31,0.38406816124916077,2.0,"{""type"":""Point"",""coordinates"":[91.70613614396696,23.845308887621044]}"
981,100,0.07555484026670456,234.16070556640625,2020-10-17,4640.701171875,0,2.0,0.0,2020-10-17,2020-10-16,34.508235931396484,279.7423400878906,2020-10-18,0.0,0.0,2020-10-17,0.35980477929115295,2.0,"{""type"":""Point"",""coordinates"":[89.8155491216606,27.899030303389175]}"
982,10,0.130594864487648,29.25211524963379,2021-06-06,790.8411865234375,0,1735.0,19032.94921875,2021-06-06,2021-06-05,16.87496566772461,296.71014404296875,2021-06-07,5.819999694824219,14.583333015441895,2021-06-06,0.49393144249916077,1735.0,"{""type"":""Point"",""coordinates"":[92.75335772489557,25.34158423886926]}"
983,40,0.23935191333293915,33.65000534057617,2019-11-05,1.448196530342102,0,1.0,0.0,2019-11-05,2019-11-04,0.042898233979940414,300.105224609375,2019-11-06,0.0,0.0,2019-11-05,0.2540931701660156,1.0,"{""type"":""Point"",""coordinates"":[90.77407036721483,22.274652016749474]}"
984,10,0.29002058506011963,303.06304931640625,2023-02-16,172.7743377685547,0,13.0,0.0,2023-02-16,2023-02-15,8.03915786743164,294.57080078125,2023-02-17,0.0,0.0,2023-02-16,0.25144514441490173,13.0,"{""type"":""Point"",""coordinates"":[90.08745752629986,25.589516167150194]}"
985,100,-0.024071896448731422,237.5103302001953,2023-02-02,4453.5517578125,0,2.0,8.059999465942383,2023-02-02,2023-02-01,28.069252014160156,272.7566223144531,2023-02-03,0.07999999821186066,0.0,2023-02-02,0.32811418175697327,2.0,"{""type"":""Point"",""coordinates"":[96.52468247099856,28.62076224385526]}"
986,30,0.01924111321568489,245.88331604003906,2021-05-21,4829.34912109375,0,1.0,3.740000009536743,2021-05-21,2021-05-20,23.791067123413086,283.45556640625,2021-05-22,0.0,0.0,2021-05-21,0.34857305884361267,1.0,"{""type"":""Point"",""coordinates"":[88.91281836362968,28.94657216717471]}"
987,10,0.7397595643997192,289.33062744140625,2022-10-15,851.1190795898438,0,1.0,3.9100000858306885,2022-10-15,2022-10-14,32.04745101928711,294.6720275878906,2022-10-16,4.259999752044678,6.25,2022-10-15,0.3695131838321686,1.0,"{""type"":""Point"",""coordinates"":[93.20493626356921,23.288216265082042]}"
988,30,0.09309296309947968,202.63880920410156,2020-06-06,889.6064453125,0,3.0,5.71999979019165,2020-06-06,2020-06-05,20.102224349975586,297.2297668457031,2020-06-07,8.519999504089355,14.583333015441895,2020-06-06,0.48793473839759827,2.0,"{""type"":""Point"",""coordinates"":[97.3829620143325,23.223932998571833]}"
989,10,0.030561601743102074,133.49375915527344,2020-06-19,1726.583984375,0,19.0,3975.179931640625,2020-06-19,2020-06-18,54.002681732177734,291.721923828125,2020-06-20,14.260000228881836,16.66666603088379,2020-06-19,0.4283428192138672,19.0,"{""type"":""Point"",""coordinates"":[91.05035155677992,27.105881403357138]}"
990,10,0.17506597936153412,137.94052124023438,2019-07-16,806.3851318359375,0,184.0,9.609999656677246,2019-07-16,2019-07-15,14.725165367126465,294.4602966308594,2019-07-17,0.0,0.0,2019-07-16,0.4204273223876953,1.0,"{""type"":""Point"",""coordinates"":[93.12715060645478,23.64600799571188]}"
991,10,0.5697389245033264,264.411376953125,2022-12-06,1634.719970703125,0,1.0,0.0,2022-12-06,2022-12-05,31.006690979003906,284.43212890625,2022-12-07,0.0,0.0,2022-12-06,0.2972189486026764,1.0,"{""type"":""Point"",""coordinates"":[88.95594388478837,27.077650251792893]}"
992,10,0.02248581126332283,95.30885314941406,2020-10-27,2485.337646484375,0,1.0,0.0,2020-10-27,2020-10-26,38.31613540649414,288.72930908203125,2020-10-28,0.0,0.0,2020-10-27,0.4071636199951172,1.0,"{""type"":""Point"",""coordinates"":[95.54193678772442,28.380981104564]}"
993,30,0.003980359062552452,345.98089599609375,2021-06-01,4258.4892578125,0,5.0,11.5,2021-06-01,2021-05-31,16.336658477783203,278.961669921875,2021-06-02,4.447999954223633,6.25,2021-06-01,0.42198625206947327,5.0,"{""type"":""Point"",""coordinates"":[89.0488964367852,27.641770533833224]}"
994,40,0.09595363587141037,228.9052734375,2022-05-19,104.45158386230469,0,10.0,9.960000038146973,2022-05-19,2022-05-18,1.1247267723083496,301.20733642578125,2022-05-20,2.9600000381469727,8.333333015441895,2022-05-19,0.46209463477134705,3.0,"{""type"":""Point"",""coordinates"":[96.05715464234778,23.257701095399163]}"
995,10,0.13784274458885193,194.9876708984375,2020-02-21,15.535661697387695,0,1.0,0.0,2020-02-21,2020-02-20,1.0006028413772583,296.9149169921875,2020-02-22,0.0,0.0,2020-02-21,0.14471690356731415,1.0,"{""type"":""Point"",""coordinates"":[88.86131712440343,23.759739947775692]}"
996,60,0.004486497025936842,239.2536163330078,2021-09-18,4851.4775390625,0,5.0,193.8000030517578,2021-09-18,2021-09-17,47.44807815551758,283.36785888671875,2021-09-19,0.6100000143051147,0.0,2021-09-18,0.4098186492919922,5.0,"{""type"":""Point"",""coordinates"":[92.15314002911988,27.77804089603582]}"
997,40,0.0748029574751854,113.8824462890625,2023-08-27,27.515926361083984,0,1.0,45.91999816894531,2023-08-27,2023-08-26,1.5078773498535156,300.65155029296875,2023-08-28,3.369999885559082,8.333333015441895,2023-08-27,0.4183267056941986,1.0,"{""type"":""Point"",""coordinates"":[88.05222103393496,25.39675774299704]}"
998,10,0.0179138220846653,22.508865356445312,2020-09-23,284.08984375,0,2.0,99.79999542236328,2020-09-23,2020-09-22,5.251964569091797,298.079345703125,2020-09-24,83.25,68.75,2020-09-23,0.47501692175865173,1.0,"{""type"":""Point"",""coordinates"":[96.68715932876248,26.108117717732476]}"
999,10,0.11862250417470932,276.26397705078125,2020-09-19,1648.530029296875,0,1.0,1.4399999380111694,2020-09-19,2020-09-18,33.212135314941406,293.0179748535156,2020-09-20,0.2799999713897705,0.0,2020-09-19,0.4230060577392578,1.0,"{""type"":""Point"",""coordinates"":[90.79823149701835,27.091284719964033]}"
