system:index,Map,NDVI,aspect,current_date,elevation,is_landslide,max_water_accumulation,prev_day_water_accumulation,prev_end,prev_start,slope,soil_temperature,today_end,today_expected_rain,today_rain_probability,today_start,volumetric_soil_moisture,water_accumulation,.geo
0,10,0.2187526971101761,207.10418701171875,2020-04-12,375.65020751953125,1,1.0,0.0,2020-04-12,2020-04-11,20.355525970458984,302.2059631347656,2020-04-13,0.0,0.0,2020-04-12,0.38051605224609375,1.0,"{""type"":""Point"",""coordinates"":[75.868056,11.493889]}"
1,10,0.28493738174438477,269.1854553222656,2022-10-30,274.7293395996094,1,4.0,17.119998931884766,2022-10-30,2022-10-29,32.05454635620117,299.18060302734375,2022-10-31,11.15999984741211,14.583333015441895,2022-10-30,0.40353965759277344,4.0,"{""type"":""Point"",""coordinates"":[75.8665,11.4926]}"
2,10,0.2553333044052124,103.86932373046875,2020-06-03,613.91650390625,1,1.0,81.25,2020-06-03,2020-06-02,21.678421020507812,299.4317626953125,2020-06-04,32.959999084472656,37.5,2020-06-03,0.48385366797447205,1.0,"{""type"":""Point"",""coordinates"":[75.842222,11.502499999999998]}"
3,10,0.6804866790771484,99.77317810058594,2019-01-29,124.4058837890625,1,2.0,0.0,2019-01-29,2019-01-28,25.236724853515625,300.54595947265625,2019-01-30,0.0,0.0,2019-01-29,0.2558917999267578,1.0,"{""type"":""Point"",""coordinates"":[75.843889,11.516111]}"
4,10,0.25124767422676086,60.64118576049805,2022-12-10,105.92630767822266,1,7.0,131.0399932861328,2022-12-10,2022-12-09,17.843730926513672,296.9833068847656,2022-12-11,6.089999675750732,6.25,2022-12-10,0.4051920473575592,7.0,"{""type"":""Point"",""coordinates"":[75.846667,11.513611000000001]}"
5,10,0.1737392097711563,5.968687057495117,2022-12-21,489.346923828125,1,4.0,0.0,2022-12-21,2022-12-20,20.24762725830078,297.49468994140625,2022-12-22,0.0,0.0,2022-12-21,0.3918794095516205,1.0,"{""type"":""Point"",""coordinates"":[75.858889,11.509444]}"
6,10,0.07544776797294617,190.72805786132812,2023-11-14,470.6365051269531,1,1.0,0.0,2023-11-14,2023-11-13,30.78278350830078,298.47705078125,2023-11-15,0.0,0.0,2023-11-14,0.427783340215683,1.0,"{""type"":""Point"",""coordinates"":[75.8647,11.497800000000002]}"
7,10,0.07327182590961456,21.88692283630371,2020-10-21,488.7833251953125,1,1.0,16.94999885559082,2020-10-21,2020-10-20,9.282445907592773,298.726318359375,2020-10-22,13.9399995803833,18.75,2020-10-21,0.48021379113197327,1.0,"{""type"":""Point"",""coordinates"":[75.867778,11.505833000000003]}"
8,10,0.5355997681617737,10.846502304077148,2021-04-07,213.38014221191406,1,7.0,0.0,2021-04-07,2021-04-06,21.12714958190918,303.77593994140625,2021-04-08,0.0,0.0,2021-04-07,0.28040313720703125,5.0,"{""type"":""Point"",""coordinates"":[75.878333,11.507778000000002]}"
9,10,0.17691081762313843,353.5702209472656,2020-05-06,111.41661834716797,1,10.0,186.97000122070312,2020-05-06,2020-05-05,26.516399383544922,303.56121826171875,2020-05-07,18.940000534057617,12.5,2020-05-06,0.35586485266685486,7.0,"{""type"":""Point"",""coordinates"":[75.8817,11.5076]}"
10,10,0.018978798761963844,344.4970397949219,2019-09-16,293.7414245605469,1,1.0,17.579999923706055,2019-09-16,2019-09-15,19.046524047851562,298.7696838378906,2019-09-17,9.649999618530273,18.75,2019-09-16,0.4755827486515045,1.0,"{""type"":""Point"",""coordinates"":[75.877626,11.518705]}"
11,10,0.8276700973510742,28.33976936340332,2021-03-19,377.6122131347656,1,3.0,0.0,2021-03-19,2021-03-18,25.89044189453125,303.5931701660156,2021-03-20,0.0,0.0,2021-03-19,0.2543182373046875,1.0,"{""type"":""Point"",""coordinates"":[75.8725,11.520556]}"
12,10,0.7087020874023438,274.2967529296875,2023-02-04,108.1561508178711,1,3.0,0.0,2023-02-04,2023-02-03,17.3223934173584,300.55548095703125,2023-02-05,0.0,0.0,2023-02-04,0.2464141845703125,3.0,"{""type"":""Point"",""coordinates"":[75.878333,11.525278]}"
13,10,0.022229429334402084,14.484289169311523,2019-07-27,73.72067260742188,1,3.0,314.72998046875,2019-07-27,2019-07-26,4.140910625457764,297.3795471191406,2019-07-28,4.199999809265137,4.166666507720947,2019-07-27,0.4832801818847656,3.0,"{""type"":""Point"",""coordinates"":[75.878333,11.527778]}"
14,10,0.7191720008850098,315.07061767578125,2023-02-02,65.6082534790039,1,3.0,1.0819998979568481,2023-02-02,2023-02-01,4.753580570220947,300.45941162109375,2023-02-03,0.23999999463558197,0.0,2023-02-02,0.25168418884277344,1.0,"{""type"":""Point"",""coordinates"":[75.876111,11.529722000000001]}"
15,10,0.2422989457845688,73.59146118164062,2023-05-11,400.74066162109375,1,2.0,10.00999927520752,2023-05-11,2023-05-10,28.991676330566406,301.9256286621094,2023-05-12,11.720000267028809,10.416666984558105,2023-05-11,0.4068368375301361,1.0,"{""type"":""Point"",""coordinates"":[75.859167,11.520556]}"
16,10,0.03588321805000305,265.98846435546875,2022-07-29,97.42488098144531,1,1.0,7.149999618530273,2022-07-29,2022-07-28,17.733104705810547,300.18304443359375,2022-07-30,3.059999942779541,4.166666507720947,2022-07-29,0.4860420227050781,1.0,"{""type"":""Point"",""coordinates"":[75.821667,11.525]}"
17,10,0.06919649988412857,21.809436798095703,2022-05-20,87.24581909179688,1,1.0,28.329999923706055,2022-05-20,2022-05-19,19.17948341369629,297.6802978515625,2022-05-21,5.889999866485596,6.25,2022-05-20,0.4770679473876953,1.0,"{""type"":""Point"",""coordinates"":[75.816389,11.514443999999997]}"
18,10,0.15074755251407623,220.381103515625,2023-07-05,38.42361068725586,1,124.0,14045.4794921875,2023-07-05,2023-07-04,8.424248695373535,297.3857727050781,2023-07-06,285.66998291015625,100.0,2023-07-05,0.4679374694824219,124.0,"{""type"":""Point"",""coordinates"":[75.813611,11.556388999999998]}"
19,10,0.23661531507968903,326.70416259765625,2023-04-05,44.72612380981445,1,1.0,8.180000305175781,2023-04-05,2023-04-04,12.526607513427734,301.55084228515625,2023-04-06,0.0,0.0,2023-04-05,0.1939830780029297,1.0,"{""type"":""Point"",""coordinates"":[75.795,11.558333]}"
20,10,0.05606537684798241,194.19761657714844,2021-10-21,250.94357299804688,1,1.0,99.5999984741211,2021-10-21,2021-10-20,23.215919494628906,297.2351989746094,2021-10-22,8.09000015258789,4.166666507720947,2021-10-21,0.4829801023006439,1.0,"{""type"":""Point"",""coordinates"":[75.857222,11.604167]}"
21,10,0.09532636404037476,115.65138244628906,2022-08-05,484.8546142578125,1,1.0,94.8699951171875,2022-08-05,2022-08-04,8.548440933227539,295.2901306152344,2022-08-06,48.88999938964844,58.33333206176758,2022-08-05,0.4892476499080658,1.0,"{""type"":""Point"",""coordinates"":[75.873056,11.638333]}"
22,10,0.2351709008216858,195.6829376220703,2020-11-07,400.6934814453125,1,24.0,248.39999389648438,2020-11-07,2020-11-06,30.678586959838867,297.34417724609375,2020-11-08,0.25,0.0,2020-11-07,0.4638334810733795,24.0,"{""type"":""Point"",""coordinates"":[75.87083300000002,11.636388999999998]}"
23,10,0.06245238706469536,16.57231903076172,2022-07-31,342.6843566894531,1,1.0,68.47000122070312,2022-07-31,2022-07-30,36.43681335449219,297.7803649902344,2022-08-01,84.62999725341797,52.08333206176758,2022-07-31,0.46632829308509827,1.0,"{""type"":""Point"",""coordinates"":[75.864444,11.639167]}"
24,10,0.005268271546810865,297.9583740234375,2022-07-26,309.6636962890625,1,1.0,0.699999988079071,2022-07-26,2022-07-25,24.76851463317871,296.90185546875,2022-07-27,37.529998779296875,35.41666793823242,2022-07-26,0.47889137268066406,1.0,"{""type"":""Point"",""coordinates"":[75.856389,11.642778]}"
25,10,0.1406187117099762,267.0787353515625,2022-12-14,155.06369018554688,1,44.0,17.68000030517578,2022-12-14,2022-12-13,14.551660537719727,295.17620849609375,2022-12-15,2.429999828338623,2.0833332538604736,2022-12-14,0.4667015075683594,1.0,"{""type"":""Point"",""coordinates"":[75.850833,11.638056000000002]}"
26,10,0.07498414814472198,230.98178100585938,2019-07-12,211.5900421142578,1,2.0,101.36000061035156,2019-07-12,2019-07-11,11.738546371459961,296.27020263671875,2019-07-13,7.75,10.416666984558105,2019-07-12,0.4746755063533783,2.0,"{""type"":""Point"",""coordinates"":[75.855556,11.640556]}"
27,10,8.532761712558568E-4,212.0763397216797,2022-06-02,244.986328125,1,2.0,17.233999252319336,2022-06-02,2022-06-01,22.775115966796875,297.1138610839844,2022-06-03,0.8799999952316284,0.0,2022-06-02,0.4884115755558014,2.0,"{""type"":""Point"",""coordinates"":[75.856944,11.638611]}"
28,10,0.12259253859519958,288.76983642578125,2021-11-04,247.39242553710938,1,38.0,48.04999923706055,2021-11-04,2021-11-03,21.213438034057617,296.3238525390625,2021-11-05,42.64999771118164,33.33333206176758,2021-11-04,0.47718557715415955,1.0,"{""type"":""Point"",""coordinates"":[75.856667,11.633333000000004]}"
29,10,0.13728472590446472,275.5173645019531,2021-10-01,54.269554138183594,1,1.0,42.77000045776367,2021-10-01,2021-09-30,14.985111236572266,298.90692138671875,2021-10-02,31.940000534057617,31.25,2021-10-01,0.4643300473690033,1.0,"{""type"":""Point"",""coordinates"":[75.817222,11.6275]}"
30,10,0.12992917001247406,328.8285217285156,2021-10-18,62.14097595214844,1,63.0,3359.7900390625,2021-10-18,2021-10-17,8.875666618347168,297.7802734375,2021-10-19,13.559999465942383,14.583333015441895,2021-10-18,0.46287408471107483,63.0,"{""type"":""Point"",""coordinates"":[75.831944,11.628888999999997]}"
31,10,0.6122876405715942,346.18231201171875,2023-04-20,42.41958999633789,1,524.0,0.0,2023-04-20,2023-04-19,12.088648796081543,303.9807434082031,2023-04-21,0.0,0.0,2023-04-20,0.21120326220989227,524.0,"{""type"":""Point"",""coordinates"":[75.823889,11.598889]}"
32,10,0.12723654508590698,301.5362548828125,2020-09-16,44.62813186645508,1,725.0,27173.0,2020-09-16,2020-09-15,20.792110443115234,297.9164733886719,2020-09-17,18.90999984741211,25.0,2020-09-16,0.46664872765541077,725.0,"{""type"":""Point"",""coordinates"":[75.819722,11.600278]}"
33,10,0.47416284680366516,32.99533462524414,2019-10-18,93.73739624023438,1,1.0,100.38999938964844,2019-10-18,2019-10-17,23.480344772338867,298.52545166015625,2019-10-19,79.81999969482422,45.83333206176758,2019-10-18,0.4633077085018158,1.0,"{""type"":""Point"",""coordinates"":[75.813611,11.613889000000002]}"
34,10,0.09677782654762268,156.56932067871094,2022-04-25,69.76492309570312,1,2.0,14.9399995803833,2022-04-25,2022-04-24,8.33151912689209,299.59228515625,2022-04-26,0.03999999910593033,0.0,2022-04-25,0.44911321997642517,2.0,"{""type"":""Point"",""coordinates"":[75.811111,11.670833000000002]}"
35,10,0.08703155070543289,283.51544189453125,2021-10-19,168.87570190429688,1,53.0,718.6799926757812,2021-10-19,2021-10-18,22.950145721435547,296.69622802734375,2021-10-20,1.0199999809265137,2.0833332538604736,2021-10-19,0.49560484290122986,53.0,"{""type"":""Point"",""coordinates"":[75.8075,11.696944]}"
36,10,0.740302324295044,278.8659973144531,2023-04-12,129.47412109375,1,59.0,0.0,2023-04-12,2023-04-11,17.795446395874023,300.8899230957031,2023-04-13,0.0,0.0,2023-04-12,0.32734933495521545,59.0,"{""type"":""Point"",""coordinates"":[75.806389,11.692500000000004]}"
37,10,0.7068406343460083,278.8659973144531,2022-01-08,129.47412109375,1,59.0,0.0,2022-01-08,2022-01-07,17.795446395874023,297.672607421875,2022-01-09,0.0,0.0,2022-01-08,0.2775154113769531,59.0,"{""type"":""Point"",""coordinates"":[75.806389,11.692500000000004]}"
38,10,0.22882717847824097,218.34439086914062,2023-08-26,69.61619567871094,1,22.0,0.0,2023-08-26,2023-08-25,15.16313648223877,298.5103759765625,2023-08-27,0.0,0.0,2023-08-26,0.3807595670223236,22.0,"{""type"":""Point"",""coordinates"":[75.808056,11.681944]}"
39,10,0.5483338832855225,317.4819030761719,2021-04-29,168.96844482421875,1,11.0,1.6200000047683716,2021-04-29,2021-04-28,28.74778938293457,299.52362060546875,2021-04-30,5.710000038146973,10.416666984558105,2021-04-29,0.49248185753822327,6.0,"{""type"":""Point"",""coordinates"":[75.821111,11.678611]}"
40,10,0.22812378406524658,287.30352783203125,2019-11-15,230.3134765625,1,1.0,0.0,2019-11-15,2019-11-14,23.62827491760254,297.5216064453125,2019-11-16,4.329999923706055,8.333333015441895,2019-11-15,0.4405282437801361,1.0,"{""type"":""Point"",""coordinates"":[75.833611,11.666667]}"
41,10,0.7911309003829956,287.30352783203125,2020-02-07,230.3134765625,1,1.0,0.0,2020-02-07,2020-02-06,23.62827491760254,298.8242492675781,2020-02-08,0.0,0.0,2020-02-07,0.27189508080482483,1.0,"{""type"":""Point"",""coordinates"":[75.833611,11.666667]}"
42,10,0.5204574465751648,209.65481567382812,2020-03-19,95.73030090332031,1,1.0,0.0,2020-03-19,2020-03-18,7.638446807861328,303.59423828125,2020-03-20,0.0,0.0,2020-03-19,0.19237391650676727,1.0,"{""type"":""Point"",""coordinates"":[75.827778,11.648611]}"
43,10,0.13831837475299835,175.00502014160156,2022-06-18,190.0948028564453,1,154.0,7710.9599609375,2022-06-18,2022-06-17,27.693519592285156,299.19317626953125,2022-06-19,27.189998626708984,25.0,2022-06-18,0.4501425325870514,152.0,"{""type"":""Point"",""coordinates"":[75.846389,11.6475]}"
44,10,0.5738256573677063,203.84759521484375,2021-04-12,179.61410522460938,1,152.0,864.8799438476562,2021-04-12,2021-04-11,5.714446067810059,301.55548095703125,2021-04-13,13.369999885559082,14.583333015441895,2021-04-12,0.2929655611515045,152.0,"{""type"":""Point"",""coordinates"":[75.847778,11.647222000000001]}"
45,10,0.2733098864555359,88.1004867553711,2021-02-06,243.18850708007812,1,1.0,0.0,2021-02-06,2021-02-05,13.870349884033203,297.5444641113281,2021-02-07,0.0,0.0,2021-02-06,0.3142496645450592,1.0,"{""type"":""Point"",""coordinates"":[75.843889,11.655833000000001]}"
46,10,0.8149898648262024,299.1513977050781,2020-02-21,334.0708312988281,1,52.0,0.0,2020-02-21,2020-02-20,18.493623733520508,299.3631591796875,2020-02-22,0.0,0.0,2020-02-21,0.26524606347084045,52.0,"{""type"":""Point"",""coordinates"":[75.843611,11.664721999999998]}"
47,10,-0.03238901495933533,170.18922424316406,2022-07-16,519.2996215820312,1,4.0,82.68000030517578,2022-07-16,2022-07-15,28.127792358398438,294.27545166015625,2022-07-17,96.6199951171875,56.25,2022-07-16,0.4689127504825592,3.0,"{""type"":""Point"",""coordinates"":[75.8525,11.666885999999998]}"
48,10,0.2986178398132324,200.87606811523438,2019-03-10,518.8804321289062,1,8.0,0.429999977350235,2019-03-10,2019-03-09,21.778118133544922,297.83868408203125,2019-03-11,0.0,0.0,2019-03-10,0.2763875424861908,1.0,"{""type"":""Point"",""coordinates"":[75.857778,11.666667]}"
49,10,0.05658119544386864,203.52322387695312,2023-10-03,252.88699340820312,1,145.0,47.849998474121094,2023-10-03,2023-10-02,18.148130416870117,296.64007568359375,2023-10-04,0.0,0.0,2023-10-03,0.4689877927303314,145.0,"{""type"":""Point"",""coordinates"":[75.857222,11.648056000000002]}"
50,10,0.015377313829958439,177.2473602294922,2021-07-27,472.1707763671875,1,4.0,93.87999725341797,2021-07-27,2021-07-26,32.30335235595703,294.4009094238281,2021-07-28,5.639999866485596,8.333333015441895,2021-07-27,0.5033397674560547,4.0,"{""type"":""Point"",""coordinates"":[75.871667,11.650833000000002]}"
51,10,0.08245770633220673,322.7700500488281,2019-07-08,477.55255126953125,1,18.0,44.720001220703125,2019-07-08,2019-07-07,9.341156005859375,295.5107727050781,2019-07-09,19.829999923706055,12.5,2019-07-08,0.4865366518497467,4.0,"{""type"":""Point"",""coordinates"":[75.873056,11.650556]}"
52,10,0.019647613167762756,255.03369140625,2021-10-22,503.0824890136719,1,18.0,32.36000061035156,2021-10-22,2021-10-21,24.15036964416504,295.9689636230469,2021-10-23,3.3399999141693115,8.333333015441895,2021-10-22,0.4523874819278717,4.0,"{""type"":""Point"",""coordinates"":[75.873889,11.650556]}"
53,10,-0.004145937040448189,299.8920593261719,2022-05-28,507.31304931640625,1,18.0,24.84000015258789,2022-05-28,2022-05-27,11.029866218566895,295.7187805175781,2022-05-29,5.729999542236328,6.25,2022-05-28,0.4490947723388672,4.0,"{""type"":""Point"",""coordinates"":[75.874167,11.650278]}"
54,10,0.48045361042022705,11.819210052490234,2019-12-27,524.3825073242188,1,18.0,0.0,2019-12-27,2019-12-26,19.053451538085938,296.059814453125,2019-12-28,0.009999999776482582,0.0,2019-12-27,0.3955605924129486,4.0,"{""type"":""Point"",""coordinates"":[75.874722,11.65]}"
55,10,0.7448882460594177,271.5081481933594,2021-03-09,777.017578125,1,60.0,0.0,2021-03-09,2021-03-08,45.12517547607422,297.9177551269531,2021-03-10,0.0,0.0,2021-03-09,0.2979799807071686,3.0,"{""type"":""Point"",""coordinates"":[75.878056,11.670833]}"
56,10,0.5330002307891846,155.54237365722656,2020-02-02,486.87774658203125,1,42.0,0.0020000000949949026,2020-02-02,2020-02-01,38.325096130371094,298.1118469238281,2020-02-03,0.0,0.0,2020-02-02,0.27076593041419983,1.0,"{""type"":""Point"",""coordinates"":[75.841667,11.673889]}"
57,10,0.7448573708534241,124.02888488769531,2022-01-20,496.78887939453125,1,1.0,0.0,2022-01-20,2022-01-19,39.685585021972656,297.4942321777344,2022-01-21,0.0,0.0,2022-01-20,0.2698860168457031,1.0,"{""type"":""Point"",""coordinates"":[75.840833,11.673056]}"
58,10,0.19902844727039337,184.4931182861328,2021-03-27,701.4540405273438,1,8.0,0.0,2021-03-27,2021-03-26,30.2326602935791,300.5499267578125,2021-03-28,30.729999542236328,12.5,2021-03-27,0.33508554100990295,1.0,"{""type"":""Point"",""coordinates"":[75.813889,11.729444]}"
59,10,0.22073262929916382,188.92259216308594,2021-01-18,794.4835205078125,1,7.0,0.0,2021-01-18,2021-01-17,11.365580558776855,297.3144836425781,2021-01-19,0.0,0.0,2021-01-18,0.483172744512558,4.0,"{""type"":""Point"",""coordinates"":[75.828333,11.735833000000001]}"
60,10,0.33858442306518555,177.50570678710938,2019-12-20,528.0546264648438,1,23.0,0.0,2019-12-20,2019-12-19,30.880590438842773,297.2326354980469,2019-12-21,0.28999999165534973,0.0,2019-12-20,0.3542346954345703,13.0,"{""type"":""Point"",""coordinates"":[75.82924700000001,11.703473]}"
61,10,0.02710125967860222,136.8049774169922,2023-06-28,638.6217651367188,1,9.0,654.9299926757812,2023-06-28,2023-06-27,35.6867790222168,296.6871032714844,2023-06-29,3.7899999618530273,6.25,2023-06-28,0.4858163297176361,9.0,"{""type"":""Point"",""coordinates"":[75.830149,11.705823]}"
62,10,0.45455244183540344,250.2168731689453,2023-11-30,732.4449462890625,1,1.0,0.019999999552965164,2023-11-30,2023-11-29,39.6475944519043,298.1702575683594,2023-12-01,0.9099999666213989,2.0833332538604736,2023-11-30,0.44095802307128906,1.0,"{""type"":""Point"",""coordinates"":[75.815278,11.7175]}"
63,10,0.14123404026031494,162.9917449951172,2023-09-15,412.4090270996094,1,11.0,106.25999450683594,2023-09-15,2023-09-14,14.89578914642334,297.07672119140625,2023-09-16,42.099998474121094,27.08333396911621,2023-09-15,0.4843546450138092,11.0,"{""type"":""Point"",""coordinates"":[75.809167,11.722222]}"
64,10,0.030101003125309944,139.364501953125,2020-07-19,475.86138916015625,1,14.0,24.189998626708984,2020-07-19,2020-07-18,15.539485931396484,296.56585693359375,2020-07-20,8.149999618530273,8.333333015441895,2020-07-19,0.48874154686927795,1.0,"{""type"":""Point"",""coordinates"":[75.806944,11.720833]}"
65,10,0.5585887432098389,167.8324432373047,2022-11-03,242.86160278320312,1,64.0,1564.1600341796875,2022-11-03,2022-11-02,9.439570426940918,297.320556640625,2022-11-04,2.1700000762939453,4.166666507720947,2022-11-03,0.46954789757728577,64.0,"{""type"":""Point"",""coordinates"":[75.798611,11.711389000000002]}"
66,10,0.019141335040330887,49.67481231689453,2020-10-10,398.3486022949219,1,29.0,354.8299865722656,2020-10-10,2020-10-09,23.691343307495117,297.43145751953125,2020-10-11,62.03999710083008,45.83333206176758,2020-10-10,0.4762522280216217,7.0,"{""type"":""Point"",""coordinates"":[75.799722,11.723056000000001]}"
67,10,0.8052430152893066,183.5472869873047,2023-12-10,553.6480712890625,1,2.0,16.979999542236328,2023-12-10,2023-12-09,31.592235565185547,297.8670654296875,2023-12-11,43.18000030517578,35.41666793823242,2023-12-10,0.48435530066490173,2.0,"{""type"":""Point"",""coordinates"":[75.798889,11.726111]}"
68,10,0.009191933088004589,160.17738342285156,2020-08-22,482.9798583984375,1,11.0,34.53999710083008,2020-08-22,2020-08-21,31.35910987854004,297.156982421875,2020-08-23,9.430000305175781,12.5,2020-08-22,0.48858705163002014,11.0,"{""type"":""Point"",""coordinates"":[75.809444,11.723611]}"
69,10,0.05907917022705078,187.75164794921875,2020-09-21,580.1715698242188,1,8.0,48.119998931884766,2020-09-21,2020-09-20,29.91353416442871,295.1907958984375,2020-09-22,5.940000057220459,6.25,2020-09-21,0.47863325476646423,1.0,"{""type"":""Point"",""coordinates"":[75.812222,11.726388999999998]}"
70,10,0.020451446995139122,29.509281158447266,2021-09-24,527.2096557617188,1,10.0,0.9599999785423279,2021-09-24,2021-09-23,32.969322204589844,297.57257080078125,2021-09-25,1.409999966621399,4.166666507720947,2021-09-24,0.4523582458496094,1.0,"{""type"":""Point"",""coordinates"":[75.8025,11.732778]}"
71,10,0.016173548996448517,335.1342468261719,2022-09-13,732.3826904296875,1,3.0,6.269999980926514,2022-09-13,2022-09-12,54.3371696472168,296.1860656738281,2022-09-14,0.7099999785423279,0.0,2022-09-13,0.4879118502140045,3.0,"{""type"":""Point"",""coordinates"":[75.790556,11.747778]}"
72,10,0.7985910773277283,252.26327514648438,2022-02-22,868.0645751953125,1,1.0,0.0,2022-02-22,2022-02-21,25.49455451965332,298.8468322753906,2022-02-23,0.0,0.0,2022-02-22,0.2756284177303314,1.0,"{""type"":""Point"",""coordinates"":[75.764722,11.731667]}"
73,10,0.002075842348858714,199.67640686035156,2019-08-15,461.3320007324219,1,3.0,85.3499984741211,2019-08-15,2019-08-14,19.04243278503418,295.6215515136719,2019-08-16,14.460000038146973,16.66666603088379,2019-08-15,0.47012901306152344,3.0,"{""type"":""Point"",""coordinates"":[75.766111,11.715833000000002]}"
74,10,0.3914532959461212,270.01129150390625,2020-04-08,452.74853515625,1,3.0,26.100000381469727,2020-04-08,2020-04-07,10.792359352111816,298.6183166503906,2020-04-09,0.0,0.0,2020-04-08,0.392303466796875,3.0,"{""type"":""Point"",""coordinates"":[75.765833,11.715556000000001]}"
75,10,0.5507318377494812,247.29547119140625,2020-04-25,376.53887939453125,1,1.0,13.15999984741211,2020-04-25,2020-04-24,12.717647552490234,299.6688232421875,2020-04-26,0.0,0.0,2020-04-25,0.4201742708683014,1.0,"{""type"":""Point"",""coordinates"":[75.761111,11.706388999999998]}"
76,10,0.2121155560016632,212.33834838867188,2020-12-28,302.0960693359375,1,2.0,0.0,2020-12-28,2020-12-27,27.895183563232422,296.03192138671875,2020-12-29,0.09999999403953552,0.0,2020-12-28,0.3461189270019531,2.0,"{""type"":""Point"",""coordinates"":[75.772301,11.699598000000002]}"
77,10,0.4016338288784027,193.73910522460938,2019-03-20,511.79351806640625,1,1.0,0.0,2019-03-20,2019-03-19,4.895039081573486,300.2348937988281,2019-03-21,0.0,0.0,2019-03-20,0.274609237909317,1.0,"{""type"":""Point"",""coordinates"":[75.77027800000002,11.715833]}"
78,10,0.2537500858306885,147.01698303222656,2022-04-13,635.0858154296875,1,3.0,35.61000061035156,2022-04-13,2022-04-12,29.20528221130371,298.8298645019531,2022-04-14,40.279998779296875,37.5,2022-04-13,0.47447776794433594,3.0,"{""type"":""Point"",""coordinates"":[75.7725,11.722777999999998]}"
79,10,0.01206896547228098,172.35791015625,2022-07-08,290.85247802734375,1,3.0,229.1999969482422,2022-07-08,2022-07-07,14.785768508911133,295.31103515625,2022-07-09,105.70999908447266,91.66666412353516,2022-07-08,0.4796619415283203,2.0,"{""type"":""Point"",""coordinates"":[75.788438,11.704444000000002]}"
80,10,0.5010420083999634,224.8112335205078,2020-12-17,129.24415588378906,1,7.0,0.019999999552965164,2020-12-17,2020-12-16,10.147292137145996,296.9367980957031,2020-12-18,0.41999998688697815,0.0,2020-12-17,0.40871620178222656,1.0,"{""type"":""Point"",""coordinates"":[75.777222,11.691667]}"
81,10,0.5351659059524536,345.2940368652344,2020-02-29,24.169811248779297,1,76.0,0.0,2020-02-29,2020-02-28,17.360797882080078,302.6533508300781,2020-03-01,0.0,0.0,2020-02-29,0.26010894775390625,1.0,"{""type"":""Point"",""coordinates"":[74.188228,14.766164000000002]}"
82,10,0.34536486864089966,265.9999694824219,2020-05-16,60.440887451171875,1,3.0,0.11999999731779099,2020-05-16,2020-05-15,15.966286659240723,304.5836181640625,2020-05-17,31.01999855041504,18.75,2020-05-16,0.34304681420326233,3.0,"{""type"":""Point"",""coordinates"":[74.191572,14.761667000000003]}"
83,10,0.010187710635364056,195.01466369628906,2022-06-26,22.01073455810547,1,5.0,288.75,2022-06-26,2022-06-25,24.33188247680664,299.04986572265625,2022-06-27,17.170000076293945,10.416666984558105,2022-06-26,0.48871612548828125,5.0,"{""type"":""Point"",""coordinates"":[74.163617,14.770642]}"
84,10,0.1271710842847824,235.61166381835938,2022-04-18,32.493465423583984,1,4.0,0.0,2022-04-18,2022-04-17,20.667081832885742,303.2821960449219,2022-04-19,0.0,0.0,2022-04-18,0.32875633239746094,3.0,"{""type"":""Point"",""coordinates"":[74.162281,14.771761000000005]}"
85,50,0.021050283685326576,181.78585815429688,2020-07-13,39.32999801635742,1,1.0,39.439998626708984,2020-07-13,2020-07-12,16.82674789428711,0.0,2020-07-14,70.7699966430664,77.08333587646484,2020-07-13,0.0,1.0,"{""type"":""Point"",""coordinates"":[74.136114,14.781482999999996]}"
86,50,0.331448495388031,217.32266235351562,2023-09-16,43.96668243408203,1,2.0,35.21999740600586,2023-09-16,2023-09-15,28.720109939575195,0.0,2023-09-17,16.939998626708984,14.583333015441895,2023-09-16,0.0,2.0,"{""type"":""Point"",""coordinates"":[74.14655,14.780900000000003]}"
87,10,0.158221036195755,38.993675231933594,2020-06-22,41.5823974609375,1,3.0,39.779998779296875,2020-06-22,2020-06-21,24.888465881347656,0.0,2020-06-23,72.5199966430664,66.66666412353516,2020-06-22,0.0,1.0,"{""type"":""Point"",""coordinates"":[74.125169,14.803672000000002]}"
88,10,0.2790074646472931,67.69729614257812,2023-03-24,19.067489624023438,1,2.0,0.0,2023-03-24,2023-03-23,22.843507766723633,0.0,2023-03-25,0.0,0.0,2023-03-24,0.0,1.0,"{""type"":""Point"",""coordinates"":[74.116453,14.791131000000002]}"
89,10,0.4629828631877899,184.5031280517578,2021-03-10,34.512245178222656,1,1.0,0.0,2021-03-10,2021-03-09,23.63488006591797,0.0,2021-03-11,0.0,0.0,2021-03-10,0.0,1.0,"{""type"":""Point"",""coordinates"":[74.115267,14.790582999999994]}"
90,10,0.08927223086357117,83.62724304199219,2020-06-15,28.208580017089844,1,1.0,57.1099967956543,2020-06-15,2020-06-14,10.655718803405762,0.0,2020-06-16,59.90999984741211,60.41666793823242,2020-06-15,0.0,1.0,"{""type"":""Point"",""coordinates"":[74.066544,14.938647]}"
91,10,0.5510756373405457,215.58901977539062,2023-03-06,27.229299545288086,1,70.0,0.0,2023-03-06,2023-03-05,16.084449768066406,0.0,2023-03-07,0.0,0.0,2023-03-06,0.0,70.0,"{""type"":""Point"",""coordinates"":[74.073261,14.940943999999998]}"
92,10,0.43301570415496826,245.77154541015625,2019-05-01,21.93194007873535,1,70.0,0.0,2019-05-01,2019-04-30,10.718157768249512,0.0,2019-05-02,0.012000000104308128,0.0,2019-05-01,0.0,70.0,"{""type"":""Point"",""coordinates"":[74.072997,14.941061]}"
93,10,0.6007843613624573,199.2455596923828,2020-02-05,13.260826110839844,1,5.0,0.0,2020-02-05,2020-02-04,8.5685396194458,0.0,2020-02-06,0.0,0.0,2020-02-05,0.0,5.0,"{""type"":""Point"",""coordinates"":[74.068536,14.946755999999999]}"
94,10,0.5192224383354187,268.55224609375,2022-01-21,23.347665786743164,1,98.0,0.0,2022-01-21,2022-01-20,15.893187522888184,299.3218078613281,2022-01-22,0.0,0.0,2022-01-21,0.2728487551212311,98.0,"{""type"":""Point"",""coordinates"":[74.061364,14.954614000000003]}"
95,10,0.0541040413081646,218.0009002685547,2022-07-21,11.315763473510742,1,98.0,147.59999084472656,2022-07-21,2022-07-20,6.362735271453857,298.546142578125,2022-07-22,3.299999952316284,8.333333015441895,2022-07-21,0.4997711181640625,90.0,"{""type"":""Point"",""coordinates"":[74.061417,14.954078]}"
96,10,0.26726052165031433,140.53077697753906,2019-12-19,17.456073760986328,1,100.0,0.0,2019-12-19,2019-12-18,23.13633918762207,301.6236572265625,2019-12-20,0.0,0.0,2019-12-19,0.27461305260658264,100.0,"{""type"":""Point"",""coordinates"":[74.054328,14.959955999999996]}"
97,10,0.39766761660575867,340.0608215332031,2023-12-09,29.906522750854492,1,3.0,0.0,2023-12-09,2023-12-08,27.506179809570312,300.67578125,2023-12-10,0.0,0.0,2023-12-09,0.3059577941894531,3.0,"{""type"":""Point"",""coordinates"":[74.067614,14.997794]}"
98,10,0.5754873752593994,236.47561645507812,2023-06-16,15.497230529785156,1,98.0,0.0,2023-06-16,2023-06-15,8.198495864868164,300.8257141113281,2023-06-17,0.0,0.0,2023-06-16,0.48281732201576233,98.0,"{""type"":""Point"",""coordinates"":[74.060078,14.9573]}"
99,10,0.5397877097129822,27.56735610961914,2019-06-07,18.531980514526367,1,296.0,16943.0390625,2019-06-07,2019-06-06,12.876422882080078,302.7403564453125,2019-06-08,5.309999942779541,6.25,2019-06-07,0.29259172081947327,296.0,"{""type"":""Point"",""coordinates"":[74.077769,14.966778]}"
100,10,0.7524183392524719,12.306842803955078,2021-03-06,19.443727493286133,1,291.0,0.0,2021-03-06,2021-03-05,12.084502220153809,301.0220642089844,2021-03-07,0.0,0.0,2021-03-06,0.2834828794002533,1.0,"{""type"":""Point"",""coordinates"":[74.07968600000001,14.965842]}"
101,10,0.03499413654208183,110.91151428222656,2022-07-02,20.42604637145996,1,3.0,193.4010009765625,2022-07-02,2022-07-01,9.891899108886719,0.0,2022-07-03,31.839998245239258,22.91666603088379,2022-07-02,0.0,3.0,"{""type"":""Point"",""coordinates"":[74.098519,14.910766999999996]}"
102,10,0.5959892868995667,262.1138916015625,2021-03-14,32.9149169921875,1,2.0,0.0,2021-03-14,2021-03-13,20.17878532409668,0.0,2021-03-15,0.0,0.0,2021-03-14,0.0,2.0,"{""type"":""Point"",""coordinates"":[74.101367,14.911914]}"
103,10,0.09131243824958801,103.40982055664062,2019-10-29,41.148475646972656,1,1.0,0.550000011920929,2019-10-29,2019-10-28,3.3467941284179688,299.28729248046875,2019-10-30,0.0,0.0,2019-10-29,0.47046980261802673,1.0,"{""type"":""Point"",""coordinates"":[74.20405,14.908917]}"
104,10,0.045150276273489,341.29742431640625,2020-09-29,36.99394607543945,1,1.0,7.170000076293945,2020-09-29,2020-09-28,10.252488136291504,299.22021484375,2020-09-30,0.0,0.0,2020-09-29,0.47514596581459045,1.0,"{""type"":""Point"",""coordinates"":[74.197283,14.900500000000001]}"
105,10,0.22742284834384918,191.03297424316406,2022-12-24,9.653552055358887,1,1.0,0.0,2022-12-24,2022-12-23,10.653286933898926,299.19293212890625,2022-12-25,0.0,0.0,2022-12-24,0.30318132042884827,1.0,"{""type"":""Point"",""coordinates"":[74.165033,14.886632999999996]}"
106,10,0.007705320604145527,222.73611450195312,2023-07-26,16.833209991455078,1,55.0,194.87998962402344,2023-07-26,2023-07-25,14.315581321716309,0.0,2023-07-27,149.50999450683594,97.91666412353516,2023-07-26,0.0,1.0,"{""type"":""Point"",""coordinates"":[74.141756,14.88455]}"
107,10,0.0253404900431633,359.77532958984375,2022-07-05,19.523733139038086,1,1.0,207.8300018310547,2022-07-05,2022-07-04,19.590900421142578,0.0,2022-07-06,167.88999938964844,77.08333587646484,2022-07-05,0.0,1.0,"{""type"":""Point"",""coordinates"":[74.136217,14.873633000000002]}"
108,10,0.17794053256511688,261.6304016113281,2019-10-25,15.820287704467773,1,1.0,88.47000122070312,2019-10-25,2019-10-24,17.952350616455078,297.7194519042969,2019-10-26,145.72999572753906,85.41666412353516,2019-10-25,0.48432794213294983,1.0,"{""type"":""Point"",""coordinates"":[74.177044,14.834917000000003]}"
109,10,0.04619937762618065,290.3871765136719,2020-10-06,15.490066528320312,1,10.0,54.999996185302734,2020-10-06,2020-10-05,22.231914520263672,299.6641540527344,2020-10-07,0.20999999344348907,0.0,2020-10-06,0.4868011474609375,10.0,"{""type"":""Point"",""coordinates"":[74.179033,14.849874999999997]}"
110,10,0.2531769275665283,206.30409240722656,2022-04-08,6.988589286804199,1,1.0,0.0,2022-04-08,2022-04-07,12.014158248901367,303.62750244140625,2022-04-09,0.0,0.0,2022-04-08,0.3158620297908783,1.0,"{""type"":""Point"",""coordinates"":[74.183056,14.846669000000006]}"
111,10,0.07958782464265823,188.94383239746094,2020-08-22,15.965675354003906,1,1.0,61.38999938964844,2020-08-22,2020-08-21,22.37845230102539,298.04473876953125,2020-08-23,0.20999999344348907,0.0,2020-08-22,0.48242124915122986,1.0,"{""type"":""Point"",""coordinates"":[74.182911,14.846883000000002]}"
112,10,0.4719902575016022,188.94383239746094,2021-12-15,15.965675354003906,1,1.0,0.0,2021-12-15,2021-12-14,22.37845230102539,300.3516540527344,2021-12-16,2.4700000286102295,2.0833332538604736,2021-12-15,0.3547210693359375,1.0,"{""type"":""Point"",""coordinates"":[74.182911,14.846883000000002]}"
113,10,0.41780027747154236,156.68124389648438,2021-03-22,20.54200553894043,1,34.0,0.0,2021-03-22,2021-03-21,13.923674583435059,302.11700439453125,2021-03-23,0.0,0.0,2021-03-22,0.25741133093833923,34.0,"{""type"":""Point"",""coordinates"":[74.217447,14.853583]}"
114,10,0.24888768792152405,279.25079345703125,2021-05-27,18.716205596923828,1,3.0,0.0,2021-05-27,2021-05-26,6.941643714904785,300.83465576171875,2021-05-28,0.0,0.0,2021-05-27,0.47591209411621094,3.0,"{""type"":""Point"",""coordinates"":[74.230567,14.857374999999998]}"
115,10,0.7943353652954102,0.6695480346679688,2020-02-29,579.7391967773438,1,2.0,0.0,2020-02-29,2020-02-28,18.46210289001465,300.0239562988281,2020-03-01,3.2599997520446777,4.166666507720947,2020-02-29,0.2778282165527344,2.0,"{""type"":""Point"",""coordinates"":[74.358306,15.004666999999998]}"
116,10,0.2013539969921112,66.93814086914062,2020-06-11,596.3607177734375,1,1.0,40.21999740600586,2020-06-11,2020-06-10,22.732542037963867,298.3686218261719,2020-06-12,18.239999771118164,18.75,2020-06-11,0.4903697967529297,1.0,"{""type"":""Point"",""coordinates"":[74.358917,15.003167]}"
117,10,0.05526633933186531,59.201622009277344,2023-07-11,601.990966796875,1,1.0,30.299999237060547,2023-07-11,2023-07-10,22.63670539855957,297.14532470703125,2023-07-12,44.18000030517578,33.33333206176758,2023-07-11,0.49549928307533264,1.0,"{""type"":""Point"",""coordinates"":[74.359056,15.002611000000002]}"
118,10,0.7206562161445618,259.1115417480469,2020-01-01,368.0361633300781,1,2.0,0.0,2020-01-01,2019-12-31,36.56990051269531,298.8100891113281,2020-01-02,0.0,0.0,2020-01-01,0.29665565490722656,2.0,"{""type"":""Point"",""coordinates"":[74.3613,14.9449]}"
119,10,0.6059394478797913,249.2316131591797,2023-04-23,338.8388671875,1,2.0,0.0,2023-04-23,2023-04-22,39.08739471435547,301.2969665527344,2023-04-24,0.0,0.0,2023-04-23,0.3111381530761719,2.0,"{""type"":""Point"",""coordinates"":[74.3611,14.941299999999996]}"
120,10,-0.045445237308740616,219.2883758544922,2022-08-25,293.13311767578125,1,3.0,22.889999389648438,2022-08-25,2022-08-24,35.62042236328125,296.5007019042969,2022-08-26,0.33000001311302185,0.0,2022-08-25,0.45718130469322205,3.0,"{""type"":""Point"",""coordinates"":[74.3602,14.935400000000003]}"
121,10,0.30288565158843994,343.40679931640625,2021-02-02,183.54632568359375,1,2.0,0.024000000208616257,2021-02-02,2021-02-01,32.50927734375,299.3063049316406,2021-02-03,0.0,0.0,2021-02-02,0.2870089113712311,2.0,"{""type"":""Point"",""coordinates"":[74.3575,14.9304]}"
122,10,0.11942971497774124,220.3059539794922,2021-11-30,50.4517936706543,1,2.0,0.4099999964237213,2021-11-30,2021-11-29,26.27912712097168,299.4538879394531,2021-12-01,25.94999885559082,25.0,2021-11-30,0.38501420617103577,1.0,"{""type"":""Point"",""coordinates"":[74.250608,14.746378]}"
123,10,0.4580545127391815,217.753173828125,2019-02-23,41.77503967285156,1,2.0,0.0,2019-02-23,2019-02-22,24.782291412353516,300.9723205566406,2019-02-24,0.0,0.0,2019-02-23,0.2538032531738281,1.0,"{""type"":""Point"",""coordinates"":[74.250233,14.746444000000002]}"
124,10,0.05697740241885185,234.49974060058594,2021-08-19,43.98683547973633,1,2.0,36.53999710083008,2021-08-19,2021-08-18,23.03262710571289,0.0,2021-08-20,12.369999885559082,20.83333396911621,2021-08-19,0.0,2.0,"{""type"":""Point"",""coordinates"":[74.250008,14.746861]}"
125,60,0.008027330972254276,232.94766235351562,2021-09-24,72.07659912109375,1,2.0,25.44999885559082,2021-09-24,2021-09-23,21.503816604614258,297.828125,2021-09-25,1.9499999284744263,0.0,2021-09-24,0.488677978515625,1.0,"{""type"":""Point"",""coordinates"":[74.250685,14.746788000000002]}"
126,60,-0.03839626535773277,232.94766235351562,2022-06-10,72.07659912109375,1,2.0,1.2799999713897705,2022-06-10,2022-06-09,21.503816604614258,299.7774353027344,2022-06-11,79.29000091552734,47.91666793823242,2022-06-10,0.4717629849910736,1.0,"{""type"":""Point"",""coordinates"":[74.250747,14.746660999999998]}"
127,10,0.6372302174568176,178.45616149902344,2020-01-14,18.492252349853516,1,3.0,0.0,2020-01-14,2020-01-13,14.931635856628418,0.0,2020-01-15,0.0,0.0,2020-01-14,0.0,3.0,"{""type"":""Point"",""coordinates"":[74.306,14.613833000000001]}"
128,10,0.07502967119216919,176.45094299316406,2023-10-07,16.240951538085938,1,3.0,1.8599998950958252,2023-10-07,2023-10-06,12.540923118591309,0.0,2023-10-08,0.0,0.0,2023-10-07,0.0,3.0,"{""type"":""Point"",""coordinates"":[74.305017,14.614033000000001]}"
129,10,0.05136139690876007,302.6917419433594,2022-10-06,32.1751594543457,1,1.0,0.22999998927116394,2022-10-06,2022-10-05,6.093146800994873,299.2765808105469,2022-10-07,28.909997940063477,33.33333206176758,2022-10-06,0.4730497896671295,1.0,"{""type"":""Point"",""coordinates"":[74.310767,14.672017000000002]}"
130,10,0.2677451968193054,272.46246337890625,2023-01-25,36.184879302978516,1,1.0,0.019999999552965164,2023-01-25,2023-01-24,11.440207481384277,298.5625,2023-01-26,0.0,0.0,2023-01-25,0.25561270117759705,1.0,"{""type"":""Point"",""coordinates"":[74.311217,14.672233]}"
131,10,0.5065783262252808,226.3369598388672,2023-05-30,49.67519760131836,1,48.0,0.0,2023-05-30,2023-05-29,8.491240501403809,303.8823547363281,2023-05-31,0.41999998688697815,0.0,2023-05-30,0.280041366815567,48.0,"{""type"":""Point"",""coordinates"":[74.343717,14.6909]}"
132,10,0.15331010520458221,284.9928283691406,2021-04-23,71.6842269897461,1,26.0,0.0,2021-04-23,2021-04-22,12.754830360412598,302.0332336425781,2021-04-24,0.0,0.0,2021-04-23,0.36061859130859375,1.0,"{""type"":""Point"",""coordinates"":[74.3545,14.68815]}"
133,10,0.015507420524954796,203.27139282226562,2022-07-07,55.13351821899414,1,33.0,711.6599731445312,2022-07-07,2022-07-06,7.7876996994018555,297.24639892578125,2022-07-08,182.77999877929688,95.83333587646484,2022-07-07,0.47062554955482483,6.0,"{""type"":""Point"",""coordinates"":[74.353283,14.688317000000001]}"
134,10,0.04591115564107895,42.55479049682617,2022-08-11,85.35680389404297,1,4.0,25.399999618530273,2022-08-11,2022-08-10,14.525331497192383,297.5531005859375,2022-08-12,9.279999732971191,10.416666984558105,2022-08-11,0.47236379981040955,4.0,"{""type"":""Point"",""coordinates"":[74.3762,14.685266999999996]}"
135,60,0.22017912566661835,246.24871826171875,2021-03-24,21.77946662902832,1,5.0,0.0,2021-03-24,2021-03-23,7.041056156158447,303.64306640625,2021-03-25,10.5,14.583333015441895,2021-03-24,0.28227996826171875,5.0,"{""type"":""Point"",""coordinates"":[74.357683,14.615049999999998]}"
136,10,0.6329693794250488,266.974609375,2021-02-23,19.016979217529297,1,5.0,0.0,2021-02-23,2021-02-22,9.39233684539795,300.13671875,2021-02-24,0.0,0.0,2021-02-23,0.32133421301841736,5.0,"{""type"":""Point"",""coordinates"":[74.35743300000001,14.61335]}"
137,10,0.6105257868766785,315.2480163574219,2020-02-05,26.734167098999023,1,5.0,0.0,2020-02-05,2020-02-04,6.8001861572265625,300.7257385253906,2020-02-06,0.0,0.0,2020-02-05,0.2506732940673828,5.0,"{""type"":""Point"",""coordinates"":[74.35795,14.613750000000001]}"
138,10,0.5347989797592163,266.974609375,2019-02-08,19.016979217529297,1,5.0,0.0,2019-02-08,2019-02-07,9.39233684539795,300.829833984375,2019-02-09,0.0,0.0,2019-02-08,0.2510140836238861,5.0,"{""type"":""Point"",""coordinates"":[74.35745,14.613467000000004]}"
139,50,0.036500297486782074,353.93011474609375,2021-08-26,28.167387008666992,1,3.0,66.77999877929688,2021-08-26,2021-08-25,13.3775053024292,299.611083984375,2021-08-27,27.059999465942383,27.08333396911621,2021-08-26,0.4694856107234955,3.0,"{""type"":""Point"",""coordinates"":[74.360183,14.60875]}"
140,60,0.08995378762483597,303.686279296875,2023-05-02,36.00004577636719,1,3.0,0.15900000929832458,2023-05-02,2023-05-01,10.600930213928223,304.7626953125,2023-05-03,0.019999999552965164,0.0,2023-05-02,0.2614530026912689,3.0,"{""type"":""Point"",""coordinates"":[74.3607,14.608482999999998]}"
141,10,0.00956907868385315,236.79684448242188,2022-07-26,15.774055480957031,1,1.0,15.649999618530273,2022-07-26,2022-07-25,16.3956356048584,298.16729736328125,2022-07-27,3.859999895095825,4.166666507720947,2022-07-26,0.5071983337402344,1.0,"{""type"":""Point"",""coordinates"":[74.35775,14.604000000000001]}"
142,10,0.19868794083595276,210.12249755859375,2023-02-02,8.009556770324707,1,3.0,0.0,2023-02-02,2023-02-01,9.279006004333496,301.72796630859375,2023-02-03,0.0,0.0,2023-02-02,0.25115203857421875,3.0,"{""type"":""Point"",""coordinates"":[74.36366700000002,14.602117000000002]}"
143,10,0.08839231729507446,222.3467559814453,2023-05-04,26.29960823059082,1,1.0,0.0,2023-05-04,2023-05-03,12.393198013305664,304.25469970703125,2023-05-05,0.08999999612569809,0.0,2023-05-04,0.25843238830566406,1.0,"{""type"":""Point"",""coordinates"":[74.361867,14.605550000000001]}"
144,10,0.045196350663900375,280.6470642089844,2020-07-16,30.410907745361328,1,1.0,118.04000091552734,2020-07-16,2020-07-15,8.455301284790039,297.49755859375,2020-07-17,145.76998901367188,85.41666412353516,2020-07-16,0.4779167175292969,1.0,"{""type"":""Point"",""coordinates"":[74.3619,14.60605]}"
145,10,0.03258538246154785,126.05289459228516,2021-06-04,14.311473846435547,1,18445.0,395276.34375,2021-06-04,2021-06-03,14.78736686706543,300.521484375,2021-06-05,107.47999572753906,66.66666412353516,2021-06-04,0.4933357238769531,18445.0,"{""type"":""Point"",""coordinates"":[74.367167,14.601427999999997]}"
146,60,0.03183024004101753,190.4692840576172,2019-10-15,12.371926307678223,1,18445.0,3504.550048828125,2019-10-15,2019-10-14,17.2233829498291,301.100341796875,2019-10-16,54.269996643066406,12.5,2019-10-15,0.44351133704185486,18445.0,"{""type"":""Point"",""coordinates"":[74.367908,14.602007999999996]}"
147,10,0.6333918571472168,172.8826904296875,2020-12-10,13.511388778686523,1,18435.0,0.0,2020-12-10,2020-12-09,5.953457832336426,302.4144287109375,2020-12-11,3.129999876022339,4.166666507720947,2020-12-10,0.25615373253822327,18435.0,"{""type"":""Point"",""coordinates"":[74.380464,14.603067000000001]}"
148,50,0.1853051632642746,261.2578430175781,2023-01-17,43.93443298339844,1,1.0,0.0,2023-01-17,2023-01-16,24.461814880371094,298.639404296875,2023-01-18,0.0,0.0,2023-01-17,0.25592613220214844,1.0,"{""type"":""Point"",""coordinates"":[74.382819,14.58025]}"
149,50,0.06778611242771149,263.0074157714844,2019-06-06,46.518280029296875,1,1.0,20.93000030517578,2019-06-06,2019-06-05,26.790328979492188,303.80029296875,2019-06-07,48.189998626708984,27.08333396911621,2019-06-06,0.2844270169734955,1.0,"{""type"":""Point"",""coordinates"":[74.38275,14.580583000000003]}"
150,60,0.17595326900482178,221.43170166015625,2022-02-26,47.1324348449707,1,1.0,0.0,2022-02-26,2022-02-25,21.90992546081543,301.32391357421875,2022-02-27,0.0,0.0,2022-02-26,0.24980990588665009,1.0,"{""type"":""Point"",""coordinates"":[74.382472,14.581078]}"
151,50,0.07937570661306381,250.37840270996094,2022-04-13,19.75214195251465,1,2.0,0.17999999225139618,2022-04-13,2022-04-12,11.37418270111084,303.88665771484375,2022-04-14,3.2300000190734863,4.166666507720947,2022-04-13,0.2966677248477936,2.0,"{""type"":""Point"",""coordinates"":[74.383556,14.576556000000004]}"
152,50,-0.023135023191571236,268.44085693359375,2022-10-24,20.59042739868164,1,2.0,0.0,2022-10-24,2022-10-23,15.133675575256348,299.5729675292969,2022-10-25,0.0,0.0,2022-10-24,0.46861013770103455,2.0,"{""type"":""Point"",""coordinates"":[74.383556,14.576889000000001]}"
153,10,0.1181364357471466,207.58035278320312,2023-06-04,33.28510665893555,1,1.0,0.0,2023-06-04,2023-06-03,12.064217567443848,303.82733154296875,2023-06-05,0.0,0.0,2023-06-04,0.367382675409317,1.0,"{""type"":""Point"",""coordinates"":[74.372433,14.581617]}"
154,10,0.14975444972515106,290.2720947265625,2021-05-29,21.38494873046875,1,2.0,18.700000762939453,2021-05-29,2021-05-28,9.289660453796387,300.3272705078125,2021-05-30,1.9299999475479126,0.0,2021-05-29,0.4856007993221283,2.0,"{""type"":""Point"",""coordinates"":[74.360217,14.5932]}"
155,10,0.6160935163497925,272.439697265625,2019-02-09,23.59195327758789,1,2.0,0.0,2019-02-09,2019-02-08,13.621118545532227,300.4164733886719,2019-02-10,0.0,0.0,2019-02-09,0.25079917907714844,1.0,"{""type"":""Point"",""coordinates"":[74.35905,14.591549999999998]}"
156,10,0.38393962383270264,23.08875274658203,2021-05-26,69.0881576538086,1,1.0,0.2800000011920929,2021-05-26,2021-05-25,10.322530746459961,0.0,2021-05-27,0.0,0.0,2021-05-26,0.0,1.0,"{""type"":""Point"",""coordinates"":[74.35,14.583333000000001]}"
157,10,0.11150744557380676,90.15216064453125,2020-06-22,14.066341400146484,1,3.0,99.27999877929688,2020-06-22,2020-06-21,12.241203308105469,0.0,2020-06-23,41.38999938964844,54.16666793823242,2020-06-22,0.0,2.0,"{""type"":""Point"",""coordinates"":[74.349539,14.536633000000002]}"
158,10,0.3612860441207886,162.98080444335938,2019-06-11,28.61696434020996,1,3.0,17.53999900817871,2019-06-11,2019-06-10,25.162302017211914,301.2930603027344,2019-06-12,100.23999786376953,60.41666793823242,2019-06-11,0.3260211944580078,1.0,"{""type"":""Point"",""coordinates"":[74.361631,14.504106]}"
159,10,0.10160993784666061,138.8377685546875,2021-08-27,28.758394241333008,1,3.0,23.369998931884766,2021-08-27,2021-08-26,31.037139892578125,299.3057861328125,2021-08-28,78.70999908447266,83.33333587646484,2021-08-27,0.3471698760986328,1.0,"{""type"":""Point"",""coordinates"":[74.362122,14.504396999999999]}"
160,60,0.08634067326784134,160.76956176757812,2020-09-16,32.98588943481445,1,1.0,43.89999771118164,2020-09-16,2020-09-15,1.7870221138000488,298.7643737792969,2020-09-17,24.31999969482422,39.58333206176758,2020-09-16,0.3821887969970703,1.0,"{""type"":""Point"",""coordinates"":[74.398733,14.538083000000002]}"
161,30,0.2504173517227173,347.52178955078125,2021-05-02,74.76390075683594,1,1.0,9.505000114440918,2021-05-02,2021-05-01,3.377598524093628,301.1938781738281,2021-05-03,0.0,0.0,2021-05-02,0.47206369042396545,1.0,"{""type"":""Point"",""coordinates"":[74.96,13.46]}"
162,10,0.1068626269698143,56.32472229003906,2022-04-10,115.03630828857422,1,7.0,4.690000057220459,2022-04-10,2022-04-09,25.78744888305664,300.2486572265625,2022-04-11,1.809999942779541,2.0833332538604736,2022-04-10,0.4720395505428314,7.0,"{""type"":""Point"",""coordinates"":[75.033892,13.473847000000001]}"
163,10,0.13063423335552216,132.2125244140625,2021-07-13,100.14675903320312,1,658.0,37130.9375,2021-07-13,2021-07-12,11.950133323669434,296.59259033203125,2021-07-14,120.20999908447266,77.08333587646484,2021-07-13,0.4755045473575592,658.0,"{""type"":""Point"",""coordinates"":[75.047511,13.477825000000003]}"
164,10,0.14923642575740814,33.60163116455078,2019-09-15,118.34071350097656,1,7.0,85.52999877929688,2019-09-15,2019-09-14,16.113815307617188,296.79400634765625,2019-09-16,31.28999900817871,33.33333206176758,2019-09-15,0.48469606041908264,3.0,"{""type"":""Point"",""coordinates"":[75.059181,13.453847]}"
165,10,0.23414860665798187,310.53619384765625,2022-11-29,518.7578125,1,2.0,0.0,2022-11-29,2022-11-28,31.036800384521484,296.9470520019531,2022-11-30,0.0,0.0,2022-11-29,0.4244168698787689,2.0,"{""type"":""Point"",""coordinates"":[75.079,13.496806]}"
166,10,0.4835664927959442,276.4960021972656,2020-03-19,452.8616027832031,1,2.0,0.0,2020-03-19,2020-03-18,23.904949188232422,300.9720153808594,2020-03-20,0.0,0.0,2020-03-19,0.29202523827552795,2.0,"{""type"":""Point"",""coordinates"":[75.077625,13.496133]}"
167,10,0.24634577333927155,281.9488830566406,2020-12-01,360.0768127441406,1,2.0,0.0,2020-12-01,2020-11-30,23.957508087158203,299.1127014160156,2020-12-02,0.03800000250339508,0.0,2020-12-01,0.3323739469051361,1.0,"{""type"":""Point"",""coordinates"":[75.075983,13.495556000000002]}"
168,10,0.7157694697380066,274.59027099609375,2022-05-06,363.0307312011719,1,2.0,1.0199999809265137,2022-05-06,2022-05-05,19.597400665283203,300.2057189941406,2022-05-07,7.299999713897705,10.416666984558105,2022-05-06,0.43530717492103577,1.0,"{""type"":""Point"",""coordinates"":[75.075161,13.494500000000002]}"
169,10,0.5905186533927917,214.55870056152344,2023-11-16,439.5670166015625,1,2.0,0.0,2023-11-16,2023-11-15,36.77702713012695,298.0513610839844,2023-11-17,0.0,0.0,2023-11-16,0.4233264923095703,1.0,"{""type"":""Point"",""coordinates"":[75.078311,13.494447]}"
170,10,0.6011329293251038,212.8744659423828,2021-04-26,395.58001708984375,1,2.0,0.15000000596046448,2021-04-26,2021-04-25,33.09406661987305,299.76788330078125,2021-04-27,7.5,8.333333015441895,2021-04-26,0.48081842064857483,1.0,"{""type"":""Point"",""coordinates"":[75.078692,13.493678]}"
171,10,0.7294541001319885,218.70819091796875,2020-02-28,592.9431762695312,1,2.0,0.0,2020-02-28,2020-02-27,37.09103012084961,299.67169189453125,2020-02-29,0.0,0.0,2020-02-28,0.29689469933509827,2.0,"{""type"":""Point"",""coordinates"":[75.0807,13.495022]}"
172,10,0.0038759689778089523,265.15045166015625,2020-10-13,589.869384765625,1,2.0,48.459999084472656,2020-10-13,2020-10-12,18.703088760375977,295.4798889160156,2020-10-14,172.6699981689453,85.41666412353516,2020-10-13,0.47538185119628906,2.0,"{""type"":""Point"",""coordinates"":[75.080294,13.495797]}"
173,10,0.11970217525959015,220.6151123046875,2022-06-02,540.3548583984375,1,2.0,7.043999671936035,2022-06-02,2022-06-01,32.690452575683594,297.8544006347656,2022-06-03,27.40999984741211,18.75,2022-06-02,0.48527082800865173,2.0,"{""type"":""Point"",""coordinates"":[75.079806,13.495056]}"
174,10,0.6548004150390625,275.36993408203125,2020-04-26,590.8826293945312,1,1.0,0.0,2020-04-26,2020-04-25,35.40557098388672,299.7937316894531,2020-04-27,0.0,0.0,2020-04-26,0.4697456359863281,1.0,"{""type"":""Point"",""coordinates"":[75.080533,13.497168999999998]}"
175,10,0.007500860840082169,280.15350341796875,2023-07-10,274.80377197265625,1,3.0,170.61000061035156,2023-07-10,2023-07-09,34.08012008666992,295.8428039550781,2023-07-11,8.789999961853027,10.416666984558105,2023-07-10,0.5016428828239441,3.0,"{""type"":""Point"",""coordinates"":[75.077564,13.488889]}"
176,10,0.30308523774147034,195.11483764648438,2020-11-24,277.2106628417969,1,2.0,0.0,2020-11-24,2020-11-23,21.59514045715332,298.0358581542969,2020-11-25,0.0,0.0,2020-11-24,0.37776246666908264,2.0,"{""type"":""Point"",""coordinates"":[75.078558,13.486328000000002]}"
177,10,0.08497276157140732,50.602561950683594,2023-09-23,674.6104125976562,1,1.0,11.59999942779541,2023-09-23,2023-09-22,5.6064605712890625,297.3385009765625,2023-09-24,31.03999900817871,25.0,2023-09-23,0.4816214144229889,1.0,"{""type"":""Point"",""coordinates"":[75.11,13.51]}"
178,60,0.23582111299037933,343.5186767578125,2023-11-19,634.1544799804688,1,19.0,0.7599999904632568,2023-11-19,2023-11-18,7.379467487335205,298.72418212890625,2023-11-20,2.690000057220459,4.166666507720947,2023-11-19,0.4123808443546295,19.0,"{""type"":""Point"",""coordinates"":[75.11,13.54]}"
179,10,0.4659592807292938,52.19179916381836,2023-12-22,639.0570678710938,1,11.0,0.0,2023-12-22,2023-12-21,8.309127807617188,299.0700988769531,2023-12-23,1.059999942779541,2.0833332538604736,2023-12-22,0.3447723388671875,11.0,"{""type"":""Point"",""coordinates"":[75.12,13.550000000000002]}"
180,10,0.8225461840629578,156.29208374023438,2020-12-30,576.7440185546875,1,785.0,1.1299999952316284,2020-12-30,2020-12-29,23.508718490600586,297.98333740234375,2020-12-31,0.0,0.0,2020-12-30,0.2670478820800781,1.0,"{""type"":""Point"",""coordinates"":[75.05,13.68]}"
181,10,0.5018494725227356,156.29208374023438,2023-01-10,576.7440185546875,1,785.0,0.0,2023-01-10,2023-01-09,23.508718490600586,296.887451171875,2023-01-11,0.0,0.0,2023-01-10,0.2815742492675781,1.0,"{""type"":""Point"",""coordinates"":[75.05,13.68]}"
182,10,0.1374538242816925,156.29208374023438,2021-11-06,576.7440185546875,1,785.0,14.109999656677246,2021-11-06,2021-11-05,23.508718490600586,296.08648681640625,2021-11-07,11.029999732971191,18.75,2021-11-06,0.48092079162597656,1.0,"{""type"":""Point"",""coordinates"":[75.05,13.68]}"
183,30,0.002807424170896411,180.0,2019-08-04,593.0,1,5.0,324.79998779296875,2019-08-04,2019-08-03,6.592317581176758,295.3505859375,2019-08-05,67.41999816894531,37.5,2019-08-04,0.4856313169002533,5.0,"{""type"":""Point"",""coordinates"":[75.13,13.64]}"
184,10,0.09135697036981583,12.489364624023438,2023-09-09,646.322265625,1,3.0,39.98999786376953,2023-09-09,2023-09-08,3.374739170074463,296.1143493652344,2023-09-10,0.0,0.0,2023-09-09,0.4827861785888672,3.0,"{""type"":""Point"",""coordinates"":[75.14000000000001,13.64]}"
185,40,0.02144480124115944,323.8757629394531,2020-08-06,628.8801879882812,1,1.0,89.18999481201172,2020-08-06,2020-08-05,3.3453588485717773,294.79083251953125,2020-08-07,78.0,52.08333206176758,2020-08-06,0.482189804315567,1.0,"{""type"":""Point"",""coordinates"":[75.14000000000001,13.660000000000004]}"
186,40,0.25723040103912354,323.8757629394531,2023-12-02,628.8801879882812,1,1.0,0.1599999964237213,2023-12-02,2023-12-01,3.3453588485717773,298.2748107910156,2023-12-03,0.0,0.0,2023-12-02,0.39426741003990173,1.0,"{""type"":""Point"",""coordinates"":[75.14000000000001,13.660000000000004]}"
187,10,0.1546316146850586,240.43165588378906,2022-06-27,632.2671508789062,1,2.0,60.07999801635742,2022-06-27,2022-06-26,11.856144905090332,295.7008972167969,2022-06-28,33.7599983215332,16.66666603088379,2022-06-27,0.4816322326660156,2.0,"{""type"":""Point"",""coordinates"":[75.07,13.669999999999998]}"
188,10,0.2506164014339447,228.05323791503906,2022-12-29,564.0,1,114.0,0.0,2022-12-29,2022-12-28,21.424867630004883,298.4441223144531,2022-12-30,0.0,0.0,2022-12-29,0.3348776400089264,114.0,"{""type"":""Point"",""coordinates"":[75.06,13.700000000000001]}"
189,10,0.04650544375181198,115.6451187133789,2019-07-19,620.330810546875,1,1.0,13.359999656677246,2019-07-19,2019-07-18,13.447103500366211,296.3465576171875,2019-07-20,63.089996337890625,64.58333587646484,2019-07-19,0.48785147070884705,1.0,"{""type"":""Point"",""coordinates"":[75.06,13.710000000000003]}"
190,10,0.38889074325561523,32.939971923828125,2022-12-31,678.46435546875,1,1.0,0.0,2022-12-31,2022-12-30,11.474785804748535,297.6842956542969,2023-01-01,0.0,0.0,2022-12-31,0.32356390357017517,1.0,"{""type"":""Point"",""coordinates"":[75.09000000000002,13.710000000000004]}"
191,10,0.6733080148696899,238.71180725097656,2020-12-29,609.7931518554688,1,3.0,0.0,2020-12-29,2020-12-28,9.573812484741211,297.8084716796875,2020-12-30,1.1299999952316284,2.0833332538604736,2020-12-29,0.268585205078125,1.0,"{""type"":""Point"",""coordinates"":[75.1,13.690000000000001]}"
192,10,0.12078212201595306,45.24907684326172,2022-04-11,639.6629028320312,1,9.0,128.02999877929688,2022-04-11,2022-04-10,18.324216842651367,300.0912780761719,2022-04-12,0.14999999105930328,0.0,2022-04-11,0.4222679138183594,7.0,"{""type"":""Point"",""coordinates"":[75.14000000000001,13.700000000000001]}"
193,10,0.17750391364097595,45.24907684326172,2021-12-15,639.6629028320312,1,9.0,6.789999961853027,2021-12-15,2021-12-14,18.324216842651367,297.497314453125,2021-12-16,0.0,0.0,2021-12-15,0.34413909912109375,7.0,"{""type"":""Point"",""coordinates"":[75.14000000000001,13.700000000000001]}"
194,10,0.5724222660064697,185.82147216796875,2019-05-14,677.8312377929688,1,1.0,0.0,2019-05-14,2019-05-13,11.368057250976562,301.2868957519531,2019-05-15,0.0,0.0,2019-05-14,0.3424714505672455,1.0,"{""type"":""Point"",""coordinates"":[75.13,13.710000000000004]}"
195,10,0.12967988848686218,135.51499938964844,2020-10-22,577.859375,1,4.0,20.639999389648438,2020-10-22,2020-10-21,8.492400169372559,296.0499267578125,2020-10-23,59.709999084472656,29.16666603088379,2020-10-22,0.48971620202064514,1.0,"{""type"":""Point"",""coordinates"":[75.1,13.779999999999998]}"
196,10,0.019126778468489647,135.23924255371094,2019-08-30,749.1719360351562,1,1.0,3.7699999809265137,2019-08-30,2019-08-29,11.844451904296875,296.26544189453125,2019-08-31,23.0,29.16666603088379,2019-08-30,0.4820505678653717,1.0,"{""type"":""Point"",""coordinates"":[75.07,13.76]}"
197,10,0.6401923894882202,102.37525177001953,2023-04-28,602.669189453125,1,2.0,0.0,2023-04-28,2023-04-27,7.223067283630371,302.66217041015625,2023-04-29,0.0,0.0,2023-04-28,0.3109804689884186,2.0,"{""type"":""Point"",""coordinates"":[75.04,13.779999999999998]}"
198,10,0.27569305896759033,348.8363037109375,2021-01-19,696.5709228515625,1,1.0,0.0,2021-01-19,2021-01-18,16.429244995117188,298.08251953125,2021-01-20,0.0,0.0,2021-01-19,0.327117919921875,1.0,"{""type"":""Point"",""coordinates"":[75.05,13.769999999999998]}"
199,10,0.16853107511997223,219.0181121826172,2021-06-02,608.332275390625,1,14.0,19.06599998474121,2021-06-02,2021-06-01,10.3333740234375,298.1878967285156,2021-06-03,9.829999923706055,12.5,2021-06-02,0.4785614013671875,1.0,"{""type"":""Point"",""coordinates"":[75.03,13.730000000000002]}"
200,10,0.8426803350448608,113.62364959716797,2019-01-20,680.6724853515625,1,1.0,0.0,2019-01-20,2019-01-19,15.80393123626709,297.97552490234375,2019-01-21,0.0,0.0,2019-01-20,0.27413877844810486,1.0,"{""type"":""Point"",""coordinates"":[75.04,13.719999999999999]}"
201,30,0.022792182862758636,78.49286651611328,2020-06-15,633.2473754882812,1,3.0,50.0099983215332,2020-06-15,2020-06-14,7.230743408203125,296.3714904785156,2020-06-16,10.149999618530273,16.66666603088379,2020-06-15,0.48219361901283264,3.0,"{""type"":""Point"",""coordinates"":[75.05,13.719999999999999]}"
202,30,0.5012074708938599,105.16831970214844,2019-12-13,606.216796875,1,7.0,0.0,2019-12-13,2019-12-12,5.404812812805176,297.4653015136719,2019-12-14,0.0,0.0,2019-12-13,0.34667715430259705,7.0,"{""type"":""Point"",""coordinates"":[75.05,13.71]}"
203,10,0.6088559031486511,288.2799377441406,2023-12-18,591.0531005859375,1,1.0,0.8899999856948853,2023-12-18,2023-12-17,4.41284704208374,299.57440185546875,2023-12-19,2.069999933242798,4.166666507720947,2023-12-18,0.3341738283634186,1.0,"{""type"":""Point"",""coordinates"":[75.01,13.719999999999999]}"
204,30,0.3192708194255829,336.6239929199219,2023-06-03,570.76025390625,1,21.0,0.0,2023-06-03,2023-06-02,6.877986431121826,300.15087890625,2023-06-04,0.0,0.0,2023-06-03,0.46188482642173767,21.0,"{""type"":""Point"",""coordinates"":[75.02,13.73]}"
205,10,-0.003277183510363102,288.4466247558594,2020-10-20,361.95074462890625,1,3.0,0.0,2020-10-20,2020-10-19,15.07909107208252,297.8704528808594,2020-10-21,12.979999542236328,16.66666603088379,2020-10-20,0.4587383270263672,3.0,"{""type"":""Point"",""coordinates"":[74.99,13.729999999999999]}"
206,10,0.50041663646698,292.18658447265625,2020-12-22,484.4354248046875,1,1.0,0.0,2020-12-22,2020-12-21,26.42983055114746,298.5257263183594,2020-12-23,0.0,0.0,2020-12-22,0.30379167199134827,1.0,"{""type"":""Point"",""coordinates"":[74.99,13.72]}"
207,10,0.002312534023076296,292.18658447265625,2019-08-26,484.4354248046875,1,1.0,1.3299999237060547,2019-08-26,2019-08-25,26.42983055114746,296.0153503417969,2019-08-27,3.0899999141693115,4.166666507720947,2019-08-26,0.5074717402458191,1.0,"{""type"":""Point"",""coordinates"":[74.99,13.72]}"
208,10,0.12596432864665985,292.18658447265625,2022-05-31,484.4354248046875,1,1.0,2.129999876022339,2022-05-31,2022-05-30,26.42983055114746,298.76025390625,2022-06-01,0.4099999964237213,0.0,2022-05-31,0.46464601159095764,1.0,"{""type"":""Point"",""coordinates"":[74.99,13.72]}"
209,10,0.03535072132945061,292.18658447265625,2020-06-24,484.4354248046875,1,1.0,3.359999895095825,2020-06-24,2020-06-23,26.42983055114746,297.15679931640625,2020-06-25,4.339999675750732,8.333333015441895,2020-06-24,0.47168731689453125,1.0,"{""type"":""Point"",""coordinates"":[74.99,13.72]}"
210,10,0.33826857805252075,292.18658447265625,2021-12-20,484.4354248046875,1,1.0,0.0,2021-12-20,2021-12-19,26.42983055114746,297.9989318847656,2021-12-21,0.0,0.0,2021-12-20,0.31935882568359375,1.0,"{""type"":""Point"",""coordinates"":[74.99,13.72]}"
211,10,0.8048180937767029,292.18658447265625,2022-03-22,484.4354248046875,1,1.0,0.0,2022-03-22,2022-03-21,26.42983055114746,300.39239501953125,2022-03-23,0.0,0.0,2022-03-22,0.3030618131160736,1.0,"{""type"":""Point"",""coordinates"":[74.99,13.72]}"
212,10,0.28092679381370544,292.18658447265625,2022-10-20,484.4354248046875,1,1.0,0.7299999594688416,2022-10-20,2022-10-19,26.42983055114746,297.62554931640625,2022-10-21,2.369999885559082,2.0833332538604736,2022-10-20,0.472564697265625,1.0,"{""type"":""Point"",""coordinates"":[74.99,13.72]}"
213,10,0.1022413969039917,292.18658447265625,2022-04-09,484.4354248046875,1,1.0,0.05999999865889549,2022-04-09,2022-04-08,26.42983055114746,300.7508544921875,2022-04-10,0.0,0.0,2022-04-09,0.4041226804256439,1.0,"{""type"":""Point"",""coordinates"":[74.99,13.72]}"
214,10,0.013118085451424122,292.18658447265625,2020-08-16,484.4354248046875,1,1.0,26.249998092651367,2020-08-16,2020-08-15,26.42983055114746,296.1727600097656,2020-08-17,273.3500061035156,91.66666412353516,2020-08-16,0.4975045621395111,1.0,"{""type"":""Point"",""coordinates"":[74.99,13.72]}"
215,10,0.11068794876337051,292.18658447265625,2022-04-04,484.4354248046875,1,1.0,21.09000015258789,2022-04-04,2022-04-03,26.42983055114746,301.0074768066406,2022-04-05,0.0,0.0,2022-04-04,0.39920806884765625,1.0,"{""type"":""Point"",""coordinates"":[74.99,13.72]}"
216,10,0.7282562255859375,292.18658447265625,2020-01-16,484.4354248046875,1,1.0,0.0,2020-01-16,2020-01-15,26.42983055114746,298.1307373046875,2020-01-17,0.0,0.0,2020-01-16,0.29247984290122986,1.0,"{""type"":""Point"",""coordinates"":[74.99,13.72]}"
217,10,0.0033057534601539373,236.15518188476562,2023-07-12,614.8313598632812,1,2.0,21.920000076293945,2023-07-12,2023-07-11,12.158575057983398,297.1417236328125,2023-07-13,190.72000122070312,79.16666412353516,2023-07-12,0.4995625913143158,2.0,"{""type"":""Point"",""coordinates"":[75.0,13.72]}"
218,10,-0.016776353120803833,236.15518188476562,2019-09-09,614.8313598632812,1,2.0,120.89999389648438,2019-09-09,2019-09-08,12.158575057983398,296.1656494140625,2019-09-10,18.28999900817871,16.66666603088379,2019-09-09,0.4815196990966797,2.0,"{""type"":""Point"",""coordinates"":[75.0,13.72]}"
219,10,0.4419693648815155,236.15518188476562,2020-12-22,614.8313598632812,1,2.0,0.0,2020-12-22,2020-12-21,12.158575057983398,298.5257263183594,2020-12-23,0.0,0.0,2020-12-22,0.30379167199134827,2.0,"{""type"":""Point"",""coordinates"":[75.0,13.72]}"
220,10,-0.017901772633194923,236.15518188476562,2023-07-30,614.8313598632812,1,2.0,0.0,2023-07-30,2023-07-29,12.158575057983398,297.03466796875,2023-07-31,2.569999933242798,6.25,2023-07-30,0.5052337646484375,2.0,"{""type"":""Point"",""coordinates"":[75.0,13.72]}"
221,10,0.23647457361221313,236.15518188476562,2021-12-17,614.8313598632812,1,2.0,0.0,2021-12-17,2021-12-16,12.158575057983398,298.7875671386719,2021-12-18,0.0,0.0,2021-12-17,0.3358255922794342,2.0,"{""type"":""Point"",""coordinates"":[75.0,13.72]}"
222,10,0.37205326557159424,236.15518188476562,2022-04-23,614.8313598632812,1,2.0,46.71999740600586,2022-04-23,2022-04-22,12.158575057983398,302.07373046875,2022-04-24,0.0,0.0,2022-04-23,0.37140145897865295,2.0,"{""type"":""Point"",""coordinates"":[75.0,13.72]}"
223,10,0.3943350315093994,236.15518188476562,2022-11-09,614.8313598632812,1,2.0,0.0,2022-11-09,2022-11-08,12.158575057983398,298.2595520019531,2022-11-10,0.0,0.0,2022-11-09,0.36191877722740173,2.0,"{""type"":""Point"",""coordinates"":[75.0,13.72]}"
224,10,0.3990005850791931,236.15518188476562,2023-01-07,614.8313598632812,1,2.0,0.0,2023-01-07,2023-01-06,12.158575057983398,298.0943603515625,2023-01-08,0.0,0.0,2023-01-07,0.3021189272403717,2.0,"{""type"":""Point"",""coordinates"":[75.0,13.72]}"
225,10,0.31339123845100403,264.7022399902344,2022-11-18,600.95849609375,1,5.0,0.0,2022-11-18,2022-11-17,2.2740538120269775,297.7286682128906,2022-11-19,0.0,0.0,2022-11-18,0.3731740415096283,2.0,"{""type"":""Point"",""coordinates"":[75.0,13.710000000000003]}"
226,10,0.021020567044615746,264.7022399902344,2020-09-23,600.95849609375,1,5.0,23.100000381469727,2020-09-23,2020-09-22,2.2740538120269775,295.58905029296875,2020-09-24,0.0,0.0,2020-09-23,0.46869850158691406,2.0,"{""type"":""Point"",""coordinates"":[75.0,13.710000000000003]}"
227,10,0.6820997595787048,264.7022399902344,2023-02-03,600.95849609375,1,5.0,0.0,2023-02-03,2023-02-02,2.2740538120269775,299.73333740234375,2023-02-04,0.0,0.0,2023-02-03,0.2952003479003906,2.0,"{""type"":""Point"",""coordinates"":[75.0,13.710000000000003]}"
228,10,0.2932194769382477,199.80239868164062,2021-12-04,174.18812561035156,1,1073.0,0.0,2021-12-04,2021-12-03,15.15373420715332,297.5218505859375,2021-12-05,0.0,0.0,2021-12-04,0.4186452329158783,1.0,"{""type"":""Point"",""coordinates"":[75.0,13.700000000000001]}"
229,30,0.0494665652513504,312.4742736816406,2020-07-30,93.28607940673828,1,29.0,150.89999389648438,2020-07-30,2020-07-29,6.8219685554504395,296.999267578125,2020-07-31,17.5,20.83333396911621,2020-07-30,0.47642961144447327,5.0,"{""type"":""Point"",""coordinates"":[74.97,13.700000000000001]}"
230,10,0.17300233244895935,96.6177749633789,2022-04-23,138.02023315429688,1,3.0,23.35999870300293,2022-04-23,2022-04-22,23.936723709106445,302.07373046875,2022-04-24,0.0,0.0,2022-04-23,0.37140145897865295,1.0,"{""type"":""Point"",""coordinates"":[74.97,13.71]}"
231,10,0.08003955334424973,179.18716430664062,2021-07-16,354.98858642578125,1,1.0,123.47999572753906,2021-07-16,2021-07-15,18.623367309570312,295.75714111328125,2021-07-17,87.72000122070312,70.83333587646484,2021-07-16,0.4827912747859955,1.0,"{""type"":""Point"",""coordinates"":[74.98,13.719999999999999]}"
232,10,0.07151331007480621,179.18716430664062,2019-07-13,354.98858642578125,1,1.0,24.85999870300293,2019-07-13,2019-07-12,18.623367309570312,296.9814758300781,2019-07-14,71.43999481201172,45.83333206176758,2019-07-13,0.47472572326660156,1.0,"{""type"":""Point"",""coordinates"":[74.98,13.719999999999999]}"
233,10,0.007854127325117588,179.18716430664062,2019-08-30,354.98858642578125,1,1.0,12.279999732971191,2019-08-30,2019-08-29,18.623367309570312,296.529541015625,2019-08-31,18.190000534057617,22.91666603088379,2019-08-30,0.47678694128990173,1.0,"{""type"":""Point"",""coordinates"":[74.98,13.719999999999999]}"
234,10,0.11764208227396011,179.18716430664062,2021-11-22,354.98858642578125,1,1.0,1.159999966621399,2021-11-22,2021-11-21,18.623367309570312,296.13153076171875,2021-11-23,2.009999990463257,0.0,2021-11-22,0.47876739501953125,1.0,"{""type"":""Point"",""coordinates"":[74.98,13.719999999999999]}"
235,10,0.0633959025144577,179.18716430664062,2023-09-02,354.98858642578125,1,1.0,0.0,2023-09-02,2023-09-01,18.623367309570312,299.2398376464844,2023-09-03,2.859999895095825,4.166666507720947,2023-09-02,0.4601154327392578,1.0,"{""type"":""Point"",""coordinates"":[74.98,13.719999999999999]}"
236,10,0.7857933640480042,179.18716430664062,2023-04-22,354.98858642578125,1,1.0,0.0,2023-04-22,2023-04-21,18.623367309570312,301.4017333984375,2023-04-23,0.0,0.0,2023-04-22,0.29552140831947327,1.0,"{""type"":""Point"",""coordinates"":[74.98,13.719999999999999]}"
237,10,0.017788469791412354,179.18716430664062,2023-10-07,354.98858642578125,1,1.0,0.0,2023-10-07,2023-10-06,18.623367309570312,297.83514404296875,2023-10-08,0.0,0.0,2023-10-07,0.47964921593666077,1.0,"{""type"":""Point"",""coordinates"":[74.98,13.719999999999999]}"
238,10,-0.021746356040239334,179.18716430664062,2023-08-09,354.98858642578125,1,1.0,5.069999694824219,2023-08-09,2023-08-08,18.623367309570312,297.0922546386719,2023-08-10,0.0,0.0,2023-08-09,0.49514707922935486,1.0,"{""type"":""Point"",""coordinates"":[74.98,13.719999999999999]}"
239,10,0.8029100298881531,179.18716430664062,2019-02-10,354.98858642578125,1,1.0,0.0,2019-02-10,2019-02-09,18.623367309570312,298.8882141113281,2019-02-11,0.0,0.0,2019-02-10,0.27332115173339844,1.0,"{""type"":""Point"",""coordinates"":[74.98,13.719999999999999]}"
240,10,0.22470128536224365,179.18716430664062,2021-06-03,354.98858642578125,1,1.0,18.799999237060547,2021-06-03,2021-06-02,18.623367309570312,298.772216796875,2021-06-04,26.34000015258789,27.08333396911621,2021-06-03,0.48849359154701233,1.0,"{""type"":""Point"",""coordinates"":[74.98,13.719999999999999]}"
241,10,0.009665235877037048,179.18716430664062,2019-07-23,354.98858642578125,1,1.0,26.31999969482422,2019-07-23,2019-07-22,18.623367309570312,295.9065246582031,2019-07-24,66.1199951171875,54.16666793823242,2019-07-23,0.48443031311035156,1.0,"{""type"":""Point"",""coordinates"":[74.98,13.719999999999999]}"
242,10,0.08003955334424973,179.18716430664062,2021-07-16,354.98858642578125,1,1.0,123.47999572753906,2021-07-16,2021-07-15,18.623367309570312,295.75714111328125,2021-07-17,87.72000122070312,70.83333587646484,2021-07-16,0.4827912747859955,1.0,"{""type"":""Point"",""coordinates"":[74.98,13.719999999999999]}"
243,10,0.49408823251724243,327.45758056640625,2021-04-25,181.30702209472656,1,2.0,4.0,2021-04-25,2021-04-24,8.094958305358887,300.3367614746094,2021-04-26,0.0,0.0,2021-04-25,0.46022987365722656,2.0,"{""type"":""Point"",""coordinates"":[74.97,13.72]}"
244,10,-0.012321039102971554,327.45758056640625,2023-08-05,181.30702209472656,1,2.0,6.400000095367432,2023-08-05,2023-08-04,8.094958305358887,296.98370361328125,2023-08-06,3.8399999141693115,6.25,2023-08-05,0.48714956641197205,2.0,"{""type"":""Point"",""coordinates"":[74.97,13.72]}"
245,10,0.06097886338829994,327.45758056640625,2022-03-26,181.30702209472656,1,2.0,5.119999885559082,2022-03-26,2022-03-25,8.094958305358887,298.9856872558594,2022-03-27,0.0,0.0,2022-03-26,0.411102294921875,2.0,"{""type"":""Point"",""coordinates"":[74.97,13.72]}"
246,10,0.02614753507077694,327.45758056640625,2022-07-13,181.30702209472656,1,2.0,111.47999572753906,2022-07-13,2022-07-12,8.094958305358887,295.4597473144531,2022-07-14,73.72999572753906,79.16666412353516,2022-07-13,0.4750925600528717,2.0,"{""type"":""Point"",""coordinates"":[74.97,13.72]}"
247,10,0.08953158557415009,327.45758056640625,2021-09-19,181.30702209472656,1,2.0,0.0,2021-09-19,2021-09-18,8.094958305358887,297.8310546875,2021-09-20,0.3400000035762787,0.0,2021-09-19,0.47959136962890625,2.0,"{""type"":""Point"",""coordinates"":[74.97,13.72]}"
248,10,0.04442720487713814,220.68194580078125,2022-10-05,126.38880157470703,1,8.0,37.68000030517578,2022-10-05,2022-10-04,11.017751693725586,298.4910888671875,2022-10-06,0.8699999451637268,0.0,2022-10-05,0.4733428955078125,8.0,"{""type"":""Point"",""coordinates"":[74.91,13.76]}"
249,10,0.2697603404521942,124.14806365966797,2020-05-11,64.04358673095703,1,45.0,0.0,2020-05-11,2020-05-10,1.8557294607162476,303.7973937988281,2020-05-12,19.76999855041504,16.66666603088379,2020-05-11,0.3921394348144531,44.0,"{""type"":""Point"",""coordinates"":[74.93,13.69]}"
250,10,0.49134477972984314,98.94205474853516,2023-11-10,89.94090270996094,1,2.0,68.04000091552734,2023-11-10,2023-11-09,11.58974838256836,299.26165771484375,2023-11-11,16.719999313354492,22.91666603088379,2023-11-10,0.4965629577636719,2.0,"{""type"":""Point"",""coordinates"":[74.94,13.69]}"
251,10,0.08641975373029709,148.2264862060547,2021-06-13,74.0092544555664,1,1.0,150.77999877929688,2021-06-13,2021-06-12,9.366127967834473,297.9712829589844,2021-06-14,83.8699951171875,66.66666412353516,2021-06-13,0.48930612206459045,1.0,"{""type"":""Point"",""coordinates"":[74.94,13.67]}"
252,10,0.1532829850912094,203.40335083007812,2023-09-05,107.05782318115234,1,1.0,53.31999969482422,2023-09-05,2023-09-04,11.861637115478516,299.1723327636719,2023-09-06,50.0,43.75,2023-09-05,0.44085249304771423,1.0,"{""type"":""Point"",""coordinates"":[74.93,13.68]}"
253,10,0.014639850705862045,181.12301635742188,2022-09-14,71.04527282714844,1,1.0,1.8700000047683716,2022-09-14,2022-09-13,9.474635124206543,298.81427001953125,2022-09-15,7.149999618530273,10.416666984558105,2022-09-14,0.4862588346004486,1.0,"{""type"":""Point"",""coordinates"":[74.82,13.74]}"
254,10,0.03704269602894783,181.12301635742188,2022-04-05,71.04527282714844,1,1.0,0.0,2022-04-05,2022-04-04,9.474635124206543,303.8602294921875,2022-04-06,0.0,0.0,2022-04-05,0.3967132568359375,1.0,"{""type"":""Point"",""coordinates"":[74.82,13.74]}"
255,10,0.35167840123176575,244.17649841308594,2023-04-25,72.2383041381836,1,30.0,0.0,2023-04-25,2023-04-24,1.306707739830017,301.8430480957031,2023-04-26,0.0,0.0,2023-04-25,0.2906951904296875,1.0,"{""type"":""Point"",""coordinates"":[74.82,13.8]}"
256,10,0.7974085807800293,124.03960418701172,2022-02-21,104.63111877441406,1,2.0,0.0,2022-02-21,2022-02-20,17.219165802001953,298.053955078125,2022-02-22,0.0,0.0,2022-02-21,0.27776655554771423,2.0,"{""type"":""Point"",""coordinates"":[74.81,13.880000000000003]}"
257,10,0.09406208992004395,124.03960418701172,2021-11-01,104.63111877441406,1,2.0,0.23999999463558197,2021-11-01,2021-10-31,17.219165802001953,298.42449951171875,2021-11-02,6.875999927520752,8.333333015441895,2021-11-01,0.4537467956542969,2.0,"{""type"":""Point"",""coordinates"":[74.81,13.880000000000003]}"
258,10,0.028822680935263634,92.10198974609375,2019-07-24,656.2330322265625,1,1.0,51.0,2019-07-24,2019-07-23,15.985967636108398,295.5665588378906,2019-07-25,41.78999710083008,58.33333206176758,2019-07-24,0.4809671938419342,1.0,"{""type"":""Point"",""coordinates"":[74.78,13.95]}"
259,10,0.07553022354841232,162.56600952148438,2020-06-27,675.809814453125,1,1.0,0.1899999976158142,2020-06-27,2020-06-26,10.918441772460938,297.5514831542969,2020-06-28,56.41999816894531,22.91666603088379,2020-06-27,0.47729048132896423,1.0,"{""type"":""Point"",""coordinates"":[74.78,13.939999999999998]}"
260,10,0.6057637333869934,353.28857421875,2019-05-14,659.3751831054688,1,3.0,0.0,2019-05-14,2019-05-13,17.79694938659668,300.8667297363281,2019-05-15,0.0,0.0,2019-05-14,0.3332125246524811,1.0,"{""type"":""Point"",""coordinates"":[74.83,13.939999999999998]}"
261,10,0.051457732915878296,170.67823791503906,2021-09-11,582.4459838867188,1,4.0,12.679999351501465,2021-09-11,2021-09-10,8.531806945800781,296.6490173339844,2021-09-12,19.969999313354492,18.75,2021-09-11,0.5016244053840637,1.0,"{""type"":""Point"",""coordinates"":[74.85,13.95]}"
262,10,0.013223026879131794,335.75006103515625,2021-10-21,645.939453125,1,5.0,1.1399999856948853,2021-10-21,2021-10-20,11.749119758605957,298.7734375,2021-10-22,140.27999877929688,41.66666793823242,2021-10-21,0.4545847475528717,2.0,"{""type"":""Point"",""coordinates"":[74.85,13.94]}"
263,10,0.26840177178382874,3.6897406578063965,2023-11-03,580.6544189453125,1,12.0,8.339999198913574,2023-11-03,2023-11-02,4.849392414093018,299.41583251953125,2023-11-04,25.119998931884766,18.75,2023-11-03,0.4652678072452545,6.0,"{""type"":""Point"",""coordinates"":[74.86,13.95]}"
264,10,0.16018889844417572,3.6897406578063965,2019-06-11,580.6544189453125,1,12.0,76.6199951171875,2019-06-11,2019-06-10,4.849392414093018,298.99749755859375,2019-06-12,16.619998931884766,29.16666603088379,2019-06-11,0.4617513120174408,6.0,"{""type"":""Point"",""coordinates"":[74.86,13.95]}"
265,10,0.024365708231925964,127.4440689086914,2021-07-30,697.1478881835938,1,2.0,29.06999969482422,2021-07-30,2021-07-29,12.112190246582031,296.16912841796875,2021-07-31,0.0,0.0,2021-07-30,0.4954770505428314,1.0,"{""type"":""Point"",""coordinates"":[74.85,13.930000000000001]}"
266,10,0.7285158038139343,116.92567443847656,2023-12-05,682.5018310546875,1,1.0,7.639999866485596,2023-12-05,2023-12-04,22.22353172302246,299.1773986816406,2023-12-06,0.9899999499320984,2.0833332538604736,2023-12-05,0.39450201392173767,1.0,"{""type"":""Point"",""coordinates"":[74.84,13.929999999999998]}"
267,10,0.6890355944633484,281.9076843261719,2020-02-23,618.5651245117188,1,45.0,0.0,2020-02-23,2020-02-22,15.456785202026367,300.186279296875,2020-02-24,0.0,0.0,2020-02-23,0.2778186798095703,45.0,"{""type"":""Point"",""coordinates"":[74.83,13.92]}"
268,10,0.5184077620506287,350.17449951171875,2019-04-07,659.2754516601562,1,2.0,0.0,2019-04-07,2019-04-06,3.823164224624634,300.8797607421875,2019-04-08,0.0,0.0,2019-04-07,0.30432382225990295,2.0,"{""type"":""Point"",""coordinates"":[74.82,13.920000000000002]}"
269,10,0.14434130489826202,240.2089385986328,2022-11-01,458.7300109863281,1,4.0,0.0,2022-11-01,2022-10-31,29.554370880126953,298.1385803222656,2022-11-02,0.027000000700354576,0.0,2022-11-01,0.39851126074790955,1.0,"{""type"":""Point"",""coordinates"":[74.83,13.9]}"
270,10,0.4183625876903534,240.2089385986328,2023-10-30,458.7300109863281,1,4.0,64.20999908447266,2023-10-30,2023-10-29,29.554370880126953,298.865478515625,2023-10-31,4.21999979019165,10.416666984558105,2023-10-30,0.4541676938533783,1.0,"{""type"":""Point"",""coordinates"":[74.83,13.9]}"
271,10,0.10801248997449875,240.2089385986328,2020-12-07,458.7300109863281,1,4.0,0.0,2020-12-07,2020-12-06,29.554370880126953,300.28045654296875,2020-12-08,0.03999999910593033,0.0,2020-12-07,0.3013388216495514,1.0,"{""type"":""Point"",""coordinates"":[74.83,13.9]}"
272,10,0.1407012939453125,240.2089385986328,2022-03-24,458.7300109863281,1,4.0,23.520000457763672,2022-03-24,2022-03-23,29.554370880126953,299.4915466308594,2022-03-25,0.3400000035762787,0.0,2022-03-24,0.3383007049560547,1.0,"{""type"":""Point"",""coordinates"":[74.83,13.9]}"
273,10,-0.0014636716805398464,240.2089385986328,2019-09-10,458.7300109863281,1,4.0,4.87999963760376,2019-09-10,2019-09-09,29.554370880126953,296.0159606933594,2019-09-11,0.0,0.0,2019-09-10,0.47661080956459045,1.0,"{""type"":""Point"",""coordinates"":[74.83,13.9]}"
274,10,0.12287678569555283,240.2089385986328,2019-06-26,458.7300109863281,1,4.0,5.5,2019-06-26,2019-06-25,29.554370880126953,297.0765380859375,2019-06-27,20.389999389648438,22.91666603088379,2019-06-26,0.4851341247558594,1.0,"{""type"":""Point"",""coordinates"":[74.83,13.9]}"
275,10,0.8624436259269714,150.35401916503906,2020-04-02,451.1300048828125,1,1.0,0.04800000041723251,2020-04-02,2020-04-01,21.671953201293945,301.303955078125,2020-04-03,0.4899999797344208,0.0,2020-04-02,0.31912994384765625,1.0,"{""type"":""Point"",""coordinates"":[74.82,13.9]}"
276,10,0.9012451171875,150.35401916503906,2019-01-19,451.1300048828125,1,1.0,0.0,2019-01-19,2019-01-18,21.671953201293945,297.9880676269531,2019-01-20,0.0,0.0,2019-01-19,0.2835610806941986,1.0,"{""type"":""Point"",""coordinates"":[74.82,13.9]}"
277,10,0.030466843396425247,150.35401916503906,2023-09-29,451.1300048828125,1,1.0,46.23999786376953,2023-09-29,2023-09-28,21.671953201293945,296.6327819824219,2023-09-30,43.90999984741211,43.75,2023-09-29,0.4929911196231842,1.0,"{""type"":""Point"",""coordinates"":[74.82,13.9]}"
278,10,0.821891725063324,150.35401916503906,2020-04-23,451.1300048828125,1,1.0,0.0,2020-04-23,2020-04-22,21.671953201293945,300.1435852050781,2020-04-24,0.0,0.0,2020-04-23,0.4406159818172455,1.0,"{""type"":""Point"",""coordinates"":[74.82,13.9]}"
279,10,0.04435838386416435,144.25799560546875,2021-10-22,197.66551208496094,1,2.0,235.9399871826172,2021-10-22,2021-10-21,13.676361083984375,298.1959228515625,2021-10-23,9.789999961853027,8.333333015441895,2021-10-22,0.46741804480552673,2.0,"{""type"":""Point"",""coordinates"":[74.82,13.89]}"
280,10,-0.0010436192387714982,144.25799560546875,2020-09-03,197.66551208496094,1,2.0,263.8399963378906,2020-09-03,2020-09-02,13.676361083984375,298.0419006347656,2020-09-04,41.70000076293945,33.33333206176758,2020-09-03,0.47337213158607483,2.0,"{""type"":""Point"",""coordinates"":[74.82,13.89]}"
281,10,0.5220233798027039,144.25799560546875,2021-05-05,197.66551208496094,1,2.0,19.3799991607666,2021-05-05,2021-05-04,13.676361083984375,299.52783203125,2021-05-06,89.68000030517578,20.83333396911621,2021-05-05,0.4755382537841797,2.0,"{""type"":""Point"",""coordinates"":[74.82,13.89]}"
282,10,0.5531101226806641,144.25799560546875,2019-04-11,197.66551208496094,1,2.0,0.0,2019-04-11,2019-04-10,13.676361083984375,300.9200439453125,2019-04-12,5.949999809265137,8.333333015441895,2019-04-11,0.3281269073486328,2.0,"{""type"":""Point"",""coordinates"":[74.82,13.89]}"
283,10,0.023743096739053726,144.25799560546875,2020-09-17,197.66551208496094,1,2.0,11.65999984741211,2020-09-17,2020-09-16,13.676361083984375,296.1726989746094,2020-09-18,81.12999725341797,47.91666793823242,2020-09-17,0.5012588500976562,2.0,"{""type"":""Point"",""coordinates"":[74.82,13.89]}"
284,10,0.06567931175231934,144.25799560546875,2020-10-25,197.66551208496094,1,2.0,1.1200000047683716,2020-10-25,2020-10-24,13.676361083984375,297.04364013671875,2020-10-26,24.760000228881836,18.75,2020-10-25,0.4777793884277344,2.0,"{""type"":""Point"",""coordinates"":[74.82,13.89]}"
285,10,0.0375240184366703,183.4604034423828,2022-10-19,309.64251708984375,1,4.0,4.519999980926514,2022-10-19,2022-10-18,37.921958923339844,297.2699890136719,2022-10-20,5.679999828338623,10.416666984558105,2022-10-19,0.4786275327205658,4.0,"{""type"":""Point"",""coordinates"":[74.83,13.89]}"
286,10,0.01918448507785797,183.4604034423828,2019-09-23,309.64251708984375,1,4.0,0.0,2019-09-23,2019-09-22,37.921958923339844,297.74560546875,2019-09-24,2.869999885559082,2.0833332538604736,2019-09-23,0.47520574927330017,4.0,"{""type"":""Point"",""coordinates"":[74.83,13.89]}"
287,10,0.7942437529563904,183.4604034423828,2019-03-03,309.64251708984375,1,4.0,0.0,2019-03-03,2019-03-02,37.921958923339844,298.2843933105469,2019-03-04,0.0,0.0,2019-03-03,0.2776031494140625,4.0,"{""type"":""Point"",""coordinates"":[74.83,13.89]}"
288,10,0.03322719410061836,183.4604034423828,2019-09-28,309.64251708984375,1,4.0,0.0,2019-09-28,2019-09-27,37.921958923339844,297.4288330078125,2019-09-29,4.299999713897705,6.25,2019-09-28,0.488238662481308,4.0,"{""type"":""Point"",""coordinates"":[74.83,13.89]}"
289,10,0.17114375531673431,183.4604034423828,2022-03-26,309.64251708984375,1,4.0,0.23999997973442078,2022-03-26,2022-03-25,37.921958923339844,298.942626953125,2022-03-27,0.0,0.0,2022-03-26,0.3868020474910736,4.0,"{""type"":""Point"",""coordinates"":[74.83,13.89]}"
290,10,0.8727806806564331,183.4604034423828,2019-01-04,309.64251708984375,1,4.0,0.0,2019-01-04,2019-01-03,37.921958923339844,297.7502746582031,2019-01-05,0.0,0.0,2019-01-04,0.30405616760253906,4.0,"{""type"":""Point"",""coordinates"":[74.83,13.89]}"
291,10,0.21869173645973206,183.4604034423828,2019-10-11,309.64251708984375,1,4.0,87.5999984741211,2019-10-11,2019-10-10,37.921958923339844,298.085205078125,2019-10-12,11.789999961853027,16.66666603088379,2019-10-11,0.461840957403183,4.0,"{""type"":""Point"",""coordinates"":[74.83,13.89]}"
292,10,0.37306058406829834,183.4604034423828,2023-04-30,309.64251708984375,1,4.0,0.0,2023-04-30,2023-04-29,37.921958923339844,300.7291564941406,2023-05-01,0.0,0.0,2023-04-30,0.3131319582462311,4.0,"{""type"":""Point"",""coordinates"":[74.83,13.89]}"
293,10,0.5636029839515686,183.4604034423828,2020-12-21,309.64251708984375,1,4.0,0.0,2020-12-21,2020-12-20,37.921958923339844,298.8353271484375,2020-12-22,0.0,0.0,2020-12-21,0.34147897362709045,4.0,"{""type"":""Point"",""coordinates"":[74.83,13.89]}"
294,10,0.16757185757160187,183.4604034423828,2022-04-10,309.64251708984375,1,4.0,0.0,2022-04-10,2022-04-09,37.921958923339844,299.7394714355469,2022-04-11,1.4499999284744263,0.0,2022-04-10,0.443737655878067,4.0,"{""type"":""Point"",""coordinates"":[74.83,13.89]}"
295,10,0.8273773193359375,183.4604034423828,2021-02-08,309.64251708984375,1,4.0,0.0,2021-02-08,2021-02-07,37.921958923339844,298.668212890625,2021-02-09,0.0,0.0,2021-02-08,0.29692015051841736,4.0,"{""type"":""Point"",""coordinates"":[74.83,13.89]}"
296,10,0.04882442578673363,183.4604034423828,2021-08-28,309.64251708984375,1,4.0,105.83999633789062,2021-08-28,2021-08-27,37.921958923339844,296.7655029296875,2021-08-29,49.21999740600586,64.58333587646484,2021-08-28,0.4813874661922455,4.0,"{""type"":""Point"",""coordinates"":[74.83,13.89]}"
297,10,0.006143472157418728,136.8749542236328,2019-09-25,630.7218627929688,1,1.0,14.889999389648438,2019-09-25,2019-09-24,24.72258949279785,297.7335205078125,2019-09-26,39.05999755859375,41.66666793823242,2019-09-25,0.48237481713294983,1.0,"{""type"":""Point"",""coordinates"":[74.84,13.899999999999999]}"
298,10,-0.01259733084589243,136.8749542236328,2023-08-12,630.7218627929688,1,1.0,17.389999389648438,2023-08-12,2023-08-11,24.72258949279785,297.8720703125,2023-08-13,0.550000011920929,2.0833332538604736,2023-08-12,0.4841702878475189,1.0,"{""type"":""Point"",""coordinates"":[74.84,13.899999999999999]}"
299,10,0.24785161018371582,199.16465759277344,2019-05-20,602.4778442382812,1,2.0,0.6200000047683716,2019-05-20,2019-05-19,36.69239807128906,301.6063537597656,2019-05-21,0.4899999797344208,0.0,2019-05-20,0.31297364830970764,2.0,"{""type"":""Point"",""coordinates"":[74.84,13.89]}"
300,10,0.5417483448982239,199.16465759277344,2020-12-21,602.4778442382812,1,2.0,0.0,2020-12-21,2020-12-20,36.69239807128906,298.8353271484375,2020-12-22,0.0,0.0,2020-12-21,0.34147897362709045,2.0,"{""type"":""Point"",""coordinates"":[74.84,13.89]}"
301,10,0.7440226078033447,199.16465759277344,2023-12-11,602.4778442382812,1,2.0,0.0,2023-12-11,2023-12-10,36.69239807128906,299.132080078125,2023-12-12,0.0,0.0,2023-12-11,0.39007124304771423,2.0,"{""type"":""Point"",""coordinates"":[74.84,13.89]}"
302,10,0.6901070475578308,199.16465759277344,2019-02-06,602.4778442382812,1,2.0,0.0,2019-02-06,2019-02-05,36.69239807128906,298.64947509765625,2019-02-07,0.0,0.0,2019-02-06,0.27994027733802795,2.0,"{""type"":""Point"",""coordinates"":[74.84,13.89]}"
303,10,0.02552570030093193,199.16465759277344,2021-10-22,602.4778442382812,1,2.0,235.9399871826172,2021-10-22,2021-10-21,36.69239807128906,298.1959228515625,2021-10-23,9.789999961853027,8.333333015441895,2021-10-22,0.46741804480552673,2.0,"{""type"":""Point"",""coordinates"":[74.84,13.89]}"
304,30,0.08122479170560837,337.8234558105469,2021-10-10,585.936767578125,1,73.0,86.8699951171875,2021-10-10,2021-10-09,7.520467758178711,297.6293640136719,2021-10-11,7.049999713897705,16.66666603088379,2021-10-10,0.4766775667667389,73.0,"{""type"":""Point"",""coordinates"":[74.85,13.91]}"
305,30,0.37880784273147583,337.8234558105469,2019-03-17,585.936767578125,1,73.0,0.0,2019-03-17,2019-03-16,7.520467758178711,301.3692321777344,2019-03-18,0.0,0.0,2019-03-17,0.24329884350299835,73.0,"{""type"":""Point"",""coordinates"":[74.85,13.91]}"
306,10,0.7883966565132141,341.7467041015625,2022-03-13,641.0449829101562,1,1.0,0.0,2022-03-13,2022-03-12,12.991796493530273,301.79510498046875,2022-03-14,0.0,0.0,2022-03-13,0.2526022493839264,1.0,"{""type"":""Point"",""coordinates"":[74.86,13.91]}"
307,10,0.22013376653194427,341.7467041015625,2019-10-29,641.0449829101562,1,1.0,0.2800000011920929,2019-10-29,2019-10-28,12.991796493530273,297.2187805175781,2019-10-30,0.0,0.0,2019-10-29,0.47632598876953125,1.0,"{""type"":""Point"",""coordinates"":[74.86,13.91]}"
308,10,0.404363214969635,341.7467041015625,2020-01-04,641.0449829101562,1,1.0,0.0,2020-01-04,2020-01-03,12.991796493530273,298.6165771484375,2020-01-05,0.0,0.0,2020-01-04,0.3077564239501953,1.0,"{""type"":""Point"",""coordinates"":[74.86,13.91]}"
309,10,0.3955157399177551,341.7467041015625,2020-05-16,641.0449829101562,1,1.0,0.10999999940395355,2020-05-16,2020-05-15,12.991796493530273,301.60430908203125,2020-05-17,0.5699999928474426,0.0,2020-05-16,0.4528128206729889,1.0,"{""type"":""Point"",""coordinates"":[74.86,13.91]}"
310,10,0.018828902393579483,341.7467041015625,2022-09-10,641.0449829101562,1,1.0,30.350000381469727,2022-09-10,2022-09-09,12.991796493530273,296.1697692871094,2022-09-11,10.09999942779541,16.66666603088379,2022-09-10,0.4945615231990814,1.0,"{""type"":""Point"",""coordinates"":[74.86,13.91]}"
311,10,0.6955746412277222,341.7467041015625,2019-03-02,641.0449829101562,1,1.0,0.0020000000949949026,2019-03-02,2019-03-01,12.991796493530273,299.7452697753906,2019-03-03,0.0,0.0,2019-03-02,0.24222946166992188,1.0,"{""type"":""Point"",""coordinates"":[74.86,13.91]}"
312,30,0.35357820987701416,250.73338317871094,2020-01-03,591.3314819335938,1,16.0,0.0,2020-01-03,2020-01-02,8.82774543762207,298.4785461425781,2020-01-04,0.0,0.0,2020-01-03,0.31713929772377014,16.0,"{""type"":""Point"",""coordinates"":[74.86,13.9]}"
313,10,0.4993703365325928,259.1726379394531,2020-04-24,608.867919921875,1,1.0,0.0,2020-04-24,2020-04-23,9.491944313049316,301.17559814453125,2020-04-25,0.0,0.0,2020-04-24,0.4175548553466797,1.0,"{""type"":""Point"",""coordinates"":[74.88,13.91]}"
314,10,0.25428980588912964,259.1726379394531,2023-06-05,608.867919921875,1,1.0,0.0,2023-06-05,2023-06-04,9.491944313049316,300.7605895996094,2023-06-06,0.23999999463558197,0.0,2023-06-05,0.41584524512290955,1.0,"{""type"":""Point"",""coordinates"":[74.88,13.91]}"
315,10,0.08731906861066818,258.0883483886719,2022-06-24,652.914794921875,1,3.0,48.98999786376953,2022-06-24,2022-06-23,15.82127857208252,296.0150451660156,2022-06-25,65.23999786376953,52.08333206176758,2022-06-24,0.486846923828125,1.0,"{""type"":""Point"",""coordinates"":[74.91,13.9]}"
316,10,0.5737797617912292,258.0883483886719,2020-01-04,652.914794921875,1,3.0,0.0,2020-01-04,2020-01-03,15.82127857208252,298.6165771484375,2020-01-05,0.0,0.0,2020-01-04,0.3077564239501953,1.0,"{""type"":""Point"",""coordinates"":[74.91,13.9]}"
317,10,0.7348009943962097,235.42564392089844,2022-03-01,612.1946411132812,1,207.0,0.0,2022-03-01,2022-02-28,14.878959655761719,300.3033142089844,2022-03-02,0.01900000125169754,0.0,2022-03-01,0.24132919311523438,207.0,"{""type"":""Point"",""coordinates"":[74.89,13.920000000000002]}"
318,10,0.025705549865961075,123.22280883789062,2023-07-16,592.3532104492188,1,4.0,20.0,2023-07-16,2023-07-15,1.5001975297927856,296.87738037109375,2023-07-17,9.149999618530273,14.583333015441895,2023-07-16,0.4962126314640045,4.0,"{""type"":""Point"",""coordinates"":[74.91,13.920000000000002]}"
319,10,0.7086887359619141,88.26177215576172,2019-03-04,626.406982421875,1,1.0,0.0,2019-03-04,2019-03-03,8.079198837280273,299.8436279296875,2019-03-05,0.0,0.0,2019-03-04,0.24198023974895477,1.0,"{""type"":""Point"",""coordinates"":[74.9,13.920000000000002]}"
320,10,0.8363547921180725,88.26177215576172,2023-02-07,626.406982421875,1,1.0,0.0,2023-02-07,2023-02-06,8.079198837280273,299.92266845703125,2023-02-08,0.0,0.0,2023-02-07,0.2494150847196579,1.0,"{""type"":""Point"",""coordinates"":[74.9,13.920000000000002]}"
321,10,0.6080124378204346,88.26177215576172,2023-11-27,626.406982421875,1,1.0,1.1799999475479126,2023-11-27,2023-11-26,8.079198837280273,298.44903564453125,2023-11-28,0.0,0.0,2023-11-27,0.41811051964759827,1.0,"{""type"":""Point"",""coordinates"":[74.9,13.920000000000002]}"
322,10,0.06799546629190445,88.26177215576172,2020-07-23,626.406982421875,1,1.0,74.13999938964844,2020-07-23,2020-07-22,8.079198837280273,298.23480224609375,2020-07-24,59.43000030517578,27.08333396911621,2020-07-23,0.49275335669517517,1.0,"{""type"":""Point"",""coordinates"":[74.9,13.920000000000002]}"
323,10,0.5778693556785583,334.9471740722656,2020-03-20,655.380126953125,1,2.0,0.0,2020-03-20,2020-03-19,13.357109069824219,302.2479248046875,2020-03-21,0.0,0.0,2020-03-20,0.25923219323158264,2.0,"{""type"":""Point"",""coordinates"":[74.91,13.93]}"
324,10,0.007499661762267351,129.59974670410156,2019-08-12,634.27685546875,1,1.0,32.529998779296875,2019-08-12,2019-08-11,13.248565673828125,296.0272521972656,2019-08-13,20.270000457763672,29.16666603088379,2019-08-12,0.47900262475013733,1.0,"{""type"":""Point"",""coordinates"":[74.88,13.92]}"
325,10,0.4215575158596039,129.91844177246094,2021-02-06,617.6868286132812,1,7.0,0.0,2021-02-06,2021-02-05,5.572421550750732,298.9114074707031,2021-02-07,0.0,0.0,2021-02-06,0.2542470395565033,1.0,"{""type"":""Point"",""coordinates"":[74.87000000000002,13.930000000000001]}"
326,10,0.7354562282562256,129.91844177246094,2023-02-05,617.6868286132812,1,7.0,0.0,2023-02-05,2023-02-04,5.572421550750732,300.4512023925781,2023-02-06,0.0,0.0,2023-02-05,0.251483291387558,1.0,"{""type"":""Point"",""coordinates"":[74.87000000000002,13.930000000000001]}"
327,10,0.3045731484889984,128.38702392578125,2019-11-09,598.5496826171875,1,5.0,0.0,2019-11-09,2019-11-08,19.352216720581055,298.31341552734375,2019-11-10,0.0,0.0,2019-11-09,0.4691740572452545,5.0,"{""type"":""Point"",""coordinates"":[74.88,13.939999999999998]}"
328,10,0.27061495184898376,128.38702392578125,2021-11-30,598.5496826171875,1,5.0,23.700000762939453,2021-11-30,2021-11-29,19.352216720581055,297.6089172363281,2021-12-01,11.479999542236328,14.583333015441895,2021-11-30,0.4199066162109375,5.0,"{""type"":""Point"",""coordinates"":[74.88,13.939999999999998]}"
329,10,0.3849666714668274,128.38702392578125,2019-05-27,598.5496826171875,1,5.0,0.5999999642372131,2019-05-27,2019-05-26,19.352216720581055,302.14923095703125,2019-05-28,0.0,0.0,2019-05-27,0.3062960207462311,5.0,"{""type"":""Point"",""coordinates"":[74.88,13.939999999999998]}"
330,80,-0.022452257573604584,-0.0,2020-09-13,557.0,1,26.0,4334.4599609375,2020-09-13,2020-09-12,0.0,295.8978271484375,2020-09-14,54.90999984741211,75.0,2020-09-13,0.49638304114341736,26.0,"{""type"":""Point"",""coordinates"":[74.89,13.980000000000002]}"
331,10,0.20339854061603546,168.67979431152344,2023-10-11,632.2906494140625,1,1.0,0.0,2023-10-11,2023-10-10,3.77498197555542,298.6114807128906,2023-10-12,0.3399999737739563,0.0,2023-10-11,0.4642569124698639,1.0,"{""type"":""Point"",""coordinates"":[74.89,13.950000000000001]}"
332,10,0.7342414259910583,316.4611511230469,2020-04-21,584.3397827148438,1,2.0,37.37999725341797,2020-04-21,2020-04-20,2.8052453994750977,302.5373840332031,2020-04-22,0.0,0.0,2020-04-21,0.38958993554115295,2.0,"{""type"":""Point"",""coordinates"":[74.9,13.949999999999998]}"
333,10,0.45055240392684937,316.4611511230469,2023-05-22,584.3397827148438,1,2.0,41.31999969482422,2023-05-22,2023-05-21,2.8052453994750977,301.9193115234375,2023-05-23,5.229999542236328,6.25,2023-05-22,0.3340568542480469,2.0,"{""type"":""Point"",""coordinates"":[74.9,13.949999999999998]}"
334,10,0.005913848988711834,66.01985931396484,2019-08-11,617.5664672851562,1,1.0,129.0500030517578,2019-08-11,2019-08-10,9.757133483886719,295.7916564941406,2019-08-12,19.829999923706055,20.83333396911621,2019-08-11,0.4743277132511139,1.0,"{""type"":""Point"",""coordinates"":[74.92000000000002,13.929999999999998]}"
335,10,0.6840237379074097,252.537841796875,2021-03-22,645.7489013671875,1,1.0,0.0,2021-03-22,2021-03-21,1.540905237197876,301.40118408203125,2021-03-23,0.0,0.0,2021-03-22,0.2725321352481842,1.0,"{""type"":""Point"",""coordinates"":[74.92000000000002,13.920000000000002]}"
336,10,0.09389893710613251,252.537841796875,2022-10-17,645.7489013671875,1,1.0,2.2200000286102295,2022-10-17,2022-10-16,1.540905237197876,297.6372985839844,2022-10-18,6.079999923706055,12.5,2022-10-17,0.48183250427246094,1.0,"{""type"":""Point"",""coordinates"":[74.92000000000002,13.920000000000002]}"
337,10,0.6410312056541443,252.537841796875,2023-12-03,645.7489013671875,1,1.0,0.0,2023-12-03,2023-12-02,1.540905237197876,299.1053161621094,2023-12-04,0.0,0.0,2023-12-03,0.37974420189857483,1.0,"{""type"":""Point"",""coordinates"":[74.92000000000002,13.920000000000002]}"
338,10,0.16570734977722168,252.537841796875,2022-05-14,645.7489013671875,1,1.0,1.6799999475479126,2022-05-14,2022-05-13,1.540905237197876,298.82244873046875,2022-05-15,0.0,0.0,2022-05-14,0.462725967168808,1.0,"{""type"":""Point"",""coordinates"":[74.92000000000002,13.920000000000002]}"
339,10,0.8526520729064941,135.49368286132812,2023-01-23,592.0507202148438,1,1.0,0.0,2023-01-23,2023-01-22,2.2395925521850586,298.3941345214844,2023-01-24,0.0,0.0,2023-01-23,0.2478046417236328,1.0,"{""type"":""Point"",""coordinates"":[74.93,13.91]}"
340,10,0.7017834186553955,135.49368286132812,2019-03-31,592.0507202148438,1,1.0,0.0,2019-03-31,2019-03-30,2.2395925521850586,301.8993225097656,2019-04-01,0.0,0.0,2019-03-31,0.27812957763671875,1.0,"{""type"":""Point"",""coordinates"":[74.93,13.91]}"
341,10,0.03836238756775856,73.48168182373047,2020-09-18,641.2411499023438,1,1.0,30.579999923706055,2020-09-18,2020-09-17,12.336738586425781,296.76483154296875,2020-09-19,9.059999465942383,10.416666984558105,2020-09-18,0.48814454674720764,1.0,"{""type"":""Point"",""coordinates"":[74.92000000000002,13.91]}"
342,10,0.5175986886024475,73.48168182373047,2019-04-07,641.2411499023438,1,1.0,0.0,2019-04-07,2019-04-06,12.336738586425781,302.5645751953125,2019-04-08,0.0,0.0,2019-04-07,0.2753639221191406,1.0,"{""type"":""Point"",""coordinates"":[74.92000000000002,13.91]}"
343,10,0.43551191687583923,131.3505859375,2020-05-14,623.4166259765625,1,8.0,8.239999771118164,2020-05-14,2020-05-13,13.468135833740234,301.40765380859375,2020-05-15,8.949999809265137,14.583333015441895,2020-05-14,0.4542916715145111,2.0,"{""type"":""Point"",""coordinates"":[74.92000000000002,13.9]}"
344,10,0.04601166769862175,131.3505859375,2022-10-12,623.4166259765625,1,8.0,16.279998779296875,2022-10-12,2022-10-11,13.468135833740234,296.9112243652344,2022-10-13,5.710000038146973,10.416666984558105,2022-10-12,0.4799226224422455,2.0,"{""type"":""Point"",""coordinates"":[74.92000000000002,13.9]}"
345,10,0.162611722946167,51.66642379760742,2021-11-26,680.5210571289062,1,2.0,0.07999999821186066,2021-11-26,2021-11-25,11.82051944732666,298.15643310546875,2021-11-27,0.0,0.0,2021-11-26,0.4484386444091797,2.0,"{""type"":""Point"",""coordinates"":[74.93,13.89]}"
346,10,0.0772697851061821,189.4935302734375,2022-08-24,589.6298217773438,1,5.0,0.1899999976158142,2022-08-24,2022-08-23,3.7594618797302246,296.1212158203125,2022-08-25,12.1899995803833,14.583333015441895,2022-08-24,0.48027992248535156,1.0,"{""type"":""Point"",""coordinates"":[74.94,13.9]}"
347,10,0.8737902641296387,189.4935302734375,2022-01-02,589.6298217773438,1,5.0,0.0,2022-01-02,2022-01-01,3.7594618797302246,298.9767761230469,2022-01-03,0.0,0.0,2022-01-02,0.25884756445884705,1.0,"{""type"":""Point"",""coordinates"":[74.94,13.9]}"
348,10,0.8245310187339783,189.4935302734375,2021-02-23,589.6298217773438,1,5.0,0.35999998450279236,2021-02-23,2021-02-22,3.7594618797302246,297.73260498046875,2021-02-24,0.5,0.0,2021-02-23,0.37397003173828125,1.0,"{""type"":""Point"",""coordinates"":[74.94,13.9]}"
349,10,0.10219086706638336,172.05447387695312,2022-04-03,571.6259155273438,1,1.0,0.0,2022-04-03,2022-04-02,3.5201151371002197,300.8612060546875,2022-04-04,12.670000076293945,12.5,2022-04-03,0.3572610318660736,1.0,"{""type"":""Point"",""coordinates"":[74.94,13.910000000000002]}"
350,30,0.14162500202655792,240.94314575195312,2023-06-11,605.49365234375,1,9.0,45.119998931884766,2023-06-11,2023-06-10,8.042296409606934,298.2108459472656,2023-06-12,57.630001068115234,43.75,2023-06-11,0.49501290917396545,1.0,"{""type"":""Point"",""coordinates"":[74.95,13.890000000000002]}"
351,10,0.4892857074737549,143.18597412109375,2023-11-13,745.7314453125,1,2.0,0.0,2023-11-13,2023-11-12,28.708948135375977,298.00653076171875,2023-11-14,2.2899999618530273,0.0,2023-11-13,0.45021501183509827,1.0,"{""type"":""Point"",""coordinates"":[74.93,13.880000000000003]}"
352,10,0.7483178377151489,143.18597412109375,2022-02-03,745.7314453125,1,2.0,0.0,2022-02-03,2022-02-02,28.708948135375977,299.2113037109375,2022-02-04,0.0,0.0,2022-02-03,0.24266879260540009,1.0,"{""type"":""Point"",""coordinates"":[74.93,13.880000000000003]}"
353,10,0.17270788550376892,143.18597412109375,2022-12-14,745.7314453125,1,2.0,31.579999923706055,2022-12-14,2022-12-13,28.708948135375977,296.33050537109375,2022-12-15,0.0,0.0,2022-12-14,0.45715585350990295,1.0,"{""type"":""Point"",""coordinates"":[74.93,13.880000000000003]}"
354,10,0.13860002160072327,306.75091552734375,2021-06-16,779.9925537109375,1,1.0,115.2199935913086,2021-06-16,2021-06-15,16.01955795288086,295.6011657714844,2021-06-17,63.73999786376953,54.16666793823242,2021-06-16,0.48703065514564514,1.0,"{""type"":""Point"",""coordinates"":[74.92000000000002,13.880000000000003]}"
355,10,0.40322208404541016,306.75091552734375,2020-03-06,779.9925537109375,1,1.0,0.0,2020-03-06,2020-03-05,16.01955795288086,299.424072265625,2020-03-07,0.0,0.0,2020-03-06,0.28119024634361267,1.0,"{""type"":""Point"",""coordinates"":[74.92000000000002,13.880000000000003]}"
356,10,0.28594642877578735,200.1004638671875,2020-06-04,743.8375244140625,1,6.0,178.3199920654297,2020-06-04,2020-06-03,3.6324925422668457,297.4315490722656,2020-06-05,35.02000045776367,35.41666793823242,2020-06-04,0.47481855750083923,2.0,"{""type"":""Point"",""coordinates"":[74.9,13.87]}"
357,10,0.8268418312072754,52.237613677978516,2023-02-11,953.3903198242188,1,1.0,0.0,2023-02-11,2023-02-10,23.283618927001953,300.86529541015625,2023-02-12,0.0,0.0,2023-02-11,0.24762217700481415,1.0,"{""type"":""Point"",""coordinates"":[74.89,13.87]}"
358,10,0.058133114129304886,49.05315399169922,2019-10-27,1069.388427734375,1,1.0,17.149999618530273,2019-10-27,2019-10-26,29.288028717041016,294.9416809082031,2019-10-28,7.12999963760376,6.25,2019-10-27,0.48357391357421875,1.0,"{""type"":""Point"",""coordinates"":[74.88,13.86]}"
359,10,0.0669054239988327,306.77197265625,2021-11-17,97.08969116210938,1,13.0,209.55999755859375,2021-11-17,2021-11-16,2.869593381881714,297.22125244140625,2021-11-18,6.099999904632568,6.25,2021-11-17,0.482159286737442,13.0,"{""type"":""Point"",""coordinates"":[74.88,13.8]}"
360,10,0.2291330248117447,117.97063446044922,2022-05-30,138.7787322998047,1,2.0,0.0,2022-05-30,2022-05-29,25.668575286865234,299.2881164550781,2022-05-31,0.009999999776482582,0.0,2022-05-30,0.47467041015625,2.0,"{""type"":""Point"",""coordinates"":[74.87000000000002,13.8]}"
361,30,0.3735091984272003,286.2034606933594,2021-12-26,642.7571411132812,1,1.0,0.0,2021-12-26,2021-12-25,7.705322742462158,297.4336242675781,2021-12-27,0.0,0.0,2021-12-26,0.2875111997127533,1.0,"{""type"":""Point"",""coordinates"":[74.97,13.81]}"
362,10,0.5800102353096008,80.84873962402344,2019-06-01,640.2520141601562,1,1.0,0.17999999225139618,2019-06-01,2019-05-31,19.701457977294922,301.89019775390625,2019-06-02,0.26900002360343933,0.0,2019-06-01,0.325848251581192,1.0,"{""type"":""Point"",""coordinates"":[74.98,13.81]}"
363,10,0.6651305556297302,80.84873962402344,2021-01-07,640.2520141601562,1,1.0,36.34000015258789,2021-01-07,2021-01-06,19.701457977294922,298.9610595703125,2021-01-08,32.27000045776367,22.91666603088379,2021-01-07,0.35369300842285156,1.0,"{""type"":""Point"",""coordinates"":[74.98,13.81]}"
364,10,0.5879467129707336,240.7396240234375,2021-05-16,625.5715942382812,1,6.0,884.3399658203125,2021-05-16,2021-05-15,21.28229331970215,297.5171813964844,2021-05-17,61.96999740600586,39.58333206176758,2021-05-16,0.47753778100013733,6.0,"{""type"":""Point"",""coordinates"":[75.0,13.86]}"
365,10,0.7933342456817627,152.59165954589844,2019-02-27,710.3834228515625,1,1.0,0.0,2019-02-27,2019-02-26,20.627506256103516,299.9807434082031,2019-02-28,0.0,0.0,2019-02-27,0.26421037316322327,1.0,"{""type"":""Point"",""coordinates"":[75.0,13.850000000000001]}"
366,10,0.020029166713356972,152.59165954589844,2020-09-20,710.3834228515625,1,1.0,22.53999900817871,2020-09-20,2020-09-19,20.627506256103516,296.5519714355469,2020-09-21,107.62999725341797,75.0,2020-09-20,0.4834613800048828,1.0,"{""type"":""Point"",""coordinates"":[75.0,13.850000000000001]}"
367,10,0.002914139535278082,359.8783264160156,2021-10-19,649.9267578125,1,1.0,0.19999998807907104,2021-10-19,2021-10-18,22.393966674804688,297.9151306152344,2021-10-20,0.0,0.0,2021-10-19,0.4669361114501953,1.0,"{""type"":""Point"",""coordinates"":[75.01,13.839999999999998]}"
368,10,0.7494710683822632,359.8783264160156,2020-02-20,649.9267578125,1,1.0,0.0,2020-02-20,2020-02-19,22.393966674804688,300.9496765136719,2020-02-21,0.0,0.0,2020-02-20,0.26207542419433594,1.0,"{""type"":""Point"",""coordinates"":[75.01,13.839999999999998]}"
369,10,0.01015274878591299,359.8783264160156,2020-09-17,649.9267578125,1,1.0,5.819999694824219,2020-09-17,2020-09-16,22.393966674804688,296.31658935546875,2020-09-18,20.869998931884766,16.66666603088379,2020-09-17,0.4890403747558594,1.0,"{""type"":""Point"",""coordinates"":[75.01,13.839999999999998]}"
370,10,0.8111619353294373,359.8783264160156,2019-01-15,649.9267578125,1,1.0,0.0,2019-01-15,2019-01-14,22.393966674804688,297.7516784667969,2019-01-16,0.0,0.0,2019-01-15,0.26502737402915955,1.0,"{""type"":""Point"",""coordinates"":[75.01,13.839999999999998]}"
371,10,0.6372110247612,271.1620788574219,2021-03-19,588.5372314453125,1,2.0,0.0,2021-03-19,2021-03-18,12.50112533569336,302.6417541503906,2021-03-20,0.0,0.0,2021-03-19,0.24686241149902344,1.0,"{""type"":""Point"",""coordinates"":[75.05,13.87]}"
372,30,0.09143096208572388,172.4642791748047,2021-07-31,578.3339233398438,1,9.0,24.09000015258789,2021-07-31,2021-07-30,3.9477057456970215,296.5247497558594,2021-08-01,1.9499999284744263,2.0833332538604736,2021-07-31,0.5043099522590637,1.0,"{""type"":""Point"",""coordinates"":[75.03,13.839999999999998]}"
373,30,0.41155821084976196,182.98703002929688,2023-12-26,558.0,1,79.0,0.0,2023-12-26,2023-12-25,4.877063274383545,299.1751708984375,2023-12-27,0.0,0.0,2023-12-26,0.2810758054256439,79.0,"{""type"":""Point"",""coordinates"":[75.03,13.819999999999999]}"
374,40,0.41920486092567444,157.81967163085938,2022-01-04,561.236328125,1,65.0,0.0,2022-01-04,2022-01-03,2.9277570247650146,298.91815185546875,2022-01-05,0.0,0.0,2022-01-04,0.27642059326171875,65.0,"{""type"":""Point"",""coordinates"":[75.03,13.81]}"
375,10,0.1480298638343811,268.89105224609375,2021-06-16,637.8634033203125,1,2.0,213.89999389648438,2021-06-16,2021-06-15,13.544979095458984,295.8462219238281,2021-06-17,42.89999771118164,50.0,2021-06-16,0.47990670800209045,2.0,"{""type"":""Point"",""coordinates"":[75.04,13.789999999999997]}"
376,10,-0.038035798817873,8.681029319763184,2022-09-19,583.1807250976562,1,3.0,0.0,2022-09-19,2022-09-18,12.681604385375977,296.69281005859375,2022-09-20,2.119999885559082,4.166666507720947,2022-09-19,0.49376997351646423,3.0,"{""type"":""Point"",""coordinates"":[75.06,13.82]}"
377,10,0.024817608296871185,267.1741943359375,2023-07-19,570.6317749023438,1,392.0,21015.119140625,2023-07-19,2023-07-18,9.873828887939453,296.3096008300781,2023-07-20,64.11000061035156,64.58333587646484,2023-07-19,0.49352264404296875,392.0,"{""type"":""Point"",""coordinates"":[75.06,13.83]}"
378,10,0.18007412552833557,19.062583923339844,2021-12-31,606.1327514648438,1,7.0,0.0,2021-12-31,2021-12-30,2.368475914001465,297.2781066894531,2022-01-01,0.0,0.0,2021-12-31,0.2607949674129486,1.0,"{""type"":""Point"",""coordinates"":[75.07,13.829999999999998]}"
379,10,0.6505671739578247,207.64547729492188,2020-03-19,634.0074462890625,1,4.0,0.0,2020-03-19,2020-03-18,24.83426284790039,302.87030029296875,2020-03-20,0.0,0.0,2020-03-19,0.24935150146484375,4.0,"{""type"":""Point"",""coordinates"":[75.09000000000002,13.810000000000002]}"
380,10,0.016783196479082108,22.461929321289062,2020-09-10,691.2880859375,1,2.0,104.65999603271484,2020-09-10,2020-09-09,5.829527854919434,297.60595703125,2020-09-11,25.42999839782715,27.08333396911621,2020-09-10,0.4895191192626953,2.0,"{""type"":""Point"",""coordinates"":[75.12,13.790000000000001]}"
381,10,0.04103941097855568,22.461929321289062,2021-07-03,691.2880859375,1,2.0,65.47999572753906,2021-07-03,2021-07-02,5.829527854919434,297.83203125,2021-07-04,0.07000000029802322,0.0,2021-07-03,0.456744521856308,2.0,"{""type"":""Point"",""coordinates"":[75.12,13.790000000000001]}"
382,10,0.08993639796972275,22.461929321289062,2022-07-01,691.2880859375,1,2.0,162.67999267578125,2022-07-01,2022-06-30,5.829527854919434,295.44854736328125,2022-07-02,66.9739990234375,50.0,2022-07-01,0.47877249121665955,2.0,"{""type"":""Point"",""coordinates"":[75.12,13.790000000000001]}"
383,10,0.17670318484306335,232.29412841796875,2019-10-06,709.8399658203125,1,1.0,80.48999786376953,2019-10-06,2019-10-05,17.146827697753906,297.7938537597656,2019-10-07,19.190000534057617,12.5,2019-10-06,0.4623444974422455,1.0,"{""type"":""Point"",""coordinates"":[75.13,13.81]}"
384,10,-0.029772993177175522,232.29412841796875,2022-09-21,709.8399658203125,1,1.0,1.5799999237060547,2022-09-21,2022-09-20,17.146827697753906,296.3191223144531,2022-09-22,0.0,0.0,2022-09-21,0.4810371398925781,1.0,"{""type"":""Point"",""coordinates"":[75.13,13.81]}"
385,50,0.03694498911499977,279.02154541015625,2019-07-05,616.2896728515625,1,3.0,18.850000381469727,2019-07-05,2019-07-04,7.013248443603516,296.373779296875,2019-07-06,63.40999984741211,62.5,2019-07-05,0.48127174377441406,1.0,"{""type"":""Point"",""coordinates"":[75.1,13.850000000000003]}"
386,10,0.023218350484967232,56.27024459838867,2022-07-09,601.8452758789062,1,2.0,240.63999938964844,2022-07-09,2022-07-08,3.292262554168701,294.4160461425781,2022-07-10,104.47999572753906,81.25,2022-07-09,0.48090171813964844,2.0,"{""type"":""Point"",""coordinates"":[75.11,13.850000000000001]}"
387,10,0.29071444272994995,312.59332275390625,2021-01-19,582.9525146484375,1,203.0,0.0,2021-01-19,2021-01-18,6.907631874084473,298.08251953125,2021-01-20,0.0,0.0,2021-01-19,0.327117919921875,203.0,"{""type"":""Point"",""coordinates"":[75.14000000000001,13.84]}"
388,10,0.14031054079532623,312.59332275390625,2023-09-12,582.9525146484375,1,203.0,667.8699951171875,2023-09-12,2023-09-11,6.907631874084473,297.08087158203125,2023-09-13,6.150000095367432,6.25,2023-09-12,0.4962380826473236,203.0,"{""type"":""Point"",""coordinates"":[75.14000000000001,13.84]}"
389,10,0.04959268122911453,139.1342315673828,2021-10-14,600.9826049804688,1,6.0,22.799999237060547,2021-10-14,2021-10-13,6.836765766143799,296.82110595703125,2021-10-15,2.0299999713897705,0.0,2021-10-14,0.4998404085636139,6.0,"{""type"":""Point"",""coordinates"":[75.14000000000001,13.870000000000001]}"
390,10,0.35076838731765747,191.09988403320312,2020-04-06,647.5252685546875,1,3.0,0.0,2020-04-06,2020-04-05,4.6190266609191895,303.0863342285156,2020-04-07,0.0,0.0,2020-04-06,0.29137739539146423,3.0,"{""type"":""Point"",""coordinates"":[75.14000000000001,13.880000000000003]}"
391,10,0.13444550335407257,191.09988403320312,2022-06-02,647.5252685546875,1,3.0,9.194999694824219,2022-06-02,2022-06-01,4.6190266609191895,298.11279296875,2022-06-03,0.3100000023841858,0.0,2022-06-02,0.46107354760169983,3.0,"{""type"":""Point"",""coordinates"":[75.14000000000001,13.880000000000003]}"
392,10,0.5929203629493713,191.09988403320312,2021-03-25,647.5252685546875,1,3.0,0.0,2021-03-25,2021-03-24,4.6190266609191895,303.610107421875,2021-03-26,0.0,0.0,2021-03-25,0.24736912548542023,3.0,"{""type"":""Point"",""coordinates"":[75.14000000000001,13.880000000000003]}"
393,10,0.13068214058876038,237.32159423828125,2020-06-20,606.0379028320312,1,4.0,17.119998931884766,2020-06-20,2020-06-19,3.4888839721679688,297.2518005371094,2020-06-21,0.809999942779541,2.0833332538604736,2020-06-20,0.4604886472225189,4.0,"{""type"":""Point"",""coordinates"":[75.13,13.88]}"
394,10,-0.0026947888545691967,1.3053271770477295,2020-08-20,582.28466796875,1,21.0,102.47999572753906,2020-08-20,2020-08-19,5.334448337554932,296.500732421875,2020-08-21,70.29999542236328,45.83333206176758,2020-08-20,0.4950612485408783,21.0,"{""type"":""Point"",""coordinates"":[75.11,13.880000000000003]}"
395,10,0.013525796122848988,87.92210388183594,2022-08-14,577.48388671875,1,528.0,1.6499998569488525,2022-08-14,2022-08-13,8.815091133117676,296.34002685546875,2022-08-15,14.319999694824219,14.583333015441895,2022-08-14,0.4983724057674408,1.0,"{""type"":""Point"",""coordinates"":[75.09000000000002,13.87]}"
396,10,0.025436604395508766,7.20741605758667,2020-09-03,636.7874755859375,1,1.0,151.739990234375,2020-09-03,2020-09-02,3.1234138011932373,298.04376220703125,2020-09-04,69.90999603271484,33.33333206176758,2020-09-03,0.47561392188072205,1.0,"{""type"":""Point"",""coordinates"":[75.06,13.839999999999998]}"
397,10,0.7560943365097046,7.20741605758667,2022-02-12,636.7874755859375,1,1.0,0.0,2022-02-12,2022-02-11,3.1234138011932373,298.91705322265625,2022-02-13,0.0,0.0,2022-02-12,0.2466602325439453,1.0,"{""type"":""Point"",""coordinates"":[75.06,13.839999999999998]}"
398,10,0.2554225027561188,202.3482666015625,2022-12-07,592.0481567382812,1,7.0,0.0,2022-12-07,2022-12-06,2.1016335487365723,297.652099609375,2022-12-08,1.159999966621399,0.0,2022-12-07,0.3101329803466797,7.0,"{""type"":""Point"",""coordinates"":[75.06,13.850000000000003]}"
399,10,0.0021972868125885725,202.3482666015625,2021-07-07,592.0481567382812,1,7.0,133.13999938964844,2021-07-07,2021-07-06,2.1016335487365723,297.8182373046875,2021-07-08,7.71999979019165,8.333333015441895,2021-07-07,0.4808076322078705,7.0,"{""type"":""Point"",""coordinates"":[75.06,13.850000000000003]}"
400,10,0.4233361482620239,166.91970825195312,2023-06-01,576.5211181640625,1,8.0,0.0,2023-06-01,2023-05-31,3.5620152950286865,301.353515625,2023-06-02,6.5370001792907715,8.333333015441895,2023-06-01,0.4347057342529297,7.0,"{""type"":""Point"",""coordinates"":[75.06,13.87]}"
401,10,0.6904374361038208,125.6301498413086,2023-12-13,715.4649047851562,1,3.0,0.0,2023-12-13,2023-12-12,4.2053704261779785,299.1505126953125,2023-12-14,0.0,0.0,2023-12-13,0.29866090416908264,3.0,"{""type"":""Point"",""coordinates"":[75.14000000000001,13.93]}"
402,10,0.39071956276893616,14.854646682739258,2020-12-23,613.2095947265625,1,268.0,0.0,2020-12-23,2020-12-22,2.5475027561187744,297.1978454589844,2020-12-24,0.0,0.0,2020-12-23,0.2580242156982422,3.0,"{""type"":""Point"",""coordinates"":[75.1,13.95]}"
403,10,0.7836995124816895,248.4509735107422,2022-02-02,589.494140625,1,44.0,0.0,2022-02-02,2022-02-01,4.624611854553223,299.6400146484375,2022-02-03,0.0,0.0,2022-02-02,0.24833552539348602,44.0,"{""type"":""Point"",""coordinates"":[75.14000000000001,13.980000000000002]}"
404,10,0.6870740056037903,83.6781005859375,2023-02-19,614.740966796875,1,353.0,0.0,2023-02-19,2023-02-18,5.340871810913086,300.5262145996094,2023-02-20,0.0,0.0,2023-02-19,0.24843597412109375,353.0,"{""type"":""Point"",""coordinates"":[75.09000000000002,13.980000000000002]}"
405,30,0.2271283119916916,53.60538101196289,2022-11-19,637.7454223632812,1,1.0,0.0,2022-11-19,2022-11-18,4.5576276779174805,295.5270080566406,2022-11-20,0.0,0.0,2022-11-19,0.3531532287597656,1.0,"{""type"":""Point"",""coordinates"":[75.08,13.95]}"
406,10,0.16441065073013306,268.7017517089844,2022-04-07,617.4205932617188,1,3.0,0.0,2022-04-07,2022-04-06,12.769505500793457,302.6523132324219,2022-04-08,0.0,0.0,2022-04-07,0.2902742922306061,3.0,"{""type"":""Point"",""coordinates"":[75.07,13.96]}"
407,30,0.34451988339424133,307.8675537109375,2019-01-17,607.8411254882812,1,2.0,0.0,2019-01-17,2019-01-16,7.30510950088501,298.0535583496094,2019-01-18,0.0,0.0,2019-01-17,0.24796359241008759,2.0,"{""type"":""Point"",""coordinates"":[75.06,13.980000000000002]}"
408,10,0.009663073346018791,224.5267791748047,2023-08-22,603.818603515625,1,5.0,0.0,2023-08-22,2023-08-21,4.924676895141602,298.2371520996094,2023-08-23,0.0,0.0,2023-08-22,0.47162947058677673,3.0,"{""type"":""Point"",""coordinates"":[75.05,13.98]}"
409,30,0.3784509599208832,122.81600189208984,2019-03-02,598.0346069335938,1,2.0,0.004000000189989805,2019-03-02,2019-03-01,4.384243488311768,302.16876220703125,2019-03-03,0.0,0.0,2019-03-02,0.18115170300006866,2.0,"{""type"":""Point"",""coordinates"":[75.0,14.089999999999998]}"
410,10,0.18898217380046844,96.02068328857422,2022-10-24,593.5079956054688,1,2.0,0.0,2022-10-24,2022-10-23,11.344287872314453,297.4616394042969,2022-10-25,0.0,0.0,2022-10-24,0.4245351254940033,2.0,"{""type"":""Point"",""coordinates"":[75.04,14.06]}"
411,10,0.5680056214332581,86.30835723876953,2022-05-09,564.7590942382812,1,3.0,16.739999771118164,2022-05-09,2022-05-08,13.816899299621582,302.6388854980469,2022-05-10,2.879999876022339,4.166666507720947,2022-05-09,0.3592154085636139,3.0,"{""type"":""Point"",""coordinates"":[75.03,13.990000000000002]}"
412,30,0.3195648789405823,277.4208679199219,2022-10-26,606.11328125,1,2.0,0.0,2022-10-26,2022-10-25,6.539839267730713,296.0592956542969,2022-10-27,0.0,0.0,2022-10-26,0.4158852994441986,2.0,"{""type"":""Point"",""coordinates"":[75.11,13.990000000000002]}"
413,30,0.3219280242919922,156.64178466796875,2021-05-01,622.607177734375,1,3.0,0.0,2021-05-01,2021-04-30,20.86692237854004,302.03729248046875,2021-05-02,69.9739990234375,27.08333396911621,2021-05-01,0.42657470703125,3.0,"{""type"":""Point"",""coordinates"":[74.986361,14.119419000000002]}"
414,10,0.7731571197509766,316.89691162109375,2023-03-07,583.7547607421875,1,13.0,0.0,2023-03-07,2023-03-06,19.051361083984375,302.7810974121094,2023-03-08,0.0,0.0,2023-03-07,0.18089358508586884,13.0,"{""type"":""Point"",""coordinates"":[74.980333,14.112739]}"
415,10,0.5021093487739563,125.60761260986328,2019-04-03,590.0482177734375,1,2.0,0.0,2019-04-03,2019-04-02,17.525815963745117,303.6344909667969,2019-04-04,0.0,0.0,2019-04-03,0.2179393768310547,2.0,"{""type"":""Point"",""coordinates"":[74.976431,14.113999999999999]}"
416,30,-2.14022773434408E-4,206.92645263671875,2023-08-06,579.3314208984375,1,5.0,55.5,2023-08-06,2023-08-05,8.890486717224121,297.36077880859375,2023-08-07,0.0,0.0,2023-08-06,0.50323486328125,5.0,"{""type"":""Point"",""coordinates"":[74.961164,14.127830999999997]}"
417,10,0.24730746448040009,115.12860870361328,2023-06-27,587.1810913085938,1,2.0,10.59000015258789,2023-06-27,2023-06-26,12.956334114074707,298.27264404296875,2023-06-28,61.849998474121094,37.5,2023-06-27,0.4883181154727936,1.0,"{""type"":""Point"",""coordinates"":[74.963661,14.128722]}"
418,10,0.710513710975647,6.391279697418213,2023-02-19,581.0733032226562,1,7.0,0.0,2023-02-19,2023-02-18,15.166766166687012,302.1434020996094,2023-02-20,0.0,0.0,2023-02-19,0.18110401928424835,1.0,"{""type"":""Point"",""coordinates"":[74.971867,14.120372]}"
419,30,0.4904305040836334,16.93612289428711,2022-01-27,582.4674682617188,1,7.0,0.0,2022-01-27,2022-01-26,4.992551326751709,298.21026611328125,2022-01-28,0.0,0.0,2022-01-27,0.1823679655790329,1.0,"{""type"":""Point"",""coordinates"":[74.973403,14.120367]}"
420,60,0.041218750178813934,279.07049560546875,2021-07-30,590.3538818359375,1,7.0,9.089999198913574,2021-07-30,2021-07-29,13.644163131713867,296.6104431152344,2021-07-31,5.309999942779541,6.25,2021-07-30,0.5111058354377747,1.0,"{""type"":""Point"",""coordinates"":[74.970967,14.127425000000002]}"
421,10,0.1838299036026001,354.33831787109375,2022-05-14,570.2147216796875,1,1.0,2.700000047683716,2022-05-14,2022-05-13,14.92442798614502,298.68695068359375,2022-05-15,0.0,0.0,2022-05-14,0.46555647253990173,1.0,"{""type"":""Point"",""coordinates"":[74.876667,14.001139]}"
422,10,0.4322056174278259,221.18411254882812,2019-05-21,582.3339233398438,1,2.0,0.07999999821186066,2019-05-21,2019-05-20,14.137070655822754,304.2170715332031,2019-05-22,0.059999994933605194,0.0,2019-05-21,0.25187429785728455,2.0,"{""type"":""Point"",""coordinates"":[74.874947,14.002843999999998]}"
423,10,0.1318785399198532,314.5729675292969,2021-05-24,589.9449462890625,1,4.0,7.639999866485596,2021-05-24,2021-05-23,22.122228622436523,298.9345703125,2021-05-25,1.1899999380111694,0.0,2021-05-24,0.4736906588077545,4.0,"{""type"":""Point"",""coordinates"":[74.869131,14.013263999999998]}"
424,30,0.2118532359600067,359.841552734375,2019-03-18,605.446533203125,1,4.0,0.0,2019-03-18,2019-03-17,27.04020881652832,303.11505126953125,2019-03-19,0.0,0.0,2019-03-18,0.23106002807617188,2.0,"{""type"":""Point"",""coordinates"":[74.866664,14.012589000000002]}"
425,10,0.4180241525173187,221.73092651367188,2019-04-29,603.9769287109375,1,5.0,0.7499999403953552,2019-04-29,2019-04-28,17.81928825378418,301.84613037109375,2019-04-30,5.610000133514404,2.0833332538604736,2019-04-29,0.37105879187583923,5.0,"{""type"":""Point"",""coordinates"":[74.821681,14.073758000000002]}"
426,10,0.6614742875099182,51.103370666503906,2019-01-12,585.6939697265625,1,2.0,0.0,2019-01-12,2019-01-11,25.009552001953125,296.45782470703125,2019-01-13,0.0,0.0,2019-01-12,0.28006109595298767,2.0,"{""type"":""Point"",""coordinates"":[74.832344,14.065306]}"
427,30,0.07263316214084625,235.2038116455078,2022-06-07,584.9446411132812,1,3.0,10.34999942779541,2022-06-07,2022-06-06,12.359074592590332,300.078369140625,2022-06-08,2.430000066757202,6.25,2022-06-07,0.4767201840877533,3.0,"{""type"":""Point"",""coordinates"":[74.860161,14.052469000000002]}"
428,10,0.11735322326421738,313.76568603515625,2022-11-01,583.2216796875,1,25.0,0.0,2022-11-01,2022-10-31,19.087068557739258,297.228515625,2022-11-02,0.02200000174343586,0.0,2022-11-01,0.357623428106308,3.0,"{""type"":""Point"",""coordinates"":[74.853911,14.049914000000001]}"
429,30,0.1474020630121231,280.71160888671875,2020-09-13,594.7235717773438,1,11.0,1446.8299560546875,2020-09-13,2020-09-12,24.244613647460938,295.8978271484375,2020-09-14,56.459999084472656,62.5,2020-09-13,0.49638304114341736,11.0,"{""type"":""Point"",""coordinates"":[74.853125,14.023328000000001]}"
430,30,-0.018009616062045097,53.89265060424805,2022-08-26,598.8038330078125,1,2.0,11.019999504089355,2022-08-26,2022-08-25,25.66622543334961,296.1207580566406,2022-08-27,13.309999465942383,16.66666603088379,2022-08-26,0.4783681333065033,2.0,"{""type"":""Point"",""coordinates"":[74.830247,14.023847000000004]}"
431,30,0.5114126205444336,308.8008117675781,2021-02-24,587.9241943359375,1,48.0,50.87999725341797,2021-02-24,2021-02-23,20.88473892211914,297.8204650878906,2021-02-25,0.0,0.0,2021-02-24,0.4056816101074219,48.0,"{""type"":""Point"",""coordinates"":[74.833011,14.014731000000001]}"
432,30,0.02250036597251892,224.17938232421875,2019-09-02,574.8862915039062,1,62.0,7382.33984375,2019-09-02,2019-09-01,12.66051959991455,295.22869873046875,2019-09-03,76.07999420166016,64.58333587646484,2019-09-02,0.48338571190834045,62.0,"{""type"":""Point"",""coordinates"":[74.835033,14.020047]}"
433,10,0.18946677446365356,61.514583587646484,2023-09-13,602.537841796875,1,26.0,25.19999885559082,2023-09-13,2023-09-12,10.37932300567627,297.2845458984375,2023-09-14,1.059999942779541,2.0833332538604736,2023-09-13,0.49988874793052673,8.0,"{""type"":""Point"",""coordinates"":[74.816386,14.010264]}"
434,30,0.2796359360218048,330.08197021484375,2021-12-02,618.0413208007812,1,6.0,93.58200073242188,2021-12-02,2021-12-01,13.802560806274414,297.56109619140625,2021-12-03,1.649999976158142,2.0833332538604736,2021-12-02,0.4268156588077545,6.0,"{""type"":""Point"",""coordinates"":[74.811661,14.00485]}"
435,10,0.5926293730735779,341.65338134765625,2019-05-02,605.739013671875,1,26.0,0.046000003814697266,2019-05-02,2019-05-01,11.868412017822266,300.98822021484375,2019-05-03,0.0,0.0,2019-05-02,0.3764667510986328,1.0,"{""type"":""Point"",""coordinates"":[74.818453,14.007996999999998]}"
436,40,0.1589895486831665,257.6603088378906,2020-03-29,598.1444702148438,1,1.0,0.0,2020-03-29,2020-03-28,3.0843465328216553,301.8262634277344,2020-03-30,0.0,0.0,2020-03-29,0.3221791684627533,1.0,"{""type"":""Point"",""coordinates"":[74.81,13.99]}"
437,30,0.23742178082466125,278.7638244628906,2020-01-30,605.45556640625,1,3.0,0.0,2020-01-30,2020-01-29,10.673781394958496,298.4924621582031,2020-01-31,0.0,0.0,2020-01-30,0.2674694061279297,1.0,"{""type"":""Point"",""coordinates"":[74.788264,14.009181000000002]}"
438,30,0.10718777030706406,314.5237121582031,2019-10-24,608.85302734375,1,8.0,798.239990234375,2019-10-24,2019-10-23,15.039183616638184,295.6129150390625,2019-10-25,64.8499984741211,52.08333206176758,2019-10-24,0.47932496666908264,8.0,"{""type"":""Point"",""coordinates"":[74.795128,14.036331000000002]}"
439,30,0.48624706268310547,103.92987060546875,2019-03-17,606.252197265625,1,5.0,0.0,2019-03-17,2019-03-16,11.260757446289062,300.634521484375,2019-03-18,0.0,0.0,2019-03-17,0.2630716860294342,5.0,"{""type"":""Point"",""coordinates"":[74.776253,14.028472000000002]}"
440,60,-0.039958711713552475,265.61138916015625,2022-08-25,611.967529296875,1,38.0,593.010009765625,2022-08-25,2022-08-24,13.707761764526367,295.71075439453125,2022-08-26,5.509999752044678,6.25,2022-08-25,0.4874178469181061,33.0,"{""type"":""Point"",""coordinates"":[74.802394,14.049619]}"
441,10,-0.002051303628832102,325.8578186035156,2023-07-26,597.8763427734375,1,48.0,581.5199584960938,2023-07-26,2023-07-25,7.594395637512207,294.7896728515625,2023-07-27,111.33000183105469,79.16666412353516,2023-07-26,0.4740689694881439,3.0,"{""type"":""Point"",""coordinates"":[74.808583,14.062503]}"
442,10,0.7768803238868713,209.6139373779297,2021-03-02,585.0845947265625,1,48.0,0.24000000953674316,2021-03-02,2021-03-01,8.104772567749023,298.8089904785156,2021-03-03,0.0,0.0,2021-03-02,0.3325977325439453,48.0,"{""type"":""Point"",""coordinates"":[74.80565,14.059347000000002]}"
443,10,0.1371518224477768,116.45301818847656,2022-10-23,588.1182250976562,1,48.0,0.0,2022-10-23,2022-10-22,28.921405792236328,297.5484924316406,2022-10-24,0.0,0.0,2022-10-23,0.4727071225643158,4.0,"{""type"":""Point"",""coordinates"":[74.8035,14.058392000000001]}"
444,30,0.2486371397972107,353.89605712890625,2019-10-16,610.05224609375,1,2.0,101.27999877929688,2019-10-16,2019-10-15,10.656225204467773,297.7319030761719,2019-10-17,9.109999656677246,8.333333015441895,2019-10-16,0.45689329504966736,2.0,"{""type"":""Point"",""coordinates"":[74.811725,14.077044000000003]}"
445,30,0.3172244131565094,272.26141357421875,2019-05-01,590.5714721679688,1,3.0,3.5699996948242188,2019-05-01,2019-04-30,18.865970611572266,300.4539489746094,2019-05-02,0.046000003814697266,0.0,2019-05-01,0.3971926271915436,3.0,"{""type"":""Point"",""coordinates"":[74.811728,14.079661000000002]}"
446,10,0.017937686294317245,213.30477905273438,2020-09-04,588.6157836914062,1,2.0,48.71999740600586,2020-09-04,2020-09-03,16.28493881225586,297.82958984375,2020-09-05,22.84000015258789,31.25,2020-09-04,0.472857803106308,1.0,"{""type"":""Point"",""coordinates"":[74.815561,14.175450000000003]}"
447,10,0.4761967957019806,206.58087158203125,2021-02-15,661.1605834960938,1,1.0,0.0,2021-02-15,2021-02-14,16.46443748474121,297.9489440917969,2021-02-16,0.0,0.0,2021-02-15,0.2811431884765625,1.0,"{""type"":""Point"",""coordinates"":[74.818631,14.165567]}"
448,60,0.15189065039157867,253.65676879882812,2020-05-20,629.5350341796875,1,1.0,0.0,2020-05-20,2020-05-19,24.23613739013672,299.31732177734375,2020-05-21,0.0,0.0,2020-05-20,0.4522012174129486,1.0,"{""type"":""Point"",""coordinates"":[74.791139,14.147194]}"
449,10,0.564609169960022,250.26112365722656,2022-11-18,417.21368408203125,1,8.0,0.0,2022-11-18,2022-11-17,39.77943420410156,298.255126953125,2022-11-19,0.0,0.0,2022-11-18,0.3691317141056061,8.0,"{""type"":""Point"",""coordinates"":[74.734375,14.173411]}"
450,10,0.45104843378067017,300.3588562011719,2021-01-01,552.4177856445312,1,5.0,0.0,2021-01-01,2020-12-31,13.914712905883789,299.24298095703125,2021-01-02,0.1599999964237213,0.0,2021-01-01,0.28810882568359375,2.0,"{""type"":""Point"",""coordinates"":[74.700028,14.137206]}"
451,10,0.022121582180261612,335.3844299316406,2021-10-08,568.1009521484375,1,4.0,15.15999984741211,2021-10-08,2021-10-07,37.53600311279297,297.7964172363281,2021-10-09,0.0,0.0,2021-10-08,0.4444497525691986,4.0,"{""type"":""Point"",""coordinates"":[74.722225,14.143389000000003]}"
452,10,0.7028301954269409,12.758465766906738,2020-01-23,270.12957763671875,1,2.0,0.0,2020-01-23,2020-01-22,36.853172302246094,300.4023742675781,2020-01-24,0.0,0.0,2020-01-23,0.2717050015926361,1.0,"{""type"":""Point"",""coordinates"":[74.713867,14.170025]}"
453,10,0.6803198456764221,284.19610595703125,2022-01-15,76.67221069335938,1,362.0,0.0,2022-01-15,2022-01-14,11.089613914489746,295.4882507324219,2022-01-16,0.0,0.0,2022-01-15,0.28324761986732483,356.0,"{""type"":""Point"",""coordinates"":[74.670994,14.091894]}"
454,10,0.2782925069332123,21.526166915893555,2019-06-19,104.93257141113281,1,338.0,1886.0399169921875,2019-06-19,2019-06-18,34.70126724243164,297.6628723144531,2019-06-20,22.079999923706055,35.41666793823242,2019-06-19,0.49932798743247986,338.0,"{""type"":""Point"",""coordinates"":[74.678681,14.096253000000003]}"
455,10,0.6367501616477966,305.45184326171875,2020-02-06,89.44210815429688,1,356.0,0.0,2020-02-06,2020-02-05,22.549762725830078,297.9934387207031,2020-02-07,0.0,0.0,2020-02-06,0.2802886962890625,338.0,"{""type"":""Point"",""coordinates"":[74.675528,14.096000000000002]}"
456,10,0.5337793827056885,69.82101440429688,2023-12-07,111.77713012695312,1,2.0,0.0,2023-12-07,2023-12-06,19.7770938873291,300.8302917480469,2023-12-08,0.0,0.0,2023-12-07,0.22559230029582977,2.0,"{""type"":""Point"",""coordinates"":[74.61,14.000000000000002]}"
457,10,-0.005233026575297117,316.5850524902344,2019-09-13,583.336669921875,1,10.0,843.7999877929688,2019-09-13,2019-09-12,7.789214611053467,296.3393249511719,2019-09-14,61.849998474121094,43.75,2019-09-13,0.4699878692626953,10.0,"{""type"":""Point"",""coordinates"":[74.713639,14.031128000000002]}"
458,10,0.3604406416416168,20.821977615356445,2019-12-29,580.6940307617188,1,15.0,0.0,2019-12-29,2019-12-28,11.844281196594238,299.3650817871094,2019-12-30,0.0,0.0,2019-12-29,0.31832757592201233,15.0,"{""type"":""Point"",""coordinates"":[74.742881,14.080857999999997]}"
459,10,0.5523065328598022,342.60284423828125,2023-12-05,574.8751220703125,1,15.0,278.54998779296875,2023-12-05,2023-12-04,11.551837921142578,299.3525085449219,2023-12-06,0.5099999904632568,0.0,2023-12-05,0.38693809509277344,15.0,"{""type"":""Point"",""coordinates"":[74.743478,14.080917000000003]}"
460,10,0.005783754866570234,140.79331970214844,2023-08-01,586.7681884765625,1,1.0,4.25,2023-08-01,2023-07-31,6.635724067687988,296.5408020019531,2023-08-02,0.7080000638961792,0.0,2023-08-01,0.485217422246933,1.0,"{""type"":""Point"",""coordinates"":[74.72,13.980000000000002]}"
461,10,0.008765642531216145,203.8205108642578,2023-08-12,187.73895263671875,1,3.0,54.05999755859375,2023-08-12,2023-08-11,10.517003059387207,298.7286682128906,2023-08-13,2.259999990463257,6.25,2023-08-12,0.47834905982017517,3.0,"{""type"":""Point"",""coordinates"":[74.68,13.930000000000001]}"
462,10,0.050613608211278915,93.51854705810547,2019-09-18,62.851890563964844,1,9.0,33.93000030517578,2019-09-18,2019-09-17,4.79503059387207,298.4535827636719,2019-09-19,26.509998321533203,33.33333206176758,2019-09-18,0.49627748131752014,9.0,"{""type"":""Point"",""coordinates"":[74.77,13.819999999999999]}"
463,10,0.03279511258006096,120.10157012939453,2021-06-26,25.804065704345703,1,142.0,13.279999732971191,2021-06-26,2021-06-25,11.911123275756836,300.1531066894531,2021-06-27,34.130001068115234,27.08333396911621,2021-06-26,0.48937860131263733,2.0,"{""type"":""Point"",""coordinates"":[74.67,13.850000000000001]}"
464,10,0.04673214256763458,120.10157012939453,2022-08-24,25.804065704345703,1,142.0,18.85999870300293,2022-08-24,2022-08-23,11.911123275756836,298.4972839355469,2022-08-25,62.459999084472656,43.75,2022-08-24,0.48933157324790955,2.0,"{""type"":""Point"",""coordinates"":[74.67,13.850000000000001]}"
465,10,0.6180300712585449,120.10157012939453,2021-12-23,25.804065704345703,1,142.0,0.0,2021-12-23,2021-12-22,11.911123275756836,300.2506103515625,2021-12-24,0.0,0.0,2021-12-23,0.14850807189941406,2.0,"{""type"":""Point"",""coordinates"":[74.67,13.850000000000001]}"
466,10,0.6826072335243225,120.10157012939453,2023-04-08,25.804065704345703,1,142.0,0.0,2023-04-08,2023-04-07,11.911123275756836,304.4268493652344,2023-04-09,0.0,0.0,2023-04-08,0.15057308971881866,2.0,"{""type"":""Point"",""coordinates"":[74.67,13.850000000000001]}"
467,10,0.02259952947497368,228.1916961669922,2020-08-23,84.51175689697266,1,8.0,116.15999603271484,2020-08-23,2020-08-22,16.675334930419922,297.3955078125,2020-08-24,0.0,0.0,2020-08-23,0.4881979525089264,8.0,"{""type"":""Point"",""coordinates"":[74.66,13.939999999999998]}"
468,10,0.36532583832740784,228.1916961669922,2021-05-18,84.51175689697266,1,8.0,77.27999877929688,2021-05-18,2021-05-17,16.675334930419922,298.54864501953125,2021-05-19,52.16999816894531,45.83333206176758,2021-05-18,0.47358956933021545,8.0,"{""type"":""Point"",""coordinates"":[74.66,13.939999999999998]}"
469,50,0.09058667719364166,211.73794555664062,2019-05-28,19.59451675415039,1,21.0,0.0,2019-05-28,2019-05-27,8.780533790588379,304.7481994628906,2019-05-29,0.17999999225139618,0.0,2019-05-28,0.20000076293945312,21.0,"{""type"":""Point"",""coordinates"":[74.493886,14.167197000000002]}"
470,10,0.6687554121017456,305.41546630859375,2019-01-08,15.237483978271484,1,2.0,0.0,2019-01-08,2019-01-07,10.335235595703125,0.0,2019-01-09,0.0,0.0,2019-01-08,0.0,2.0,"{""type"":""Point"",""coordinates"":[74.44746100000002,14.237869]}"
471,10,0.6473941206932068,317.97113037109375,2020-11-30,19.309627532958984,1,2.0,0.0,2020-11-30,2020-11-29,23.466814041137695,0.0,2020-12-01,0.0,0.0,2020-11-30,0.0,2.0,"{""type"":""Point"",""coordinates"":[74.447914,14.238231]}"
472,10,0.6628105640411377,298.57330322265625,2019-02-02,26.633602142333984,1,2.0,0.0,2019-02-02,2019-02-01,25.22696876525879,0.0,2019-02-03,0.0,0.0,2019-02-02,0.0,1.0,"{""type"":""Point"",""coordinates"":[74.446892,14.236778000000001]}"
473,10,0.14786522090435028,4.04197359085083,2022-06-15,34.8852653503418,1,3.0,6.569999694824219,2022-06-15,2022-06-14,5.683511257171631,0.0,2022-06-16,36.23999786376953,25.0,2022-06-15,0.0,3.0,"{""type"":""Point"",""coordinates"":[74.448117,14.230039000000001]}"
474,10,0.129295215010643,292.90740966796875,2021-05-24,38.416351318359375,1,5.0,1.5999999046325684,2021-05-24,2021-05-23,22.161762237548828,300.7359924316406,2021-05-25,12.65999984741211,14.583333015441895,2021-05-24,0.4638347625732422,5.0,"{""type"":""Point"",""coordinates"":[74.4827,14.238608]}"
475,60,0.08781811594963074,36.96889114379883,2021-04-19,23.9111270904541,1,49.0,0.0,2021-04-19,2021-04-18,9.144533157348633,302.76605224609375,2021-04-20,0.0,0.0,2021-04-19,0.35429826378822327,2.0,"{""type"":""Point"",""coordinates"":[74.46176100000001,14.231622000000002]}"
476,50,0.19063010811805725,97.61473083496094,2021-12-12,31.246681213378906,1,59.0,0.0,2021-12-12,2021-12-11,19.944324493408203,300.3161926269531,2021-12-13,0.0,0.0,2021-12-12,0.2839692533016205,1.0,"{""type"":""Point"",""coordinates"":[74.457739,14.238939]}"
477,60,0.2830808460712433,8.686899185180664,2022-11-14,27.509387969970703,1,68.0,0.0,2022-11-14,2022-11-13,33.83673858642578,300.9657897949219,2022-11-15,0.0,0.0,2022-11-14,0.26316261291503906,1.0,"{""type"":""Point"",""coordinates"":[74.456125,14.241385999999999]}"
478,60,0.16836179792881012,337.2856140136719,2021-10-18,15.734980583190918,1,1.0,21.119998931884766,2021-10-18,2021-10-17,23.011608123779297,299.514892578125,2021-10-19,2.25,4.166666507720947,2021-10-18,0.4821745455265045,1.0,"{""type"":""Point"",""coordinates"":[74.452914,14.242200000000002]}"
479,10,0.05315281078219414,348.2190246582031,2021-11-12,21.911203384399414,1,2.0,4.699999809265137,2021-11-12,2021-11-11,24.769123077392578,0.0,2021-11-13,1.4800000190734863,0.0,2021-11-12,0.0,2.0,"{""type"":""Point"",""coordinates"":[74.449397,14.238532999999999]}"
480,10,0.6595179438591003,355.4991455078125,2020-02-05,17.527057647705078,1,2.0,0.0,2020-02-05,2020-02-04,25.481433868408203,0.0,2020-02-06,0.0,0.0,2020-02-05,0.0,2.0,"{""type"":""Point"",""coordinates"":[74.448597,14.238522]}"
481,10,0.1009487733244896,358.9412536621094,2021-08-24,19.592565536499023,1,1.0,3.240000009536743,2021-08-24,2021-08-23,14.826387405395508,299.4396057128906,2021-08-25,0.47999998927116394,0.0,2021-08-24,0.4620310366153717,1.0,"{""type"":""Point"",""coordinates"":[74.485958,14.246953]}"
482,30,0.037226106971502304,182.85984802246094,2023-06-29,23.508991241455078,1,3.0,236.27999877929688,2023-06-29,2023-06-28,15.095210075378418,0.0,2023-06-30,92.69999694824219,62.5,2023-06-29,0.0,3.0,"{""type"":""Point"",""coordinates"":[74.448842,14.286172000000002]}"
483,30,0.05887216702103615,234.52955627441406,2022-07-19,25.69428825378418,1,1.0,20.439998626708984,2022-07-19,2022-07-18,17.549747467041016,0.0,2022-07-20,16.809999465942383,22.91666603088379,2022-07-19,0.0,1.0,"{""type"":""Point"",""coordinates"":[74.442725,14.294267000000001]}"
484,50,0.06807800382375717,321.8175964355469,2019-06-21,8.200945854187012,1,1.0,20.729999542236328,2019-06-21,2019-06-20,10.912534713745117,0.0,2019-06-22,47.62999725341797,60.41666793823242,2019-06-21,0.0,1.0,"{""type"":""Point"",""coordinates"":[74.43553900000002,14.334578000000004]}"
485,10,0.6713145971298218,120.0150146484375,2022-04-09,20.508310317993164,1,3.0,0.0,2022-04-09,2022-04-08,23.423439025878906,306.0947570800781,2022-04-10,0.0,0.0,2022-04-09,0.14482052624225616,3.0,"{""type"":""Point"",""coordinates"":[74.4182,14.357747000000002]}"
486,30,0.16591481864452362,70.9819107055664,2023-11-24,12.493112564086914,1,1.0,0.0,2023-11-24,2023-11-23,16.024484634399414,302.3037414550781,2023-11-25,0.28999999165534973,0.0,2023-11-24,0.20250765979290009,1.0,"{""type"":""Point"",""coordinates"":[74.410456,14.368361000000002]}"
487,10,0.17236380279064178,251.9402618408203,2020-06-15,17.589693069458008,1,9.0,278.19000244140625,2020-06-15,2020-06-14,24.399621963500977,299.789306640625,2020-06-16,40.529998779296875,43.75,2020-06-15,0.4117533266544342,9.0,"{""type"":""Point"",""coordinates"":[74.431697,14.389433000000002]}"
488,10,0.5837991833686829,187.10081481933594,2023-06-16,16.450077056884766,1,2.0,0.0,2023-06-16,2023-06-15,21.006593704223633,302.0478820800781,2023-06-17,3.2099997997283936,4.166666507720947,2023-06-16,0.36631837487220764,1.0,"{""type"":""Point"",""coordinates"":[74.433283,14.350817000000003]}"
489,30,0.08043485879898071,208.67994689941406,2021-08-27,70.36473846435547,1,1.0,31.149999618530273,2021-08-27,2021-08-26,2.2898073196411133,300.1164855957031,2021-08-28,51.45000076293945,60.41666793823242,2021-08-27,0.35733795166015625,1.0,"{""type"":""Point"",""coordinates"":[74.449561,14.3521]}"
490,10,0.09352467954158783,353.8835144042969,2020-07-17,36.37257385253906,1,3.0,656.8200073242188,2020-07-17,2020-07-16,24.448110580444336,297.69329833984375,2020-07-18,153.8199920654297,66.66666412353516,2020-07-17,0.4774862825870514,3.0,"{""type"":""Point"",""coordinates"":[74.471497,14.297013999999999]}"
491,10,0.27231070399284363,1.3095062971115112,2021-06-28,37.20405197143555,1,3.0,57.14999771118164,2021-06-28,2021-06-27,23.526702880859375,298.8509216308594,2021-06-29,7.980000019073486,12.5,2021-06-28,0.5010274052619934,3.0,"{""type"":""Point"",""coordinates"":[74.472044,14.297056000000001]}"
492,10,0.18664132058620453,288.2100830078125,2020-04-19,21.312610626220703,1,8.0,213.0399932861328,2020-04-19,2020-04-18,8.810216903686523,303.2557373046875,2020-04-20,0.0,0.0,2020-04-19,0.29482078552246094,8.0,"{""type"":""Point"",""coordinates"":[74.475822,14.298680999999998]}"
493,10,0.356860876083374,308.9227294921875,2023-09-30,15.33279037475586,1,8.0,132.95999145507812,2023-09-30,2023-09-29,8.237807273864746,297.98553466796875,2023-10-01,47.5,52.08333206176758,2023-09-30,0.48711076378822327,8.0,"{""type"":""Point"",""coordinates"":[74.475619,14.297567]}"
494,10,0.22536039352416992,255.90150451660156,2020-04-20,20.562414169311523,1,8.0,0.0,2020-04-20,2020-04-19,16.950485229492188,303.94488525390625,2020-04-21,44.189998626708984,18.75,2020-04-20,0.289044052362442,8.0,"{""type"":""Point"",""coordinates"":[74.475506,14.297]}"
495,10,0.20619073510169983,328.1925048828125,2021-05-07,27.895809173583984,1,1.0,1.9199999570846558,2021-05-07,2021-05-06,19.888715744018555,302.1157531738281,2021-05-08,9.170000076293945,14.583333015441895,2021-05-07,0.434588760137558,1.0,"{""type"":""Point"",""coordinates"":[74.491472,14.306669000000001]}"
496,10,0.41474005579948425,227.7388458251953,2023-01-16,25.598779678344727,1,213.0,0.0,2023-01-16,2023-01-15,18.994760513305664,298.2015380859375,2023-01-17,0.0,0.0,2023-01-16,0.24253463745117188,208.0,"{""type"":""Point"",""coordinates"":[74.486889,14.304396999999996]}"
497,50,0.34298285841941833,166.85409545898438,2019-01-09,16.752838134765625,1,213.0,0.0,2019-01-09,2019-01-08,0.49340420961380005,299.771240234375,2019-01-10,0.0,0.0,2019-01-09,0.23868878185749054,213.0,"{""type"":""Point"",""coordinates"":[74.483756,14.303511]}"
498,50,0.21215705573558807,270.8470153808594,2019-11-11,31.448278427124023,1,213.0,0.0,2019-11-11,2019-11-10,20.083166122436523,299.7109375,2019-11-12,0.0,0.0,2019-11-11,0.4177265167236328,213.0,"{""type"":""Point"",""coordinates"":[74.487336,14.301492]}"
499,10,0.3678859770298004,257.4983215332031,2019-12-12,386.4261474609375,1,1.0,0.0,2019-12-12,2019-12-11,16.05902862548828,300.1863708496094,2019-12-13,0.0,0.0,2019-12-12,0.29014524817466736,1.0,"{""type"":""Point"",""coordinates"":[74.507242,14.350194000000002]}"
500,10,0.8514816761016846,254.49148559570312,2021-02-14,432.8515319824219,1,1.0,0.0,2021-02-14,2021-02-13,19.92740249633789,299.1440734863281,2021-02-15,0.0,0.0,2021-02-14,0.24260838329792023,1.0,"{""type"":""Point"",""coordinates"":[74.508361,14.349944000000002]}"
501,10,0.06740120053291321,66.31710815429688,2020-08-30,140.9510040283203,1,3.0,241.25999450683594,2020-08-30,2020-08-29,26.78243637084961,297.8634033203125,2020-08-31,15.829999923706055,22.91666603088379,2020-08-30,0.4972502291202545,3.0,"{""type"":""Point"",""coordinates"":[74.567028,14.337917000000001]}"
502,10,0.31335240602493286,306.7609558105469,2019-12-19,66.68665313720703,1,59.0,0.0,2019-12-19,2019-12-18,5.043283462524414,302.4035949707031,2019-12-20,0.0,0.0,2019-12-19,0.2510986328125,1.0,"{""type"":""Point"",""coordinates"":[74.545861,14.332056]}"
503,50,0.05842851847410202,183.45306396484375,2020-08-10,24.991788864135742,1,5.0,1324.449951171875,2020-08-10,2020-08-09,14.49586009979248,296.8610534667969,2020-08-11,219.8199920654297,100.0,2020-08-10,0.47570547461509705,5.0,"{""type"":""Point"",""coordinates"":[74.576367,14.245425]}"
504,10,0.05336006358265877,224.2442626953125,2021-07-23,21.627094268798828,1,5.0,1511.9000244140625,2021-07-23,2021-07-22,10.269760131835938,296.71405029296875,2021-07-24,63.56999969482422,35.41666793823242,2021-07-23,0.4823760986328125,5.0,"{""type"":""Point"",""coordinates"":[74.577111,14.245444000000003]}"
505,10,0.3057892620563507,156.96966552734375,2021-04-08,38.817413330078125,1,3.0,0.0,2021-04-08,2021-04-07,11.394346237182617,302.77886962890625,2021-04-09,0.0,0.0,2021-04-08,0.24559974670410156,2.0,"{""type"":""Point"",""coordinates"":[74.57425,14.246194]}"
506,50,0.023600969463586807,265.55108642578125,2022-08-18,29.277156829833984,1,3.0,0.0,2022-08-18,2022-08-17,10.18161392211914,298.42633056640625,2022-08-19,0.0,0.0,2022-08-18,0.48129716515541077,2.0,"{""type"":""Point"",""coordinates"":[74.572294,14.246047]}"
507,10,0.1316520720720291,248.8734588623047,2021-08-26,73.76013946533203,1,11.0,24.029998779296875,2021-08-26,2021-08-25,10.143179893493652,299.3582458496094,2021-08-27,65.40999603271484,33.33333206176758,2021-08-26,0.4626108705997467,1.0,"{""type"":""Point"",""coordinates"":[74.542278,14.288722]}"
508,10,0.39796948432922363,113.70709991455078,2023-06-13,50.110557556152344,1,7.0,21.339998245239258,2023-06-13,2023-06-12,3.783514976501465,300.3963928222656,2023-06-14,0.0,0.0,2023-06-13,0.4686330258846283,2.0,"{""type"":""Point"",""coordinates"":[74.527528,14.275389]}"
509,10,0.05042785033583641,28.273277282714844,2021-08-19,71.0077896118164,1,1.0,6.819999694824219,2021-08-19,2021-08-18,15.827777862548828,297.4319152832031,2021-08-20,12.25999927520752,20.83333396911621,2021-08-19,0.5095685124397278,1.0,"{""type"":""Point"",""coordinates"":[74.520778,14.283832999999998]}"
510,10,0.6743194460868835,331.86224365234375,2019-01-07,14.709070205688477,1,742.0,0.0,2019-01-07,2019-01-06,9.139918327331543,299.0264892578125,2019-01-08,0.0,0.0,2019-01-07,0.23875553905963898,742.0,"{""type"":""Point"",""coordinates"":[74.51127800000002,14.286222000000002]}"
511,10,0.11133605986833572,185.00218200683594,2021-08-30,66.62728881835938,1,3.0,104.0999984741211,2021-08-30,2021-08-29,12.556878089904785,297.3055725097656,2021-08-31,49.88999938964844,47.91666793823242,2021-08-30,0.5141722559928894,3.0,"{""type"":""Point"",""coordinates"":[74.540111,14.264111]}"
512,10,0.5891400575637817,145.901611328125,2023-02-16,37.784400939941406,1,11.0,0.0,2023-02-16,2023-02-15,21.974170684814453,301.91583251953125,2023-02-17,0.0,0.0,2023-02-16,0.18616867065429688,11.0,"{""type"":""Point"",""coordinates"":[74.537361,14.219405999999998]}"
513,10,0.1638229787349701,243.82247924804688,2020-03-22,30.29288673400879,1,225.0,0.0,2020-03-22,2020-03-21,38.366241455078125,302.6852722167969,2020-03-23,0.0,0.0,2020-03-22,0.1914215087890625,225.0,"{""type"":""Point"",""coordinates"":[74.531,14.226167000000002]}"
514,10,0.04879092797636986,92.62499237060547,2021-09-16,24.786251068115234,1,1.0,1.1799999475479126,2021-09-16,2021-09-15,15.467769622802734,298.6967468261719,2021-09-17,1.0199999809265137,0.0,2021-09-16,0.49688720703125,1.0,"{""type"":""Point"",""coordinates"":[74.527528,14.230194000000001]}"
515,10,0.031978026032447815,76.80286407470703,2019-08-27,47.45743942260742,1,1.0,19.399999618530273,2019-08-27,2019-08-26,14.930546760559082,297.9923095703125,2019-08-28,6.369999885559082,8.333333015441895,2019-08-27,0.46691957116127014,1.0,"{""type"":""Point"",""coordinates"":[74.528025,14.226761000000002]}"
516,10,0.5485955476760864,58.00094223022461,2023-02-08,43.30763626098633,1,1.0,0.0,2023-02-08,2023-02-07,15.58611011505127,301.1369934082031,2023-02-09,0.0,0.0,2023-02-08,0.18633651733398438,1.0,"{""type"":""Point"",""coordinates"":[74.528033,14.226983000000002]}"
517,10,0.31553977727890015,148.98886108398438,2019-06-07,46.96007537841797,1,7.0,34.29999923706055,2019-06-07,2019-06-06,17.91210174560547,303.4490051269531,2019-06-08,9.600000381469727,8.333333015441895,2019-06-07,0.2007325440645218,1.0,"{""type"":""Point"",""coordinates"":[74.495106,14.236507999999999]}"
518,10,0.057790715247392654,294.67645263671875,2022-08-05,107.18152618408203,1,1.0,82.54000091552734,2022-08-05,2022-08-04,23.1342830657959,298.2355041503906,2022-08-06,137.11000061035156,85.41666412353516,2022-08-05,0.48986372351646423,1.0,"{""type"":""Point"",""coordinates"":[74.495886,14.225842000000002]}"
519,10,0.019983477890491486,305.6179504394531,2019-08-16,41.054779052734375,1,166.0,145.0,2019-08-16,2019-08-15,27.40583038330078,297.4548034667969,2019-08-17,37.82999801635742,45.83333206176758,2019-08-16,0.48423323035240173,2.0,"{""type"":""Point"",""coordinates"":[74.52785,14.195433]}"
520,10,0.2786963880062103,200.99295043945312,2023-11-08,22.122455596923828,1,9.0,17.68000030517578,2023-11-08,2023-11-07,10.948786735534668,300.2510681152344,2023-11-09,16.139999389648438,14.583333015441895,2023-11-08,0.44093069434165955,8.0,"{""type"":""Point"",""coordinates"":[74.542164,14.218883000000002]}"
521,10,0.2977667450904846,272.43035888671875,2021-04-03,28.658615112304688,1,52.0,0.0,2021-04-03,2021-04-02,22.888450622558594,301.3481750488281,2021-04-04,0.0,0.0,2021-04-03,0.27362188696861267,52.0,"{""type"":""Point"",""coordinates"":[74.567189,14.231456000000001]}"
522,10,0.7403016090393066,42.737037658691406,2022-02-09,38.04146194458008,1,1.0,0.0,2022-02-09,2022-02-08,8.369059562683105,298.4665832519531,2022-02-10,0.0,0.0,2022-02-09,0.22975857555866241,1.0,"{""type"":""Point"",""coordinates"":[74.586583,14.222971999999999]}"
523,10,0.3181016743183136,15.02066707611084,2019-05-29,18.736888885498047,1,3.0,0.0,2019-05-29,2019-05-28,12.542862892150879,303.0930480957031,2019-05-30,0.0,0.0,2019-05-29,0.250030517578125,3.0,"{""type"":""Point"",""coordinates"":[74.609153,14.229953000000002]}"
524,10,0.061061419546604156,309.939208984375,2020-08-02,35.879234313964844,1,2.0,138.3939971923828,2020-08-02,2020-08-01,6.291202068328857,297.84521484375,2020-08-03,199.0399932861328,89.58333587646484,2020-08-02,0.48746299743652344,2.0,"{""type"":""Point"",""coordinates"":[74.596661,14.228010999999999]}"
525,10,0.27270057797431946,264.26287841796875,2022-05-09,48.628448486328125,1,6.0,18.239999771118164,2022-05-09,2022-05-08,19.611309051513672,302.55230712890625,2022-05-10,10.630000114440918,14.583333015441895,2022-05-09,0.25361505150794983,3.0,"{""type"":""Point"",""coordinates"":[74.590919,14.222208]}"
526,10,0.06838484108448029,312.0968017578125,2021-07-22,45.40068054199219,1,3.0,319.8899841308594,2021-07-22,2021-07-21,19.10525894165039,296.83843994140625,2021-07-23,302.3800048828125,100.0,2021-07-22,0.47715631127357483,3.0,"{""type"":""Point"",""coordinates"":[74.589669,14.221556000000001]}"
527,10,0.028591634705662727,190.1211395263672,2019-07-20,46.31767654418945,1,2.0,245.27999877929688,2019-07-20,2019-07-19,14.604530334472656,297.88653564453125,2019-07-21,37.96999740600586,52.08333206176758,2019-07-20,0.47808265686035156,2.0,"{""type"":""Point"",""coordinates"":[74.594225,14.240242]}"
528,10,0.04726118594408035,138.72312927246094,2021-09-22,37.01472091674805,1,11632.0,115.85999298095703,2021-09-22,2021-09-21,20.024076461791992,298.29681396484375,2021-09-23,4.440000057220459,6.25,2021-09-22,0.46159300208091736,2.0,"{""type"":""Point"",""coordinates"":[74.596992,14.237903]}"
529,10,0.3765960931777954,204.87771606445312,2023-05-11,41.08015823364258,1,14.0,1.6999999284744263,2023-05-11,2023-05-10,14.019224166870117,300.855224609375,2023-05-12,1.2599999904632568,0.0,2023-05-11,0.42506346106529236,1.0,"{""type"":""Point"",""coordinates"":[74.656542,14.245699999999998]}"
530,60,0.04329504817724228,317.810791015625,2019-08-28,29.94877815246582,1,1.0,5.62999963760376,2019-08-28,2019-08-27,10.516176223754883,296.2305603027344,2019-08-29,1.6299999952316284,0.0,2019-08-28,0.5078945159912109,1.0,"{""type"":""Point"",""coordinates"":[74.65316700000001,14.248139]}"
531,10,0.2958788573741913,98.93706512451172,2022-04-19,85.1353759765625,1,3.0,0.07999999821186066,2022-04-19,2022-04-18,24.972217559814453,299.58685302734375,2022-04-20,0.029999999329447746,0.0,2022-04-19,0.41413116455078125,2.0,"{""type"":""Point"",""coordinates"":[74.671472,14.258972]}"
532,10,0.4549277126789093,182.87258911132812,2021-01-23,34.3737678527832,1,14.0,0.0,2021-01-23,2021-01-22,18.200061798095703,298.09698486328125,2021-01-24,0.0,0.0,2021-01-23,0.335125595331192,1.0,"{""type"":""Point"",""coordinates"":[74.657461,14.245403]}"
533,10,0.35751578211784363,119.8157730102539,2023-09-25,56.5394172668457,1,10522.0,327865.5,2023-09-25,2023-09-24,36.694942474365234,297.2423400878906,2023-09-26,8.1899995803833,14.583333015441895,2023-09-25,0.4532979428768158,10522.0,"{""type"":""Point"",""coordinates"":[74.67205,14.248083000000001]}"
534,10,0.2696024775505066,130.26901245117188,2019-10-12,84.8046875,1,4.0,99.1199951171875,2019-10-12,2019-10-11,18.96150779724121,298.0220947265625,2019-10-13,76.78999328613281,29.16666603088379,2019-10-12,0.48436036705970764,3.0,"{""type"":""Point"",""coordinates"":[74.671222,14.256471999999999]}"
535,10,0.8045955896377563,333.5362548828125,2023-01-13,46.90552520751953,1,5.0,0.0,2023-01-13,2023-01-12,29.37356185913086,297.42388916015625,2023-01-14,0.0,0.0,2023-01-13,0.2791716158390045,2.0,"{""type"":""Point"",""coordinates"":[74.671167,14.230747000000003]}"
536,10,0.713590681552887,3.4321632385253906,2019-02-21,19.069202423095703,1,5.0,0.0,2019-02-21,2019-02-20,34.730079650878906,298.58544921875,2019-02-22,0.0,0.0,2019-02-21,0.2648550570011139,5.0,"{""type"":""Point"",""coordinates"":[74.668589,14.2295]}"
537,10,0.5094539523124695,0.8016188144683838,2019-05-31,16.943021774291992,1,5.0,0.0,2019-05-31,2019-05-30,33.47294998168945,301.5319519042969,2019-06-01,0.9599999189376831,2.0833332538604736,2019-05-31,0.2996571958065033,5.0,"{""type"":""Point"",""coordinates"":[74.669067,14.229553]}"
538,10,0.3199678957462311,149.62649536132812,2022-12-02,16.239845275878906,1,660.0,14.520001411437988,2022-12-02,2022-12-01,9.391678810119629,297.84075927734375,2022-12-03,0.0,0.0,2022-12-02,0.35558319091796875,660.0,"{""type"":""Point"",""coordinates"":[74.662131,14.223481]}"
539,10,0.33390307426452637,46.79609680175781,2022-12-25,38.916175842285156,1,1.0,0.0,2022-12-25,2022-12-24,16.47359848022461,296.9559326171875,2022-12-26,0.0,0.0,2022-12-25,0.3540884554386139,1.0,"{""type"":""Point"",""coordinates"":[74.655083,14.243736]}"
540,10,4.2831196333281696E-4,173.50828552246094,2021-08-14,507.2418518066406,1,3.0,53.7599983215332,2021-08-14,2021-08-13,17.524316787719727,296.21075439453125,2021-08-15,2.809999942779541,4.166666507720947,2021-08-14,0.4922504425048828,3.0,"{""type"":""Point"",""coordinates"":[74.7575,14.268222000000002]}"
541,10,0.3736911416053772,253.87953186035156,2023-12-13,502.46142578125,1,8.0,0.0,2023-12-13,2023-12-12,18.800779342651367,299.11114501953125,2023-12-14,0.0,0.0,2023-12-13,0.3520304262638092,8.0,"{""type"":""Point"",""coordinates"":[74.75744400000002,14.265528]}"
542,10,0.8514201641082764,318.42181396484375,2021-03-02,595.8568725585938,1,3.0,0.005000000353902578,2021-03-02,2021-03-01,21.73487091064453,299.3431701660156,2021-03-03,0.0,0.0,2021-03-02,0.3374595642089844,1.0,"{""type"":""Point"",""coordinates"":[74.737833,14.277111]}"
543,10,0.6046832203865051,248.40362548828125,2021-02-09,518.0845336914062,1,3.0,0.0,2021-02-09,2021-02-08,11.503015518188477,299.3442077636719,2021-02-10,0.0,0.0,2021-02-09,0.29090628027915955,3.0,"{""type"":""Point"",""coordinates"":[74.734278,14.277916999999997]}"
544,10,-0.007983802817761898,311.8164978027344,2022-07-19,561.6804809570312,1,3.0,114.1199951171875,2022-07-19,2022-07-18,27.7708740234375,295.78741455078125,2022-07-20,4.429999828338623,6.25,2022-07-19,0.48921966552734375,3.0,"{""type"":""Point"",""coordinates"":[74.737139,14.277610999999998]}"
545,10,0.442241370677948,295.4130859375,2019-05-15,552.5798950195312,1,5.0,0.0,2019-05-15,2019-05-14,10.410337448120117,301.2662048339844,2019-05-16,0.0,0.0,2019-05-15,0.3200969696044922,1.0,"{""type"":""Point"",""coordinates"":[74.732028,14.275111000000003]}"
546,10,0.25845134258270264,185.2418975830078,2023-06-11,508.6334533691406,1,4.0,83.0,2023-06-11,2023-06-10,29.569637298583984,297.906494140625,2023-06-12,3.869999885559082,6.25,2023-06-11,0.4939028322696686,4.0,"{""type"":""Point"",""coordinates"":[74.72725,14.275444]}"
547,10,0.28055647015571594,204.9080810546875,2022-12-09,507.4518127441406,1,4.0,0.0,2022-12-09,2022-12-08,21.9462890625,298.9441223144531,2022-12-10,0.6499999761581421,0.0,2022-12-09,0.3231118619441986,1.0,"{""type"":""Point"",""coordinates"":[74.729917,14.277111000000001]}"
548,10,0.18119671940803528,203.64227294921875,2019-06-21,650.27490234375,1,2.0,19.01999855041504,2019-06-21,2019-06-20,14.665364265441895,297.4269714355469,2019-06-22,5.230000019073486,8.333333015441895,2019-06-21,0.4794851839542389,1.0,"{""type"":""Point"",""coordinates"":[74.729694,14.284694000000002]}"
549,10,0.42687466740608215,164.6888885498047,2023-11-24,394.92401123046875,1,2.0,0.0,2023-11-24,2023-11-23,28.052812576293945,299.6655578613281,2023-11-25,1.4199999570846558,4.166666507720947,2023-11-24,0.36640357971191406,1.0,"{""type"":""Point"",""coordinates"":[74.7085,14.274693999999998]}"
550,10,0.7795265316963196,164.6888885498047,2023-04-05,394.92401123046875,1,2.0,0.0,2023-04-05,2023-04-04,28.052812576293945,298.74615478515625,2023-04-06,0.0,0.0,2023-04-05,0.2784461975097656,1.0,"{""type"":""Point"",""coordinates"":[74.7085,14.274693999999998]}"
551,10,0.10037882626056671,140.8000946044922,2019-10-05,401.4100341796875,1,11.0,178.5,2019-10-05,2019-10-04,29.575231552124023,297.7648010253906,2019-10-06,73.83999633789062,33.33333206176758,2019-10-05,0.49722352623939514,6.0,"{""type"":""Point"",""coordinates"":[74.715583,14.279333]}"
552,10,0.08095314353704453,228.3881072998047,2023-09-24,417.7261047363281,1,6.0,65.80000305175781,2023-09-24,2023-09-23,31.581937789916992,297.2987976074219,2023-09-25,28.829999923706055,39.58333206176758,2023-09-24,0.4902801513671875,4.0,"{""type"":""Point"",""coordinates"":[74.716917,14.279917]}"
553,10,0.5648531317710876,262.256591796875,2019-05-03,455.2959289550781,1,4.0,0.0,2019-05-03,2019-05-02,28.81926918029785,300.43487548828125,2019-05-04,0.0,0.0,2019-05-03,0.35661062598228455,4.0,"{""type"":""Point"",""coordinates"":[74.719833,14.277111000000001]}"
554,10,-0.004568383563309908,214.7020263671875,2019-07-26,453.4693908691406,1,4.0,182.3199920654297,2019-07-26,2019-07-25,24.959074020385742,296.4619140625,2019-07-27,158.20999145507812,77.08333587646484,2019-07-26,0.48926034569740295,4.0,"{""type"":""Point"",""coordinates"":[74.720667,14.276249999999997]}"
555,10,0.5939103960990906,193.40843200683594,2021-04-15,459.6294860839844,1,7.0,45.13999938964844,2021-04-15,2021-04-14,18.313518524169922,299.45269775390625,2021-04-16,0.0,0.0,2021-04-15,0.4671109616756439,2.0,"{""type"":""Point"",""coordinates"":[74.721861,14.275722000000002]}"
556,10,0.054358989000320435,81.95101165771484,2022-08-06,95.0436019897461,1,24.0,1955.0399169921875,2022-08-06,2022-08-05,10.466785430908203,295.51123046875,2022-08-07,146.25,60.41666793823242,2022-08-06,0.48242124915122986,24.0,"{""type"":""Point"",""coordinates"":[74.684222,14.26875]}"
557,10,0.785631000995636,78.02010345458984,2022-03-17,96.49346160888672,1,24.0,0.0,2022-03-17,2022-03-16,20.66421890258789,300.9126892089844,2022-03-18,0.0,0.0,2022-03-17,0.28529229760169983,24.0,"{""type"":""Point"",""coordinates"":[74.68383300000002,14.269167]}"
558,10,0.42558765411376953,160.8539276123047,2023-11-22,99.95866394042969,1,3.0,0.0,2023-11-22,2023-11-21,9.271784782409668,299.5202941894531,2023-11-23,0.26999998092651367,0.0,2023-11-22,0.37658753991127014,3.0,"{""type"":""Point"",""coordinates"":[74.680056,14.267583]}"
559,10,0.31404057145118713,225.10720825195312,2022-04-27,83.73927307128906,1,44.0,7.480000019073486,2022-04-27,2022-04-26,14.355834007263184,300.9289245605469,2022-04-28,0.0,0.0,2022-04-27,0.40678849816322327,2.0,"{""type"":""Point"",""coordinates"":[74.687694,14.270972]}"
560,10,0.3569827675819397,265.2489929199219,2022-05-09,77.7086181640625,1,44.0,17.260000228881836,2022-05-09,2022-05-08,18.301427841186523,301.1635437011719,2022-05-10,10.879999160766602,10.416666984558105,2022-05-09,0.3349386751651764,2.0,"{""type"":""Point"",""coordinates"":[74.691222,14.271194]}"
561,10,0.5682909488677979,0.09443551301956177,2022-01-12,326.33477783203125,1,1.0,0.0,2022-01-12,2022-01-11,22.343843460083008,296.1031799316406,2022-01-13,0.0,0.0,2022-01-12,0.28693071007728577,1.0,"{""type"":""Point"",""coordinates"":[74.702722,14.273333000000001]}"
562,10,0.43983274698257446,329.36260986328125,2019-12-30,213.62274169921875,1,27.0,0.0,2019-12-30,2019-12-29,34.429466247558594,299.6046142578125,2019-12-31,0.0,0.0,2019-12-30,0.31103387475013733,1.0,"{""type"":""Point"",""coordinates"":[74.699056,14.274306]}"
563,10,0.014538295567035675,314.57867431640625,2020-09-30,200.54307556152344,1,1.0,0.17000000178813934,2020-09-30,2020-09-29,14.864473342895508,297.2771911621094,2020-10-01,0.0,0.0,2020-09-30,0.47507667541503906,1.0,"{""type"":""Point"",""coordinates"":[74.697944,14.274000000000001]}"
564,10,0.8240135312080383,184.96273803710938,2019-01-13,532.3931884765625,1,5.0,0.0,2019-01-13,2019-01-12,20.636510848999023,297.46063232421875,2019-01-14,0.0,0.0,2019-01-13,0.2808265686035156,1.0,"{""type"":""Point"",""coordinates"":[74.6915,14.288222]}"
565,10,0.8527275323867798,153.27369689941406,2022-02-28,498.9107971191406,1,5.0,0.0,2022-02-28,2022-02-27,12.179865837097168,299.31103515625,2022-03-01,0.0,0.0,2022-02-28,0.27653375267982483,5.0,"{""type"":""Point"",""coordinates"":[74.692472,14.28825]}"
566,10,0.7898186445236206,37.68838119506836,2022-03-14,506.35089111328125,1,3.0,0.0,2022-03-14,2022-03-13,19.99583625793457,301.2353210449219,2022-03-15,0.0,0.0,2022-03-14,0.2883199155330658,3.0,"{""type"":""Point"",""coordinates"":[74.701028,14.290722]}"
567,10,0.25615817308425903,327.732421875,2020-11-16,534.674072265625,1,5.0,0.0,2020-11-16,2020-11-15,26.178234100341797,300.6667785644531,2020-11-17,2.950000047683716,4.166666507720947,2020-11-16,0.34189605712890625,4.0,"{""type"":""Point"",""coordinates"":[74.695083,14.291778]}"
568,10,0.7837285399436951,66.08150482177734,2023-02-25,541.866943359375,1,4.0,0.0,2023-02-25,2023-02-24,19.565845489501953,300.41748046875,2023-02-26,0.0,0.0,2023-02-25,0.2765280306339264,2.0,"{""type"":""Point"",""coordinates"":[74.696556,14.293111]}"
569,10,0.10364522784948349,237.92327880859375,2019-10-23,519.6661376953125,1,5.0,89.64999389648438,2019-10-23,2019-10-22,10.718716621398926,296.6407775878906,2019-10-24,119.4699935913086,64.58333587646484,2019-10-23,0.4737294614315033,5.0,"{""type"":""Point"",""coordinates"":[74.693306,14.288832999999999]}"
570,10,-0.03747671842575073,72.09203338623047,2022-09-06,533.523193359375,1,1.0,39.20000076293945,2022-09-06,2022-09-05,24.688064575195312,297.67303466796875,2022-09-07,49.54999923706055,45.83333206176758,2022-09-06,0.4866282045841217,1.0,"{""type"":""Point"",""coordinates"":[74.68630600000002,14.28725]}"
571,10,0.7030841112136841,280.0406799316406,2022-01-03,429.53448486328125,1,2.0,0.0,2022-01-03,2022-01-02,26.704158782958984,299.2591247558594,2022-01-04,0.0,0.0,2022-01-03,0.3014914095401764,2.0,"{""type"":""Point"",""coordinates"":[74.665028,14.389806000000002]}"
572,10,0.42201849818229675,315.3190612792969,2023-11-15,332.9682312011719,1,7.0,0.0,2023-11-15,2023-11-14,26.081016540527344,298.9568786621094,2023-11-16,0.0,0.0,2023-11-15,0.438495010137558,7.0,"{""type"":""Point"",""coordinates"":[74.66222200000001,14.391972000000004]}"
573,10,0.5930958986282349,288.24603271484375,2020-01-21,195.79026794433594,1,3.0,0.0,2020-01-21,2020-01-20,15.991982460021973,298.69281005859375,2020-01-22,0.0,0.0,2020-01-21,0.28741326928138733,3.0,"{""type"":""Point"",""coordinates"":[74.664222,14.396889000000003]}"
574,10,0.7329410910606384,322.65765380859375,2023-02-03,230.54983520507812,1,3.0,0.0,2023-02-03,2023-02-02,27.87775993347168,300.1421813964844,2023-02-04,0.0,0.0,2023-02-03,0.2868213653564453,3.0,"{""type"":""Point"",""coordinates"":[74.665833,14.397333]}"
575,10,0.024388987571001053,299.5219421386719,2023-08-14,270.4374694824219,1,3.0,1.1100000143051147,2023-08-14,2023-08-13,33.596656799316406,297.33526611328125,2023-08-15,14.889999389648438,16.66666603088379,2023-08-14,0.4829317629337311,3.0,"{""type"":""Point"",""coordinates"":[74.666472,14.397139]}"
576,10,0.4780518710613251,331.4845275878906,2023-05-23,509.2314453125,1,1.0,30.85999870300293,2023-05-23,2023-05-22,19.647031784057617,302.71563720703125,2023-05-24,0.0,0.0,2023-05-23,0.35404524207115173,1.0,"{""type"":""Point"",""coordinates"":[74.753222,14.461056]}"
577,10,0.5807068943977356,239.7764892578125,2020-04-08,552.0647583007812,1,133.0,0.0,2020-04-08,2020-04-07,17.651126861572266,300.16656494140625,2020-04-09,0.0,0.0,2020-04-08,0.37385115027427673,133.0,"{""type"":""Point"",""coordinates"":[74.7025,14.547444]}"
578,10,0.04252443462610245,239.7764892578125,2023-10-09,552.0647583007812,1,133.0,0.0,2023-10-09,2023-10-08,17.651126861572266,298.5633544921875,2023-10-10,0.0,0.0,2023-10-09,0.46820130944252014,133.0,"{""type"":""Point"",""coordinates"":[74.702506,14.547444]}"
579,10,0.05806247889995575,261.2880554199219,2020-06-17,539.019775390625,1,1.0,170.00999450683594,2020-06-17,2020-06-16,0.9469777941703796,296.68890380859375,2020-06-18,113.68999481201172,79.16666412353516,2020-06-17,0.49468994140625,1.0,"{""type"":""Point"",""coordinates"":[74.77,14.500000000000005]}"
580,10,0.08103625476360321,259.8248596191406,2021-07-21,543.7662963867188,1,1.0,69.93999481201172,2021-07-21,2021-07-20,3.5409207344055176,295.049560546875,2021-07-22,101.1199951171875,79.16666412353516,2021-07-21,0.4878336489200592,1.0,"{""type"":""Point"",""coordinates"":[74.76,14.529999999999996]}"
581,10,0.2310808151960373,247.87472534179688,2023-06-16,552.2367553710938,1,7.0,0.0,2023-06-16,2023-06-15,12.278369903564453,299.62982177734375,2023-06-17,0.0,0.0,2023-06-16,0.42499861121177673,7.0,"{""type"":""Point"",""coordinates"":[74.768611,14.552221999999999]}"
582,10,0.11901411414146423,98.91783905029297,2023-08-23,549.1632080078125,1,16.0,0.0,2023-08-23,2023-08-22,4.892088890075684,298.5166931152344,2023-08-24,0.0,0.0,2023-08-23,0.4634927213191986,1.0,"{""type"":""Point"",""coordinates"":[74.77,14.600000000000001]}"
583,10,0.8191751837730408,134.54327392578125,2022-02-28,502.9525146484375,1,2.0,0.0,2022-02-28,2022-02-27,14.484169960021973,298.996337890625,2022-03-01,0.0,0.0,2022-02-28,0.27725473046302795,2.0,"{""type"":""Point"",""coordinates"":[74.644547,14.530608000000006]}"
584,10,0.46766501665115356,247.2072296142578,2022-02-04,461.1230773925781,1,1.0,0.0,2022-02-04,2022-02-03,8.889588356018066,296.8886413574219,2022-02-05,0.0,0.0,2022-02-04,0.2796236574649811,1.0,"{""type"":""Point"",""coordinates"":[74.631389,14.527781000000004]}"
585,10,0.512317419052124,143.441162109375,2023-05-09,165.0004425048828,1,64.0,258.55999755859375,2023-05-09,2023-05-08,12.169156074523926,301.1317138671875,2023-05-10,12.589999198913574,8.333333015441895,2023-05-09,0.30566468834877014,64.0,"{""type"":""Point"",""coordinates"":[74.557517,14.577563999999999]}"
586,10,0.07550796866416931,80.52792358398438,2021-06-22,41.65487289428711,1,53.0,0.0,2021-06-22,2021-06-21,2.2283902168273926,297.4950866699219,2021-06-23,0.85999995470047,2.0833332538604736,2021-06-22,0.4939289093017578,53.0,"{""type"":""Point"",""coordinates"":[74.526333,14.509406000000002]}"
587,10,0.03718847036361694,306.3036193847656,2020-09-12,350.8946533203125,1,1.0,87.9000015258789,2020-09-12,2020-09-11,15.955669403076172,296.6587219238281,2020-09-13,163.9499969482422,75.0,2020-09-12,0.4854367673397064,1.0,"{""type"":""Point"",""coordinates"":[74.56157500000002,14.525349999999998]}"
588,10,0.25898104906082153,127.6164779663086,2020-03-13,450.7487487792969,1,1.0,0.0,2020-03-13,2020-03-12,3.752732276916504,299.56207275390625,2020-03-14,0.0,0.0,2020-03-13,0.291949599981308,1.0,"{""type"":""Point"",""coordinates"":[74.576103,14.522492]}"
589,10,0.6343635320663452,244.09788513183594,2019-02-04,406.7601013183594,1,1.0,0.0,2019-02-04,2019-02-03,28.064525604248047,297.8231201171875,2019-02-05,0.0,0.0,2019-02-04,0.2782866060733795,1.0,"{""type"":""Point"",""coordinates"":[74.566222,14.522436]}"
590,10,0.3637997806072235,66.1563720703125,2020-03-04,13.915743827819824,1,581.0,0.0,2020-03-04,2020-03-03,25.45792007446289,300.3497619628906,2020-03-05,0.0,0.0,2020-03-04,0.3111635744571686,1.0,"{""type"":""Point"",""coordinates"":[74.495181,14.486453000000001]}"
591,10,0.585157573223114,95.77072143554688,2023-05-03,24.68720245361328,1,574.0,154.97999572753906,2023-05-03,2023-05-02,22.10213279724121,302.50494384765625,2023-05-04,0.0,0.0,2023-05-03,0.27498945593833923,574.0,"{""type"":""Point"",""coordinates"":[74.496694,14.490544]}"
592,10,0.14195823669433594,94.57661437988281,2019-11-15,20.621110916137695,1,6.0,0.0,2019-11-15,2019-11-14,16.45127296447754,300.1081848144531,2019-11-16,0.0,0.0,2019-11-15,0.3792877197265625,1.0,"{""type"":""Point"",""coordinates"":[74.494575,14.487181000000003]}"
593,10,0.5431653261184692,296.33416748046875,2020-02-29,103.35770416259766,1,1.0,0.0,2020-02-29,2020-02-28,25.71183204650879,301.0144958496094,2020-03-01,0.0,0.0,2020-02-29,0.26784706115722656,1.0,"{""type"":""Point"",""coordinates"":[74.459786,14.470769]}"
594,10,0.13241833448410034,172.68093872070312,2023-10-28,20.84933090209961,1,6027.0,0.0,2023-10-28,2023-10-27,17.064977645874023,299.863037109375,2023-10-29,0.0,0.0,2023-10-28,0.38373246788978577,6027.0,"{""type"":""Point"",""coordinates"":[74.452339,14.453331000000002]}"
595,10,0.6672866344451904,149.95379638671875,2021-02-04,22.95772361755371,1,6031.0,0.0,2021-02-04,2021-02-03,25.09455108642578,299.98394775390625,2021-02-05,0.0,0.0,2021-02-04,0.27359771728515625,6027.0,"{""type"":""Point"",""coordinates"":[74.450083,14.452074999999997]}"
596,10,0.6346045136451721,8.51259994506836,2022-01-06,26.623018264770508,1,5.0,0.0,2022-01-06,2022-01-05,11.945186614990234,298.4844970703125,2022-01-07,0.0,0.0,2022-01-06,0.2745024263858795,2.0,"{""type"":""Point"",""coordinates"":[74.482706,14.455597000000001]}"
597,10,0.144334077835083,347.0424499511719,2020-07-08,19.91092300415039,1,5924.0,734576.0,2020-07-08,2020-07-07,19.279592514038086,297.4618835449219,2020-07-09,120.22000122070312,64.58333587646484,2020-07-08,0.48216375708580017,5924.0,"{""type"":""Point"",""coordinates"":[74.471689,14.455586000000002]}"
598,10,0.768419086933136,13.2852144241333,2022-02-03,31.423370361328125,1,5.0,0.0,2022-02-03,2022-02-02,12.133339881896973,298.4116516113281,2022-02-04,0.0,0.0,2022-02-03,0.26834869384765625,5.0,"{""type"":""Point"",""coordinates"":[74.485383,14.454285999999996]}"
599,10,0.11027341336011887,156.72674560546875,2022-07-09,47.925174713134766,1,52.0,267.2200012207031,2022-07-09,2022-07-08,5.246158599853516,296.95867919921875,2022-07-10,102.07999420166016,81.25,2022-07-09,0.4811795651912689,2.0,"{""type"":""Point"",""coordinates"":[74.478415,14.437610999999999]}"
600,10,0.07097312062978745,122.8936767578125,2020-10-26,37.30104064941406,1,2.0,0.5,2020-10-26,2020-10-25,15.403290748596191,298.9070739746094,2020-10-27,0.19999998807907104,0.0,2020-10-26,0.45373979210853577,2.0,"{""type"":""Point"",""coordinates"":[74.479758,14.439661000000005]}"
601,10,0.7466570138931274,84.55208587646484,2023-03-05,44.90264129638672,1,2.0,0.0,2023-03-05,2023-03-04,13.6959810256958,303.2293395996094,2023-03-06,0.0,0.0,2023-03-05,0.24160321056842804,2.0,"{""type"":""Point"",""coordinates"":[74.479369,14.438630999999999]}"
602,30,0.07332098484039307,194.81356811523438,2020-08-17,34.0779914855957,1,2.0,280.6399841308594,2020-08-17,2020-08-16,16.547060012817383,297.9265441894531,2020-08-18,44.84000015258789,47.91666793823242,2020-08-17,0.40809568762779236,2.0,"{""type"":""Point"",""coordinates"":[74.449869,14.407583]}"
603,10,0.020932771265506744,66.21936798095703,2019-07-14,118.90738677978516,1,1.0,80.22999572753906,2019-07-14,2019-07-13,16.6331844329834,298.3526611328125,2019-07-15,216.67999267578125,77.08333587646484,2019-07-14,0.5069103240966797,1.0,"{""type"":""Point"",""coordinates"":[74.471117,14.435217000000002]}"
604,10,-0.0069531952030956745,72.36817932128906,2023-07-15,64.32660675048828,1,2.0,137.45999145507812,2023-07-15,2023-07-14,17.39800453186035,297.50543212890625,2023-07-16,7.559999942779541,10.416666984558105,2023-07-15,0.4883664548397064,2.0,"{""type"":""Point"",""coordinates"":[74.468294,14.440903]}"
605,10,0.8291031122207642,109.85784912109375,2023-01-10,72.60591125488281,1,2.0,0.0,2023-01-10,2023-01-09,12.450241088867188,300.42584228515625,2023-01-11,0.0,0.0,2023-01-10,0.2525736391544342,2.0,"{""type"":""Point"",""coordinates"":[74.467028,14.439564000000003]}"
606,10,0.7106977701187134,64.54632568359375,2019-01-20,40.126590728759766,1,1.0,0.0,2019-01-20,2019-01-19,16.893617630004883,299.43206787109375,2019-01-21,0.0,0.0,2019-01-20,0.24215953052043915,1.0,"{""type"":""Point"",""coordinates"":[74.468528,14.443778000000004]}"
607,10,0.08276551961898804,26.600263595581055,2022-08-31,32.360008239746094,1,1.0,33.0,2022-08-31,2022-08-30,10.1456880569458,298.76483154296875,2022-09-01,82.66999816894531,35.41666793823242,2022-08-31,0.4650605618953705,1.0,"{""type"":""Point"",""coordinates"":[74.469028,14.443583]}"
608,30,0.03657524287700653,120.28700256347656,2021-07-28,25.22406578063965,1,1.0,0.0,2021-07-28,2021-07-27,3.4125404357910156,299.0980224609375,2021-07-29,2.809999942779541,4.166666507720947,2021-07-28,0.39460691809654236,1.0,"{""type"":""Point"",""coordinates"":[74.434944,14.411639]}"
609,50,0.327752023935318,232.08128356933594,2022-03-25,27.491228103637695,1,1.0,0.0,2022-03-25,2022-03-24,12.353833198547363,302.2109375,2022-03-26,0.0,0.0,2022-03-25,0.16586685180664062,1.0,"{""type"":""Point"",""coordinates"":[74.414311,14.420217]}"
610,10,0.24315513670444489,223.60186767578125,2023-03-31,15.485390663146973,1,1.0,0.0,2023-03-31,2023-03-30,10.926865577697754,304.70269775390625,2023-04-01,0.0,0.0,2023-03-31,0.12075042724609375,1.0,"{""type"":""Point"",""coordinates"":[74.40605,14.430736]}"
611,30,0.06700916588306427,327.3004455566406,2020-06-23,14.801502227783203,1,2.0,48.52000045776367,2020-06-23,2020-06-22,12.561359405517578,299.4141845703125,2020-06-24,14.779999732971191,18.75,2020-06-23,0.3935565948486328,1.0,"{""type"":""Point"",""coordinates"":[74.404422,14.435160999999995]}"
612,10,0.40207546949386597,152.33267211914062,2023-04-03,23.507530212402344,1,6031.0,0.0,2023-04-03,2023-04-02,17.140602111816406,302.88616943359375,2023-04-04,0.0,0.0,2023-04-03,0.12161127477884293,6031.0,"{""type"":""Point"",""coordinates"":[74.447486,14.452544]}"
613,10,0.13244763016700745,184.40740966796875,2019-11-05,18.65143585205078,1,6031.0,99390.875,2019-11-05,2019-11-04,19.153640747070312,300.330322265625,2019-11-06,9.999999046325684,8.333333015441895,2019-11-05,0.30361175537109375,6031.0,"{""type"":""Point"",""coordinates"":[74.447908,14.452594000000001]}"
614,50,0.1373465210199356,278.8124694824219,2022-02-28,27.484981536865234,1,86.0,0.0,2022-02-28,2022-02-27,21.17032241821289,301.890869140625,2022-03-01,0.0,0.0,2022-02-28,0.12031237035989761,1.0,"{""type"":""Point"",""coordinates"":[74.4378,14.480294000000004]}"
615,50,0.17531807720661163,278.8124694824219,2023-02-18,27.484981536865234,1,86.0,0.0,2023-02-18,2023-02-17,21.17032241821289,302.38580322265625,2023-02-19,0.0,0.0,2023-02-18,0.12022653967142105,1.0,"{""type"":""Point"",""coordinates"":[74.4378,14.480294000000004]}"
616,10,0.07400788366794586,18.482486724853516,2023-07-03,60.77260971069336,1,1.0,71.75,2023-07-03,2023-07-02,5.744543075561523,299.080322265625,2023-07-04,125.0,83.33333587646484,2023-07-03,0.39565595984458923,1.0,"{""type"":""Point"",""coordinates"":[74.409533,14.517932999999998]}"
617,60,0.04427481070160866,96.54022216796875,2020-06-14,71.04341888427734,1,1.0,31.01999855041504,2020-06-14,2020-06-13,13.98754596710205,298.8173522949219,2020-06-15,57.81999969482422,52.08333206176758,2020-06-14,0.3956082761287689,1.0,"{""type"":""Point"",""coordinates"":[74.411117,14.513489]}"
618,60,0.06096501275897026,96.54022216796875,2019-10-29,71.04341888427734,1,1.0,14.249999046325684,2019-10-29,2019-10-28,13.98754596710205,299.74749755859375,2019-10-30,0.0,0.0,2019-10-29,0.3373800814151764,1.0,"{""type"":""Point"",""coordinates"":[74.411117,14.513489]}"
619,10,0.12139564007520676,86.86541748046875,2019-11-28,62.510414123535156,1,1.0,0.0,2019-11-28,2019-11-27,2.2559590339660645,302.0654602050781,2019-11-29,0.0,0.0,2019-11-28,0.14910252392292023,1.0,"{""type"":""Point"",""coordinates"":[74.409617,14.517317000000002]}"
620,10,0.3336418867111206,346.31231689453125,2023-09-04,108.6971664428711,1,9.0,6.189999580383301,2023-09-04,2023-09-03,16.998233795166016,300.8384704589844,2023-09-05,37.65999984741211,56.25,2023-09-04,0.2856381833553314,1.0,"{""type"":""Point"",""coordinates"":[74.442217,14.5449]}"
621,10,0.03045177459716797,35.88827896118164,2023-07-23,257.98614501953125,1,1.0,136.55999755859375,2023-07-23,2023-07-22,16.654056549072266,297.083984375,2023-07-24,268.8500061035156,100.0,2023-07-23,0.4763711392879486,1.0,"{""type"":""Point"",""coordinates"":[74.409675,14.685386000000003]}"
622,10,0.04393257573246956,308.9802551269531,2022-09-17,303.6412048339844,1,3.0,8.220000267028809,2022-09-17,2022-09-16,30.603239059448242,296.41796875,2022-09-18,0.0,0.0,2022-09-17,0.5056489109992981,3.0,"{""type"":""Point"",""coordinates"":[74.555067,14.615668999999999]}"
623,10,0.12125399708747864,207.78030395507812,2022-04-19,344.54571533203125,1,3.0,0.0,2022-04-19,2022-04-18,28.22259521484375,300.1780700683594,2022-04-20,0.0,0.0,2022-04-19,0.40122857689857483,3.0,"{""type"":""Point"",""coordinates"":[74.554911,14.613297]}"
624,10,-0.01908707432448864,270.6789245605469,2022-09-11,471.6970520019531,1,3.0,104.45999908447266,2022-09-11,2022-09-10,25.304412841796875,296.14263916015625,2022-09-12,67.68000030517578,68.75,2022-09-11,0.4863637387752533,3.0,"{""type"":""Point"",""coordinates"":[74.557853,14.615761000000001]}"
625,10,0.8070564270019531,344.8424987792969,2019-04-13,133.5592041015625,1,1.0,0.0,2019-04-13,2019-04-12,20.86954689025879,301.57427978515625,2019-04-14,0.0,0.0,2019-04-13,0.33012643456459045,1.0,"{""type"":""Point"",""coordinates"":[74.580833,14.744167000000001]}"
626,10,0.0030329341534525156,171.01397705078125,2022-10-12,177.63754272460938,1,2.0,32.5,2022-10-12,2022-10-11,15.141558647155762,296.9076232910156,2022-10-13,4.389999866485596,2.0833332538604736,2022-10-12,0.47435760498046875,2.0,"{""type"":""Point"",""coordinates"":[74.560556,14.747278000000001]}"
627,10,0.8073136210441589,40.1630744934082,2019-03-29,334.700439453125,1,7.0,0.0,2019-03-29,2019-03-28,29.60222053527832,301.3293762207031,2019-03-30,0.0,0.0,2019-03-29,0.28454527258872986,7.0,"{""type"":""Point"",""coordinates"":[74.4395,14.8376]}"
628,10,0.4118311107158661,305.5169982910156,2019-05-12,189.38995361328125,1,2.0,0.0,2019-05-12,2019-05-11,27.764671325683594,301.8414611816406,2019-05-13,0.0,0.0,2019-05-12,0.31003570556640625,2.0,"{""type"":""Point"",""coordinates"":[74.5761,14.973999999999997]}"
629,10,0.6404979228973389,207.72091674804688,2019-02-12,509.2094421386719,1,2.0,0.0,2019-02-12,2019-02-11,16.640886306762695,299.716064453125,2019-02-13,0.0,0.0,2019-02-12,0.2774435579776764,2.0,"{""type"":""Point"",""coordinates"":[74.5612,14.889]}"
630,10,0.4345400035381317,182.38662719726562,2021-05-12,497.2030334472656,1,5.0,0.0,2021-05-12,2021-05-11,10.474443435668945,300.1202697753906,2021-05-13,0.0,0.0,2021-05-12,0.4675680696964264,2.0,"{""type"":""Point"",""coordinates"":[74.5624,14.8879]}"
631,10,0.6639270782470703,50.632503509521484,2021-05-02,542.6058349609375,1,1.0,19.767000198364258,2021-05-02,2021-05-01,7.043487071990967,301.4502258300781,2021-05-03,0.0,0.0,2021-05-02,0.4219093322753906,1.0,"{""type"":""Point"",""coordinates"":[74.5611,14.902100000000004]}"
632,10,0.4423379600048065,169.36517333984375,2020-01-31,58.2453727722168,1,14467.0,0.0,2020-01-31,2020-01-30,26.744754791259766,297.3551330566406,2020-02-01,0.0,0.0,2020-01-31,0.2836386263370514,14467.0,"{""type"":""Point"",""coordinates"":[74.6537,14.836100000000002]}"
633,10,0.10001163929700851,88.59922790527344,2019-11-26,290.024658203125,1,7.0,0.0,2019-11-26,2019-11-25,22.818511962890625,298.94970703125,2019-11-27,0.0,0.0,2019-11-26,0.3284880220890045,1.0,"{""type"":""Point"",""coordinates"":[74.6543,14.875500000000002]}"
634,10,0.08055511116981506,57.52000427246094,2021-09-03,407.8446350097656,1,5.0,10.949999809265137,2021-09-03,2021-09-02,30.098148345947266,296.2431640625,2021-09-04,5.360000133514404,12.5,2021-09-03,0.4920889437198639,1.0,"{""type"":""Point"",""coordinates"":[74.6538,14.8935]}"
635,10,0.08817547559738159,133.35305786132812,2019-06-28,369.7549133300781,1,1.0,11.920000076293945,2019-06-28,2019-06-27,15.12796401977539,297.1212463378906,2019-06-29,73.88999938964844,58.33333206176758,2019-06-28,0.49986711144447327,1.0,"{""type"":""Point"",""coordinates"":[74.6549,14.8908]}"
636,10,0.14619320631027222,140.04417419433594,2020-09-23,343.5013427734375,1,1.0,22.09000015258789,2020-09-23,2020-09-22,32.49433135986328,295.4912109375,2020-09-24,0.0,0.0,2020-09-23,0.4724769592285156,1.0,"{""type"":""Point"",""coordinates"":[74.5903,14.9854]}"
637,10,0.3046603500843048,320.00994873046875,2023-06-21,559.4375610351562,1,2.0,0.0,2023-06-21,2023-06-20,10.711444854736328,300.48626708984375,2023-06-22,3.2799999713897705,2.0833332538604736,2023-06-21,0.4050801694393158,1.0,"{""type"":""Point"",""coordinates"":[74.65000000000002,14.999999999999998]}"
638,10,0.7620744705200195,134.92381286621094,2023-06-16,564.4086303710938,1,1.0,0.0,2023-06-16,2023-06-15,16.059879302978516,299.37200927734375,2023-06-17,0.0,0.0,2023-06-16,0.39223799109458923,1.0,"{""type"":""Point"",""coordinates"":[74.6548,14.9972]}"
639,10,0.32917699217796326,241.75518798828125,2019-06-10,490.63812255859375,1,3.0,0.15000000596046448,2019-06-10,2019-06-09,10.354266166687012,300.63165283203125,2019-06-11,2.5799999237060547,6.25,2019-06-10,0.41036859154701233,1.0,"{""type"":""Point"",""coordinates"":[74.76,14.88]}"
640,10,0.7376381754875183,258.7428894042969,2023-01-19,425.46484375,1,39.0,0.0,2023-01-19,2023-01-18,17.720333099365234,297.5695495605469,2023-01-20,0.0,0.0,2023-01-19,0.2836392819881439,39.0,"{""type"":""Point"",""coordinates"":[74.76,14.81]}"
641,10,0.6396500468254089,108.33360290527344,2019-05-24,475.2410583496094,1,4.0,130.27999877929688,2019-05-24,2019-05-23,10.397839546203613,301.6226806640625,2019-05-25,0.009999999776482582,0.0,2019-05-24,0.33804193139076233,4.0,"{""type"":""Point"",""coordinates"":[74.75,14.800000000000002]}"
642,10,0.020818350836634636,302.8919372558594,2020-08-29,503.7455139160156,1,8.0,10.960000038146973,2020-08-29,2020-08-28,10.70438289642334,297.15606689453125,2020-08-30,47.87999725341797,43.75,2020-08-29,0.47734513878822327,8.0,"{""type"":""Point"",""coordinates"":[74.75,14.729999999999997]}"
643,10,0.0029690582305192947,148.01882934570312,2023-08-22,536.3041381835938,1,2.0,0.0,2023-08-22,2023-08-21,7.058304786682129,297.8792419433594,2023-08-23,0.0,0.0,2023-08-22,0.47216668725013733,2.0,"{""type"":""Point"",""coordinates"":[74.680556,14.734722000000003]}"
644,10,0.7174412608146667,91.40453338623047,2023-04-09,554.6273193359375,1,4.0,0.0,2023-04-09,2023-04-08,9.552794456481934,301.281982421875,2023-04-10,0.0,0.0,2023-04-09,0.36529096961021423,4.0,"{""type"":""Point"",""coordinates"":[74.6613,14.7782]}"
645,10,-0.03917241469025612,162.98960876464844,2022-10-29,427.5,1,233.0,0.0,2022-10-29,2022-10-28,6.826974391937256,296.95001220703125,2022-10-30,0.0,0.0,2022-10-29,0.4081166684627533,233.0,"{""type"":""Point"",""coordinates"":[74.651472,14.743611]}"
646,10,0.10966545343399048,17.337182998657227,2023-09-24,500.6857604980469,1,26.0,268.8399963378906,2023-09-24,2023-09-23,39.9814338684082,297.3424987792969,2023-09-25,32.56999969482422,27.08333396911621,2023-09-24,0.4927946627140045,26.0,"{""type"":""Point"",""coordinates"":[74.662003,14.746339]}"
647,10,0.6806398630142212,5.271242141723633,2022-02-16,480.1721496582031,1,21.0,0.0,2022-02-16,2022-02-15,20.948368072509766,297.8656921386719,2022-02-17,0.0,0.0,2022-02-16,0.27881431579589844,21.0,"{""type"":""Point"",""coordinates"":[74.663611,14.744971999999999]}"
648,10,0.3401241898536682,73.73351287841797,2019-06-16,496.4562072753906,1,21.0,0.0,2019-06-16,2019-06-15,11.022887229919434,297.7322082519531,2019-06-17,0.0,0.0,2019-06-16,0.49476179480552673,21.0,"{""type"":""Point"",""coordinates"":[74.665833,14.743333000000002]}"
649,10,0.02606646902859211,239.86338806152344,2023-10-07,547.59521484375,1,2.0,0.0,2023-10-07,2023-10-06,2.1076571941375732,297.6109619140625,2023-10-08,0.0,0.0,2023-10-07,0.46050772070884705,1.0,"{""type"":""Point"",""coordinates"":[74.678889,14.735250000000002]}"
650,10,0.3205556571483612,318.9338073730469,2019-12-18,523.9291381835938,1,10.0,0.0,2019-12-18,2019-12-17,13.524144172668457,298.8464050292969,2019-12-19,0.0,0.0,2019-12-18,0.31294378638267517,10.0,"{""type"":""Point"",""coordinates"":[74.674258,14.738889000000002]}"
651,10,0.2515624463558197,144.1650848388672,2021-05-31,652.0838623046875,1,1.0,0.0,2021-05-31,2021-05-30,4.738476276397705,297.6678466796875,2021-06-01,1.059999942779541,0.0,2021-05-31,0.48525747656822205,1.0,"{""type"":""Point"",""coordinates"":[74.688339,14.609133000000002]}"
652,10,0.04124438762664795,40.511539459228516,2021-09-24,537.4818725585938,1,1.0,69.45999908447266,2021-09-24,2021-09-23,1.8351662158966064,296.2272033691406,2021-09-25,0.0,0.0,2021-09-24,0.4813041687011719,1.0,"{""type"":""Point"",""coordinates"":[74.8,14.640000000000006]}"
653,10,0.08123017847537994,88.77476501464844,2021-07-01,520.6770629882812,1,6.0,0.0,2021-07-01,2021-06-30,2.368102788925171,298.4671936035156,2021-07-02,33.65699768066406,14.583333015441895,2021-07-01,0.47264543175697327,5.0,"{""type"":""Point"",""coordinates"":[74.8,14.650000000000002]}"
654,10,-0.035604819655418396,22.83742904663086,2022-09-08,547.9697875976562,1,3.0,17.489999771118164,2022-09-08,2022-09-07,1.9611369371414185,297.0416564941406,2022-09-09,28.65999984741211,37.5,2022-09-08,0.479541152715683,1.0,"{""type"":""Point"",""coordinates"":[74.83,14.66]}"
655,10,0.37135863304138184,284.02020263671875,2021-05-24,556.157958984375,1,27.0,27.270000457763672,2021-05-24,2021-05-23,3.022040367126465,299.09161376953125,2021-05-25,6.439999580383301,8.333333015441895,2021-05-24,0.46374383568763733,27.0,"{""type"":""Point"",""coordinates"":[74.84,14.66]}"
656,10,0.5893760323524475,161.40904235839844,2019-02-21,518.1500244140625,1,12.0,0.0,2019-02-21,2019-02-20,1.3641858100891113,299.478515625,2019-02-22,0.0,0.0,2019-02-21,0.26846060156822205,12.0,"{""type"":""Point"",""coordinates"":[74.82,14.690000000000003]}"
657,10,0.3716062307357788,161.40904235839844,2019-12-19,518.1500244140625,1,12.0,0.0,2019-12-19,2019-12-18,1.3641858100891113,298.4397277832031,2019-12-20,0.0,0.0,2019-12-19,0.3022530972957611,12.0,"{""type"":""Point"",""coordinates"":[74.82,14.690000000000003]}"
658,10,0.13477197289466858,65.41861724853516,2023-10-18,519.648193359375,1,33.0,7.599999904632568,2023-10-18,2023-10-17,9.414473533630371,297.9720153808594,2023-10-19,0.0,0.0,2023-10-18,0.4766082763671875,1.0,"{""type"":""Point"",""coordinates"":[74.82,14.700000000000001]}"
659,10,0.2562870681285858,265.6305236816406,2020-05-27,540.8297729492188,1,15.0,0.0,2020-05-27,2020-05-26,5.66265869140625,301.82757568359375,2020-05-28,0.0,0.0,2020-05-27,0.36644744873046875,15.0,"{""type"":""Point"",""coordinates"":[74.84,14.7]}"
660,10,0.7382828593254089,63.14668273925781,2020-01-18,555.6448364257812,1,6.0,0.0,2020-01-18,2020-01-17,2.282309055328369,298.5008544921875,2020-01-19,0.0,0.0,2020-01-18,0.2524382174015045,1.0,"{""type"":""Point"",""coordinates"":[74.85,14.67]}"
661,10,0.06827585399150848,63.14668273925781,2021-11-07,555.6448364257812,1,6.0,0.0,2021-11-07,2021-11-06,2.282309055328369,297.60675048828125,2021-11-08,0.1599999964237213,0.0,2021-11-07,0.46370062232017517,1.0,"{""type"":""Point"",""coordinates"":[74.85,14.67]}"
662,10,0.07989237457513809,63.14668273925781,2020-10-28,555.6448364257812,1,6.0,0.0,2020-10-28,2020-10-27,2.282309055328369,298.0577087402344,2020-10-29,0.0,0.0,2020-10-28,0.43186506628990173,1.0,"{""type"":""Point"",""coordinates"":[74.85,14.67]}"
663,10,0.2900446355342865,186.72657775878906,2019-04-05,599.6910400390625,1,67.0,0.0,2019-04-05,2019-04-04,6.124341011047363,303.05755615234375,2019-04-06,0.0,0.0,2019-04-05,0.28875479102134705,1.0,"{""type"":""Point"",""coordinates"":[74.87000000000002,14.630000000000003]}"
664,10,0.6378421783447266,104.89324188232422,2019-06-03,612.2887573242188,1,19.0,149.14999389648438,2019-06-03,2019-06-02,2.2643585205078125,302.5628662109375,2019-06-04,11.75999927520752,12.5,2019-06-03,0.2884101867675781,19.0,"{""type"":""Point"",""coordinates"":[74.91,14.629999999999999]}"
665,10,0.5141174793243408,233.46498107910156,2021-04-12,614.655029296875,1,2.0,18.639999389648438,2021-04-12,2021-04-11,13.63364315032959,302.6283264160156,2021-04-13,1.2799999713897705,0.0,2021-04-12,0.33626237511634827,2.0,"{""type"":""Point"",""coordinates"":[74.91,14.7]}"
666,10,0.7940916419029236,57.03448486328125,2021-02-16,682.5125732421875,1,2.0,0.0,2021-02-16,2021-02-15,14.935653686523438,299.48199462890625,2021-02-17,0.0,0.0,2021-02-16,0.2512855529785156,1.0,"{""type"":""Point"",""coordinates"":[74.9,14.690000000000003]}"
667,10,0.6788824200630188,0.9592060446739197,2023-02-05,588.3057861328125,1,4.0,0.0,2023-02-05,2023-02-04,11.659873008728027,300.4053955078125,2023-02-06,0.0,0.0,2023-02-05,0.25461897253990173,1.0,"{""type"":""Point"",""coordinates"":[74.88,14.7]}"
668,10,0.6218314170837402,0.9592060446739197,2021-04-22,588.3057861328125,1,4.0,0.0,2021-04-22,2021-04-21,11.659873008728027,301.8636474609375,2021-04-23,2.7300000190734863,2.0833332538604736,2021-04-22,0.34070396423339844,1.0,"{""type"":""Point"",""coordinates"":[74.88,14.7]}"
669,10,0.21545861661434174,188.7802734375,2021-11-30,541.9755859375,1,1.0,0.0,2021-11-30,2021-11-29,11.682692527770996,296.5769348144531,2021-12-01,7.679999828338623,8.333333015441895,2021-11-30,0.427905410528183,1.0,"{""type"":""Point"",""coordinates"":[74.88,14.729999999999997]}"
670,10,0.2723724842071533,116.22346496582031,2022-06-15,521.8167114257812,1,1.0,0.0,2022-06-15,2022-06-14,15.214478492736816,298.7666015625,2022-06-16,3.93999981880188,4.166666507720947,2022-06-15,0.4704526364803314,1.0,"{""type"":""Point"",""coordinates"":[74.89,14.73]}"
671,10,0.05887491628527641,136.21429443359375,2019-08-13,606.425537109375,1,5.0,25.760000228881836,2019-08-13,2019-08-12,3.9630563259124756,295.977294921875,2019-08-14,9.679999351501465,12.5,2019-08-13,0.49586930871009827,4.0,"{""type"":""Point"",""coordinates"":[74.95,14.79]}"
672,10,0.23095226287841797,297.7982177734375,2021-04-14,522.154052734375,1,3.0,3.1499998569488525,2021-04-14,2021-04-13,4.472592353820801,300.79791259765625,2021-04-15,0.0,0.0,2021-04-14,0.3748950958251953,3.0,"{""type"":""Point"",""coordinates"":[74.88,14.780000000000003]}"
673,10,0.32551369071006775,88.04014587402344,2022-04-08,544.8005981445312,1,8.0,193.75999450683594,2022-04-08,2022-04-07,5.836143970489502,301.33721923828125,2022-04-09,0.0,0.0,2022-04-08,0.34769630432128906,8.0,"{""type"":""Point"",""coordinates"":[74.83,14.800000000000002]}"
674,10,0.053416796028614044,154.8893280029297,2021-07-29,571.4747314453125,1,2.0,2.5799999237060547,2021-07-29,2021-07-28,6.7916178703308105,296.12744140625,2021-07-30,6.7099995613098145,4.166666507720947,2021-07-29,0.5049565434455872,1.0,"{""type"":""Point"",""coordinates"":[74.84,14.78]}"
675,10,0.5607057213783264,215.00096130371094,2020-03-07,526.8526000976562,1,1.0,0.0,2020-03-07,2020-03-06,6.2269062995910645,297.83380126953125,2020-03-08,0.0,0.0,2020-03-07,0.2943916320800781,1.0,"{""type"":""Point"",""coordinates"":[74.82,14.77]}"
676,10,0.7676591277122498,78.13038635253906,2023-04-26,511.005126953125,1,3.0,0.0,2023-04-26,2023-04-25,10.023488998413086,301.1087951660156,2023-04-27,0.0,0.0,2023-04-26,0.29901885986328125,3.0,"{""type"":""Point"",""coordinates"":[74.83,14.77]}"
677,10,0.2495800405740738,256.9689025878906,2022-04-25,506.47100830078125,1,2.0,0.0,2022-04-25,2022-04-24,15.37492561340332,301.16632080078125,2022-04-26,0.22999998927116394,0.0,2022-04-25,0.3697102963924408,2.0,"{""type"":""Point"",""coordinates"":[74.86,14.77]}"
678,10,0.46566975116729736,279.1809387207031,2023-04-18,475.79180908203125,1,300.0,0.0,2023-04-18,2023-04-17,11.61328411102295,304.9825134277344,2023-04-19,0.0,0.0,2023-04-18,0.27627119421958923,2.0,"{""type"":""Point"",""coordinates"":[74.86,14.750000000000002]}"
679,10,0.22234304249286652,58.67842483520508,2022-05-09,507.72381591796875,1,7.0,9.519999504089355,2022-05-09,2022-05-08,10.657185554504395,302.00787353515625,2022-05-10,3.2100000381469727,4.166666507720947,2022-05-09,0.32829222083091736,7.0,"{""type"":""Point"",""coordinates"":[74.84,14.709999999999997]}"
680,10,0.09932081401348114,194.389404296875,2019-07-08,520.6218872070312,1,2.0,0.0,2019-07-08,2019-07-07,12.16606616973877,296.1937255859375,2019-07-09,19.450000762939453,16.66666603088379,2019-07-08,0.4820213317871094,1.0,"{""type"":""Point"",""coordinates"":[74.83,14.709999999999997]}"
681,10,0.3590938150882721,205.487548828125,2021-12-28,495.1791076660156,1,1.0,0.0,2021-12-28,2021-12-27,7.814340114593506,296.11749267578125,2021-12-29,0.0,0.0,2021-12-28,0.30544090270996094,1.0,"{""type"":""Point"",""coordinates"":[74.82,14.729999999999997]}"
682,10,0.6316137313842773,285.2554626464844,2019-02-09,497.6861572265625,1,1.0,0.0,2019-02-09,2019-02-08,4.29140567779541,298.6359558105469,2019-02-10,0.0,0.0,2019-02-09,0.2706871032714844,1.0,"{""type"":""Point"",""coordinates"":[74.82,14.739999999999997]}"
683,10,0.01899365335702896,251.42724609375,2023-08-10,492.1599426269531,1,822.0,0.0,2023-08-10,2023-08-09,7.91979455947876,297.4137878417969,2023-08-11,0.0,0.0,2023-08-10,0.4866536557674408,822.0,"{""type"":""Point"",""coordinates"":[74.81,14.709999999999997]}"
684,10,0.29106950759887695,0.4152774214744568,2023-11-09,524.742431640625,1,1.0,8.479999542236328,2023-11-09,2023-11-08,1.864788293838501,297.5969543457031,2023-11-10,14.4399995803833,14.583333015441895,2023-11-09,0.4863351285457611,1.0,"{""type"":""Point"",""coordinates"":[74.78,14.72]}"
685,10,0.791992723941803,135.78848266601562,2019-04-14,518.0016479492188,1,1.0,0.0,2019-04-14,2019-04-13,6.659574031829834,301.857421875,2019-04-15,0.0,0.0,2019-04-14,0.3464253842830658,1.0,"{""type"":""Point"",""coordinates"":[74.8,14.760000000000002]}"
686,10,0.6129464507102966,247.13775634765625,2023-12-23,508.2568664550781,1,1.0,0.0,2023-12-23,2023-12-22,9.381814002990723,298.2602233886719,2023-12-24,0.0,0.0,2023-12-23,0.3027871549129486,1.0,"{""type"":""Point"",""coordinates"":[74.81,14.759999999999998]}"
687,10,0.07748445868492126,247.13775634765625,2019-06-30,508.2568664550781,1,1.0,70.54000091552734,2019-06-30,2019-06-29,9.381814002990723,296.36322021484375,2019-07-01,35.16999816894531,29.16666603088379,2019-06-30,0.4702542722225189,1.0,"{""type"":""Point"",""coordinates"":[74.81,14.759999999999998]}"
688,10,0.6262453198432922,69.25255584716797,2023-06-14,515.3964233398438,1,1.0,0.0,2023-06-14,2023-06-13,10.478659629821777,299.3432922363281,2023-06-15,0.0,0.0,2023-06-14,0.40609803795814514,1.0,"{""type"":""Point"",""coordinates"":[74.81,14.77]}"
689,10,0.6185684204101562,69.25255584716797,2022-01-06,515.3964233398438,1,1.0,0.0,2022-01-06,2022-01-05,10.478659629821777,296.2468566894531,2022-01-07,0.0,0.0,2022-01-06,0.29816627502441406,1.0,"{""type"":""Point"",""coordinates"":[74.81,14.77]}"
690,10,0.6427123546600342,69.25255584716797,2020-01-03,515.3964233398438,1,1.0,0.0,2020-01-03,2020-01-02,10.478659629821777,298.0079345703125,2020-01-04,0.0,0.0,2020-01-03,0.30102285742759705,1.0,"{""type"":""Point"",""coordinates"":[74.81,14.77]}"
691,10,0.5541863441467285,156.40245056152344,2019-04-02,469.20709228515625,1,47.0,1.78600013256073,2019-04-02,2019-04-01,10.00244426727295,301.0908203125,2019-04-03,0.0,0.0,2019-04-02,0.3176962435245514,47.0,"{""type"":""Point"",""coordinates"":[74.81,14.78]}"
692,10,0.27747100591659546,5.262277126312256,2023-04-05,497.09686279296875,1,7.0,0.0,2023-04-05,2023-04-04,3.4881269931793213,299.2111511230469,2023-04-06,0.0,0.0,2023-04-05,0.27960142493247986,5.0,"{""type"":""Point"",""coordinates"":[74.81,14.800000000000002]}"
693,10,0.12758909165859222,5.262277126312256,2021-12-01,497.09686279296875,1,7.0,23.5,2021-12-01,2021-11-30,3.4881269931793213,297.2630615234375,2021-12-02,11.366999626159668,8.333333015441895,2021-12-01,0.41770172119140625,5.0,"{""type"":""Point"",""coordinates"":[74.81,14.800000000000002]}"
694,10,0.5267796516418457,198.0912322998047,2019-02-05,529.8543090820312,1,1.0,0.0,2019-02-05,2019-02-04,3.473198890686035,298.60955810546875,2019-02-06,0.0,0.0,2019-02-05,0.28207841515541077,1.0,"{""type"":""Point"",""coordinates"":[74.81,14.82]}"
695,10,0.10420148819684982,197.2678680419922,2021-11-09,533.59228515625,1,1.0,1.7899999618530273,2021-11-09,2021-11-08,8.124531745910645,296.37615966796875,2021-11-10,0.029999999329447746,0.0,2021-11-09,0.437976211309433,1.0,"{""type"":""Point"",""coordinates"":[74.81,14.81]}"
696,40,0.3205854594707489,13.287691116333008,2023-12-01,487.7303161621094,1,132.0,0.0,2023-12-01,2023-11-30,9.777094841003418,298.7326965332031,2023-12-02,0.0,0.0,2023-12-01,0.40443167090415955,124.0,"{""type"":""Point"",""coordinates"":[74.85,14.849999999999998]}"
697,40,0.03602030500769615,35.92356491088867,2022-08-08,511.79644775390625,1,1.0,17.78999900817871,2022-08-08,2022-08-07,3.7235469818115234,295.4460754394531,2022-08-09,21.93000030517578,31.25,2022-08-08,0.4855613708496094,1.0,"{""type"":""Point"",""coordinates"":[74.84,14.84]}"
698,10,0.2192995846271515,18.35679054260254,2019-11-25,521.8384399414062,1,42.0,0.0,2019-11-25,2019-11-24,4.118274688720703,297.9238586425781,2019-11-26,0.0,0.0,2019-11-25,0.35251617431640625,42.0,"{""type"":""Point"",""coordinates"":[74.83,14.849999999999998]}"
699,10,0.565455973148346,228.0428009033203,2023-06-03,489.82562255859375,1,3.0,0.0,2023-06-03,2023-06-02,4.541074752807617,301.3121643066406,2023-06-04,0.0,0.0,2023-06-03,0.32117271423339844,3.0,"{""type"":""Point"",""coordinates"":[74.82,14.900000000000006]}"
700,40,0.04469333961606026,193.7056427001953,2023-07-12,537.7307739257812,1,4.0,105.91999816894531,2023-07-12,2023-07-11,5.072688579559326,297.07244873046875,2023-07-13,52.369998931884766,54.16666793823242,2023-07-12,0.49315834045410156,4.0,"{""type"":""Point"",""coordinates"":[74.88,14.52]}"
701,10,0.04509798809885979,249.68194580078125,2022-10-03,545.0104370117188,1,1.0,1.6999999284744263,2022-10-03,2022-10-02,11.199831008911133,296.94561767578125,2022-10-04,3.43999981880188,4.166666507720947,2022-10-03,0.49255242943763733,1.0,"{""type"":""Point"",""coordinates"":[74.88,14.510000000000002]}"
702,10,0.642723023891449,220.45582580566406,2020-03-19,605.395751953125,1,1.0,0.0,2020-03-19,2020-03-18,6.403824806213379,303.7339782714844,2020-03-20,0.0,0.0,2020-03-19,0.2546640932559967,1.0,"{""type"":""Point"",""coordinates"":[74.88,14.56]}"
703,30,0.0918135717511177,228.59852600097656,2022-04-23,569.2265625,1,21.0,55.22999954223633,2022-04-23,2022-04-22,1.621419072151184,304.10540771484375,2022-04-24,0.14000000059604645,0.0,2022-04-23,0.3452390134334564,21.0,"{""type"":""Point"",""coordinates"":[74.87000000000002,14.58]}"
704,10,0.06941324472427368,232.9390411376953,2023-10-04,563.6407470703125,1,1.0,0.0,2023-10-04,2023-10-03,1.5324193239212036,297.82080078125,2023-10-05,0.0,0.0,2023-10-04,0.46966680884361267,1.0,"{""type"":""Point"",""coordinates"":[74.86,14.57]}"
705,10,0.06549347192049026,218.92262268066406,2023-08-18,513.2140502929688,1,88.0,4.71999979019165,2023-08-18,2023-08-17,10.506063461303711,297.4822692871094,2023-08-19,5.849999904632568,12.5,2023-08-18,0.4676271975040436,1.0,"{""type"":""Point"",""coordinates"":[74.8,14.53]}"
706,10,0.6842918992042542,93.66618347167969,2023-02-24,540.400390625,1,82.0,0.0,2023-02-24,2023-02-23,11.254852294921875,301.32806396484375,2023-02-25,0.0,0.0,2023-02-24,0.25868287682533264,1.0,"{""type"":""Point"",""coordinates"":[74.8,14.54]}"
707,10,0.20332372188568115,26.77235984802246,2019-06-24,566.3802490234375,1,1.0,9.449999809265137,2019-06-24,2019-06-23,16.470548629760742,297.0040588378906,2019-06-25,2.5799999237060547,4.166666507720947,2019-06-24,0.49856123328208923,1.0,"{""type"":""Point"",""coordinates"":[74.79,14.54]}"
708,10,0.6787733435630798,26.77235984802246,2021-02-17,566.3802490234375,1,1.0,0.0,2021-02-17,2021-02-16,16.470548629760742,299.1020202636719,2021-02-18,0.0,0.0,2021-02-17,0.26199403405189514,1.0,"{""type"":""Point"",""coordinates"":[74.79,14.54]}"
709,10,0.2690090239048004,300.3667907714844,2023-11-11,483.0,1,675.0,1903.5,2023-11-11,2023-11-10,24.70917320251465,298.35308837890625,2023-11-12,0.0,0.0,2023-11-11,0.4804229736328125,675.0,"{""type"":""Point"",""coordinates"":[74.79,14.52]}"
710,10,0.5504100918769836,28.78325653076172,2022-01-11,541.4029541015625,1,1.0,0.0,2022-01-11,2022-01-10,1.8791471719741821,296.8532409667969,2022-01-12,0.0,0.0,2022-01-11,0.26810136437416077,1.0,"{""type"":""Point"",""coordinates"":[74.78,14.510000000000002]}"
711,10,0.0520356185734272,216.4107208251953,2022-08-22,532.6011962890625,1,1.0,0.800000011920929,2022-08-22,2022-08-21,3.150437831878662,296.6020812988281,2022-08-23,0.0,0.0,2022-08-22,0.4546928405761719,1.0,"{""type"":""Point"",""coordinates"":[74.79,14.510000000000002]}"
712,10,0.04906512051820755,96.66449737548828,2022-10-10,592.7930908203125,1,1.0,11.9399995803833,2022-10-10,2022-10-09,14.40999698638916,297.46600341796875,2022-10-11,18.170000076293945,27.08333396911621,2022-10-10,0.4696044921875,1.0,"{""type"":""Point"",""coordinates"":[74.8,14.510000000000002]}"
713,10,0.0739126205444336,96.66449737548828,2021-07-05,592.7930908203125,1,1.0,15.639999389648438,2021-07-05,2021-07-04,14.40999698638916,297.6767883300781,2021-07-06,8.270000457763672,10.416666984558105,2021-07-05,0.4626871645450592,1.0,"{""type"":""Point"",""coordinates"":[74.8,14.510000000000002]}"
714,10,0.38683804869651794,45.97378158569336,2019-12-05,501.85919189453125,1,2.0,0.0,2019-12-05,2019-12-04,4.071011066436768,297.7232666015625,2019-12-06,0.0,0.0,2019-12-05,0.3985086977481842,2.0,"{""type"":""Point"",""coordinates"":[74.81,14.52]}"
715,10,0.7411779165267944,285.86322021484375,2019-01-09,547.5791015625,1,8.0,0.0,2019-01-09,2019-01-08,21.033737182617188,297.73883056640625,2019-01-10,0.0,0.0,2019-01-09,0.26143965125083923,8.0,"{""type"":""Point"",""coordinates"":[74.81,14.509999999999998]}"
716,10,0.28556057810783386,285.86322021484375,2020-11-13,547.5791015625,1,8.0,0.0,2020-11-13,2020-11-12,21.033737182617188,298.17236328125,2020-11-14,0.029999999329447746,0.0,2020-11-13,0.31796136498451233,8.0,"{""type"":""Point"",""coordinates"":[74.81,14.509999999999998]}"
717,10,0.08661901950836182,285.86322021484375,2021-07-08,547.5791015625,1,8.0,32.23999786376953,2021-07-08,2021-07-07,21.033737182617188,297.4984130859375,2021-07-09,18.8799991607666,18.75,2021-07-08,0.4855867922306061,8.0,"{""type"":""Point"",""coordinates"":[74.81,14.509999999999998]}"
718,10,0.05936095118522644,285.86322021484375,2021-08-27,547.5791015625,1,8.0,134.0,2021-08-27,2021-08-26,21.033737182617188,297.5784912109375,2021-08-28,46.07999801635742,33.33333206176758,2021-08-27,0.4829457700252533,8.0,"{""type"":""Point"",""coordinates"":[74.81,14.509999999999998]}"
719,10,0.4494014382362366,285.86322021484375,2022-01-20,547.5791015625,1,8.0,0.0,2022-01-20,2022-01-19,21.033737182617188,297.663330078125,2022-01-21,0.0,0.0,2022-01-20,0.2646751403808594,8.0,"{""type"":""Point"",""coordinates"":[74.81,14.509999999999998]}"
720,10,0.07552067190408707,12.945361137390137,2021-08-14,495.5223083496094,1,5.0,11.579999923706055,2021-08-14,2021-08-13,15.530179023742676,296.5448913574219,2021-08-15,9.619999885559082,4.166666507720947,2021-08-14,0.48766136169433594,1.0,"{""type"":""Point"",""coordinates"":[74.81,14.500000000000002]}"
721,30,0.21346428990364075,195.3114776611328,2020-05-17,575.5176391601562,1,1.0,2.8299999237060547,2020-05-17,2020-05-16,13.45087718963623,300.6810607910156,2020-05-18,19.649999618530273,16.66666603088379,2020-05-17,0.44491639733314514,1.0,"{""type"":""Point"",""coordinates"":[74.82,14.510000000000002]}"
722,30,0.03595208004117012,195.3114776611328,2020-07-26,575.5176391601562,1,1.0,4.279999732971191,2020-07-26,2020-07-25,13.45087718963623,297.1346130371094,2020-07-27,8.550000190734863,8.333333015441895,2020-07-26,0.4986076354980469,1.0,"{""type"":""Point"",""coordinates"":[74.82,14.510000000000002]}"
723,30,0.03743204474449158,195.3114776611328,2022-07-05,575.5176391601562,1,1.0,217.739990234375,2022-07-05,2022-07-04,13.45087718963623,295.13067626953125,2022-07-06,136.239990234375,79.16666412353516,2022-07-05,0.48067793250083923,1.0,"{""type"":""Point"",""coordinates"":[74.82,14.510000000000002]}"
724,30,0.0812811478972435,195.3114776611328,2021-10-19,575.5176391601562,1,1.0,0.0,2021-10-19,2021-10-18,13.45087718963623,297.57757568359375,2021-10-20,0.0,0.0,2021-10-19,0.4839273989200592,1.0,"{""type"":""Point"",""coordinates"":[74.82,14.510000000000002]}"
725,10,0.07809258997440338,89.44560241699219,2021-10-25,595.6484375,1,1.0,32.939998626708984,2021-10-25,2021-10-24,10.979738235473633,297.3358154296875,2021-10-26,0.0,0.0,2021-10-25,0.4564361572265625,1.0,"{""type"":""Point"",""coordinates"":[74.83,14.509999999999998]}"
726,10,0.06195240467786789,89.44560241699219,2019-07-15,595.6484375,1,1.0,64.61000061035156,2019-07-15,2019-07-14,10.979738235473633,297.1149597167969,2019-07-16,19.639999389648438,6.25,2019-07-15,0.4834022521972656,1.0,"{""type"":""Point"",""coordinates"":[74.83,14.509999999999998]}"
727,10,0.6963033676147461,49.561946868896484,2020-02-17,571.9508666992188,1,1.0,0.0,2020-02-17,2020-02-16,8.396862030029297,300.9268493652344,2020-02-18,0.0,0.0,2020-02-17,0.2586129605770111,1.0,"{""type"":""Point"",""coordinates"":[74.84,14.509999999999998]}"
728,10,0.6776078939437866,93.22965240478516,2019-11-29,545.7957763671875,1,112.0,0.0,2019-11-29,2019-11-28,10.083428382873535,299.64837646484375,2019-11-30,0.0,0.0,2019-11-29,0.3142814636230469,112.0,"{""type"":""Point"",""coordinates"":[74.84,14.519999999999998]}"
729,10,0.09857453405857086,93.22965240478516,2021-12-04,545.7957763671875,1,112.0,0.0,2021-12-04,2021-12-03,10.083428382873535,296.98541259765625,2021-12-05,0.0,0.0,2021-12-04,0.41766229271888733,112.0,"{""type"":""Point"",""coordinates"":[74.84,14.519999999999998]}"
730,10,-0.037975672632455826,13.173295974731445,2022-09-11,554.3394165039062,1,1.0,28.78999900817871,2022-09-11,2022-09-10,7.854430198669434,295.75103759765625,2022-09-12,47.96999740600586,45.83333206176758,2022-09-11,0.48473548889160156,1.0,"{""type"":""Point"",""coordinates"":[74.83,14.529999999999996]}"
731,10,0.6401097774505615,150.10751342773438,2021-05-08,548.013916015625,1,2.0,50.29999923706055,2021-05-08,2021-05-07,8.652141571044922,300.69805908203125,2021-05-09,0.0,0.0,2021-05-08,0.4597231447696686,2.0,"{""type"":""Point"",""coordinates"":[74.82,14.54]}"
732,10,0.08163665980100632,150.10751342773438,2021-10-13,548.013916015625,1,2.0,2.9600000381469727,2021-10-13,2021-10-12,8.652141571044922,297.0528564453125,2021-10-14,3.8899998664855957,6.25,2021-10-13,0.4599081575870514,2.0,"{""type"":""Point"",""coordinates"":[74.82,14.54]}"
733,30,-0.007239448372274637,163.8732147216797,2022-09-13,559.976318359375,1,1.0,7.059999942779541,2022-09-13,2022-09-12,7.846340179443359,295.9260559082031,2022-09-14,0.23999999463558197,0.0,2022-09-13,0.4875812530517578,1.0,"{""type"":""Point"",""coordinates"":[74.83,14.54]}"
734,10,0.45640456676483154,234.0269317626953,2023-12-14,528.0257568359375,1,198.0,0.0,2023-12-14,2023-12-13,15.122518539428711,298.5815734863281,2023-12-15,0.0,0.0,2023-12-14,0.33288446068763733,198.0,"{""type"":""Point"",""coordinates"":[74.84,14.539999999999996]}"
735,10,0.12784786522388458,171.99612426757812,2023-06-21,535.9630737304688,1,5.0,87.04000091552734,2023-06-21,2023-06-20,5.458880424499512,300.36468505859375,2023-06-22,6.279999732971191,4.166666507720947,2023-06-21,0.41349539160728455,4.0,"{""type"":""Point"",""coordinates"":[74.85,14.53]}"
736,10,0.5831472873687744,171.99612426757812,2022-01-14,535.9630737304688,1,5.0,0.0,2022-01-14,2022-01-13,5.458880424499512,295.05718994140625,2022-01-15,0.0,0.0,2022-01-14,0.2592093050479889,4.0,"{""type"":""Point"",""coordinates"":[74.85,14.53]}"
737,10,0.4484715461730957,78.6867904663086,2023-01-19,492.99176025390625,1,234.0,0.0,2023-01-19,2023-01-18,17.62992286682129,298.2550354003906,2023-01-20,0.0,0.0,2023-01-19,0.2628866732120514,234.0,"{""type"":""Point"",""coordinates"":[74.807306,14.478750000000003]}"
738,10,0.04146234318614006,315.3260498046875,2019-07-21,497.877197265625,1,838.0,22.03999900817871,2019-07-21,2019-07-20,5.475741386413574,296.69976806640625,2019-07-22,2.559999942779541,6.25,2019-07-21,0.47693315148353577,4.0,"{""type"":""Point"",""coordinates"":[74.80475,14.4945]}"
739,10,0.5327649116516113,210.80764770507812,2023-02-27,527.9174194335938,1,2.0,0.0,2023-02-27,2023-02-26,6.841190338134766,301.31231689453125,2023-02-28,0.0,0.0,2023-02-27,0.25844064354896545,2.0,"{""type"":""Point"",""coordinates"":[74.772639,14.49075]}"
740,10,0.5472805500030518,300.2376708984375,2019-04-26,511.14019775390625,1,177.0,0.0,2019-04-26,2019-04-25,22.845884323120117,303.5519714355469,2019-04-27,0.0,0.0,2019-04-26,0.2892080843448639,3.0,"{""type"":""Point"",""coordinates"":[74.775167,14.473999999999998]}"
741,10,0.22486825287342072,352.38836669921875,2022-12-04,515.360595703125,1,204.0,0.0,2022-12-04,2022-12-03,19.21690559387207,298.65240478515625,2022-12-05,0.0,0.0,2022-12-04,0.36543527245521545,3.0,"{""type"":""Point"",""coordinates"":[74.776611,14.474361000000002]}"
742,10,0.2396237850189209,232.43516540527344,2019-10-25,515.7067260742188,1,177.0,109.79999542236328,2019-10-25,2019-10-24,16.449939727783203,295.2615966796875,2019-10-26,62.20000076293945,52.08333206176758,2019-10-25,0.48077964782714844,3.0,"{""type"":""Point"",""coordinates"":[74.77525,14.471860999999999]}"
743,10,0.2141163945198059,81.583251953125,2020-06-02,516.548583984375,1,12.0,309.8240051269531,2020-06-02,2020-06-01,22.682861328125,298.9732360839844,2020-06-03,15.75999927520752,18.75,2020-06-02,0.4625498354434967,8.0,"{""type"":""Point"",""coordinates"":[74.778833,14.454528000000005]}"
744,10,0.6834738254547119,177.43478393554688,2020-02-20,518.2515869140625,1,2.0,0.0,2020-02-20,2020-02-19,9.34699821472168,301.15142822265625,2020-02-21,0.0,0.0,2020-02-20,0.2585074007511139,2.0,"{""type"":""Point"",""coordinates"":[74.777139,14.459444]}"
745,10,0.37734735012054443,284.8816833496094,2019-02-25,529.9581298828125,1,1.0,0.0,2019-02-25,2019-02-24,13.909577369689941,301.7666320800781,2019-02-26,0.0,0.0,2019-02-25,0.25848641991615295,1.0,"{""type"":""Point"",""coordinates"":[74.803083,14.467861]}"
746,10,0.3021910488605499,90.78215026855469,2019-06-20,483.5860595703125,1,2225.0,2.2300000190734863,2019-06-20,2019-06-19,27.740175247192383,296.9630126953125,2019-06-21,5.759999752044678,10.416666984558105,2019-06-20,0.49153581261634827,1.0,"{""type"":""Point"",""coordinates"":[74.787028,14.438971999999998]}"
747,10,0.4317079186439514,113.46292877197266,2023-06-21,494.4426574707031,1,2991.0,19.5,2023-06-21,2023-06-20,18.244348526000977,298.6751403808594,2023-06-22,2.680000066757202,4.166666507720947,2023-06-21,0.4767996370792389,1.0,"{""type"":""Point"",""coordinates"":[74.78616700000002,14.438193999999998]}"
748,10,0.14764639735221863,97.92276763916016,2021-06-19,461.5301818847656,1,2219.0,40385.80078125,2021-06-19,2021-06-18,23.422502517700195,295.2995300292969,2021-06-20,98.93999481201172,81.25,2021-06-19,0.4813162386417389,2219.0,"{""type"":""Point"",""coordinates"":[74.785889,14.442861]}"
749,10,0.03381216898560524,86.7605209350586,2022-07-29,497.0324401855469,1,2219.0,20525.75,2022-07-29,2022-07-28,38.37831115722656,297.1054992675781,2022-07-30,125.70999908447266,54.16666793823242,2022-07-29,0.4622364044189453,2219.0,"{""type"":""Point"",""coordinates"":[74.785417,14.442389000000002]}"
750,10,0.540626585483551,297.9814758300781,2020-01-27,508.46441650390625,1,2219.0,0.0,2020-01-27,2020-01-26,26.334747314453125,298.4800720214844,2020-01-28,0.0,0.0,2020-01-27,0.28023210167884827,2219.0,"{""type"":""Point"",""coordinates"":[74.783861,14.443583]}"
751,30,0.16521809995174408,134.98873901367188,2022-05-26,548.8104248046875,1,75.0,0.0,2022-05-26,2022-05-25,11.508397102355957,300.1257019042969,2022-05-27,0.0,0.0,2022-05-26,0.4787966310977936,75.0,"{""type"":""Point"",""coordinates"":[74.877056,14.481]}"
752,40,0.0816916674375534,38.08431625366211,2022-06-04,569.2344360351562,1,2.0,4.460000038146973,2022-06-04,2022-06-03,0.7512471079826355,298.9620056152344,2022-06-05,0.0,0.0,2022-06-04,0.48298200964927673,1.0,"{""type"":""Point"",""coordinates"":[74.857861,14.255972000000003]}"
753,10,0.007989456877112389,159.71995544433594,2021-08-17,550.5353393554688,1,3.0,26.760000228881836,2021-08-17,2021-08-16,3.921910047531128,296.30487060546875,2021-08-18,18.469999313354492,25.0,2021-08-17,0.49739837646484375,3.0,"{""type"":""Point"",""coordinates"":[74.793972,14.255972]}"
754,10,0.42514970898628235,257.5119934082031,2023-02-15,587.6395874023438,1,4.0,0.0,2023-02-15,2023-02-14,12.617158889770508,300.31268310546875,2023-02-16,0.0,0.0,2023-02-15,0.2691497802734375,4.0,"{""type"":""Point"",""coordinates"":[74.807056,14.253694]}"
755,10,0.7986614108085632,72.36697387695312,2019-03-18,516.706298828125,1,2.0,0.0,2019-03-18,2019-03-17,29.993268966674805,300.2220458984375,2019-03-19,0.0,0.0,2019-03-18,0.2713642120361328,1.0,"{""type"":""Point"",""coordinates"":[74.812519,14.234739000000001]}"
756,10,0.7206696271896362,23.839324951171875,2022-03-14,506.7890625,1,2.0,0.0,2022-03-14,2022-03-13,17.025331497192383,301.5878601074219,2022-03-15,0.0,0.0,2022-03-14,0.27492523193359375,1.0,"{""type"":""Point"",""coordinates"":[74.812119,14.235144]}"
757,10,0.16168038547039032,157.40164184570312,2021-12-02,497.1642150878906,1,9767.0,69208.9609375,2021-12-02,2021-12-01,17.645971298217773,297.6248779296875,2021-12-03,0.0,0.0,2021-12-02,0.4001903533935547,9767.0,"{""type"":""Point"",""coordinates"":[74.811747,14.231828]}"
758,10,0.0849059596657753,52.491729736328125,2021-08-29,503.8592834472656,1,9767.0,1083164.75,2021-08-29,2021-08-28,22.259292602539062,295.71539306640625,2021-08-30,18.850000381469727,39.58333206176758,2021-08-29,0.4892005920410156,9760.0,"{""type"":""Point"",""coordinates"":[74.813011,14.232933]}"
759,10,0.6215432286262512,310.12567138671875,2019-04-06,505.1168518066406,1,9760.0,3.869999885559082,2019-04-06,2019-04-05,25.286556243896484,300.7939453125,2019-04-07,0.0,0.0,2019-04-06,0.32899919152259827,1.0,"{""type"":""Point"",""coordinates"":[74.816253,14.229125]}"
760,10,0.35723719000816345,321.8974304199219,2022-12-31,495.9480895996094,1,1.0,0.0,2022-12-31,2022-12-30,18.696212768554688,298.7734069824219,2023-01-01,0.0,0.0,2022-12-31,0.3319651186466217,1.0,"{""type"":""Point"",""coordinates"":[74.814633,14.228333]}"
761,10,0.2403004765510559,307.64434814453125,2022-11-23,492.8763732910156,1,9760.0,0.5699999928474426,2022-11-23,2022-11-22,19.555770874023438,296.6724853515625,2022-11-24,0.9399999976158142,0.0,2022-11-23,0.3314247131347656,1.0,"{""type"":""Point"",""coordinates"":[74.815714,14.228697]}"
762,10,0.785145103931427,24.81640625,2021-02-20,573.0726928710938,1,1.0,10.84000015258789,2021-02-20,2021-02-19,18.86188316345215,296.23443603515625,2021-02-21,0.0,0.0,2021-02-20,0.393475204706192,1.0,"{""type"":""Point"",""coordinates"":[74.801667,14.194443999999999]}"
763,10,0.3331970274448395,299.6662292480469,2020-03-23,569.7713012695312,1,3.0,0.0,2020-03-23,2020-03-22,14.889476776123047,299.9549560546875,2020-03-24,0.0,0.0,2020-03-23,0.2814992368221283,2.0,"{""type"":""Point"",""coordinates"":[74.841672,14.206808]}"
764,10,0.7532995939254761,324.7878723144531,2022-02-05,552.279296875,1,3.0,0.0,2022-02-05,2022-02-04,7.442168712615967,295.9886779785156,2022-02-06,0.0,0.0,2022-02-05,0.27427610754966736,3.0,"{""type"":""Point"",""coordinates"":[74.841175,14.206872]}"
765,10,0.16847491264343262,314.0682067871094,2020-11-10,584.1028442382812,1,1.0,0.0,2020-11-10,2020-11-09,9.914839744567871,298.9903259277344,2020-11-11,0.0,0.0,2020-11-10,0.35625776648521423,1.0,"{""type"":""Point"",""coordinates"":[74.839356,14.210531000000001]}"
766,10,0.029596535488963127,182.51303100585938,2022-10-03,552.53173828125,1,1.0,0.0,2022-10-03,2022-10-02,17.669462203979492,296.3819885253906,2022-10-04,3.5399999618530273,6.25,2022-10-03,0.4670511782169342,1.0,"{""type"":""Point"",""coordinates"":[74.828039,14.231603]}"
767,30,0.6756953001022339,37.151084899902344,2023-02-20,497.6399230957031,1,14.0,0.0,2023-02-20,2023-02-19,32.797386169433594,299.7313537597656,2023-02-21,0.0,0.0,2023-02-20,0.2735404968261719,14.0,"{""type"":""Point"",""coordinates"":[74.830753,14.219411]}"
768,10,0.005362888798117638,53.914451599121094,2023-07-30,529.7372436523438,1,14.0,0.0,2023-07-30,2023-07-29,18.61677360534668,296.345458984375,2023-07-31,0.0,0.0,2023-07-30,0.5039094090461731,13.0,"{""type"":""Point"",""coordinates"":[74.833539,14.219694]}"
769,10,0.16553859412670135,20.482450485229492,2023-09-16,599.8050537109375,1,7.0,374.91998291015625,2023-09-16,2023-09-15,16.33116340637207,298.6860656738281,2023-09-17,73.72999572753906,64.58333587646484,2023-09-16,0.4164161682128906,7.0,"{""type"":""Point"",""coordinates"":[74.859472,14.217167]}"
770,30,0.4454997777938843,332.8398742675781,2020-03-04,571.3970947265625,1,2.0,0.0,2020-03-04,2020-03-03,18.149005889892578,299.1717834472656,2020-03-05,0.0,0.0,2020-03-04,0.34779801964759827,2.0,"{""type"":""Point"",""coordinates"":[74.845044,14.206275]}"
771,30,0.16512459516525269,234.292724609375,2019-11-01,664.4102783203125,1,2.0,20.899999618530273,2019-11-01,2019-10-31,3.1020100116729736,296.0332336425781,2019-11-02,0.020000001415610313,0.0,2019-11-01,0.46123313903808594,2.0,"{""type"":""Point"",""coordinates"":[75.21,14.099999999999998]}"
772,10,0.3879796266555786,284.7231140136719,2019-12-31,712.0672607421875,1,6.0,0.0,2019-12-31,2019-12-30,3.624297857284546,297.4310607910156,2020-01-01,0.0,0.0,2019-12-31,0.35645928978919983,6.0,"{""type"":""Point"",""coordinates"":[75.3,13.910000000000002]}"
773,10,0.3268575966358185,13.754935264587402,2019-06-18,740.1840209960938,1,18.0,0.23999999463558197,2019-06-18,2019-06-17,5.442746639251709,298.5552978515625,2019-06-19,0.26999998092651367,0.0,2019-06-18,0.4501749575138092,3.0,"{""type"":""Point"",""coordinates"":[75.3,13.900000000000002]}"
774,10,0.47392237186431885,13.754935264587402,2019-04-13,740.1840209960938,1,18.0,0.0,2019-04-13,2019-04-12,5.442746639251709,302.15411376953125,2019-04-14,0.38999998569488525,0.0,2019-04-13,0.34491410851478577,3.0,"{""type"":""Point"",""coordinates"":[75.3,13.900000000000002]}"
775,10,0.40907976031303406,13.754935264587402,2022-01-24,740.1840209960938,1,18.0,0.0,2022-01-24,2022-01-23,5.442746639251709,296.2847900390625,2022-01-25,0.0,0.0,2022-01-24,0.2603321075439453,3.0,"{""type"":""Point"",""coordinates"":[75.3,13.900000000000002]}"
776,10,0.48862388730049133,239.09739685058594,2023-05-25,661.2251586914062,1,1.0,0.0,2023-05-25,2023-05-24,0.9463085532188416,301.7159423828125,2023-05-26,0.0,0.0,2023-05-25,0.35499510169029236,1.0,"{""type"":""Point"",""coordinates"":[75.26,13.96]}"
777,10,0.49653980135917664,332.7276306152344,2021-04-06,659.8958740234375,1,1.0,0.0,2021-04-06,2021-04-05,2.0322391986846924,303.55328369140625,2021-04-07,0.0,0.0,2021-04-06,0.25770440697669983,1.0,"{""type"":""Point"",""coordinates"":[75.21,13.94]}"
778,10,0.05451635643839836,235.03524780273438,2019-06-28,609.8025512695312,1,21.0,2.4800000190734863,2019-06-28,2019-06-27,5.07987642288208,297.420654296875,2019-06-29,0.5899999737739563,0.0,2019-06-28,0.4971275329589844,1.0,"{""type"":""Point"",""coordinates"":[75.15,13.969999999999999]}"
779,10,0.34401267766952515,235.03524780273438,2022-12-31,609.8025512695312,1,21.0,0.0,2022-12-31,2022-12-30,5.07987642288208,297.5663757324219,2023-01-01,0.0,0.0,2022-12-31,0.29033851623535156,1.0,"{""type"":""Point"",""coordinates"":[75.15,13.969999999999999]}"
780,30,0.13794907927513123,250.9603271484375,2023-06-14,617.0634765625,1,8.0,0.0,2023-06-14,2023-06-13,4.360878944396973,299.2397766113281,2023-06-15,0.0,0.0,2023-06-14,0.43889427185058594,8.0,"{""type"":""Point"",""coordinates"":[75.15,13.96]}"
781,10,0.39929988980293274,315.87078857421875,2021-03-23,633.0357666015625,1,35.0,0.0,2021-03-23,2021-03-22,2.8490614891052246,302.994140625,2021-03-24,0.0,0.0,2021-03-23,0.24455006420612335,35.0,"{""type"":""Point"",""coordinates"":[75.18,13.93]}"
782,10,0.08122740685939789,315.87078857421875,2020-07-12,633.0357666015625,1,35.0,8.049999237060547,2020-07-12,2020-07-11,2.8490614891052246,296.1509094238281,2020-07-13,0.019999999552965164,0.0,2020-07-12,0.4944674074649811,35.0,"{""type"":""Point"",""coordinates"":[75.18,13.93]}"
783,10,0.10789676010608673,315.87078857421875,2021-11-11,633.0357666015625,1,35.0,18.899999618530273,2021-11-11,2021-11-10,2.8490614891052246,296.0272521972656,2021-11-12,5.599999904632568,2.0833332538604736,2021-11-11,0.4520378112792969,35.0,"{""type"":""Point"",""coordinates"":[75.18,13.93]}"
784,10,0.009860140271484852,128.7130889892578,2019-09-09,667.3086547851562,1,10.0,324.29998779296875,2019-09-09,2019-09-08,6.6730637550354,295.46063232421875,2019-09-10,9.299999237060547,8.333333015441895,2019-09-09,0.5009021759033203,10.0,"{""type"":""Point"",""coordinates"":[75.18,13.92]}"
785,10,0.07963620871305466,128.7130889892578,2019-07-12,667.3086547851562,1,10.0,1154.2999267578125,2019-07-12,2019-07-11,6.6730637550354,295.51751708984375,2019-07-13,1.3799999952316284,2.0833332538604736,2019-07-12,0.499157577753067,10.0,"{""type"":""Point"",""coordinates"":[75.18,13.92]}"
786,10,0.015986334532499313,128.7130889892578,2022-08-23,667.3086547851562,1,10.0,71.0,2022-08-23,2022-08-22,6.6730637550354,296.1116638183594,2022-08-24,3.3899998664855957,4.166666507720947,2022-08-23,0.495800644159317,10.0,"{""type"":""Point"",""coordinates"":[75.18,13.92]}"
787,10,0.4668668806552887,29.76984214782715,2021-05-11,656.8323364257812,1,10.0,101.89999389648438,2021-05-11,2021-05-10,11.286738395690918,300.9542236328125,2021-05-12,13.960000038146973,10.416666984558105,2021-05-11,0.4733549654483795,10.0,"{""type"":""Point"",""coordinates"":[75.15,13.929999999999998]}"
788,10,0.02077040635049343,314.55377197265625,2019-09-05,666.7183837890625,1,2.0,131.59999084472656,2019-09-05,2019-09-04,18.77114486694336,295.0606384277344,2019-09-06,39.7599983215332,35.41666793823242,2019-09-05,0.4816061556339264,2.0,"{""type"":""Point"",""coordinates"":[75.16,13.92]}"
789,10,0.14647407829761505,174.06851196289062,2022-10-16,682.4605712890625,1,1.0,22.889999389648438,2022-10-16,2022-10-15,5.203094482421875,297.3221435546875,2022-10-17,8.380000114440918,8.333333015441895,2022-10-16,0.4922097623348236,1.0,"{""type"":""Point"",""coordinates"":[75.16,13.91]}"
790,10,0.07959789037704468,174.06851196289062,2022-10-08,682.4605712890625,1,1.0,0.0,2022-10-08,2022-10-07,5.203094482421875,296.0884704589844,2022-10-09,0.0,0.0,2022-10-08,0.48261070251464844,1.0,"{""type"":""Point"",""coordinates"":[75.16,13.91]}"
791,10,0.745419979095459,174.06851196289062,2019-01-13,682.4605712890625,1,1.0,0.0,2019-01-13,2019-01-12,5.203094482421875,298.00726318359375,2019-01-14,0.0,0.0,2019-01-13,0.2451496124267578,1.0,"{""type"":""Point"",""coordinates"":[75.16,13.91]}"
792,10,0.3007662892341614,174.06851196289062,2019-06-19,682.4605712890625,1,1.0,0.85999995470047,2019-06-19,2019-06-18,5.203094482421875,298.4717102050781,2019-06-20,1.0299999713897705,2.0833332538604736,2019-06-19,0.47356924414634705,1.0,"{""type"":""Point"",""coordinates"":[75.16,13.91]}"
793,10,0.065737284719944,277.4497375488281,2021-09-23,625.5308227539062,1,84.0,1208.760009765625,2021-09-23,2021-09-22,6.867997646331787,296.9996337890625,2021-09-24,0.9599999785423279,0.0,2021-09-23,0.4686177670955658,84.0,"{""type"":""Point"",""coordinates"":[75.17,13.890000000000002]}"
794,10,2.3831409635022283E-4,277.4497375488281,2019-07-25,625.5308227539062,1,84.0,2025.239990234375,2019-07-25,2019-07-24,6.867997646331787,295.957763671875,2019-07-26,60.5099983215332,47.91666793823242,2019-07-25,0.47324880957603455,84.0,"{""type"":""Point"",""coordinates"":[75.17,13.890000000000002]}"
795,10,-0.008321707136929035,333.08514404296875,2022-09-27,673.8302612304688,1,3.0,0.0,2022-09-27,2022-09-26,4.923908710479736,296.7574462890625,2022-09-28,0.0,0.0,2022-09-27,0.4404570162296295,3.0,"{""type"":""Point"",""coordinates"":[75.19,13.89]}"
796,10,0.6883383989334106,333.08514404296875,2023-01-19,673.8302612304688,1,3.0,0.0,2023-01-19,2023-01-18,4.923908710479736,298.0221862792969,2023-01-20,0.0,0.0,2023-01-19,0.24916775524616241,3.0,"{""type"":""Point"",""coordinates"":[75.19,13.89]}"
797,10,0.5739415287971497,333.08514404296875,2023-04-11,673.8302612304688,1,3.0,0.0,2023-04-11,2023-04-10,4.923908710479736,303.58148193359375,2023-04-12,0.0,0.0,2023-04-11,0.2543264925479889,3.0,"{""type"":""Point"",""coordinates"":[75.19,13.89]}"
798,10,0.027808159589767456,295.85748291015625,2019-08-24,667.6453247070312,1,24.0,5.099999904632568,2019-08-24,2019-08-23,4.5642900466918945,296.11773681640625,2019-08-25,12.339999198913574,14.583333015441895,2019-08-24,0.48741087317466736,1.0,"{""type"":""Point"",""coordinates"":[75.2,13.890000000000002]}"
799,30,0.5463583469390869,317.8102111816406,2021-05-13,654.7254638671875,1,1.0,1.0099999904632568,2021-05-13,2021-05-12,6.715170860290527,300.3406982421875,2021-05-14,38.029998779296875,37.5,2021-05-13,0.479949951171875,1.0,"{""type"":""Point"",""coordinates"":[75.19,13.920000000000002]}"
800,30,0.566861093044281,317.8102111816406,2021-03-11,654.7254638671875,1,1.0,0.0,2021-03-11,2021-03-10,6.715170860290527,301.9833068847656,2021-03-12,0.3399999737739563,0.0,2021-03-11,0.2509307861328125,1.0,"{""type"":""Point"",""coordinates"":[75.19,13.920000000000002]}"
801,10,0.035471558570861816,50.86806869506836,2023-07-29,675.3912353515625,1,1.0,0.0,2023-07-29,2023-07-28,0.9951961040496826,295.982421875,2023-07-30,0.0,0.0,2023-07-29,0.5028050541877747,1.0,"{""type"":""Point"",""coordinates"":[75.2,13.93]}"
802,10,0.28828153014183044,225.73353576660156,2023-10-19,697.8087768554688,1,1.0,0.0,2023-10-19,2023-10-18,3.8448240756988525,298.5226745605469,2023-10-20,0.0,0.0,2023-10-19,0.43760809302330017,1.0,"{""type"":""Point"",""coordinates"":[75.21,13.93]}"
803,10,0.5288475751876831,289.65924072265625,2023-11-04,713.499755859375,1,2.0,8.179999351501465,2023-11-04,2023-11-03,1.820379614830017,298.806640625,2023-11-05,1.4900000095367432,2.0833332538604736,2023-11-04,0.42986997961997986,2.0,"{""type"":""Point"",""coordinates"":[75.22,13.880000000000003]}"
804,10,0.8023642301559448,289.65924072265625,2019-04-12,713.499755859375,1,2.0,98.18000030517578,2019-04-12,2019-04-11,1.820379614830017,302.7850036621094,2019-04-13,0.0,0.0,2019-04-12,0.37185096740722656,2.0,"{""type"":""Point"",""coordinates"":[75.22,13.880000000000003]}"
805,40,0.11300412565469742,165.13217163085938,2022-10-03,677.959716796875,1,6.0,5.28000020980835,2022-10-03,2022-10-02,0.6321254968643188,295.9527893066406,2022-10-04,0.0,0.0,2022-10-03,0.4910907745361328,4.0,"{""type"":""Point"",""coordinates"":[75.22,13.850000000000001]}"
806,10,0.03852963447570801,222.8688507080078,2022-07-09,665.0715942382812,1,2.0,240.63999938964844,2022-07-09,2022-07-08,4.965975761413574,294.32757568359375,2022-07-10,104.47999572753906,81.25,2022-07-09,0.48117128014564514,2.0,"{""type"":""Point"",""coordinates"":[75.19,13.839999999999998]}"
807,10,0.7951028943061829,205.2856903076172,2019-01-03,702.4230346679688,1,1.0,0.0,2019-01-03,2019-01-02,4.534727096557617,296.90081787109375,2019-01-04,0.0,0.0,2019-01-03,0.25001397728919983,1.0,"{""type"":""Point"",""coordinates"":[75.19,13.880000000000003]}"
808,10,0.3714428246021271,240.72206115722656,2023-12-05,675.7070922851562,1,1.0,2.140000104904175,2023-12-05,2023-12-04,10.636226654052734,297.9447326660156,2023-12-06,0.0,0.0,2023-12-05,0.3119710385799408,1.0,"{""type"":""Point"",""coordinates"":[75.16,13.88]}"
809,10,0.3134492039680481,129.9047088623047,2019-05-12,658.5510864257812,1,1.0,0.0,2019-05-12,2019-05-11,3.3577122688293457,302.68603515625,2019-05-13,0.0,0.0,2019-05-12,0.30147871375083923,1.0,"{""type"":""Point"",""coordinates"":[75.16,13.86]}"
810,10,0.017439724877476692,273.5848693847656,2020-09-06,646.1118774414062,1,8.0,13.019999504089355,2020-09-06,2020-09-05,12.755189895629883,298.7151794433594,2020-09-07,114.3499984741211,33.33333206176758,2020-09-06,0.4929758608341217,6.0,"{""type"":""Point"",""coordinates"":[75.15,13.859999999999998]}"
811,10,0.45636293292045593,326.56341552734375,2023-03-30,574.6864013671875,1,178.0,0.0,2023-03-30,2023-03-29,1.591381311416626,301.3251953125,2023-03-31,0.0,0.0,2023-03-30,0.23847579956054688,2.0,"{""type"":""Point"",""coordinates"":[75.15,13.839999999999998]}"
812,40,0.23416204750537872,128.76133728027344,2020-03-16,594.9105224609375,1,4.0,0.0,2020-03-16,2020-03-15,5.726285457611084,302.8956298828125,2020-03-17,0.0,0.0,2020-03-16,0.2408415526151657,4.0,"{""type"":""Point"",""coordinates"":[75.16,13.839999999999998]}"
813,40,0.04824497178196907,128.76133728027344,2022-08-09,594.9105224609375,1,4.0,314.5199890136719,2022-08-09,2022-08-08,5.726285457611084,295.00927734375,2022-08-10,7.980000019073486,10.416666984558105,2022-08-09,0.4759178161621094,4.0,"{""type"":""Point"",""coordinates"":[75.16,13.839999999999998]}"
814,10,0.0705595314502716,124.31880187988281,2020-09-16,615.0767211914062,1,1.0,3.3499999046325684,2020-09-16,2020-09-15,3.929007053375244,296.00421142578125,2020-09-17,7.75,10.416666984558105,2020-09-16,0.5058053135871887,1.0,"{""type"":""Point"",""coordinates"":[75.17,13.84]}"
815,10,0.01664331927895546,260.4967956542969,2023-08-27,700.3477172851562,1,2.0,17.579999923706055,2023-08-27,2023-08-26,6.327619552612305,297.6416320800781,2023-08-28,0.0,0.0,2023-08-27,0.4768028259277344,2.0,"{""type"":""Point"",""coordinates"":[75.17,13.86]}"
816,10,0.6297508478164673,181.5906982421875,2020-03-01,667.1873779296875,1,2.0,0.0,2020-03-01,2020-02-29,7.926977634429932,301.5888977050781,2020-03-02,0.003000000026077032,0.0,2020-03-01,0.23809941112995148,2.0,"{""type"":""Point"",""coordinates"":[75.16,13.81]}"
817,30,0.7449546456336975,88.57182312011719,2023-02-05,666.6130981445312,1,5.0,0.0,2023-02-05,2023-02-04,11.342267036437988,298.9199523925781,2023-02-06,0.0,0.0,2023-02-05,0.2617829740047455,2.0,"{""type"":""Point"",""coordinates"":[75.15,13.799999999999999]}"
818,10,0.6940175890922546,18.280683517456055,2023-03-28,646.8509521484375,1,2.0,0.0,2023-03-28,2023-03-27,8.60915756225586,301.3681945800781,2023-03-29,0.0,0.0,2023-03-28,0.24004428088665009,2.0,"{""type"":""Point"",""coordinates"":[75.19,13.79]}"
819,10,0.7028590440750122,223.83804321289062,2020-01-12,646.25927734375,1,5.0,0.0,2020-01-12,2020-01-11,8.799325942993164,298.46759033203125,2020-01-13,0.0,0.0,2020-01-12,0.26495108008384705,4.0,"{""type"":""Point"",""coordinates"":[75.19,13.83]}"
820,10,0.03918817639350891,37.850181579589844,2019-08-10,696.5674438476562,1,1.0,115.23999786376953,2019-08-10,2019-08-09,5.942896366119385,295.3116455078125,2019-08-11,76.0199966430664,54.16666793823242,2019-08-10,0.48040518164634705,1.0,"{""type"":""Point"",""coordinates"":[75.29,13.839999999999998]}"
821,10,0.19835540652275085,205.55908203125,2021-01-20,658.16015625,1,1.0,0.0,2021-01-20,2021-01-19,11.817816734313965,297.29541015625,2021-01-21,0.0,0.0,2021-01-20,0.3263346254825592,1.0,"{""type"":""Point"",""coordinates"":[75.32,13.810000000000002]}"
822,10,0.11070214956998825,205.55908203125,2023-08-30,658.16015625,1,1.0,0.0,2023-08-30,2023-08-29,11.817816734313965,297.6957702636719,2023-08-31,0.0,0.0,2023-08-30,0.4611835479736328,1.0,"{""type"":""Point"",""coordinates"":[75.32,13.810000000000002]}"
823,10,0.7514699101448059,280.302490234375,2019-01-24,681.90673828125,1,1.0,0.0,2019-01-24,2019-01-23,5.775047302246094,298.0647888183594,2019-01-25,0.0,0.0,2019-01-24,0.25010553002357483,1.0,"{""type"":""Point"",""coordinates"":[75.34,13.79]}"
824,10,0.42113935947418213,54.765316009521484,2022-01-14,658.4931640625,1,1.0,0.0,2022-01-14,2022-01-13,7.3597564697265625,295.25762939453125,2022-01-15,0.0,0.0,2022-01-14,0.26457977294921875,1.0,"{""type"":""Point"",""coordinates"":[75.35,13.79]}"
825,10,0.6458486318588257,54.765316009521484,2022-03-09,658.4931640625,1,1.0,0.0,2022-03-09,2022-03-08,7.3597564697265625,300.30694580078125,2022-03-10,0.0,0.0,2022-03-09,0.2586161196231842,1.0,"{""type"":""Point"",""coordinates"":[75.35,13.79]}"
826,10,0.7833707928657532,333.77728271484375,2023-02-07,646.8248291015625,1,259.0,0.0,2023-02-07,2023-02-06,11.603452682495117,299.62359619140625,2023-02-08,0.0,0.0,2023-02-07,0.2636076509952545,259.0,"{""type"":""Point"",""coordinates"":[75.34,13.8]}"
827,10,0.10221320390701294,333.77728271484375,2023-09-24,646.8248291015625,1,259.0,222.739990234375,2023-09-24,2023-09-23,11.603452682495117,297.5541687011719,2023-09-25,5.909999847412109,8.333333015441895,2023-09-24,0.4735889434814453,259.0,"{""type"":""Point"",""coordinates"":[75.34,13.8]}"
828,10,0.10063611716032028,341.3938293457031,2023-09-05,662.1332397460938,1,2.0,59.89999771118164,2023-09-05,2023-09-04,4.8833746910095215,296.6301574707031,2023-09-06,35.91999816894531,25.0,2023-09-05,0.4229501187801361,2.0,"{""type"":""Point"",""coordinates"":[75.33,13.8]}"
829,10,0.7494277358055115,341.3938293457031,2019-01-06,662.1332397460938,1,2.0,0.0,2019-01-06,2019-01-05,4.8833746910095215,296.77117919921875,2019-01-07,0.0,0.0,2019-01-06,0.253369003534317,2.0,"{""type"":""Point"",""coordinates"":[75.33,13.8]}"
830,10,0.43962204456329346,341.3938293457031,2021-12-23,662.1332397460938,1,2.0,0.0,2021-12-23,2021-12-22,4.8833746910095215,295.14654541015625,2021-12-24,0.0,0.0,2021-12-23,0.29354795813560486,2.0,"{""type"":""Point"",""coordinates"":[75.33,13.8]}"
831,10,0.6387998461723328,341.3938293457031,2019-01-28,662.1332397460938,1,2.0,0.0,2019-01-28,2019-01-27,4.8833746910095215,297.4261474609375,2019-01-29,0.0,0.0,2019-01-28,0.25083670020103455,2.0,"{""type"":""Point"",""coordinates"":[75.33,13.8]}"
832,10,0.011107346042990685,341.3938293457031,2020-08-23,662.1332397460938,1,2.0,0.0,2020-08-23,2020-08-22,4.8833746910095215,296.509765625,2020-08-24,0.0,0.0,2020-08-23,0.48463693261146545,2.0,"{""type"":""Point"",""coordinates"":[75.33,13.8]}"
833,10,0.2969951629638672,341.3938293457031,2022-11-18,662.1332397460938,1,2.0,0.0,2022-11-18,2022-11-17,4.8833746910095215,296.39013671875,2022-11-19,0.0,0.0,2022-11-18,0.31635475158691406,2.0,"{""type"":""Point"",""coordinates"":[75.33,13.8]}"
834,10,0.7898580431938171,212.0754852294922,2022-03-14,848.3595581054688,1,3.0,0.0,2022-03-14,2022-03-13,20.138425827026367,301.0810241699219,2022-03-15,0.0,0.0,2022-03-14,0.25847816467285156,3.0,"{""type"":""Point"",""coordinates"":[75.38,13.839999999999998]}"
835,10,0.7449877858161926,99.42964172363281,2022-02-16,782.0084228515625,1,1.0,0.0,2022-02-16,2022-02-15,19.431568145751953,298.4789733886719,2022-02-17,0.0,0.0,2022-02-16,0.2592836916446686,1.0,"{""type"":""Point"",""coordinates"":[75.39,13.850000000000001]}"
836,10,0.26793086528778076,99.42964172363281,2022-05-17,782.0084228515625,1,1.0,116.45999908447266,2022-05-17,2022-05-16,19.431568145751953,298.99078369140625,2022-05-18,26.75,27.08333396911621,2022-05-17,0.4246330261230469,1.0,"{""type"":""Point"",""coordinates"":[75.39,13.850000000000001]}"
837,10,0.6810975074768066,249.10137939453125,2019-03-05,815.8653564453125,1,2.0,0.0,2019-03-05,2019-03-04,7.135962963104248,300.4031982421875,2019-03-06,0.0,0.0,2019-03-05,0.25927862524986267,2.0,"{""type"":""Point"",""coordinates"":[75.42,13.850000000000001]}"
838,10,0.31332826614379883,249.10137939453125,2023-01-08,815.8653564453125,1,2.0,0.0,2023-01-08,2023-01-07,7.135962963104248,297.0987854003906,2023-01-09,0.0,0.0,2023-01-08,0.2784086763858795,2.0,"{""type"":""Point"",""coordinates"":[75.42,13.850000000000001]}"
839,10,-0.007680760696530342,249.10137939453125,2021-10-01,815.8653564453125,1,2.0,126.03999328613281,2021-10-01,2021-09-30,7.135962963104248,296.454833984375,2021-10-02,78.61799621582031,22.91666603088379,2021-10-01,0.4725736081600189,2.0,"{""type"":""Point"",""coordinates"":[75.42,13.850000000000001]}"
840,10,0.03445938602089882,328.2607421875,2020-10-06,716.4841918945312,1,9.0,14.0,2020-10-06,2020-10-05,4.6156005859375,295.931884765625,2020-10-07,0.0,0.0,2020-10-06,0.44207510352134705,4.0,"{""type"":""Point"",""coordinates"":[75.4,13.87]}"
841,10,0.7980090379714966,54.009376525878906,2019-01-19,905.803955078125,1,1.0,0.0,2019-01-19,2019-01-18,36.643253326416016,297.3672180175781,2019-01-20,0.0,0.0,2019-01-19,0.25370216369628906,1.0,"{""type"":""Point"",""coordinates"":[75.42,13.87]}"
842,10,0.2611609399318695,268.4982604980469,2020-11-21,744.6781005859375,1,3.0,0.0,2020-11-21,2020-11-20,13.956430435180664,297.1103210449219,2020-11-22,0.0,0.0,2020-11-21,0.29803466796875,3.0,"{""type"":""Point"",""coordinates"":[75.37,13.87]}"
843,10,0.1602471023797989,249.13279724121094,2022-12-17,768.7445068359375,1,3.0,0.0,2022-12-17,2022-12-16,9.60377311706543,295.4912109375,2022-12-18,0.0,0.0,2022-12-17,0.3916536867618561,3.0,"{""type"":""Point"",""coordinates"":[75.37,13.86]}"
844,10,0.3867216408252716,71.86688995361328,2023-01-11,720.6173706054688,1,21.0,0.0,2023-01-11,2023-01-10,9.978349685668945,296.0254211425781,2023-01-12,0.0,0.0,2023-01-11,0.27410951256752014,21.0,"{""type"":""Point"",""coordinates"":[75.33,13.89]}"
845,10,0.4712419807910919,71.86688995361328,2022-01-28,720.6173706054688,1,21.0,0.0,2022-01-28,2022-01-27,9.978349685668945,296.95330810546875,2022-01-29,0.0,0.0,2022-01-28,0.25983238220214844,21.0,"{""type"":""Point"",""coordinates"":[75.33,13.89]}"
846,10,0.2725599408149719,71.86688995361328,2020-06-10,720.6173706054688,1,21.0,71.18999481201172,2020-06-10,2020-06-09,9.978349685668945,298.2782897949219,2020-06-11,9.549999237060547,16.66666603088379,2020-06-10,0.4233264923095703,21.0,"{""type"":""Point"",""coordinates"":[75.33,13.89]}"
847,10,0.6430253386497498,71.86688995361328,2019-04-05,720.6173706054688,1,21.0,0.0,2019-04-05,2019-04-04,9.978349685668945,301.69921875,2019-04-06,5.279999732971191,6.25,2019-04-05,0.3086160123348236,21.0,"{""type"":""Point"",""coordinates"":[75.33,13.89]}"
848,10,0.05237704515457153,282.8278503417969,2022-07-07,826.3078002929688,1,1.0,128.89999389648438,2022-07-07,2022-07-06,30.58819580078125,294.40899658203125,2022-07-08,83.20999908447266,87.5,2022-07-07,0.49002328515052795,1.0,"{""type"":""Point"",""coordinates"":[75.37,13.920000000000002]}"
849,10,0.3892890512943268,69.07605743408203,2020-04-28,966.3404541015625,1,3.0,0.0,2020-04-28,2020-04-27,25.7387638092041,300.90057373046875,2020-04-29,0.0,0.0,2020-04-28,0.3349647521972656,1.0,"{""type"":""Point"",""coordinates"":[75.42,13.920000000000002]}"
850,10,0.21226823329925537,69.07605743408203,2021-01-06,966.3404541015625,1,3.0,0.08999999612569809,2021-01-06,2021-01-05,25.7387638092041,297.57489013671875,2021-01-07,17.06999969482422,18.75,2021-01-06,0.28708457946777344,1.0,"{""type"":""Point"",""coordinates"":[75.42,13.920000000000002]}"
851,10,0.2378639429807663,21.220834732055664,2021-01-03,808.7474975585938,1,1.0,0.0,2021-01-03,2021-01-02,18.92197608947754,297.03033447265625,2021-01-04,20.850000381469727,14.583333015441895,2021-01-03,0.27346739172935486,1.0,"{""type"":""Point"",""coordinates"":[75.46,13.839999999999998]}"
852,10,0.4629485309123993,21.220834732055664,2019-12-13,808.7474975585938,1,1.0,0.0,2019-12-13,2019-12-12,18.92197608947754,296.2503662109375,2019-12-14,0.0,0.0,2019-12-13,0.33726438879966736,1.0,"{""type"":""Point"",""coordinates"":[75.46,13.839999999999998]}"
853,10,0.7791464328765869,250.2245635986328,2023-01-19,636.3858642578125,1,1.0,0.0,2023-01-19,2023-01-18,7.824816703796387,297.24127197265625,2023-01-20,0.0,0.0,2023-01-19,0.27334150671958923,1.0,"{""type"":""Point"",""coordinates"":[75.45,13.76]}"
854,10,0.34218132495880127,109.2099609375,2019-10-13,638.5036010742188,1,3.0,79.95999908447266,2019-10-13,2019-10-12,11.277527809143066,296.53802490234375,2019-10-14,11.389999389648438,12.5,2019-10-13,0.4818502962589264,1.0,"{""type"":""Point"",""coordinates"":[75.44,13.73]}"
855,30,0.6480832099914551,78.90899658203125,2023-06-08,608.1598510742188,1,1.0,0.0,2023-06-08,2023-06-07,16.46598243713379,299.2688293457031,2023-06-09,0.0,0.0,2023-06-08,0.3673483431339264,1.0,"{""type"":""Point"",""coordinates"":[75.43,13.719999999999999]}"
856,10,0.14390979707241058,3.572118043899536,2023-07-20,609.83251953125,1,3.0,324.8999938964844,2023-07-20,2023-07-19,5.545409202575684,295.0639953613281,2023-07-21,81.30999755859375,41.66666793823242,2023-07-20,0.4876066744327545,3.0,"{""type"":""Point"",""coordinates"":[75.44,13.710000000000004]}"
857,10,0.7417166233062744,87.3219985961914,2023-02-11,646.275390625,1,1.0,0.0,2023-02-11,2023-02-10,4.288315296173096,298.8002014160156,2023-02-12,0.0,0.0,2023-02-11,0.27643904089927673,1.0,"{""type"":""Point"",""coordinates"":[75.47,13.660000000000002]}"
858,40,0.17112936079502106,155.4676055908203,2022-10-01,671.0804443359375,1,10.0,94.1199951171875,2022-10-01,2022-09-30,5.437501430511475,295.488525390625,2022-10-02,9.925999641418457,14.583333015441895,2022-10-01,0.4502410888671875,2.0,"{""type"":""Point"",""coordinates"":[75.45,13.59]}"
859,10,0.8193680644035339,345.47760009765625,2021-04-06,693.214111328125,1,4.0,0.0,2021-04-06,2021-04-05,1.4517549276351929,300.8292236328125,2021-04-07,0.0,0.0,2021-04-06,0.2828165590763092,4.0,"{""type"":""Point"",""coordinates"":[75.41000000000001,13.59]}"
860,10,0.5055415034294128,266.7580261230469,2019-12-16,697.5870971679688,1,11.0,4.729999542236328,2019-12-16,2019-12-15,4.046319484710693,297.0115966796875,2019-12-17,0.0,0.0,2019-12-16,0.3568115234375,11.0,"{""type"":""Point"",""coordinates"":[75.38,13.62]}"
861,10,0.17900432646274567,139.83067321777344,2022-09-30,732.9487915039062,1,1.0,0.35999998450279236,2022-09-30,2022-09-29,20.221176147460938,296.2774353027344,2022-10-01,47.47999954223633,60.41666793823242,2022-09-30,0.41537603735923767,1.0,"{""type"":""Point"",""coordinates"":[75.37,13.62]}"
862,10,0.7317851185798645,162.91937255859375,2020-04-17,782.6864624023438,1,2.0,6.559999942779541,2020-04-17,2020-04-16,10.260273933410645,300.0068359375,2020-04-18,0.0,0.0,2020-04-17,0.34174028038978577,2.0,"{""type"":""Point"",""coordinates"":[75.37,13.59]}"
863,10,0.7928864359855652,124.69161224365234,2023-01-21,766.9688720703125,1,2.0,0.0,2023-01-21,2023-01-20,11.512277603149414,296.59515380859375,2023-01-22,0.0,0.0,2023-01-21,0.288958877325058,2.0,"{""type"":""Point"",""coordinates"":[75.36000000000001,13.59]}"
864,10,0.5649435520172119,124.69161224365234,2022-04-23,766.9688720703125,1,2.0,18.5,2022-04-23,2022-04-22,11.512277603149414,300.99603271484375,2022-04-24,0.0,0.0,2022-04-23,0.37414613366127014,2.0,"{""type"":""Point"",""coordinates"":[75.36000000000001,13.59]}"
865,10,0.04797643795609474,124.69161224365234,2022-08-28,766.9688720703125,1,2.0,54.97999954223633,2022-08-28,2022-08-27,11.512277603149414,295.08453369140625,2022-08-29,4.309999942779541,8.333333015441895,2022-08-28,0.47545623779296875,2.0,"{""type"":""Point"",""coordinates"":[75.36000000000001,13.59]}"
866,10,0.11415345966815948,138.8602294921875,2022-11-06,688.1146240234375,1,4.0,0.0,2022-11-06,2022-11-05,7.121499061584473,297.4853515625,2022-11-07,0.0,0.0,2022-11-06,0.3790804445743561,3.0,"{""type"":""Point"",""coordinates"":[75.33,13.6]}"
867,10,0.7737393975257874,173.0961456298828,2022-03-02,706.20166015625,1,2.0,0.04800000041723251,2022-03-02,2022-03-01,13.703240394592285,299.3201599121094,2022-03-03,0.0,0.0,2022-03-02,0.27038636803627014,2.0,"{""type"":""Point"",""coordinates"":[75.33,13.61]}"
868,10,0.7176040410995483,213.71804809570312,2023-02-04,729.8381958007812,1,1.0,0.0,2023-02-04,2023-02-03,1.685115933418274,297.7673034667969,2023-02-05,0.0,0.0,2023-02-04,0.29133543372154236,1.0,"{""type"":""Point"",""coordinates"":[75.33,13.619999999999997]}"
869,10,0.020800437778234482,131.74099731445312,2021-08-04,609.0370483398438,1,10.0,135.1999969482422,2021-08-04,2021-08-03,4.806881904602051,295.4619445800781,2021-08-05,4.279999732971191,0.0,2021-08-04,0.49535369873046875,10.0,"{""type"":""Point"",""coordinates"":[75.4,13.700000000000001]}"
870,10,0.4302973449230194,81.50845336914062,2019-11-01,597.7590942382812,1,2.0,22.959999084472656,2019-11-01,2019-10-31,9.22458267211914,295.1255798339844,2019-11-02,0.021000001579523087,0.0,2019-11-01,0.4695930480957031,2.0,"{""type"":""Point"",""coordinates"":[75.39,13.719999999999999]}"
871,10,0.11880665272474289,254.33497619628906,2020-10-05,645.3699951171875,1,1.0,1.8600000143051147,2020-10-05,2020-10-04,1.057590126991272,296.13714599609375,2020-10-06,6.25,2.0833332538604736,2020-10-05,0.4699796140193939,1.0,"{""type"":""Point"",""coordinates"":[75.31,13.76]}"
872,10,0.21908025443553925,159.27243041992188,2021-10-16,616.4813842773438,1,5.0,8.479999542236328,2021-10-16,2021-10-15,12.625321388244629,297.43896484375,2021-10-17,2.700000047683716,4.166666507720947,2021-10-16,0.48757490515708923,4.0,"{""type"":""Point"",""coordinates"":[75.27,13.700000000000001]}"
873,10,0.03212118521332741,191.11489868164062,2022-10-18,684.6102294921875,1,2.0,6.389999866485596,2022-10-18,2022-10-17,7.399432182312012,297.3740234375,2022-10-19,0.009999999776482582,0.0,2022-10-18,0.48945870995521545,1.0,"{""type"":""Point"",""coordinates"":[75.26,13.700000000000001]}"
874,10,0.8812669515609741,191.11489868164062,2023-01-25,684.6102294921875,1,2.0,2.5799999237060547,2023-01-25,2023-01-24,7.399432182312012,297.9786682128906,2023-01-26,0.0,0.0,2023-01-25,0.263232558965683,1.0,"{""type"":""Point"",""coordinates"":[75.26,13.700000000000001]}"
875,10,0.28927868604660034,191.11489868164062,2023-05-27,684.6102294921875,1,2.0,0.0,2023-05-27,2023-05-26,7.399432182312012,300.48870849609375,2023-05-28,0.0,0.0,2023-05-27,0.38063493371009827,1.0,"{""type"":""Point"",""coordinates"":[75.26,13.700000000000001]}"
876,50,0.04919647425413132,180.07586669921875,2020-10-29,615.841796875,1,2.0,0.0,2020-10-29,2020-10-28,4.741353988647461,296.99188232421875,2020-10-30,0.0,0.0,2020-10-29,0.4483121335506439,2.0,"{""type"":""Point"",""coordinates"":[75.24,13.690000000000001]}"
877,10,0.13065014779567719,295.3482360839844,2021-05-25,651.991943359375,1,4.0,1.159999966621399,2021-05-25,2021-05-24,3.941190481185913,298.6910400390625,2021-05-26,10.010000228881836,8.333333015441895,2021-05-25,0.4645945131778717,1.0,"{""type"":""Point"",""coordinates"":[75.25,13.72]}"
878,10,0.44482144713401794,48.06089401245117,2020-11-30,645.1670532226562,1,3.0,0.0,2020-11-30,2020-11-29,11.655044555664062,298.01165771484375,2020-12-01,0.0,0.0,2020-11-30,0.24721463024616241,3.0,"{""type"":""Point"",""coordinates"":[75.24,13.75]}"
879,10,0.7634146213531494,196.274169921875,2020-01-22,656.3485107421875,1,3.0,0.0,2020-01-22,2020-01-21,7.9474263191223145,299.3763427734375,2020-01-23,0.0,0.0,2020-01-22,0.24157650768756866,3.0,"{""type"":""Point"",""coordinates"":[75.24,13.760000000000002]}"
880,10,0.020708099007606506,99.96302795410156,2022-07-10,628.7118530273438,1,70.0,7536.89990234375,2022-07-10,2022-07-09,5.340725898742676,294.27752685546875,2022-07-11,68.40999603271484,75.0,2022-07-10,0.4740028381347656,70.0,"{""type"":""Point"",""coordinates"":[75.25,13.760000000000002]}"
881,10,0.4546903371810913,67.77335357666016,2019-06-13,679.8173828125,1,1.0,24.389999389648438,2019-06-13,2019-06-12,8.982836723327637,298.073486328125,2019-06-14,22.639999389648438,37.5,2019-06-13,0.49707603454589844,1.0,"{""type"":""Point"",""coordinates"":[75.27,13.74]}"
882,10,0.3531372845172882,87.14170837402344,2023-01-06,637.8916625976562,1,5.0,0.0,2023-01-06,2023-01-05,5.278620719909668,296.1490783691406,2023-01-07,0.0,0.0,2023-01-06,0.2702827453613281,3.0,"{""type"":""Point"",""coordinates"":[75.28,13.75]}"
883,40,-0.03231765702366829,244.79722595214844,2022-09-04,643.8934326171875,1,15.0,20.100000381469727,2022-09-04,2022-09-03,13.810271263122559,298.02410888671875,2022-09-05,25.53999900817871,20.83333396911621,2022-09-04,0.4817371368408203,15.0,"{""type"":""Point"",""coordinates"":[75.28,13.77]}"
884,10,0.37803131341934204,162.6427459716797,2023-09-27,675.9794311523438,1,1.0,3.18999981880188,2023-09-27,2023-09-26,4.857177734375,297.4830627441406,2023-09-28,10.119999885559082,14.583333015441895,2023-09-27,0.4707845151424408,1.0,"{""type"":""Point"",""coordinates"":[75.27,13.779999999999998]}"
885,10,0.3754684329032898,162.6427459716797,2019-11-25,675.9794311523438,1,1.0,0.0,2019-11-25,2019-11-24,4.857177734375,297.2639465332031,2019-11-26,0.0,0.0,2019-11-25,0.359576553106308,1.0,"{""type"":""Point"",""coordinates"":[75.27,13.779999999999998]}"
886,10,0.8176826238632202,294.4959411621094,2022-03-04,651.955322265625,1,33.0,0.0,2022-03-04,2022-03-03,10.363391876220703,299.95263671875,2022-03-05,0.0,0.0,2022-03-04,0.23723284900188446,33.0,"{""type"":""Point"",""coordinates"":[75.23,13.779999999999998]}"
887,10,0.07004120200872421,294.4959411621094,2021-07-06,651.955322265625,1,33.0,461.0099792480469,2021-07-06,2021-07-05,10.363391876220703,297.1461181640625,2021-07-07,5.239999771118164,8.333333015441895,2021-07-06,0.47979673743247986,33.0,"{""type"":""Point"",""coordinates"":[75.23,13.779999999999998]}"
888,10,0.25685590505599976,294.4959411621094,2020-06-08,651.955322265625,1,33.0,5.279999732971191,2020-06-08,2020-06-07,10.363391876220703,298.03961181640625,2020-06-09,0.0,0.0,2020-06-08,0.4572550356388092,33.0,"{""type"":""Point"",""coordinates"":[75.23,13.779999999999998]}"
889,10,0.7135622501373291,294.4959411621094,2020-03-06,651.955322265625,1,33.0,0.0,2020-03-06,2020-03-05,10.363391876220703,299.4122619628906,2020-03-07,0.0,0.0,2020-03-06,0.2648569643497467,33.0,"{""type"":""Point"",""coordinates"":[75.23,13.779999999999998]}"
890,10,0.050391215831041336,122.58811950683594,2020-07-14,647.6141967773438,1,11.0,70.58999633789062,2020-07-14,2020-07-13,9.789034843444824,295.35174560546875,2020-07-15,42.2599983215332,39.58333206176758,2020-07-14,0.49113211035728455,1.0,"{""type"":""Point"",""coordinates"":[75.15,13.719999999999999]}"
891,10,0.6025335788726807,155.33807373046875,2020-12-23,603.75830078125,1,5.0,0.0,2020-12-23,2020-12-22,19.861841201782227,297.22821044921875,2020-12-24,0.0,0.0,2020-12-23,0.24220211803913116,5.0,"{""type"":""Point"",""coordinates"":[75.15,13.69]}"
892,10,0.020921774208545685,155.33807373046875,2022-10-07,603.75830078125,1,5.0,3.1500000953674316,2022-10-07,2022-10-06,19.861841201782227,295.3992004394531,2022-10-08,0.0,0.0,2022-10-07,0.49534735083580017,5.0,"{""type"":""Point"",""coordinates"":[75.15,13.69]}"
893,10,0.07554112374782562,330.6827392578125,2021-09-28,646.2618408203125,1,1.0,8.489999771118164,2021-09-28,2021-09-27,7.210570335388184,296.2415771484375,2021-09-29,14.109999656677246,18.75,2021-09-28,0.47849592566490173,1.0,"{""type"":""Point"",""coordinates"":[75.18,13.689999999999998]}"
894,10,-0.0014360524946823716,281.81817626953125,2023-08-02,645.1876831054688,1,1.0,0.30800002813339233,2023-08-02,2023-08-01,14.397965431213379,296.52398681640625,2023-08-03,6.289999485015869,6.25,2023-08-02,0.4990730285644531,1.0,"{""type"":""Point"",""coordinates"":[75.22,13.700000000000001]}"
895,10,0.37639907002449036,323.36212158203125,2019-05-29,624.5943603515625,1,8.0,1.5199999809265137,2019-05-29,2019-05-28,8.429278373718262,303.2949523925781,2019-05-30,0.2499999850988388,0.0,2019-05-29,0.3015085756778717,8.0,"{""type"":""Point"",""coordinates"":[75.23,13.69]}"
896,10,0.26957231760025024,29.483671188354492,2022-11-03,670.072021484375,1,1.0,14.069999694824219,2022-11-03,2022-11-02,20.863292694091797,296.722900390625,2022-11-04,0.0,0.0,2022-11-03,0.33868345618247986,1.0,"{""type"":""Point"",""coordinates"":[75.22,13.660000000000004]}"
897,10,0.5715387463569641,217.1216278076172,2021-01-06,625.2044067382812,1,1.0,0.8500000238418579,2021-01-06,2021-01-05,2.335911989212036,297.7485656738281,2021-01-07,35.36000061035156,25.0,2021-01-06,0.42452239990234375,1.0,"{""type"":""Point"",""coordinates"":[75.22,13.64]}"
898,10,0.11061319708824158,48.494895935058594,2023-09-03,635.4920654296875,1,1.0,0.0,2023-09-03,2023-09-02,10.608845710754395,298.37176513671875,2023-09-04,10.890000343322754,12.5,2023-09-03,0.45303598046302795,1.0,"{""type"":""Point"",""coordinates"":[75.15,13.629999999999999]}"
899,10,-0.014383561909198761,48.494895935058594,2021-08-04,635.4920654296875,1,1.0,52.04999923706055,2021-08-04,2021-08-03,10.608845710754395,295.8013000488281,2021-08-05,16.3799991607666,33.33333206176758,2021-08-04,0.48365721106529236,1.0,"{""type"":""Point"",""coordinates"":[75.15,13.629999999999999]}"
900,10,0.28516098856925964,136.4714813232422,2022-12-05,707.9940795898438,1,2.0,0.10999999940395355,2022-12-05,2022-12-04,16.245882034301758,298.2137451171875,2022-12-06,0.17999999225139618,0.0,2022-12-05,0.3400014340877533,1.0,"{""type"":""Point"",""coordinates"":[75.28,13.6]}"
901,10,0.4591904580593109,35.470375061035156,2023-11-26,648.5529174804688,1,1.0,2.3499999046325684,2023-11-26,2023-11-25,4.392847537994385,297.5573425292969,2023-11-27,0.029999999329447746,0.0,2023-11-26,0.38515281677246094,1.0,"{""type"":""Point"",""coordinates"":[75.26,13.62]}"
902,10,0.115883007645607,35.470375061035156,2020-09-18,648.5529174804688,1,1.0,9.949999809265137,2020-09-18,2020-09-17,4.392847537994385,295.75384521484375,2020-09-19,10.619999885559082,8.333333015441895,2020-09-18,0.4944833219051361,1.0,"{""type"":""Point"",""coordinates"":[75.26,13.62]}"
903,10,0.7511723637580872,35.470375061035156,2021-03-29,648.5529174804688,1,1.0,1.1899999380111694,2021-03-29,2021-03-28,4.392847537994385,300.75372314453125,2021-03-30,0.0,0.0,2021-03-29,0.2950153350830078,1.0,"{""type"":""Point"",""coordinates"":[75.26,13.62]}"
904,10,0.08072756230831146,82.78433227539062,2019-07-13,657.7098388671875,1,8.0,1.1999999284744263,2019-07-13,2019-07-12,5.4531331062316895,296.31268310546875,2019-07-14,36.689998626708984,41.66666793823242,2019-07-13,0.4845193326473236,8.0,"{""type"":""Point"",""coordinates"":[75.27,13.62]}"
905,10,0.2527431845664978,271.5559997558594,2019-05-28,680.6506958007812,1,1.0,0.0,2019-05-28,2019-05-27,8.914688110351562,301.56256103515625,2019-05-29,0.1899999976158142,0.0,2019-05-28,0.36011505126953125,1.0,"{""type"":""Point"",""coordinates"":[75.28,13.63]}"
906,30,0.15744203329086304,97.35020446777344,2023-10-14,639.6162109375,1,1.0,0.0,2023-10-14,2023-10-13,5.1828765869140625,298.74688720703125,2023-10-15,0.0,0.0,2023-10-14,0.46406683325767517,1.0,"{""type"":""Point"",""coordinates"":[75.25,13.68]}"
907,10,0.2148100584745407,309.1081237792969,2020-05-07,622.2177734375,1,155.0,0.0,2020-05-07,2020-05-06,16.420495986938477,302.41485595703125,2020-05-08,62.18000030517578,14.583333015441895,2020-05-07,0.4010073244571686,1.0,"{""type"":""Point"",""coordinates"":[75.26,13.67]}"
908,10,-0.015325861983001232,242.30697631835938,2019-09-26,673.8321533203125,1,2.0,38.20000076293945,2019-09-26,2019-09-25,14.254094123840332,297.62567138671875,2019-09-27,3.2300000190734863,6.25,2019-09-26,0.4809398651123047,1.0,"{""type"":""Point"",""coordinates"":[75.28,13.660000000000002]}"
909,10,-0.011856179684400558,152.24659729003906,2022-04-12,665.1461791992188,1,2.0,0.009999999776482582,2022-04-12,2022-04-11,15.487102508544922,300.55145263671875,2022-04-13,0.03999999910593033,0.0,2022-04-12,0.3648153841495514,1.0,"{""type"":""Point"",""coordinates"":[75.3,13.64]}"
910,10,0.01512613520026207,51.57156753540039,2019-08-22,610.3953857421875,1,56.0,3.619999885559082,2019-08-22,2019-08-21,13.201618194580078,295.8027648925781,2019-08-23,1.0,2.0833332538604736,2019-08-22,0.49172019958496094,1.0,"{""type"":""Point"",""coordinates"":[75.32,13.65]}"
911,40,0.03226051852107048,44.146602630615234,2021-07-08,621.5438232421875,1,83.0,541.1599731445312,2021-07-08,2021-07-07,3.7853095531463623,296.76641845703125,2021-07-09,39.380001068115234,27.08333396911621,2021-07-08,0.47552236914634705,83.0,"{""type"":""Point"",""coordinates"":[75.29,13.63]}"
912,10,-0.022029075771570206,296.5376892089844,2022-09-01,637.8419799804688,1,7.0,806.6099853515625,2022-09-01,2022-08-31,4.962329864501953,297.361083984375,2022-09-02,80.08499908447266,37.5,2022-09-01,0.47535642981529236,7.0,"{""type"":""Point"",""coordinates"":[75.29,13.619999999999997]}"
913,10,0.7534218430519104,137.24020385742188,2019-03-29,684.6854248046875,1,1.0,0.0,2019-03-29,2019-03-28,0.8591719269752502,301.98138427734375,2019-03-30,0.0,0.0,2019-03-29,0.2803986966609955,1.0,"{""type"":""Point"",""coordinates"":[75.3,13.600000000000001]}"
914,30,0.5120195746421814,39.87108612060547,2020-01-11,654.64794921875,1,19.0,0.5699999928474426,2020-01-11,2020-01-10,8.744684219360352,298.0096740722656,2020-01-12,0.0,0.0,2020-01-11,0.3172709047794342,19.0,"{""type"":""Point"",""coordinates"":[75.31,13.600000000000001]}"
915,10,0.06339879333972931,42.12678146362305,2021-10-25,691.8077392578125,1,2.0,10.989999771118164,2021-10-25,2021-10-24,2.4763667583465576,295.8400573730469,2021-10-26,4.019999980926514,4.166666507720947,2021-10-25,0.4943625032901764,1.0,"{""type"":""Point"",""coordinates"":[75.32,13.59]}"
916,10,-0.004191990941762924,122.01338958740234,2019-07-28,704.7124633789062,1,1.0,13.319999694824219,2019-07-28,2019-07-27,2.7861125469207764,295.3956604003906,2019-07-29,20.559999465942383,29.16666603088379,2019-07-28,0.5003344416618347,1.0,"{""type"":""Point"",""coordinates"":[75.31,13.579999999999998]}"
917,10,0.04662017524242401,122.01338958740234,2023-08-11,704.7124633789062,1,1.0,2.8999998569488525,2023-08-11,2023-08-10,2.7861125469207764,296.9212646484375,2023-08-12,0.0,0.0,2023-08-11,0.48292097449302673,1.0,"{""type"":""Point"",""coordinates"":[75.31,13.579999999999998]}"
918,10,0.3708646297454834,122.01338958740234,2020-01-07,704.7124633789062,1,1.0,0.0,2020-01-07,2020-01-06,2.7861125469207764,297.66717529296875,2020-01-08,0.0,0.0,2020-01-07,0.3399874269962311,1.0,"{""type"":""Point"",""coordinates"":[75.31,13.579999999999998]}"
919,10,0.3040093779563904,71.53585052490234,2020-03-06,660.9530639648438,1,3.0,0.0,2020-03-06,2020-03-05,11.001087188720703,298.0785217285156,2020-03-07,0.0,0.0,2020-03-06,0.304852157831192,1.0,"{""type"":""Point"",""coordinates"":[75.3,13.57]}"
920,10,0.2167992889881134,282.0919189453125,2022-05-15,666.3262329101562,1,1.0,0.029999999329447746,2022-05-15,2022-05-14,12.408869743347168,297.9767761230469,2022-05-16,0.6299999952316284,0.0,2022-05-15,0.46052804589271545,1.0,"{""type"":""Point"",""coordinates"":[75.29,13.57]}"
921,80,0.1464288830757141,312.7667236328125,2022-11-20,623.5945434570312,1,1.0,0.0,2022-11-20,2022-11-19,12.004256248474121,294.93896484375,2022-11-21,0.0,0.0,2022-11-20,0.36798158288002014,1.0,"{""type"":""Point"",""coordinates"":[75.31,13.52]}"
922,80,0.2450990527868271,312.7667236328125,2019-04-06,623.5945434570312,1,1.0,0.0,2019-04-06,2019-04-05,12.004256248474121,300.624267578125,2019-04-07,0.0,0.0,2019-04-06,0.38292884826660156,1.0,"{""type"":""Point"",""coordinates"":[75.31,13.52]}"
923,80,0.3446619212627411,312.7667236328125,2023-11-18,623.5945434570312,1,1.0,0.0,2023-11-18,2023-11-17,12.004256248474121,298.1596374511719,2023-11-19,0.0,0.0,2023-11-18,0.39260926842689514,1.0,"{""type"":""Point"",""coordinates"":[75.31,13.52]}"
924,10,0.28833305835723877,0.43396300077438354,2019-10-21,624.0923461914062,1,3200.0,259104.0,2019-10-21,2019-10-20,6.657467842102051,296.8399963378906,2019-10-22,37.380001068115234,62.5,2019-10-21,0.4723459780216217,3200.0,"{""type"":""Point"",""coordinates"":[75.31,13.51]}"
925,10,0.12982918322086334,174.3739013671875,2022-08-27,658.5927734375,1,4.0,32.709999084472656,2022-08-27,2022-08-26,13.753238677978516,295.89117431640625,2022-08-28,25.260000228881836,33.33333206176758,2022-08-27,0.47008705139160156,1.0,"{""type"":""Point"",""coordinates"":[75.3,13.5]}"
926,10,0.24703533947467804,241.7362823486328,2023-05-30,630.5617065429688,1,71.0,0.17999999225139618,2023-05-30,2023-05-29,3.144057273864746,300.4156494140625,2023-05-31,3.0399999618530273,4.166666507720947,2023-05-30,0.4268665313720703,3.0,"{""type"":""Point"",""coordinates"":[75.28,13.52]}"
927,10,0.08637554943561554,351.7326965332031,2022-08-22,651.6815795898438,1,1.0,12.929999351501465,2022-08-22,2022-08-21,5.586620330810547,295.9798278808594,2022-08-23,28.520000457763672,27.08333396911621,2022-08-22,0.4902585446834564,1.0,"{""type"":""Point"",""coordinates"":[75.27,13.52]}"
928,10,0.026281431317329407,103.46209716796875,2021-08-27,680.0286254882812,1,1.0,13.319999694824219,2021-08-27,2021-08-26,16.83384132385254,296.72503662109375,2021-08-28,17.59000015258789,27.08333396911621,2021-08-27,0.4628448486328125,1.0,"{""type"":""Point"",""coordinates"":[75.27,13.53]}"
929,40,0.15403375029563904,104.74769592285156,2023-11-07,636.837158203125,1,3.0,3.7799999713897705,2023-11-07,2023-11-06,0.6695534586906433,296.974365234375,2023-11-08,0.8799999952316284,2.0833332538604736,2023-11-07,0.47581037878990173,3.0,"{""type"":""Point"",""coordinates"":[75.26,13.530000000000001]}"
930,50,0.24338270723819733,228.07122802734375,2019-10-28,673.520263671875,1,1.0,0.47999998927116394,2019-10-28,2019-10-27,4.541552543640137,294.3921203613281,2019-10-29,0.60999995470047,0.0,2019-10-28,0.44703736901283264,1.0,"{""type"":""Point"",""coordinates"":[75.26,13.52]}"
931,10,0.6375927329063416,108.55481719970703,2019-10-23,643.8359985351562,1,1.0,6.25,2019-10-23,2019-10-22,3.5782265663146973,295.72686767578125,2019-10-24,20.239999771118164,27.08333396911621,2019-10-23,0.4865964353084564,1.0,"{""type"":""Point"",""coordinates"":[75.27,13.51]}"
932,10,0.7954711318016052,22.501840591430664,2023-03-16,643.8379516601562,1,3.0,9.899999618530273,2023-03-16,2023-03-15,5.1554083824157715,299.52423095703125,2023-03-17,0.0,0.0,2023-03-16,0.2862377166748047,3.0,"{""type"":""Point"",""coordinates"":[75.24,13.530000000000001]}"
933,10,0.12290292233228683,286.3185119628906,2022-07-02,715.5087890625,1,1.0,81.39199829101562,2022-07-02,2022-07-01,2.997013568878174,295.2246398925781,2022-07-03,69.47000122070312,54.16666793823242,2022-07-02,0.4822654724121094,1.0,"{""type"":""Point"",""coordinates"":[75.27,13.54]}"
934,30,0.14671708643436432,19.534212112426758,2022-11-01,851.5234985351562,1,1.0,0.0,2022-11-01,2022-10-31,37.84929656982422,296.65704345703125,2022-11-02,0.03700000047683716,0.0,2022-11-01,0.39297738671302795,1.0,"{""type"":""Point"",""coordinates"":[75.17,13.56]}"
935,10,0.016481030732393265,341.1380920410156,2019-07-21,629.4051513671875,1,4.0,34.73999786376953,2019-07-21,2019-07-20,6.7022833824157715,295.1047058105469,2019-07-22,15.829999923706055,22.91666603088379,2019-07-21,0.48028627038002014,1.0,"{""type"":""Point"",""coordinates"":[75.16,13.550000000000002]}"
936,10,0.01551167294383049,317.21942138671875,2022-07-13,700.3451538085938,1,1.0,48.84000015258789,2022-07-13,2022-07-12,12.152730941772461,294.5759582519531,2022-07-14,103.1199951171875,83.33333587646484,2022-07-13,0.4772249758243561,1.0,"{""type"":""Point"",""coordinates"":[75.17,13.51]}"
937,10,0.39971235394477844,276.7057189941406,2023-02-15,642.8717651367188,1,1.0,0.0,2023-02-15,2023-02-14,4.700186252593994,298.74945068359375,2023-02-16,0.0,0.0,2023-02-15,0.27455902099609375,1.0,"{""type"":""Point"",""coordinates"":[75.16,13.53]}"
938,10,0.3517249822616577,336.64910888671875,2023-06-16,676.6102905273438,1,1.0,0.0,2023-06-16,2023-06-15,7.8917436599731445,298.2554931640625,2023-06-17,0.0,0.0,2023-06-16,0.47561582922935486,1.0,"{""type"":""Point"",""coordinates"":[75.21,13.499999999999998]}"
939,10,0.40102532505989075,101.9551773071289,2021-01-24,694.5030517578125,1,7.0,0.0,2021-01-24,2021-01-23,18.63545799255371,296.66217041015625,2021-01-25,0.0,0.0,2021-01-24,0.4000307619571686,7.0,"{""type"":""Point"",""coordinates"":[75.190408,13.436708000000001]}"
940,10,0.1222715750336647,89.58024597167969,2021-12-01,712.441650390625,1,11.0,51.369998931884766,2021-12-01,2021-11-30,21.721921920776367,296.3598327636719,2021-12-02,7.505999565124512,8.333333015441895,2021-12-01,0.46350225806236267,11.0,"{""type"":""Point"",""coordinates"":[75.180214,13.390861]}"
941,10,0.061588138341903687,128.4083251953125,2021-10-07,688.7979736328125,1,1.0,25.920000076293945,2021-10-07,2021-10-06,16.905437469482422,295.5735168457031,2021-10-08,1.9199999570846558,2.0833332538604736,2021-10-07,0.4877967834472656,1.0,"{""type"":""Point"",""coordinates"":[75.233336,13.403739]}"
942,10,0.7049275636672974,228.07168579101562,2019-04-18,709.03125,1,1.0,0.0,2019-04-18,2019-04-17,12.361830711364746,300.2027587890625,2019-04-19,0.0,0.0,2019-04-18,0.3956387937068939,1.0,"{""type"":""Point"",""coordinates"":[75.240756,13.471956]}"
943,10,0.29446330666542053,74.5591049194336,2023-12-09,654.6720581054688,1,1.0,0.0,2023-12-09,2023-12-08,11.784811019897461,297.22161865234375,2023-12-10,0.550000011920929,2.0833332538604736,2023-12-09,0.3579184114933014,1.0,"{""type"":""Point"",""coordinates"":[75.269855,13.446392]}"
944,10,0.13795772194862366,7.451650142669678,2022-05-20,677.097412109375,1,2.0,65.72000122070312,2022-05-20,2022-05-19,27.359146118164062,293.3502197265625,2022-05-21,11.819999694824219,12.5,2022-05-20,0.48076438903808594,2.0,"{""type"":""Point"",""coordinates"":[75.317796,13.442789]}"
945,10,0.23151004314422607,241.8186798095703,2023-01-06,644.1738891601562,1,3.0,0.0,2023-01-06,2023-01-05,20.99733543395996,295.8910217285156,2023-01-07,0.0,0.0,2023-01-06,0.3155326843261719,3.0,"{""type"":""Point"",""coordinates"":[75.317786,13.447556]}"
946,10,0.3615415394306183,146.8172607421875,2020-01-04,766.5733642578125,1,4.0,0.0,2020-01-04,2020-01-03,18.04463768005371,296.2326354980469,2020-01-05,0.0,0.0,2020-01-04,0.4136028289794922,4.0,"{""type"":""Point"",""coordinates"":[75.308033,13.387708000000002]}"
947,10,0.028413953259587288,75.61881256103516,2020-10-28,745.3477783203125,1,1.0,0.0,2020-10-28,2020-10-27,19.884029388427734,296.3493957519531,2020-10-29,0.0,0.0,2020-10-28,0.47701773047447205,1.0,"{""type"":""Point"",""coordinates"":[75.339296,13.394984000000001]}"
948,10,0.07896742224693298,223.86013793945312,2021-10-19,700.9212036132812,1,241.0,221.71998596191406,2021-10-19,2021-10-18,19.103307723999023,295.41937255859375,2021-10-20,0.2199999988079071,0.0,2021-10-19,0.47884050011634827,241.0,"{""type"":""Point"",""coordinates"":[75.372827,13.398379999999998]}"
949,10,0.7279917001724243,322.9250183105469,2023-02-17,702.1622924804688,1,214.0,0.0,2023-02-17,2023-02-16,3.2366161346435547,298.2799377441406,2023-02-18,0.0,0.0,2023-02-17,0.29435792565345764,214.0,"{""type"":""Point"",""coordinates"":[75.385448,13.382151000000002]}"
950,10,0.7192736864089966,222.90316772460938,2021-04-20,725.0916748046875,1,13.0,0.0,2021-04-20,2021-04-19,19.831809997558594,297.77545166015625,2021-04-21,21.979999542236328,16.66666603088379,2021-04-20,0.4679018557071686,1.0,"{""type"":""Point"",""coordinates"":[75.393189,13.379220999999996]}"
951,10,0.41208669543266296,290.9889831542969,2019-11-21,637.0860595703125,1,5.0,0.0,2019-11-21,2019-11-20,4.064385890960693,297.35504150390625,2019-11-22,0.0,0.0,2019-11-21,0.44046783447265625,5.0,"{""type"":""Point"",""coordinates"":[75.33,13.52]}"
952,10,0.003364131785929203,324.0050964355469,2023-08-19,829.827880859375,1,1.0,0.8399999737739563,2023-08-19,2023-08-18,9.556550025939941,296.8600158691406,2023-08-20,22.770000457763672,29.16666603088379,2023-08-19,0.47643089294433594,1.0,"{""type"":""Point"",""coordinates"":[75.33,13.53]}"
953,10,0.057045869529247284,102.91607666015625,2022-10-16,807.5206298828125,1,2.0,31.529998779296875,2022-10-16,2022-10-15,8.188414573669434,296.1564636230469,2022-10-17,1.590000033378601,2.0833332538604736,2022-10-16,0.4739875793457031,1.0,"{""type"":""Point"",""coordinates"":[75.35,13.550000000000002]}"
954,30,0.3935624659061432,149.5948944091797,2020-05-08,661.8447265625,1,46.0,2761.83984375,2020-05-08,2020-05-07,6.015452861785889,300.22125244140625,2020-05-09,0.5899999737739563,0.0,2020-05-08,0.40759849548339844,46.0,"{""type"":""Point"",""coordinates"":[75.33,13.57]}"
955,30,0.34042903780937195,149.5948944091797,2022-11-26,661.8447265625,1,46.0,0.0,2022-11-26,2022-11-25,6.015452861785889,297.1882019042969,2022-11-27,0.0,0.0,2022-11-26,0.4015541076660156,46.0,"{""type"":""Point"",""coordinates"":[75.33,13.57]}"
956,10,0.14083214104175568,115.6003646850586,2022-06-16,959.7691040039062,1,1.0,7.989999771118164,2022-06-16,2022-06-15,27.208215713500977,296.6352233886719,2022-06-17,9.739999771118164,14.583333015441895,2022-06-16,0.49046579003334045,1.0,"{""type"":""Point"",""coordinates"":[75.39,13.54]}"
957,10,0.7300988435745239,10.172355651855469,2019-02-06,706.5380249023438,1,1.0,0.0,2019-02-06,2019-02-05,4.848752021789551,297.7420654296875,2019-02-07,1.090000033378601,2.0833332538604736,2019-02-06,0.2793782651424408,1.0,"{""type"":""Point"",""coordinates"":[75.41000000000001,13.57]}"
958,10,0.06719581037759781,350.9306335449219,2022-09-27,745.7852172851562,1,2.0,0.0,2022-09-27,2022-09-26,4.617181301116943,295.86737060546875,2022-09-28,0.0,0.0,2022-09-27,0.4491342008113861,2.0,"{""type"":""Point"",""coordinates"":[75.41000000000001,13.51]}"
959,10,0.27483147382736206,345.21502685546875,2019-03-18,764.259033203125,1,1.0,0.0,2019-03-18,2019-03-17,4.895840644836426,300.2828369140625,2019-03-19,0.0,0.0,2019-03-18,0.2794221341609955,1.0,"{""type"":""Point"",""coordinates"":[75.38,13.53]}"
960,10,0.8388110995292664,19.925172805786133,2019-01-29,865.9893188476562,1,1.0,0.0,2019-01-29,2019-01-28,22.73208999633789,296.09039306640625,2019-01-30,0.0,0.0,2019-01-29,0.28354644775390625,1.0,"{""type"":""Point"",""coordinates"":[75.39,13.51]}"
961,10,0.7149947285652161,39.56732940673828,2023-04-05,846.6271362304688,1,1.0,0.0,2023-04-05,2023-04-04,18.201082229614258,298.4980163574219,2023-04-06,0.0,0.0,2023-04-05,0.28481802344322205,1.0,"{""type"":""Point"",""coordinates"":[75.39,13.5]}"
962,10,0.3766307830810547,326.01519775390625,2020-11-14,715.8564453125,1,1.0,3.9699997901916504,2020-11-14,2020-11-13,11.83140754699707,296.4931945800781,2020-11-15,0.0,0.0,2020-11-14,0.4129142761230469,1.0,"{""type"":""Point"",""coordinates"":[75.43,13.550000000000002]}"
963,10,0.1343972533941269,323.7778015136719,2020-11-05,994.8931274414062,1,9.0,1.2599999904632568,2020-11-05,2020-11-04,17.638469696044922,295.78997802734375,2020-11-06,0.8299999833106995,0.0,2020-11-05,0.4450340270996094,9.0,"{""type"":""Point"",""coordinates"":[75.609367,13.403428]}"
964,10,0.19421537220478058,77.3973388671875,2020-11-19,946.9772338867188,1,25.0,7.0,2020-11-19,2020-11-18,6.36324405670166,295.4018859863281,2020-11-20,0.0,0.0,2020-11-19,0.4199695587158203,25.0,"{""type"":""Point"",""coordinates"":[75.618222,13.409183000000002]}"
965,10,0.0497358962893486,262.4197998046875,2022-12-04,814.213134765625,1,317.0,12.679999351501465,2022-12-04,2022-12-03,23.268970489501953,295.2686767578125,2022-12-05,0.22999998927116394,0.0,2022-12-04,0.378924697637558,317.0,"{""type"":""Point"",""coordinates"":[75.642972,13.417269]}"
966,10,0.7090908885002136,311.7133483886719,2022-01-12,889.088623046875,1,299.0,0.0,2022-01-12,2022-01-11,14.885176658630371,294.8971252441406,2022-01-13,0.0,0.0,2022-01-12,0.3018595278263092,6.0,"{""type"":""Point"",""coordinates"":[75.646506,13.407422000000002]}"
967,10,0.7779499888420105,292.42901611328125,2021-02-16,961.200927734375,1,281.0,0.0,2021-02-16,2021-02-15,36.74982452392578,295.31353759765625,2021-02-17,0.0,0.0,2021-02-16,0.296966552734375,281.0,"{""type"":""Point"",""coordinates"":[75.645078,13.394986000000001]}"
968,10,0.6604094505310059,214.15982055664062,2023-04-06,976.7072143554688,1,281.0,0.0,2023-04-06,2023-04-05,25.88628387451172,298.2375793457031,2023-04-07,11.9399995803833,14.583333015441895,2023-04-06,0.28669866919517517,281.0,"{""type"":""Point"",""coordinates"":[75.645156,13.393819000000002]}"
969,10,0.031527549028396606,257.8623962402344,2023-09-15,946.4613037109375,1,285.0,1387.949951171875,2023-09-15,2023-09-14,36.77867889404297,294.3278503417969,2023-09-16,5.159999847412109,6.25,2023-09-15,0.483642578125,285.0,"{""type"":""Point"",""coordinates"":[75.644892,13.398056]}"
970,10,0.17393895983695984,278.5691223144531,2021-12-18,939.7922973632812,1,285.0,0.0,2021-12-18,2021-12-17,27.717449188232422,294.2635498046875,2021-12-19,0.0,0.0,2021-12-18,0.37683358788490295,285.0,"{""type"":""Point"",""coordinates"":[75.64416700000001,13.3989]}"
971,10,0.8092110753059387,148.18214416503906,2019-01-20,1255.9998779296875,1,13.0,0.0,2019-01-20,2019-01-19,30.10701560974121,294.6795654296875,2019-01-21,0.0,0.0,2019-01-20,0.2723236083984375,1.0,"{""type"":""Point"",""coordinates"":[75.741561,13.485731]}"
972,10,0.25863897800445557,56.76580810546875,2019-12-29,1445.106689453125,1,2.0,0.0,2019-12-29,2019-12-28,19.16765022277832,294.0747985839844,2019-12-30,0.0,0.0,2019-12-29,0.44675445556640625,2.0,"{""type"":""Point"",""coordinates"":[75.742806,13.435457999999997]}"
973,30,0.04765063524246216,344.15228271484375,2022-12-21,1602.1707763671875,1,1.0,0.0,2022-12-21,2022-12-20,36.66480255126953,292.50323486328125,2022-12-22,0.0,0.0,2022-12-21,0.4164327085018158,1.0,"{""type"":""Point"",""coordinates"":[75.742908,13.405536000000001]}"
974,10,0.4064311385154724,341.4786071777344,2023-02-03,1586.02197265625,1,1.0,0.0,2023-02-03,2023-02-02,34.51041793823242,293.92010498046875,2023-02-04,0.0,0.0,2023-02-03,0.349749892950058,1.0,"{""type"":""Point"",""coordinates"":[75.74395,13.405967]}"
975,10,0.4229338765144348,11.243824005126953,2023-12-30,1504.2900390625,1,1.0,0.0,2023-12-30,2023-12-29,34.83681869506836,294.4661865234375,2023-12-31,0.0,0.0,2023-12-30,0.3357594907283783,1.0,"{""type"":""Point"",""coordinates"":[75.7346,13.406292]}"
976,10,0.642615020275116,38.04362869262695,2022-02-10,1430.0782470703125,1,5.0,0.0,2022-02-10,2022-02-09,25.387130737304688,294.5428161621094,2022-02-11,0.0,0.0,2022-02-10,0.2825857698917389,1.0,"{""type"":""Point"",""coordinates"":[75.724731,13.414596999999999]}"
977,10,-9.81170916929841E-4,148.0201416015625,2022-08-26,1438.208740234375,1,1.0,18.029998779296875,2022-08-26,2022-08-25,36.48236083984375,292.732666015625,2022-08-27,24.03999900817871,35.41666793823242,2022-08-26,0.4667390286922455,1.0,"{""type"":""Point"",""coordinates"":[75.722208,13.380311]}"
978,10,0.4148391783237457,158.27462768554688,2021-03-21,1458.0655517578125,1,4.0,0.0,2021-03-21,2021-03-20,28.53476333618164,297.0509338378906,2021-03-22,0.0,0.0,2021-03-21,0.30295372009277344,2.0,"{""type"":""Point"",""coordinates"":[75.724897,13.385728]}"
979,10,0.4260250926017761,154.05740356445312,2023-02-22,1534.853759765625,1,3.0,0.0,2023-02-22,2023-02-21,32.69236373901367,295.0933837890625,2023-02-23,0.0,0.0,2023-02-22,0.2893587648868561,1.0,"{""type"":""Point"",""coordinates"":[75.732494,13.396244]}"
980,50,0.008415530435740948,134.73440551757812,2019-08-27,1589.4144287109375,1,1.0,1.6799999475479126,2019-08-27,2019-08-26,30.383052825927734,293.7279052734375,2019-08-28,0.8600000143051147,2.0833332538604736,2019-08-27,0.47972360253334045,1.0,"{""type"":""Point"",""coordinates"":[75.734019,13.401243999999998]}"
981,10,0.5636187195777893,189.93722534179688,2019-04-14,1178.6439208984375,1,6.0,7.860000133514404,2019-04-14,2019-04-13,15.948832511901855,298.717041015625,2019-04-15,0.0,0.0,2019-04-14,0.30492401123046875,6.0,"{""type"":""Point"",""coordinates"":[75.74775,13.368364000000001]}"
982,10,0.20486316084861755,46.263946533203125,2022-04-27,1179.0341796875,1,3.0,0.0,2022-04-27,2022-04-26,17.816123962402344,298.8031311035156,2022-04-28,0.0,0.0,2022-04-27,0.33126768469810486,1.0,"{""type"":""Point"",""coordinates"":[75.707381,13.362853]}"
983,10,0.23539231717586517,74.24676513671875,2021-05-17,1024.7403564453125,1,1.0,8.019999504089355,2021-05-17,2021-05-16,23.895761489868164,294.7563781738281,2021-05-18,3.799999952316284,4.166666507720947,2021-05-17,0.46576181054115295,1.0,"{""type"":""Point"",""coordinates"":[75.6255,13.299416999999998]}"
984,10,-0.011164197698235512,236.91806030273438,2019-08-07,1156.4677734375,1,4.0,298.32000732421875,2019-08-07,2019-08-06,29.06861686706543,293.8265075683594,2019-08-08,70.15999603271484,58.33333206176758,2019-08-07,0.475872665643692,4.0,"{""type"":""Point"",""coordinates"":[75.598375,13.340753]}"
985,10,0.07737042009830475,142.80438232421875,2021-08-29,747.6881103515625,1,558.0,3627.0,2021-08-29,2021-08-28,5.9558939933776855,293.7342834472656,2021-08-30,8.359999656677246,10.416666984558105,2021-08-29,0.4941965639591217,558.0,"{""type"":""Point"",""coordinates"":[75.561889,13.332866999999997]}"
986,10,0.3624712824821472,169.11666870117188,2023-12-23,988.5576782226562,1,16.0,0.0,2023-12-23,2023-12-22,19.31119155883789,296.0290222167969,2023-12-24,0.0,0.0,2023-12-23,0.33650270104408264,2.0,"{""type"":""Point"",""coordinates"":[75.603981,13.235303]}"
987,10,0.2983182668685913,156.6660919189453,2021-02-06,973.0008544921875,1,19.0,0.0,2021-02-06,2021-02-05,10.225309371948242,295.5918273925781,2021-02-07,0.0,0.0,2021-02-06,0.2920583188533783,2.0,"{""type"":""Point"",""coordinates"":[75.600819,13.233731]}"
988,10,0.28632107377052307,156.6660919189453,2022-01-24,973.0008544921875,1,19.0,0.0,2022-01-24,2022-01-23,10.225309371948242,294.0034484863281,2022-01-25,0.0,0.0,2022-01-24,0.2752005159854889,2.0,"{""type"":""Point"",""coordinates"":[75.600819,13.233731]}"
989,10,0.6073715686798096,7.780308246612549,2022-03-16,801.620849609375,1,96.0,0.0,2022-03-16,2022-03-15,20.486093521118164,299.40966796875,2022-03-17,0.0,0.0,2022-03-16,0.2710927426815033,96.0,"{""type"":""Point"",""coordinates"":[75.56865,13.194086]}"
990,10,0.042345523834228516,179.93601989746094,2020-06-29,1075.9881591796875,1,2.0,34.41999816894531,2020-06-29,2020-06-28,20.62303924560547,295.4413757324219,2020-06-30,33.189998626708984,33.33333206176758,2020-06-29,0.485675185918808,2.0,"{""type"":""Point"",""coordinates"":[75.610642,13.240297000000002]}"
991,10,0.37969720363616943,179.93601989746094,2020-05-21,1075.9881591796875,1,2.0,2.0399999618530273,2020-05-21,2020-05-20,20.62303924560547,297.26007080078125,2020-05-22,0.7999999523162842,0.0,2020-05-21,0.4721870422363281,2.0,"{""type"":""Point"",""coordinates"":[75.610667,13.240308]}"
992,10,0.5805532336235046,167.3241729736328,2020-05-24,868.3006591796875,1,249.0,592.6500244140625,2020-05-24,2020-05-23,32.21413040161133,297.865234375,2020-05-25,0.2800000011920929,0.0,2020-05-24,0.4388948976993561,135.0,"{""type"":""Point"",""coordinates"":[75.617364,13.269044]}"
993,10,0.6706395745277405,81.20211791992188,2023-02-27,884.8270263671875,1,135.0,0.0,2023-02-27,2023-02-26,27.886354446411133,296.8720703125,2023-02-28,0.0,0.0,2023-02-27,0.28203901648521423,135.0,"{""type"":""Point"",""coordinates"":[75.620444,13.2703]}"
994,10,0.05931904911994934,68.25127410888672,2022-11-16,1149.9361572265625,1,1.0,0.0,2022-11-16,2022-11-15,6.552917003631592,295.04644775390625,2022-11-17,0.0,0.0,2022-11-16,0.39335060119628906,1.0,"{""type"":""Point"",""coordinates"":[75.668722,13.196778000000002]}"
995,10,-0.003964374307543039,42.36951446533203,2021-08-10,1113.9183349609375,1,2.0,1.0799999237060547,2021-08-10,2021-08-09,17.449878692626953,295.7154235839844,2021-08-11,0.7399999499320984,0.0,2021-08-10,0.48506292700767517,1.0,"{""type"":""Point"",""coordinates"":[75.687461,13.157857999999997]}"
996,10,0.18365824222564697,346.76837158203125,2019-12-29,1087.27734375,1,3.0,0.9899999499320984,2019-12-29,2019-12-28,24.761133193969727,295.7932434082031,2019-12-30,0.3499999940395355,0.0,2019-12-29,0.42287954688072205,3.0,"{""type"":""Point"",""coordinates"":[75.681725,13.156464]}"
997,10,0.0061665805988013744,350.470458984375,2019-09-29,1102.85205078125,1,7.0,0.0,2019-09-29,2019-09-28,18.32616424560547,296.3995361328125,2019-09-30,7.699999809265137,10.416666984558105,2019-09-29,0.47853025794029236,1.0,"{""type"":""Point"",""coordinates"":[75.683764,13.157841999999999]}"
998,10,0.3359152674674988,9.557031631469727,2020-04-24,937.85400390625,1,4.0,92.76000213623047,2020-04-24,2020-04-23,15.168781280517578,297.6017761230469,2020-04-25,0.9799999594688416,0.0,2020-04-24,0.46184539794921875,4.0,"{""type"":""Point"",""coordinates"":[75.636272,13.13935]}"
999,10,-0.001335306209512055,9.557031631469727,2022-07-18,937.85400390625,1,4.0,138.95999145507812,2022-07-18,2022-07-17,15.168781280517578,293.9006042480469,2022-07-19,87.61000061035156,35.41666793823242,2022-07-18,0.47341856360435486,4.0,"{""type"":""Point"",""coordinates"":[75.636272,13.13935]}"
