system:index,Map,NDVI,aspect,current_date,elevation,is_landslide,max_water_accumulation,prev_day_water_accumulation,prev_end,prev_start,slope,soil_temperature,today_end,today_expected_rain,today_rain_probability,today_start,volumetric_soil_moisture,water_accumulation,.geo
0,10,0.1480196714401245,26.8814640045166,2022-09-05,490.8008728027344,1,10.0,272.0,2022-09-05,2022-09-04,23.52924346923828,297.56304931640625,2022-09-06,72.94999694824219,35.41666793823242,2022-09-05,0.4825541079044342,10.0,"{""type"":""Point"",""coordinates"":[76.64859,10.522206999999998]}"
1,10,0.014416559599339962,16.34623908996582,2022-08-18,473.70904541015625,1,10.0,154.09999084472656,2022-08-18,2022-08-17,30.39215087890625,298.178466796875,2022-08-19,4.929999828338623,6.25,2022-08-18,0.4304332733154297,10.0,"{""type"":""Point"",""coordinates"":[76.648173,10.52281]}"
2,10,0.0847172960639,65.86687469482422,2023-09-24,473.08880615234375,1,10.0,98.5,2023-09-24,2023-09-23,33.79029083251953,297.07354736328125,2023-09-25,20.43000030517578,14.583333015441895,2023-09-24,0.47661080956459045,10.0,"{""type"":""Point"",""coordinates"":[76.648022,10.523018]}"
3,10,0.06633752584457397,307.5811462402344,2019-08-02,782.2994384765625,1,2.0,1.2890000343322754,2019-08-02,2019-08-01,32.138450622558594,297.2446594238281,2019-08-03,10.59999942779541,12.5,2019-08-02,0.47926458716392517,1.0,"{""type"":""Point"",""coordinates"":[76.627101,10.508129999999998]}"
4,10,0.024859072640538216,334.2945251464844,2020-07-12,682.2781982421875,1,2.0,18.31999969482422,2020-07-12,2020-07-11,43.57818603515625,296.6907043457031,2020-07-13,0.0,0.0,2020-07-12,0.48098817467689514,2.0,"{""type"":""Point"",""coordinates"":[76.630045,10.511740999999999]}"
5,10,0.035042524337768555,330.5009460449219,2020-06-29,615.22314453125,1,2.0,6.599999904632568,2020-06-29,2020-06-28,42.046695709228516,296.91094970703125,2020-06-30,15.809999465942383,25.0,2020-06-29,0.46328607201576233,2.0,"{""type"":""Point"",""coordinates"":[76.635992,10.517591]}"
6,10,0.34071722626686096,332.90557861328125,2023-02-26,598.3703002929688,1,1.0,0.0,2023-02-26,2023-02-25,43.14070129394531,299.5586853027344,2023-02-27,0.0,0.0,2023-02-26,0.27636656165122986,1.0,"{""type"":""Point"",""coordinates"":[76.642289,10.523668]}"
7,10,0.06687600165605545,334.5711669921875,2022-12-27,500.23541259765625,1,2.0,0.0,2022-12-27,2022-12-26,30.967247009277344,297.4708251953125,2022-12-28,0.0,0.0,2022-12-27,0.37181344628334045,1.0,"{""type"":""Point"",""coordinates"":[76.6414,10.524900000000002]}"
8,10,0.11790034919977188,337.1645202636719,2020-07-18,490.1492919921875,1,2.0,18.489999771118164,2020-07-18,2020-07-17,32.1138916015625,295.5682067871094,2020-07-19,41.93000030517578,14.583333015441895,2020-07-18,0.469226211309433,1.0,"{""type"":""Point"",""coordinates"":[76.6413,10.5248]}"
9,10,0.1456231027841568,355.16070556640625,2021-07-23,415.69268798828125,1,2.0,49.68000030517578,2021-07-23,2021-07-22,37.659584045410156,295.302490234375,2021-07-24,55.90999984741211,52.08333206176758,2021-07-23,0.49015554785728455,2.0,"{""type"":""Point"",""coordinates"":[76.640712,10.52625]}"
10,10,0.03398847207427025,10.885635375976562,2021-04-27,426.070068359375,1,2.0,0.0,2021-04-27,2021-04-26,44.41069030761719,299.2336120605469,2021-04-28,5.369999885559082,8.333333015441895,2021-04-27,0.47567686438560486,2.0,"{""type"":""Point"",""coordinates"":[76.639938,10.526197]}"
11,10,0.4126712381839752,19.42097282409668,2019-03-01,404.1153564453125,1,2.0,0.0,2019-03-01,2019-02-28,40.5953254699707,300.1103820800781,2019-03-02,0.012000000104308128,0.0,2019-03-01,0.28901419043540955,2.0,"{""type"":""Point"",""coordinates"":[76.639218,10.52648]}"
12,10,0.11712086200714111,343.3913269042969,2022-03-30,420.0120544433594,1,2.0,0.0,2022-03-30,2022-03-29,33.98713302612305,299.9043884277344,2022-03-31,0.0,0.0,2022-03-30,0.37655892968177795,2.0,"{""type"":""Point"",""coordinates"":[76.638208,10.526579999999997]}"
13,10,0.6931762099266052,275.5537109375,2020-03-06,484.2234802246094,1,2.0,0.0,2020-03-06,2020-03-05,23.941871643066406,299.6117248535156,2020-03-07,0.0,0.0,2020-03-06,0.35599708557128906,2.0,"{""type"":""Point"",""coordinates"":[76.6391,10.525199999999998]}"
14,10,0.04670267924666405,289.3757629394531,2019-08-13,531.2518310546875,1,1.0,19.869998931884766,2019-08-13,2019-08-12,37.51051330566406,295.62017822265625,2019-08-14,55.98999786376953,56.25,2019-08-13,0.4925098419189453,1.0,"{""type"":""Point"",""coordinates"":[76.639443,10.523663]}"
15,10,0.12221971154212952,3.939190149307251,2019-11-01,361.7666015625,1,2.0,60.63999938964844,2019-11-01,2019-10-31,25.439529418945312,294.9634704589844,2019-11-02,0.19300000369548798,0.0,2019-11-01,0.4758542478084564,2.0,"{""type"":""Point"",""coordinates"":[76.635342,10.523363000000002]}"
16,10,0.06296887248754501,305.135498046875,2020-09-13,359.5107727050781,1,2.0,51.39999771118164,2020-09-13,2020-09-12,19.557748794555664,295.32025146484375,2020-09-14,99.88999938964844,79.16666412353516,2020-09-13,0.5014934539794922,2.0,"{""type"":""Point"",""coordinates"":[76.63604,10.524094999999999]}"
17,10,0.336931049823761,315.64764404296875,2022-01-24,383.4574890136719,1,2.0,0.0,2022-01-24,2022-01-23,24.749969482421875,298.0565185546875,2022-01-25,0.0,0.0,2022-01-24,0.2822023928165436,2.0,"{""type"":""Point"",""coordinates"":[76.636973,10.525079999999999]}"
18,10,0.07319715619087219,334.98541259765625,2021-08-09,391.7706298828125,1,2.0,47.099998474121094,2021-08-09,2021-08-08,31.45295524597168,295.93511962890625,2021-08-10,5.899999618530273,8.333333015441895,2021-08-09,0.4918588101863861,2.0,"{""type"":""Point"",""coordinates"":[76.637498,10.526457000000002]}"
19,10,0.1361248642206192,326.6508483886719,2022-04-06,446.11328125,1,2.0,0.0,2022-04-06,2022-04-05,31.52655792236328,300.2595520019531,2022-04-07,5.079999923706055,10.416666984558105,2022-04-06,0.3543478548526764,2.0,"{""type"":""Point"",""coordinates"":[76.63457,10.520290999999999]}"
20,10,0.3560328185558319,333.14935302734375,2020-04-05,385.8387451171875,1,11.0,0.0,2020-04-05,2020-04-04,21.24237632751465,302.6033935546875,2020-04-06,3.8499999046325684,2.0833332538604736,2020-04-05,0.2893657684326172,11.0,"{""type"":""Point"",""coordinates"":[76.6306,10.518499999999998]}"
21,10,0.4899739623069763,19.81841468811035,2023-12-29,305.59637451171875,1,11.0,12.319999694824219,2023-12-29,2023-12-28,15.513422966003418,298.03924560546875,2023-12-30,4.710000038146973,6.25,2023-12-29,0.39378610253334045,11.0,"{""type"":""Point"",""coordinates"":[76.629233,10.520022]}"
22,10,0.08852784335613251,306.5947265625,2022-11-17,326.5367126464844,1,11.0,0.0,2022-11-17,2022-11-16,18.45542335510254,296.6672668457031,2022-11-18,0.0,0.0,2022-11-17,0.47465768456459045,11.0,"{""type"":""Point"",""coordinates"":[76.629248,10.518808000000002]}"
23,10,0.5196405649185181,70.62517547607422,2023-12-27,295.1352233886719,1,15.0,0.0,2023-12-27,2023-12-26,27.76554298400879,297.9732360839844,2023-12-28,0.0,0.0,2023-12-27,0.4127114713191986,1.0,"{""type"":""Point"",""coordinates"":[76.628728,10.52186]}"
24,10,0.19458194077014923,65.36914825439453,2019-12-29,276.8255615234375,1,3.0,0.0,2019-12-29,2019-12-28,24.1983585357666,298.6360778808594,2019-12-30,0.0,0.0,2019-12-29,0.319061279296875,3.0,"{""type"":""Point"",""coordinates"":[76.627113,10.525045]}"
25,10,0.07457238435745239,33.157310485839844,2021-07-15,289.5016784667969,1,3.0,97.01000213623047,2021-07-15,2021-07-14,29.75107192993164,295.5581359863281,2021-07-16,133.00999450683594,66.66666412353516,2021-07-15,0.49150148034095764,1.0,"{""type"":""Point"",""coordinates"":[76.627285,10.524450000000002]}"
26,10,0.08647192269563675,31.210556030273438,2023-10-05,280.9967041015625,1,3.0,0.0,2023-10-05,2023-10-04,31.142091751098633,297.8819274902344,2023-10-06,0.0,0.0,2023-10-05,0.4737701416015625,3.0,"{""type"":""Point"",""coordinates"":[76.62619,10.525735]}"
27,10,0.5645198225975037,60.63217544555664,2021-03-14,272.7584228515625,1,3.0,0.0,2021-03-14,2021-03-13,31.986618041992188,300.6142578125,2021-03-15,0.0,0.0,2021-03-14,0.3002420961856842,3.0,"{""type"":""Point"",""coordinates"":[76.625365,10.526765]}"
28,10,0.3746984004974365,27.516023635864258,2021-04-04,271.11981201171875,1,3.0,0.0,2021-04-04,2021-04-03,33.041603088378906,299.9805908203125,2021-04-05,5.5,10.416666984558105,2021-04-04,0.38894400000572205,3.0,"{""type"":""Point"",""coordinates"":[76.62514,10.527023]}"
29,10,0.1157580018043518,308.54888916015625,2019-08-30,424.80975341796875,1,1.0,14.339999198913574,2019-08-30,2019-08-29,27.632837295532227,295.79986572265625,2019-08-31,8.309999465942383,14.583333015441895,2019-08-30,0.48585447669029236,1.0,"{""type"":""Point"",""coordinates"":[76.643365,10.52859]}"
30,10,0.12501183152198792,53.43142318725586,2023-10-07,436.8935852050781,1,1.0,1.75,2023-10-07,2023-10-06,28.80976104736328,297.61737060546875,2023-10-08,0.9299999475479126,0.0,2023-10-07,0.4463418424129486,1.0,"{""type"":""Point"",""coordinates"":[76.644182,10.528450000000001]}"
31,10,0.09722424298524857,58.92451477050781,2019-08-05,427.341064453125,1,11.0,279.6199951171875,2019-08-05,2019-08-04,33.8246955871582,295.9002380371094,2019-08-06,72.6199951171875,47.91666793823242,2019-08-05,0.5131098628044128,11.0,"{""type"":""Point"",""coordinates"":[76.646188,10.527033]}"
32,10,0.05675097927451134,297.1058044433594,2020-08-19,526.6845703125,1,5.0,26.799999237060547,2020-08-19,2020-08-18,38.90775680541992,295.6907653808594,2020-08-20,1.3799999952316284,2.0833332538604736,2020-08-19,0.48839887976646423,5.0,"{""type"":""Point"",""coordinates"":[76.65542,10.527177999999997]}"
33,10,0.562502384185791,303.3494567871094,2023-04-29,535.4131469726562,1,5.0,16.5,2023-04-29,2023-04-28,38.18873977661133,299.2164001464844,2023-04-30,40.21999740600586,37.5,2023-04-29,0.41815057396888733,5.0,"{""type"":""Point"",""coordinates"":[76.65506,10.526810000000001]}"
34,10,0.1799866408109665,331.767578125,2021-12-19,616.5653076171875,1,5.0,0.0,2021-12-19,2021-12-18,41.62921905517578,296.25396728515625,2021-12-20,0.0,0.0,2021-12-19,0.37621307373046875,5.0,"{""type"":""Point"",""coordinates"":[76.656787,10.526998000000003]}"
35,10,0.14799027144908905,320.2494201660156,2019-10-29,535.8076171875,1,5.0,57.95000076293945,2019-10-29,2019-10-28,24.522260665893555,295.5403137207031,2019-10-30,42.380001068115234,25.0,2019-10-29,0.44901275634765625,5.0,"{""type"":""Point"",""coordinates"":[76.656988,10.528565]}"
36,10,0.12600046396255493,280.3373718261719,2022-06-10,565.5513305664062,1,5.0,0.5999999642372131,2022-06-10,2022-06-09,32.49232482910156,296.6341247558594,2022-06-11,4.829999923706055,6.25,2022-06-10,0.46825599670410156,1.0,"{""type"":""Point"",""coordinates"":[76.658323,10.529405000000002]}"
37,10,0.3759036064147949,324.09637451171875,2023-05-08,594.9847412109375,1,5.0,31.249998092651367,2023-05-08,2023-05-07,37.66447830200195,297.81756591796875,2023-05-09,9.309999465942383,12.5,2023-05-08,0.4765065610408783,5.0,"{""type"":""Point"",""coordinates"":[76.657258,10.527178]}"
38,10,0.2945476770401001,315.95196533203125,2022-03-28,636.71240234375,1,5.0,0.0,2022-03-28,2022-03-27,33.325164794921875,299.3644714355469,2022-03-29,0.0,0.0,2022-03-28,0.37411561608314514,2.0,"{""type"":""Point"",""coordinates"":[76.6587,10.528]}"
39,10,0.11171729117631912,325.0238952636719,2021-06-12,778.8657836914062,1,2.0,72.93999481201172,2021-06-12,2021-06-11,33.776336669921875,296.2838439941406,2021-06-13,52.02000045776367,43.75,2021-06-12,0.48309898376464844,2.0,"{""type"":""Point"",""coordinates"":[76.6603,10.527000000000001]}"
40,10,0.2616930305957794,349.23419189453125,2021-01-26,629.8436279296875,1,2.0,0.0,2021-01-26,2021-01-25,32.51750564575195,295.7571716308594,2021-01-27,0.0,0.0,2021-01-26,0.38312339782714844,1.0,"{""type"":""Point"",""coordinates"":[76.66085,10.52909]}"
41,10,0.19209586083889008,319.5109558105469,2022-04-05,621.21240234375,1,2.0,0.0,2022-04-05,2022-04-04,23.5208740234375,300.0131530761719,2022-04-06,0.0,0.0,2022-04-05,0.3373781740665436,2.0,"{""type"":""Point"",""coordinates"":[76.65955200000002,10.528860000000002]}"
42,10,0.5568203926086426,24.226259231567383,2021-03-13,656.6610717773438,1,10.0,0.0,2021-03-13,2021-03-12,28.32703399658203,299.2253723144531,2021-03-14,0.0,0.0,2021-03-13,0.32074737548828125,10.0,"{""type"":""Point"",""coordinates"":[76.66361,10.529733]}"
43,10,0.5569527745246887,326.3039245605469,2022-02-09,659.2694091796875,1,10.0,17.600000381469727,2022-02-09,2022-02-08,31.15261459350586,297.7716064453125,2022-02-10,0.0,0.0,2022-02-09,0.28250059485435486,10.0,"{""type"":""Point"",""coordinates"":[76.662737,10.529327000000002]}"
44,10,0.7033829092979431,297.8148498535156,2020-03-02,663.483642578125,1,10.0,0.4400000274181366,2020-03-02,2020-03-01,36.48079299926758,299.49566650390625,2020-03-03,0.17000000178813934,0.0,2020-03-02,0.28801727294921875,10.0,"{""type"":""Point"",""coordinates"":[76.666168,10.529372999999998]}"
45,10,0.2438730150461197,280.3594665527344,2023-11-04,829.915771484375,1,4.0,300.44000244140625,2023-11-04,2023-11-03,39.97968673706055,296.95513916015625,2023-11-05,115.81999969482422,43.75,2023-11-04,0.4779682159423828,4.0,"{""type"":""Point"",""coordinates"":[76.6675,10.528000000000002]}"
46,10,0.31818297505378723,323.464111328125,2023-10-20,681.406494140625,1,4.0,0.0,2023-10-20,2023-10-19,29.43404769897461,297.697509765625,2023-10-21,0.0,0.0,2023-10-20,0.46062788367271423,4.0,"{""type"":""Point"",""coordinates"":[76.668657,10.531677]}"
47,10,0.16854996979236603,341.9017028808594,2021-01-14,681.81982421875,1,10.0,16.760000228881836,2021-01-14,2021-01-13,31.5001163482666,294.488037109375,2021-01-15,0.0,0.0,2021-01-14,0.4942054748535156,4.0,"{""type"":""Point"",""coordinates"":[76.66702,10.530468000000003]}"
48,10,0.7852094769477844,280.7600402832031,2020-04-06,669.909423828125,1,10.0,38.5,2020-04-06,2020-04-05,30.500106811523438,300.672607421875,2020-04-07,5.480000019073486,12.5,2020-04-06,0.2960256040096283,10.0,"{""type"":""Point"",""coordinates"":[76.66664,10.529950000000001]}"
49,10,0.11934826523065567,202.11917114257812,2023-08-26,614.6171264648438,1,10.0,1.9200000762939453,2023-08-26,2023-08-25,26.180246353149414,297.7930908203125,2023-08-27,2.68999981880188,4.166666507720947,2023-08-26,0.404510498046875,1.0,"{""type"":""Point"",""coordinates"":[76.666526,10.533772000000003]}"
50,10,0.1609308272600174,178.8601837158203,2023-05-22,779.7164916992188,1,10.0,325.0,2023-05-22,2023-05-21,33.65604782104492,298.4431457519531,2023-05-23,11.90999984741211,16.66666603088379,2023-05-22,0.4734306335449219,10.0,"{""type"":""Point"",""coordinates"":[76.667702,10.536985000000001]}"
51,10,0.16665180027484894,182.38186645507812,2022-05-16,778.7913818359375,1,10.0,170.59999084472656,2022-05-16,2022-05-15,32.0121955871582,295.68463134765625,2022-05-17,0.9699999690055847,0.0,2022-05-16,0.4633852541446686,10.0,"{""type"":""Point"",""coordinates"":[76.668252,10.537015]}"
52,10,0.13137364387512207,205.57838439941406,2019-04-19,782.5101318359375,1,10.0,538.2000122070312,2019-04-19,2019-04-18,28.418930053710938,299.8081359863281,2019-04-20,7.809999942779541,6.25,2019-04-19,0.443988174200058,10.0,"{""type"":""Point"",""coordinates"":[76.668405,10.536993]}"
53,10,0.1999724954366684,202.5743408203125,2023-10-31,769.8038330078125,1,10.0,594.7999877929688,2023-10-31,2023-10-30,21.579347610473633,296.0063781738281,2023-11-01,30.589998245239258,43.75,2023-10-31,0.4989961087703705,10.0,"{""type"":""Point"",""coordinates"":[76.668683,10.536482]}"
54,10,0.09252620488405228,278.1199035644531,2022-07-11,788.6412353515625,1,1.0,20.93000030517578,2022-07-11,2022-07-10,37.85578918457031,294.4595031738281,2022-07-12,47.43000030517578,39.58333206176758,2022-07-11,0.5007731318473816,1.0,"{""type"":""Point"",""coordinates"":[76.667587,10.538607]}"
55,10,0.09679494053125381,248.83473205566406,2021-08-30,702.9027709960938,1,12.0,94.23999786376953,2021-08-30,2021-08-29,35.36322021484375,294.0797424316406,2021-08-31,4.799999713897705,4.166666507720947,2021-08-30,0.4922402799129486,1.0,"{""type"":""Point"",""coordinates"":[76.665423,10.536763]}"
56,30,0.0970078855752945,296.9979248046875,2022-05-22,634.547119140625,1,23.0,323.8399963378906,2022-05-22,2022-05-21,40.39015197753906,295.92718505859375,2022-05-23,9.679999351501465,14.583333015441895,2022-05-22,0.49483808875083923,23.0,"{""type"":""Point"",""coordinates"":[76.66618,10.541962]}"
57,10,0.19951193034648895,299.4080810546875,2022-03-20,595.98095703125,1,23.0,0.0,2022-03-20,2022-03-19,40.36259841918945,298.8243103027344,2022-03-21,0.17999999225139618,0.0,2022-03-20,0.31840768456459045,23.0,"{""type"":""Point"",""coordinates"":[76.666089,10.542127999999998]}"
58,60,0.06333485245704651,317.9670104980469,2021-09-08,631.0203857421875,1,23.0,5.039999961853027,2021-09-08,2021-09-07,28.170455932617188,294.413818359375,2021-09-09,0.0,0.0,2021-09-08,0.503320038318634,21.0,"{""type"":""Point"",""coordinates"":[76.666954,10.543344999999999]}"
59,30,0.2897196114063263,230.69094848632812,2020-01-16,721.6593017578125,1,1.0,0.0,2020-01-16,2020-01-15,31.973173141479492,296.7597351074219,2020-01-17,0.0,0.0,2020-01-16,0.2887287139892578,1.0,"{""type"":""Point"",""coordinates"":[76.66461700000002,10.547612]}"
60,10,0.13819213211536407,220.41209411621094,2021-10-27,802.1881713867188,1,1.0,2.569999933242798,2021-10-27,2021-10-26,36.45370101928711,296.2174377441406,2021-10-28,29.43000030517578,22.91666603088379,2021-10-27,0.493884414434433,1.0,"{""type"":""Point"",""coordinates"":[76.66505,10.548483]}"
61,30,0.053910646587610245,234.6769256591797,2020-09-13,785.6211547851562,1,1.0,25.69999885559082,2020-09-13,2020-09-12,34.01930236816406,294.6892395019531,2020-09-14,99.88999938964844,79.16666412353516,2020-09-13,0.4819183349609375,1.0,"{""type"":""Point"",""coordinates"":[76.665388,10.547798]}"
62,30,0.10207579284906387,252.83746337890625,2023-08-08,408.869140625,1,2.0,1.8799999952316284,2023-08-08,2023-08-07,33.977718353271484,299.2723083496094,2023-08-09,0.7999999523162842,0.0,2023-08-08,0.4169940948486328,2.0,"{""type"":""Point"",""coordinates"":[76.657883,10.55266]}"
63,10,0.19934163987636566,207.85755920410156,2021-06-14,261.29571533203125,1,3.0,242.63999938964844,2021-06-14,2021-06-13,28.709136962890625,297.38641357421875,2021-06-15,106.0199966430664,60.41666793823242,2021-06-14,0.47819265723228455,3.0,"{""type"":""Point"",""coordinates"":[76.63704,10.556079000000002]}"
64,10,0.19174815714359283,280.409423828125,2019-08-07,216.28260803222656,1,6.0,711.0,2019-08-07,2019-08-06,27.889162063598633,297.056884765625,2019-08-08,99.94999694824219,41.66666793823242,2019-08-07,0.488128662109375,6.0,"{""type"":""Point"",""coordinates"":[76.67290000000001,10.564100000000002]}"
65,30,0.24482643604278564,157.05999755859375,2020-12-18,953.1124877929688,1,13.0,5.420000076293945,2020-12-18,2020-12-17,39.34583282470703,296.6570129394531,2020-12-19,5.599999904632568,10.416666984558105,2020-12-18,0.3726081848144531,1.0,"{""type"":""Point"",""coordinates"":[76.680796,10.550603]}"
66,10,0.6906507611274719,167.46583557128906,2020-02-03,946.7682495117188,1,14.0,0.0,2020-02-03,2020-02-02,30.882671356201172,298.3319396972656,2020-02-04,0.0,0.0,2020-02-03,0.2834555208683014,14.0,"{""type"":""Point"",""coordinates"":[76.675041,10.548547000000001]}"
67,10,0.1398470103740692,157.65521240234375,2019-12-22,896.6573486328125,1,14.0,25.19999885559082,2019-12-22,2019-12-21,27.99382972717285,296.40753173828125,2019-12-23,0.0,0.0,2019-12-22,0.3674233853816986,14.0,"{""type"":""Point"",""coordinates"":[76.675724,10.547777]}"
68,10,0.16239820420742035,162.6961669921875,2022-05-25,862.7981567382812,1,14.0,15.679999351501465,2022-05-25,2022-05-24,29.587181091308594,296.71942138671875,2022-05-26,8.010000228881836,10.416666984558105,2022-05-25,0.4862740933895111,14.0,"{""type"":""Point"",""coordinates"":[76.675578,10.547115]}"
69,30,0.064877949655056,190.59266662597656,2021-12-17,935.4817504882812,1,8.0,0.0,2021-12-17,2021-12-16,40.751136779785156,296.43316650390625,2021-12-18,0.0,0.0,2021-12-17,0.3914623260498047,1.0,"{""type"":""Point"",""coordinates"":[76.67444,10.537580000000002]}"
70,10,0.13709698617458344,323.0449523925781,2022-04-26,935.235595703125,1,1.0,1.409999966621399,2022-04-26,2022-04-25,22.728334426879883,299.3597106933594,2022-04-27,1.0799999237060547,0.0,2022-04-26,0.44318199157714844,1.0,"{""type"":""Point"",""coordinates"":[76.672063,10.538952999999998]}"
71,10,0.14435836672782898,179.0083465576172,2020-06-06,750.7191772460938,1,10.0,148.16000366210938,2020-06-06,2020-06-05,27.860549926757812,296.6628723144531,2020-06-07,5.569999694824219,6.25,2020-06-06,0.49174055457115173,8.0,"{""type"":""Point"",""coordinates"":[76.670983,10.53592]}"
72,10,0.10301760584115982,208.06549072265625,2022-11-08,767.1575317382812,1,10.0,0.0,2022-11-08,2022-11-07,18.4038028717041,296.2370910644531,2022-11-09,1.2999999523162842,4.166666507720947,2022-11-08,0.43835702538490295,10.0,"{""type"":""Point"",""coordinates"":[76.670532,10.536253000000002]}"
73,10,0.09111319482326508,320.74639892578125,2022-05-22,757.7801513671875,1,8.0,112.63999938964844,2022-05-22,2022-05-21,39.43547058105469,295.92718505859375,2022-05-23,9.679999351501465,14.583333015441895,2022-05-22,0.49483808875083923,8.0,"{""type"":""Point"",""coordinates"":[76.673132,10.534090000000003]}"
74,10,0.16607743501663208,314.7938232421875,2023-11-09,744.9660034179688,1,8.0,583.4400024414062,2023-11-09,2023-11-08,29.803192138671875,296.6488037109375,2023-11-10,18.670000076293945,20.83333396911621,2023-11-09,0.4976870119571686,8.0,"{""type"":""Point"",""coordinates"":[76.672943,10.533956999999997]}"
75,10,0.5286434292793274,179.0524139404297,2020-04-21,740.938720703125,1,8.0,23.03999900817871,2020-04-21,2020-04-20,29.406597137451172,301.05828857421875,2020-04-22,0.2199999988079071,0.0,2020-04-21,0.32630476355552673,8.0,"{""type"":""Point"",""coordinates"":[76.673373,10.535642]}"
76,10,0.048604145646095276,201.51092529296875,2019-07-27,741.3279418945312,1,8.0,316.239990234375,2019-07-27,2019-07-26,27.677413940429688,295.3680114746094,2019-07-28,22.23999786376953,6.25,2019-07-27,0.48082542419433594,8.0,"{""type"":""Point"",""coordinates"":[76.67363,10.535607]}"
77,10,0.03807936981320381,27.57061767578125,2022-03-11,993.809814453125,1,4.0,0.0,2022-03-11,2022-03-10,16.125782012939453,299.8583984375,2022-03-12,0.0,0.0,2022-03-11,0.2805671691894531,4.0,"{""type"":""Point"",""coordinates"":[76.702402,10.530427]}"
78,10,0.5180707573890686,204.15615844726562,2020-04-15,1097.1729736328125,1,5.0,0.0,2020-04-15,2020-04-14,17.779552459716797,301.303466796875,2020-04-16,0.0,0.0,2020-04-15,0.3461977541446686,5.0,"{""type"":""Point"",""coordinates"":[76.725932,10.526982]}"
79,10,0.1058744415640831,233.09762573242188,2020-06-03,1129.173095703125,1,5.0,148.34999084472656,2020-06-03,2020-06-02,27.735870361328125,296.0587158203125,2020-06-04,3.9600000381469727,8.333333015441895,2020-06-03,0.4824434816837311,5.0,"{""type"":""Point"",""coordinates"":[76.72551,10.528409000000002]}"
80,30,0.16583171486854553,143.82119750976562,2022-09-12,1585.79833984375,1,1.0,0.12999999523162842,2022-09-12,2022-09-11,38.07240676879883,295.0871276855469,2022-09-13,0.05999999865889549,0.0,2022-09-12,0.49622344970703125,1.0,"{""type"":""Point"",""coordinates"":[76.728492,10.537323]}"
81,30,0.12894243001937866,337.1320495605469,2021-04-19,1265.3660888671875,1,2.0,0.0,2021-04-19,2021-04-18,33.41703414916992,297.884765625,2021-04-20,9.609999656677246,8.333333015441895,2021-04-19,0.4631449282169342,1.0,"{""type"":""Point"",""coordinates"":[76.724785,10.541594000000002]}"
82,30,0.11970894783735275,352.8887634277344,2023-11-08,1368.202880859375,1,1.0,2.4499998092651367,2023-11-08,2023-11-07,39.59561538696289,296.6976623535156,2023-11-09,48.66999816894531,43.75,2023-11-08,0.47532781958580017,1.0,"{""type"":""Point"",""coordinates"":[76.72348,10.539537]}"
83,30,0.028903929516673088,130.7387237548828,2022-01-12,1292.5927734375,1,3.0,0.0,2022-01-12,2022-01-11,33.223602294921875,297.1310119628906,2022-01-13,0.0,0.0,2022-01-12,0.2947133481502533,1.0,"{""type"":""Point"",""coordinates"":[76.74376,10.529618]}"
84,30,0.6083386540412903,200.2011260986328,2023-03-12,1219.3909912109375,1,3.0,0.0,2023-03-12,2023-03-11,17.49964141845703,299.4311218261719,2023-03-13,0.0,0.0,2023-03-12,0.27786192297935486,3.0,"{""type"":""Point"",""coordinates"":[76.74494500000002,10.528953999999999]}"
85,30,0.09487707167863846,216.3440704345703,2020-10-04,351.9836120605469,1,1.0,0.0,2020-10-04,2020-10-03,33.558536529541016,297.16107177734375,2020-10-05,4.21999979019165,6.25,2020-10-04,0.4463386535644531,1.0,"{""type"":""Point"",""coordinates"":[76.637864,10.860338]}"
86,10,0.019714683294296265,198.80287170410156,2020-07-06,330.1897277832031,1,1.0,30.079999923706055,2020-07-06,2020-07-05,32.113014221191406,296.493896484375,2020-07-07,26.93000030517578,27.08333396911621,2020-07-06,0.46789994835853577,1.0,"{""type"":""Point"",""coordinates"":[76.636159,10.860837999999998]}"
87,30,0.148944690823555,198.77621459960938,2022-11-07,318.9477233886719,1,1.0,1.75,2022-11-07,2022-11-06,34.603248596191406,297.3038635253906,2022-11-08,0.0,0.0,2022-11-07,0.46061643958091736,1.0,"{""type"":""Point"",""coordinates"":[76.630816,10.862806]}"
88,30,0.21403193473815918,191.3883056640625,2021-04-06,317.6623229980469,1,1.0,0.0,2021-04-06,2021-04-05,30.777673721313477,301.3715515136719,2021-04-07,0.0,0.0,2021-04-06,0.35076332092285156,1.0,"{""type"":""Point"",""coordinates"":[76.629953,10.863184]}"
89,30,0.1581873595714569,120.09573364257812,2022-03-13,674.3687133789062,1,1.0,0.0,2022-03-13,2022-03-12,42.9835319519043,301.11224365234375,2022-03-14,0.0,0.0,2022-03-13,0.2772299349308014,1.0,"{""type"":""Point"",""coordinates"":[76.638435,10.897276]}"
90,10,0.5651414394378662,218.29391479492188,2020-02-17,965.9456176757812,1,5.0,0.0,2020-02-17,2020-02-16,42.176509857177734,300.363525390625,2020-02-18,0.0,0.0,2020-02-17,0.27621904015541077,5.0,"{""type"":""Point"",""coordinates"":[76.625793,10.903956999999998]}"
91,30,0.03782174363732338,165.2233123779297,2022-09-03,1506.3170166015625,1,2.0,0.0,2022-09-03,2022-09-02,44.34168243408203,296.9847412109375,2022-09-04,0.0,0.0,2022-09-03,0.4648049771785736,2.0,"{""type"":""Point"",""coordinates"":[76.641218,10.930683000000002]}"
92,30,-0.0020989112090319395,156.3656463623047,2022-07-28,1439.815673828125,1,2.0,13.559999465942383,2022-07-28,2022-07-27,36.970970153808594,297.19140625,2022-07-29,22.489999771118164,14.583333015441895,2022-07-28,0.48562875390052795,2.0,"{""type"":""Point"",""coordinates"":[76.644311,10.931878]}"
93,10,0.1675407588481903,200.0198211669922,2021-10-07,1048.668701171875,1,18.0,151.739990234375,2021-10-07,2021-10-06,34.59003829956055,296.8664855957031,2021-10-08,0.7899999618530273,0.0,2021-10-07,0.46833929419517517,18.0,"{""type"":""Point"",""coordinates"":[76.64107,10.921921999999999]}"
94,30,0.14370380342006683,181.3402099609375,2022-06-12,1354.61181640625,1,2.0,3.799999952316284,2022-06-12,2022-06-11,41.264644622802734,297.4925231933594,2022-06-13,0.8799999356269836,2.0833332538604736,2022-06-12,0.48530325293540955,2.0,"{""type"":""Point"",""coordinates"":[76.647171,10.930498]}"
95,30,0.05757356062531471,182.88742065429688,2021-05-20,846.0499877929688,1,1.0,9.050000190734863,2021-05-20,2021-05-19,51.93210220336914,297.9935302734375,2021-05-21,7.019999980926514,10.416666984558105,2021-05-20,0.4932340085506439,1.0,"{""type"":""Point"",""coordinates"":[76.648398,10.905620000000003]}"
96,30,0.07244274765253067,259.5570068359375,2023-07-31,727.688232421875,1,2.0,0.0,2023-07-31,2023-07-30,37.25281524658203,297.6468811035156,2023-08-01,0.7299999594688416,2.0833332538604736,2023-07-31,0.4478302001953125,1.0,"{""type"":""Point"",""coordinates"":[76.675562,10.890288]}"
97,10,0.2316247671842575,215.78916931152344,2023-01-13,953.134033203125,1,7.0,0.0,2023-01-13,2023-01-12,35.607627868652344,295.86383056640625,2023-01-14,2.549999952316284,2.0833332538604736,2023-01-13,0.29095903038978577,7.0,"{""type"":""Point"",""coordinates"":[76.679003,10.906467]}"
98,10,0.16789594292640686,212.58506774902344,2019-04-27,511.3602600097656,1,5.0,0.0,2019-04-27,2019-04-26,35.19840621948242,301.1195068359375,2019-04-28,0.0,0.0,2019-04-27,0.4114755094051361,1.0,"{""type"":""Point"",""coordinates"":[76.687949,10.879596]}"
99,10,0.008418065495789051,354.09320068359375,2019-08-17,276.4388122558594,1,121.0,23.68000030517578,2019-08-17,2019-08-16,38.93806838989258,296.1255187988281,2019-08-18,10.25,16.66666603088379,2019-08-17,0.47679200768470764,1.0,"{""type"":""Point"",""coordinates"":[76.732537,10.853374999999998]}"
100,10,0.5814223885536194,355.73004150390625,2023-02-15,319.00592041015625,1,109.0,0.0,2023-02-15,2023-02-14,42.89170455932617,297.74481201171875,2023-02-16,0.0,0.0,2023-02-15,0.277691513299942,1.0,"{""type"":""Point"",""coordinates"":[76.738145,10.853934]}"
101,10,0.43343085050582886,337.5287170410156,2020-02-05,128.00009155273438,1,8.0,0.0,2020-02-05,2020-02-04,3.421170473098755,301.72607421875,2020-02-06,0.0,0.0,2020-02-05,0.25264230370521545,8.0,"{""type"":""Point"",""coordinates"":[76.728583,10.843375]}"
102,10,0.6122945547103882,81.97721862792969,2022-02-06,354.0216064453125,1,3.0,0.0,2022-02-06,2022-02-05,31.597232818603516,301.6531066894531,2022-02-07,0.0,0.0,2022-02-06,0.24059231579303741,3.0,"{""type"":""Point"",""coordinates"":[76.760691,10.833541999999998]}"
103,10,0.04514002799987793,179.6619873046875,2021-09-17,389.0034484863281,1,3.0,2.759999990463257,2021-09-17,2021-09-16,29.6264705657959,299.14093017578125,2021-09-18,1.1699999570846558,2.0833332538604736,2021-09-17,0.4355888366699219,3.0,"{""type"":""Point"",""coordinates"":[76.76178,10.834660999999999]}"
104,30,0.21101988852024078,235.09039306640625,2022-01-25,560.06884765625,1,5.0,0.0,2022-01-25,2022-01-24,28.995668411254883,300.4539794921875,2022-01-26,0.0,0.0,2022-01-25,0.2415904998779297,2.0,"{""type"":""Point"",""coordinates"":[76.773925,10.837668999999998]}"
105,10,0.2399783581495285,234.0167999267578,2021-06-27,293.4824523925781,1,7.0,5.799999713897705,2021-06-27,2021-06-26,28.44824981689453,299.9159240722656,2021-06-28,5.739999771118164,6.25,2021-06-27,0.3780174255371094,5.0,"{""type"":""Point"",""coordinates"":[76.774026,10.833465]}"
106,30,0.2828107476234436,284.64154052734375,2021-06-07,343.4378967285156,1,7.0,0.0,2021-06-07,2021-06-06,38.94104766845703,299.38983154296875,2021-06-08,0.0,0.0,2021-06-07,0.4581877291202545,1.0,"{""type"":""Point"",""coordinates"":[76.77527100000002,10.833003]}"
107,30,0.06906310468912125,157.11337280273438,2023-09-25,476.92742919921875,1,2.0,2.700000047683716,2023-09-25,2023-09-24,36.64899826049805,299.86968994140625,2023-09-26,8.809999465942383,10.416666984558105,2023-09-25,0.43316903710365295,1.0,"{""type"":""Point"",""coordinates"":[76.778284,10.836850999999998]}"
108,30,0.10547158867120743,176.62689208984375,2020-07-12,207.8241729736328,1,2.0,12.84000015258789,2020-07-12,2020-07-11,28.861360549926758,299.4735107421875,2020-07-13,0.0,0.0,2020-07-12,0.44278082251548767,2.0,"{""type"":""Point"",""coordinates"":[76.776995,10.827618]}"
109,10,0.2947579026222229,149.21151733398438,2023-12-10,219.36744689941406,1,2.0,10.299999237060547,2023-12-10,2023-12-09,25.97746467590332,300.2461242675781,2023-12-11,0.03999999910593033,0.0,2023-12-10,0.3728828430175781,2.0,"{""type"":""Point"",""coordinates"":[76.778161,10.827964000000001]}"
110,10,0.17123958468437195,151.37721252441406,2021-04-10,274.803466796875,1,2.0,0.0,2021-04-10,2021-04-09,30.817102432250977,307.1783447265625,2021-04-11,0.0,0.0,2021-04-10,0.24541981518268585,2.0,"{""type"":""Point"",""coordinates"":[76.777358,10.828658]}"
111,10,0.01401425339281559,102.20992279052734,2022-07-21,133.4644012451172,1,4.0,3.679999828338623,2022-07-21,2022-07-20,5.940191745758057,298.7021484375,2022-07-22,72.45999908447266,29.16666603088379,2022-07-21,0.4823932647705078,4.0,"{""type"":""Point"",""coordinates"":[76.734842,10.825098]}"
112,10,0.10029613226652145,205.10928344726562,2020-10-03,447.4687805175781,1,355.0,7.599999904632568,2020-10-03,2020-10-02,1.7912601232528687,296.8526611328125,2020-10-04,2.109999895095825,2.0833332538604736,2020-10-03,0.38718414306640625,4.0,"{""type"":""Point"",""coordinates"":[77.216706,10.353361000000001]}"
113,10,0.3715874254703522,122.27042388916016,2019-06-19,618.109619140625,1,1.0,1.3600000143051147,2019-06-19,2019-06-18,30.444480895996094,298.6439208984375,2019-06-20,0.0,0.0,2019-06-19,0.363208144903183,1.0,"{""type"":""Point"",""coordinates"":[77.184222,10.360361000000001]}"
114,30,0.3645972013473511,310.3605041503906,2022-09-01,609.2596435546875,1,4.0,215.52000427246094,2022-09-01,2022-08-31,21.250333786010742,296.4668884277344,2022-09-02,24.44099998474121,27.08333396911621,2022-09-01,0.4435946047306061,4.0,"{""type"":""Point"",""coordinates"":[77.185528,10.353306]}"
115,10,0.05140070617198944,287.97027587890625,2023-12-25,420.2212219238281,1,14.0,0.0,2023-12-25,2023-12-24,13.191267967224121,295.66229248046875,2023-12-26,0.10999999940395355,0.0,2023-12-25,0.4185791015625,5.0,"{""type"":""Point"",""coordinates"":[77.092056,10.479972]}"
116,10,0.28108856081962585,333.7184143066406,2021-03-30,428.7479248046875,1,5.0,10.84999942779541,2021-03-30,2021-03-29,31.320404052734375,302.94775390625,2021-03-31,0.0,0.0,2021-03-30,0.22756385803222656,5.0,"{""type"":""Point"",""coordinates"":[77.093861,10.481861000000002]}"
117,10,0.2713170051574707,314.7991638183594,2021-12-08,421.8116149902344,1,2.0,0.0,2021-12-08,2021-12-07,28.576284408569336,296.2783203125,2021-12-09,2.309999942779541,2.0833332538604736,2021-12-08,0.42795243859291077,1.0,"{""type"":""Point"",""coordinates"":[77.096056,10.483917000000002]}"
118,10,0.3988633453845978,175.22621154785156,2023-05-15,417.3752746582031,1,4.0,0.0,2023-05-15,2023-05-14,11.863407135009766,300.13922119140625,2023-05-16,0.0,0.0,2023-05-15,0.36627259850502014,2.0,"{""type"":""Point"",""coordinates"":[77.120694,10.486194]}"
119,60,0.1792220175266266,80.16288757324219,2023-11-26,411.4627685546875,1,9.0,193.83999633789062,2023-11-26,2023-11-25,20.33713150024414,296.39068603515625,2023-11-27,0.0,0.0,2023-11-26,0.4724191129207611,8.0,"{""type"":""Point"",""coordinates"":[77.120806,10.490861000000002]}"
120,60,0.18197669088840485,347.6607666015625,2022-10-22,410.9237976074219,1,1.0,3.6499998569488525,2022-10-22,2022-10-21,33.001068115234375,296.16851806640625,2022-10-23,0.6399999856948853,0.0,2022-10-22,0.4801063537597656,1.0,"{""type"":""Point"",""coordinates"":[77.118,10.494221999999999]}"
121,10,0.2784467935562134,336.8133544921875,2021-06-21,422.0780029296875,1,2.0,0.0,2021-06-21,2021-06-20,32.600677490234375,297.30548095703125,2021-06-22,0.0,0.0,2021-06-21,0.4204826354980469,2.0,"{""type"":""Point"",""coordinates"":[77.116222,10.493416999999999]}"
122,60,0.2085106372833252,331.8579406738281,2021-09-09,413.7590026855469,1,4.0,0.0,2021-09-09,2021-09-08,24.181575775146484,296.4957580566406,2021-09-10,0.0,0.0,2021-09-09,0.454864501953125,2.0,"{""type"":""Point"",""coordinates"":[77.113056,10.492222]}"
123,10,0.23014700412750244,212.0412139892578,2019-07-29,761.1446533203125,1,569.0,1084.659912109375,2019-07-29,2019-07-28,33.10105895996094,294.2853698730469,2019-07-30,3.309999942779541,6.25,2019-07-29,0.40258917212486267,562.0,"{""type"":""Point"",""coordinates"":[77.013056,10.439166999999998]}"
124,10,0.3811083436012268,35.155006408691406,2022-01-29,719.7391967773438,1,569.0,0.0,2022-01-29,2022-01-28,19.315338134765625,293.342529296875,2022-01-30,0.0,0.0,2022-01-29,0.24166743457317352,569.0,"{""type"":""Point"",""coordinates"":[77.011806,10.438277999999999]}"
125,10,0.16957224905490875,4.097747325897217,2022-11-07,745.2576293945312,1,569.0,9559.2001953125,2022-11-07,2022-11-06,27.167739868164062,292.6986999511719,2022-11-08,0.0,0.0,2022-11-07,0.4162616729736328,569.0,"{""type"":""Point"",""coordinates"":[77.011139,10.437972]}"
126,10,0.5139426589012146,34.15153121948242,2021-04-05,886.8109741210938,1,81.0,472.22998046875,2021-04-05,2021-04-04,14.055822372436523,296.5057373046875,2021-04-06,0.0,0.0,2021-04-05,0.28669676184654236,81.0,"{""type"":""Point"",""coordinates"":[77.003972,10.434222]}"
127,10,0.14980895817279816,12.469711303710938,2023-09-19,858.5760498046875,1,1.0,14.8100004196167,2023-09-19,2023-09-18,14.013290405273438,293.7157287597656,2023-09-20,10.0,10.416666984558105,2023-09-19,0.418731689453125,1.0,"{""type"":""Point"",""coordinates"":[77.01075,10.436056]}"
128,10,0.4734136462211609,28.86688804626465,2019-01-29,851.7086181640625,1,1.0,0.0,2019-01-29,2019-01-28,18.93802261352539,294.568115234375,2019-01-30,0.0,0.0,2019-01-29,0.24303817749023438,1.0,"{""type"":""Point"",""coordinates"":[77.011139,10.436056]}"
129,10,0.09640610963106155,12.347432136535645,2021-06-28,726.4862060546875,1,569.0,1.3600000143051147,2021-06-28,2021-06-27,34.758453369140625,293.8731384277344,2021-06-29,0.0,0.0,2021-06-28,0.3875834047794342,4.0,"{""type"":""Point"",""coordinates"":[77.012444,10.437361000000001]}"
130,10,0.1758933812379837,54.00062561035156,2022-01-30,836.1827392578125,1,35.0,0.0,2022-01-30,2022-01-29,25.042377471923828,293.5332336425781,2022-01-31,0.0,0.0,2022-01-30,0.23768360912799835,35.0,"{""type"":""Point"",""coordinates"":[77.018278,10.427972]}"
131,10,0.03245946392416954,48.7686882019043,2019-10-25,823.7185668945312,1,35.0,500.8500061035156,2019-10-25,2019-10-24,19.801881790161133,293.0975341796875,2019-10-26,11.769999504089355,16.66666603088379,2019-10-25,0.4222685396671295,35.0,"{""type"":""Point"",""coordinates"":[77.018083,10.428]}"
132,30,0.09034904092550278,-0.0,2021-02-03,769.0,1,547.0,0.0,2021-02-03,2021-02-02,0.0,293.6776123046875,2021-02-04,0.0,0.0,2021-02-03,0.294445663690567,1.0,"{""type"":""Point"",""coordinates"":[77.022111,10.428443999999999]}"
133,30,0.6808083057403564,-0.0,2023-03-11,769.0,1,547.0,1.7899999618530273,2023-03-11,2023-03-10,0.0,295.6937561035156,2023-03-12,0.0,0.0,2023-03-11,0.20050112903118134,1.0,"{""type"":""Point"",""coordinates"":[77.022222,10.428693999999998]}"
134,10,0.23913836479187012,292.6040344238281,2020-01-12,769.0,1,547.0,0.0,2020-01-12,2020-01-11,33.652076721191406,293.60601806640625,2020-01-13,0.0,0.0,2020-01-12,0.26221147179603577,1.0,"{""type"":""Point"",""coordinates"":[77.022625,10.428306]}"
135,10,0.2567136883735657,266.58905029296875,2020-01-28,789.5062866210938,1,35.0,0.0,2020-01-28,2020-01-27,21.324602127075195,294.5295715332031,2020-01-29,0.0,0.0,2020-01-28,0.2022145539522171,31.0,"{""type"":""Point"",""coordinates"":[77.02025,10.425]}"
136,10,0.26899081468582153,292.1780090332031,2023-10-29,769.0,1,547.0,1039.2999267578125,2023-10-29,2023-10-28,28.917203903198242,294.7242736816406,2023-10-30,39.47999954223633,31.25,2023-10-29,0.38320350646972656,547.0,"{""type"":""Point"",""coordinates"":[77.022889,10.429889]}"
137,10,0.21865294873714447,214.41567993164062,2019-04-12,972.2229614257812,1,1.0,0.0,2019-04-12,2019-04-11,27.274715423583984,298.6207580566406,2019-04-13,0.0,0.0,2019-04-12,0.2259521484375,1.0,"{""type"":""Point"",""coordinates"":[77.026222,10.447361]}"
138,10,0.13322047889232635,189.2022247314453,2022-05-01,939.4909057617188,1,2.0,0.0,2022-05-01,2022-04-30,24.325281143188477,297.1541442871094,2022-05-02,12.971999168395996,16.66666603088379,2022-05-01,0.3393217623233795,1.0,"{""type"":""Point"",""coordinates"":[77.028806,10.446250000000001]}"
139,10,0.38107001781463623,289.4339904785156,2019-05-26,423.11944580078125,1,90.0,7.71999979019165,2019-05-26,2019-05-25,16.040449142456055,302.08111572265625,2019-05-27,26.239999771118164,16.66666603088379,2019-05-26,0.293499618768692,1.0,"{""type"":""Point"",""coordinates"":[77.057444,10.470528000000002]}"
140,10,0.13693825900554657,98.03350830078125,2019-09-23,423.3074951171875,1,1.0,14.420000076293945,2019-09-23,2019-09-22,22.66179847717285,298.4193420410156,2019-09-24,89.47000122070312,56.25,2019-09-23,0.4118245542049408,1.0,"{""type"":""Point"",""coordinates"":[77.059167,10.469499999999998]}"
141,10,0.24669508635997772,103.80364227294922,2021-07-10,423.17572021484375,1,249.0,3237.0,2021-07-10,2021-07-09,18.928213119506836,297.62066650390625,2021-07-11,60.619998931884766,66.66666412353516,2021-07-10,0.39445748925209045,249.0,"{""type"":""Point"",""coordinates"":[77.059528,10.471278000000002]}"
142,10,0.40248963236808777,5.3276190757751465,2022-09-04,417.99700927734375,1,249.0,2158.829833984375,2022-09-04,2022-09-03,19.86833381652832,297.3536071777344,2022-09-05,29.010000228881836,25.0,2022-09-04,0.43992552161216736,249.0,"{""type"":""Point"",""coordinates"":[77.059083,10.471917]}"
143,10,0.3152925670146942,23.035030364990234,2020-03-14,423.73797607421875,1,1.0,0.0,2020-03-14,2020-03-13,14.326202392578125,301.78106689453125,2020-03-15,0.0,0.0,2020-03-14,0.2600879669189453,1.0,"{""type"":""Point"",""coordinates"":[77.059361,10.466972]}"
144,10,0.471706748008728,116.02330017089844,2020-04-10,428.1712341308594,1,1.0,0.9300000071525574,2020-04-10,2020-04-09,14.32087230682373,301.6171875,2020-04-11,5.899999618530273,8.333333015441895,2020-04-10,0.3141854703426361,1.0,"{""type"":""Point"",""coordinates"":[77.059278,10.467083]}"
145,10,0.20202676951885223,16.82163429260254,2020-08-20,428.4095764160156,1,1.0,0.4599999785423279,2020-08-20,2020-08-19,23.437294006347656,297.7076721191406,2020-08-21,6.039999961853027,10.416666984558105,2020-08-20,0.3849093019962311,1.0,"{""type"":""Point"",""coordinates"":[77.061556,10.465139]}"
146,10,0.5408202409744263,353.54833984375,2019-06-01,1213.33984375,1,3.0,32.72999954223633,2019-06-01,2019-05-31,22.885616302490234,296.35528564453125,2019-06-02,0.23600001633167267,0.0,2019-06-01,0.4088096618652344,3.0,"{""type"":""Point"",""coordinates"":[77.049417,10.386417]}"
147,10,0.30289024114608765,253.3924560546875,2022-06-06,1180.2679443359375,1,22.0,1026.739990234375,2022-06-06,2022-06-05,18.505800247192383,295.2698669433594,2022-06-07,27.85999870300293,29.16666603088379,2022-06-06,0.4106356203556061,22.0,"{""type"":""Point"",""coordinates"":[77.049389,10.382806]}"
148,10,0.4535207152366638,77.72763061523438,2021-03-23,1129.79833984375,1,138.0,0.1899999976158142,2021-03-23,2021-03-22,18.599231719970703,297.2815856933594,2021-03-24,4.559999942779541,8.333333015441895,2021-03-23,0.1646728515625,1.0,"{""type"":""Point"",""coordinates"":[77.045222,10.398639]}"
149,10,0.29709434509277344,95.5001220703125,2023-04-26,1112.8236083984375,1,138.0,63.05999755859375,2023-04-26,2023-04-25,28.665786743164062,295.7440490722656,2023-04-27,12.239999771118164,18.75,2023-04-26,0.405444473028183,1.0,"{""type"":""Point"",""coordinates"":[77.045111,10.397167000000001]}"
150,10,0.28956303000450134,287.18292236328125,2021-06-27,1127.920654296875,1,1.0,0.14999999105930328,2021-06-27,2021-06-26,28.808380126953125,294.22393798828125,2021-06-28,0.3400000035762787,0.0,2021-06-27,0.39168357849121094,1.0,"{""type"":""Point"",""coordinates"":[77.043083,10.404611]}"
151,10,0.2228960543870926,308.2732238769531,2019-07-28,981.3975219726562,1,9.0,3.490000009536743,2019-07-28,2019-07-27,30.07328987121582,294.12847900390625,2019-07-29,1.9299999475479126,2.0833332538604736,2019-07-28,0.4070771634578705,1.0,"{""type"":""Point"",""coordinates"":[77.042833,10.408278]}"
152,10,0.12029405683279037,345.584716796875,2019-01-13,1006.867919921875,1,9.0,0.0,2019-01-13,2019-01-12,29.438913345336914,292.8576965332031,2019-01-14,0.009999999776482582,0.0,2019-01-13,0.25259461998939514,9.0,"{""type"":""Point"",""coordinates"":[77.044694,10.409028]}"
153,10,0.16631603240966797,38.51457214355469,2023-01-06,1083.7359619140625,1,3.0,0.0,2023-01-06,2023-01-05,36.83380889892578,292.7433166503906,2023-01-07,0.0,0.0,2023-01-06,0.2959461212158203,1.0,"{""type"":""Point"",""coordinates"":[77.046111,10.407583000000002]}"
154,10,0.22443199157714844,17.299846649169922,2020-03-19,806.1792602539062,1,11.0,0.0,2020-03-19,2020-03-18,25.905698776245117,297.37689208984375,2020-03-20,0.5099999904632568,0.0,2020-03-19,0.19970066845417023,11.0,"{""type"":""Point"",""coordinates"":[77.043722,10.415277999999999]}"
155,10,0.23731817305088043,32.5175666809082,2022-01-30,787.220703125,1,472.0,0.0,2022-01-30,2022-01-29,37.823699951171875,293.5332336425781,2022-01-31,0.0,0.0,2022-01-30,0.23768360912799835,472.0,"{""type"":""Point"",""coordinates"":[77.038944,10.418611000000002]}"
156,10,0.03735022619366646,35.605804443359375,2019-09-13,800.4309692382812,1,472.0,6877.0400390625,2019-09-13,2019-09-12,30.79248046875,293.7825012207031,2019-09-14,26.68000030517578,25.0,2019-09-13,0.4187539517879486,472.0,"{""type"":""Point"",""coordinates"":[77.037944,10.419278]}"
157,10,0.028960714116692543,60.93324661254883,2020-12-30,798.0302734375,1,479.0,0.0,2020-12-30,2020-12-29,27.491661071777344,292.9393005371094,2020-12-31,0.0,0.0,2020-12-30,0.37148794531822205,3.0,"{""type"":""Point"",""coordinates"":[77.035944,10.420694000000001]}"
158,10,0.3172973394393921,85.25027465820312,2023-02-15,801.763916015625,1,479.0,0.0,2023-02-15,2023-02-14,27.23946189880371,293.5107727050781,2023-02-16,0.0,0.0,2023-02-15,0.2170391082763672,3.0,"{""type"":""Point"",""coordinates"":[77.036528,10.419971999999998]}"
159,10,0.13390730321407318,46.499725341796875,2020-06-08,793.6312866210938,1,479.0,3932.58984375,2020-06-08,2020-06-07,23.26215171813965,293.9108581542969,2020-06-09,0.23999999463558197,0.0,2020-06-08,0.4049034118652344,479.0,"{""type"":""Point"",""coordinates"":[77.035139,10.421417000000002]}"
160,10,0.19229350984096527,346.1310119628906,2022-10-10,788.2543334960938,1,9.0,636.3900146484375,2022-10-10,2022-10-09,12.808723449707031,293.56805419921875,2022-10-11,11.510000228881836,16.66666603088379,2022-10-10,0.38688787817955017,9.0,"{""type"":""Point"",""coordinates"":[77.031556,10.422583000000001]}"
161,10,0.16545218229293823,292.9030456542969,2019-02-16,783.2642822265625,1,9.0,34.19999694824219,2019-02-16,2019-02-15,16.764850616455078,296.0460205078125,2019-02-17,0.0,0.0,2019-02-16,0.2132536619901657,9.0,"{""type"":""Point"",""coordinates"":[77.031806,10.422722000000002]}"
162,10,0.359853059053421,346.1310119628906,2021-03-13,788.2543334960938,1,9.0,0.0,2021-03-13,2021-03-12,12.808723449707031,295.9448547363281,2021-03-14,0.0,0.0,2021-03-13,0.18789227306842804,9.0,"{""type"":""Point"",""coordinates"":[77.03175,10.422528000000002]}"
163,10,0.14863216876983643,14.716978073120117,2020-01-05,804.458251953125,1,472.0,0.0,2020-01-05,2020-01-04,44.46165466308594,294.8628234863281,2020-01-06,0.0,0.0,2020-01-05,0.3018379211425781,472.0,"{""type"":""Point"",""coordinates"":[77.039194,10.418444000000001]}"
164,10,0.37886956334114075,14.716978073120117,2023-05-18,804.458251953125,1,472.0,13768.2392578125,2023-05-18,2023-05-17,44.46165466308594,296.420654296875,2023-05-19,9.289999961853027,12.5,2023-05-18,0.3905982971191406,472.0,"{""type"":""Point"",""coordinates"":[77.039194,10.418444000000001]}"
165,10,0.31277140974998474,0.08504294604063034,2022-06-18,787.41552734375,1,35.0,1222.02001953125,2022-06-18,2022-06-17,18.38288116455078,294.1244812011719,2022-06-19,15.179999351501465,10.416666984558105,2022-06-18,0.4205436706542969,31.0,"{""type"":""Point"",""coordinates"":[77.02013900000001,10.424639000000003]}"
166,60,0.14215268194675446,100.80780029296875,2019-07-13,1177.5791015625,1,48.0,2.4700000286102295,2019-07-13,2019-07-12,25.15610694885254,295.1272277832031,2019-07-14,1.2799999713897705,2.0833332538604736,2019-07-13,0.4014790952205658,1.0,"{""type"":""Point"",""coordinates"":[76.995531,10.414911000000002]}"
167,10,0.259212464094162,193.9658203125,2021-10-15,1196.5726318359375,1,12.0,94.07999420166016,2021-10-15,2021-10-14,13.222790718078613,293.7163391113281,2021-10-16,0.8399999737739563,0.0,2021-10-15,0.4084409177303314,12.0,"{""type"":""Point"",""coordinates"":[77.010917,10.401694]}"
168,10,0.08090274780988693,304.1175537109375,2022-11-02,1260.917724609375,1,8.0,38.130001068115234,2022-11-02,2022-11-01,23.757240295410156,293.5216979980469,2022-11-03,2.9700000286102295,2.0833332538604736,2022-11-02,0.37914976477622986,3.0,"{""type"":""Point"",""coordinates"":[77.012583,10.398916999999999]}"
169,10,0.05308980867266655,319.12408447265625,2020-06-09,1262.0609130859375,1,8.0,13.519999504089355,2020-06-09,2020-06-08,17.38072395324707,294.53826904296875,2020-06-10,0.6700000166893005,2.0833332538604736,2020-06-09,0.39760398864746094,8.0,"{""type"":""Point"",""coordinates"":[77.012333,10.398778]}"
170,30,0.09081610292196274,30.139341354370117,2020-03-29,1322.7489013671875,1,5.0,0.3499999940395355,2020-03-29,2020-03-28,20.39681053161621,297.30047607421875,2020-03-30,0.0,0.0,2020-03-29,0.24869854748249054,5.0,"{""type"":""Point"",""coordinates"":[77.009667,10.393472]}"
171,10,0.5042765736579895,293.8819885253906,2019-03-09,1293.382568359375,1,8.0,0.0,2019-03-09,2019-03-08,29.369525909423828,296.9219665527344,2019-03-10,9.640000343322754,18.75,2019-03-09,0.2188587188720703,5.0,"{""type"":""Point"",""coordinates"":[77.010111,10.395222000000002]}"
172,10,0.0025505865924060345,177.09376525878906,2021-08-19,1360.5623779296875,1,3.0,48.38999938964844,2021-08-19,2021-08-18,15.954628944396973,292.9298095703125,2021-08-20,1.899999976158142,2.0833332538604736,2021-08-19,0.4266885221004486,1.0,"{""type"":""Point"",""coordinates"":[77.000556,10.393667000000002]}"
173,30,0.10798211395740509,200.7421417236328,2022-09-11,1361.370849609375,1,3.0,5.809999942779541,2022-09-11,2022-09-10,13.00922966003418,293.0632019042969,2022-09-12,2.919999837875366,2.0833332538604736,2022-09-11,0.4192574918270111,1.0,"{""type"":""Point"",""coordinates"":[77.000167,10.393528000000002]}"
174,30,-0.00229458580724895,231.04647827148438,2023-11-01,1368.7064208984375,1,3.0,6.960000038146973,2023-11-01,2023-10-31,14.989670753479004,293.73797607421875,2023-11-02,10.839999198913574,10.416666984558105,2023-11-01,0.41639772057533264,1.0,"{""type"":""Point"",""coordinates"":[77.000194,10.393944]}"
175,10,0.05278358608484268,342.24871826171875,2021-07-27,1388.36962890625,1,3.0,0.04999999701976776,2021-07-27,2021-07-26,33.658592224121094,293.09027099609375,2021-07-28,16.770000457763672,18.75,2021-07-27,0.4217802584171295,1.0,"{""type"":""Point"",""coordinates"":[76.99943100000002,10.391533000000004]}"
176,10,0.057542093098163605,346.53692626953125,2021-07-09,1398.5205078125,1,3.0,46.46999740600586,2021-07-09,2021-07-08,26.90608787536621,294.98040771484375,2021-07-10,22.529998779296875,27.08333396911621,2021-07-09,0.4098256528377533,1.0,"{""type"":""Point"",""coordinates"":[76.998797,10.391014]}"
177,10,0.013298147358000278,12.415769577026367,2020-12-19,1376.05126953125,1,1.0,4.150000095367432,2020-12-19,2020-12-18,9.942046165466309,292.4767761230469,2020-12-20,7.059999942779541,12.5,2020-12-19,0.3944365084171295,1.0,"{""type"":""Point"",""coordinates"":[77.001806,10.392082999999998]}"
178,30,0.08687743544578552,52.5049934387207,2021-07-17,1348.1658935546875,1,5.0,25.189998626708984,2021-07-17,2021-07-16,14.722518920898438,292.584716796875,2021-07-18,17.049999237060547,25.0,2021-07-17,0.4262021481990814,1.0,"{""type"":""Point"",""coordinates"":[77.003278,10.391556000000001]}"
179,30,0.023497479036450386,32.079341888427734,2020-08-02,1367.4830322265625,1,5.0,64.72000122070312,2020-08-02,2020-08-01,29.513458251953125,293.06494140625,2020-08-03,33.790000915527344,47.91666793823242,2020-08-02,0.42732176184654236,5.0,"{""type"":""Point"",""coordinates"":[77.005111,10.389861]}"
180,30,0.1543520838022232,289.2658386230469,2023-06-23,1466.4571533203125,1,1.0,5.289999961853027,2023-06-23,2023-06-22,23.685272216796875,294.1348876953125,2023-06-24,0.0,0.0,2023-06-23,0.4085451662540436,1.0,"{""type"":""Point"",""coordinates"":[76.996517,10.385575]}"
181,10,0.0749102234840393,275.95428466796875,2022-09-27,1445.50341796875,1,1.0,3.8399999141693115,2022-09-27,2022-09-26,27.696441650390625,294.1405029296875,2022-09-28,0.20000000298023224,0.0,2022-09-27,0.376019150018692,1.0,"{""type"":""Point"",""coordinates"":[76.994653,10.384506]}"
182,10,0.06921055167913437,241.26914978027344,2019-11-26,1460.262939453125,1,2.0,4.440000057220459,2019-11-26,2019-11-25,17.76974105834961,294.6044921875,2019-11-27,0.0,0.0,2019-11-26,0.37724366784095764,2.0,"{""type"":""Point"",""coordinates"":[76.997128,10.383017]}"
183,10,0.25981923937797546,241.26914978027344,2019-02-17,1460.262939453125,1,2.0,0.0,2019-02-17,2019-02-16,17.76974105834961,296.3890075683594,2019-02-18,0.0,0.0,2019-02-17,0.21231968700885773,2.0,"{""type"":""Point"",""coordinates"":[76.997114,10.383186]}"
184,30,0.054724548012018204,119.95232391357422,2019-10-08,1446.5391845703125,1,3.0,19.889999389648438,2019-10-08,2019-10-07,15.61187744140625,294.2244567871094,2019-10-09,28.10999870300293,14.583333015441895,2019-10-08,0.4184532165527344,3.0,"{""type"":""Point"",""coordinates"":[76.997217,10.378392]}"
185,30,0.14460334181785583,292.7943420410156,2023-03-28,1443.4835205078125,1,2.0,2.0799999237060547,2023-03-28,2023-03-27,26.43461799621582,295.5049133300781,2023-03-29,0.0,0.0,2023-03-28,0.3543529510498047,2.0,"{""type"":""Point"",""coordinates"":[76.99730800000002,10.380053]}"
186,10,0.43384379148483276,271.5303955078125,2023-02-09,1379.9447021484375,1,3.0,0.0,2023-02-09,2023-02-08,29.78602409362793,293.6733703613281,2023-02-10,0.0,0.0,2023-02-09,0.2672945559024811,2.0,"{""type"":""Point"",""coordinates"":[76.994128,10.371363999999998]}"
187,10,0.13577775657176971,269.8553466796875,2020-04-30,1382.4735107421875,1,3.0,15.119999885559082,2020-04-30,2020-04-29,29.062461853027344,295.76287841796875,2020-05-01,30.919998168945312,16.66666603088379,2020-04-30,0.38785234093666077,2.0,"{""type"":""Point"",""coordinates"":[76.994097,10.371606000000002]}"
188,10,0.6407160758972168,271.5303955078125,2019-02-02,1379.9447021484375,1,3.0,0.03200000151991844,2019-02-02,2019-02-01,29.78602409362793,294.1875,2019-02-03,0.0,0.0,2019-02-02,0.21596400439739227,2.0,"{""type"":""Point"",""coordinates"":[76.994111,10.371013999999999]}"
189,10,0.03771873936057091,184.0242462158203,2021-06-14,1310.0836181640625,1,3.0,101.12999725341797,2021-06-14,2021-06-13,27.20648193359375,292.82757568359375,2021-06-15,48.54999923706055,45.83333206176758,2021-06-14,0.42870330810546875,3.0,"{""type"":""Point"",""coordinates"":[76.99395,10.368411]}"
190,10,0.47487542033195496,247.7496795654297,2021-02-09,1257.635009765625,1,11.0,0.0,2021-02-09,2021-02-08,32.80909729003906,293.34136962890625,2021-02-10,0.0,0.0,2021-02-09,0.2613728940486908,11.0,"{""type"":""Point"",""coordinates"":[76.995825,10.363388999999998]}"
191,30,-0.03459008410573006,35.9640998840332,2022-07-27,1254.958251953125,1,1.0,27.51999855041504,2022-07-27,2022-07-26,11.22010326385498,293.7350769042969,2022-07-28,52.46999740600586,39.58333206176758,2022-07-27,0.40604591369628906,1.0,"{""type"":""Point"",""coordinates"":[76.994706,10.360675000000002]}"
192,10,0.1539144366979599,225.7241668701172,2022-06-23,1227.5816650390625,1,8.0,67.5199966430664,2022-06-23,2022-06-22,6.653316974639893,293.8317565917969,2022-06-24,10.559999465942383,12.5,2022-06-23,0.41298866271972656,8.0,"{""type"":""Point"",""coordinates"":[76.999106,10.352997]}"
193,30,0.4444483816623688,281.1900939941406,2022-02-02,1232.613037109375,1,8.0,0.012000000104308128,2022-02-02,2022-02-01,26.685211181640625,294.05987548828125,2022-02-03,0.0,0.0,2022-02-02,0.1825885772705078,2.0,"{""type"":""Point"",""coordinates"":[76.997897,10.3496]}"
194,10,-0.028365325182676315,189.18069458007812,2021-08-20,1633.146484375,1,2.0,3.799999952316284,2021-08-20,2021-08-19,37.16537094116211,291.4965515136719,2021-08-21,6.320000171661377,8.333333015441895,2021-08-20,0.41978010535240173,2.0,"{""type"":""Point"",""coordinates"":[77.021972,10.329944]}"
195,10,0.37696248292922974,167.71173095703125,2019-03-31,1600.82763671875,1,2.0,0.0,2019-03-31,2019-03-30,20.63534164428711,296.9025573730469,2019-04-01,0.0,0.0,2019-03-31,0.1743793487548828,1.0,"{""type"":""Point"",""coordinates"":[77.020361,10.331056]}"
196,10,0.464173287153244,174.1477813720703,2020-02-18,1815.7930908203125,1,3.0,0.0,2020-02-18,2020-02-17,23.88776397705078,294.6107482910156,2020-02-19,3.380000114440918,8.333333015441895,2020-02-18,0.13145701587200165,3.0,"{""type"":""Point"",""coordinates"":[77.039556,10.332000000000003]}"
197,30,0.5356715321540833,168.14694213867188,2020-01-02,1839.57373046875,1,3.0,1.0889999866485596,2020-01-02,2020-01-01,29.47487449645996,293.1360168457031,2020-01-03,6.779999732971191,12.5,2020-01-02,0.2798118591308594,3.0,"{""type"":""Point"",""coordinates"":[77.03975,10.332528]}"
198,10,0.1211286261677742,167.17864990234375,2021-06-06,1838.7525634765625,1,3.0,262.3500061035156,2021-06-06,2021-06-05,33.199249267578125,292.20086669921875,2021-06-07,0.0,0.0,2021-06-06,0.4258289337158203,3.0,"{""type"":""Point"",""coordinates"":[77.039278,10.33225]}"
199,10,-0.03143920749425888,140.88070678710938,2019-09-03,1753.3671875,1,3.0,155.72999572753906,2019-09-03,2019-09-02,24.289520263671875,291.9021911621094,2019-09-04,19.059999465942383,29.16666603088379,2019-09-03,0.42452874779701233,3.0,"{""type"":""Point"",""coordinates"":[77.039556,10.330444000000002]}"
200,10,0.034614961594343185,136.40887451171875,2020-11-08,1735.65283203125,1,18.0,0.0,2020-11-08,2020-11-07,21.373674392700195,293.3163146972656,2020-11-09,6.139999866485596,10.416666984558105,2020-11-08,0.401867538690567,3.0,"{""type"":""Point"",""coordinates"":[77.039278,10.329805999999998]}"
201,10,0.09010142087936401,179.91734313964844,2021-12-22,1713.837158203125,1,18.0,0.0,2021-12-22,2021-12-21,19.54712677001953,291.7906799316406,2021-12-23,0.0,0.0,2021-12-22,0.29250335693359375,3.0,"{""type"":""Point"",""coordinates"":[77.037139,10.329500000000001]}"
202,10,0.5454699397087097,193.42355346679688,2022-02-02,1619.5809326171875,1,3.0,0.024000000208616257,2022-02-02,2022-02-01,17.214296340942383,294.05987548828125,2022-02-03,0.17999999225139618,0.0,2022-02-02,0.1825885772705078,3.0,"{""type"":""Point"",""coordinates"":[77.031889,10.326639]}"
203,10,0.010813454166054726,180.2136688232422,2021-12-10,1616.4378662109375,1,3.0,14.579999923706055,2021-12-10,2021-12-09,15.731856346130371,292.30950927734375,2021-12-11,0.8799999952316284,0.0,2021-12-10,0.3906167447566986,3.0,"{""type"":""Point"",""coordinates"":[77.031333,10.326444]}"
204,10,0.0916021391749382,143.6221466064453,2023-01-03,1614.9544677734375,1,31.0,0.0,2023-01-03,2023-01-02,30.101835250854492,290.98663330078125,2023-01-04,0.0,0.0,2023-01-03,0.28017106652259827,1.0,"{""type"":""Point"",""coordinates"":[77.028722,10.325528000000002]}"
205,10,0.11802056431770325,174.96649169921875,2022-04-30,1704.1365966796875,1,4.0,0.20999999344348907,2022-04-30,2022-04-29,18.87362289428711,295.4544372558594,2022-05-01,0.0,0.0,2022-04-30,0.342620849609375,3.0,"{""type"":""Point"",""coordinates"":[77.036917,10.329167]}"
206,10,0.15193714201450348,146.809814453125,2019-05-14,1768.19970703125,1,3.0,0.0,2019-05-14,2019-05-13,20.099348068237305,295.0893859863281,2019-05-15,0.08999999612569809,0.0,2019-05-14,0.4194405972957611,3.0,"{""type"":""Point"",""coordinates"":[77.041972,10.330167]}"
207,10,-0.03234586864709854,236.61163330078125,2021-08-19,1803.94970703125,1,3.0,145.1699981689453,2021-08-19,2021-08-18,20.540145874023438,291.6413269042969,2021-08-20,1.899999976158142,2.0833332538604736,2021-08-19,0.42796897888183594,3.0,"{""type"":""Point"",""coordinates"":[77.041444,10.331694]}"
208,10,0.018716707825660706,219.9622039794922,2019-11-28,1880.94140625,1,3.0,0.6599999666213989,2019-11-28,2019-11-27,25.48542022705078,293.5583190917969,2019-11-29,8.1899995803833,14.583333015441895,2019-11-28,0.36875152587890625,3.0,"{""type"":""Point"",""coordinates"":[77.043,10.332972]}"
209,10,0.11469154059886932,200.0166473388672,2022-10-10,1887.6068115234375,1,3.0,131.6999969482422,2022-10-10,2022-10-09,16.309608459472656,292.2725524902344,2022-10-11,15.649999618530273,31.25,2022-10-10,0.4019966125488281,3.0,"{""type"":""Point"",""coordinates"":[77.0435,10.332778]}"
210,10,0.013888245448470116,179.79852294921875,2022-11-07,1887.5374755859375,1,3.0,41.849998474121094,2022-11-07,2022-11-06,20.052167892456055,291.60186767578125,2022-11-08,0.5099999904632568,2.0833332538604736,2022-11-07,0.4203815460205078,3.0,"{""type"":""Point"",""coordinates"":[77.043917,10.332833]}"
211,10,0.8179277777671814,205.54110717773438,2020-02-22,1907.06591796875,1,3.0,0.0,2020-02-22,2020-02-21,26.115747451782227,295.0493469238281,2020-02-23,0.0,0.0,2020-02-22,0.1220906600356102,3.0,"{""type"":""Point"",""coordinates"":[77.044333,10.332889000000002]}"
212,10,0.7146272659301758,188.50921630859375,2019-02-06,1931.9259033203125,1,6.0,10.139999389648438,2019-02-06,2019-02-05,20.82756233215332,293.82574462890625,2019-02-07,0.75,0.0,2019-02-06,0.15613174438476562,6.0,"{""type"":""Point"",""coordinates"":[77.047139,10.331972000000002]}"
213,10,0.027838096022605896,37.4787712097168,2020-06-22,1948.7960205078125,1,1.0,94.26000213623047,2020-06-22,2020-06-21,19.064546585083008,292.5953369140625,2020-06-23,30.139999389648438,31.25,2020-06-22,0.4208641052246094,1.0,"{""type"":""Point"",""coordinates"":[77.052111,10.327861]}"
214,10,0.0901491641998291,26.24469566345215,2019-09-25,1368.661376953125,1,9.0,155.87998962402344,2019-09-25,2019-09-24,24.12932014465332,293.8970947265625,2019-09-26,3.5999999046325684,6.25,2019-09-25,0.4233194887638092,9.0,"{""type"":""Point"",""coordinates"":[77.152333,10.293944]}"
215,10,0.6950060725212097,68.84778594970703,2021-04-06,1269.1405029296875,1,48.0,6.239999771118164,2021-04-06,2021-04-05,19.248191833496094,295.6310729980469,2021-04-07,0.0,0.0,2021-04-06,0.28784242272377014,48.0,"{""type"":""Point"",""coordinates"":[77.138472,10.275082999999999]}"
216,30,0.243394136428833,168.63059997558594,2023-02-13,1384.0218505859375,1,48.0,0.699999988079071,2023-02-13,2023-02-12,15.047319412231445,291.5093994140625,2023-02-14,0.0,0.0,2023-02-13,0.20921771228313446,1.0,"{""type"":""Point"",""coordinates"":[77.142111,10.278472]}"
217,10,0.04718389734625816,177.38967895507812,2021-12-04,1260.3653564453125,1,2.0,18.899999618530273,2021-12-04,2021-12-03,29.21126937866211,292.5059814453125,2021-12-05,6.859999656677246,8.333333015441895,2021-12-04,0.39262834191322327,2.0,"{""type"":""Point"",""coordinates"":[77.149278,10.278056]}"
218,10,0.1602654755115509,154.58982849121094,2021-09-04,1217.2647705078125,1,1.0,41.689998626708984,2021-09-04,2021-09-03,16.44462013244629,291.38763427734375,2021-09-05,19.619998931884766,31.25,2021-09-04,0.4228293001651764,1.0,"{""type"":""Point"",""coordinates"":[77.144667,10.276111]}"
219,10,0.615714430809021,119.60296630859375,2023-06-03,1096.216552734375,1,1.0,21.469999313354492,2023-06-03,2023-06-02,31.072580337524414,295.17431640625,2023-06-04,2.799999952316284,4.166666507720947,2023-06-03,0.41669973731040955,1.0,"{""type"":""Point"",""coordinates"":[77.155861,10.277889]}"
220,10,0.03168367221951485,186.67971801757812,2019-07-21,1169.9588623046875,1,2.0,31.729999542236328,2019-07-21,2019-07-20,27.32973861694336,292.97564697265625,2019-07-22,6.539999961853027,10.416666984558105,2019-07-21,0.4275277554988861,1.0,"{""type"":""Point"",""coordinates"":[77.150333,10.276083]}"
221,10,0.1922633796930313,2.5280842781066895,2020-10-23,979.9800415039062,1,4.0,2.3999998569488525,2020-10-23,2020-10-22,10.767918586730957,293.7813720703125,2020-10-24,2.8399999141693115,2.0833332538604736,2020-10-23,0.38304582238197327,1.0,"{""type"":""Point"",""coordinates"":[77.16725,10.282360999999998]}"
222,10,0.0983259454369545,124.21897888183594,2023-12-25,965.1353149414062,1,5.0,0.47999998927116394,2023-12-25,2023-12-24,25.713151931762695,292.77532958984375,2023-12-26,0.35999998450279236,0.0,2023-12-25,0.37390390038490295,3.0,"{""type"":""Point"",""coordinates"":[77.166139,10.284389000000001]}"
223,10,0.325786828994751,86.82192993164062,2020-02-11,957.1959838867188,1,4.0,0.0,2020-02-11,2020-02-10,8.641876220703125,294.410888671875,2020-02-12,0.0,0.0,2020-02-11,0.2422504425048828,3.0,"{""type"":""Point"",""coordinates"":[77.165528,10.28375]}"
224,10,0.030243312940001488,36.180362701416016,2022-07-23,972.53759765625,1,4.0,14.519999504089355,2022-07-23,2022-07-22,25.032211303710938,294.1116027832031,2022-07-24,3.059999942779541,8.333333015441895,2022-07-23,0.419696182012558,3.0,"{""type"":""Point"",""coordinates"":[77.165278,10.283389]}"
225,10,0.05881668999791145,138.2104034423828,2022-07-17,891.3248901367188,1,47.0,83.65999603271484,2022-07-17,2022-07-16,29.165891647338867,293.5176086425781,2022-07-18,0.699999988079071,0.0,2022-07-17,0.41836610436439514,47.0,"{""type"":""Point"",""coordinates"":[77.171861,10.288611]}"
226,10,0.005514767486602068,142.52249145507812,2022-12-24,838.0504760742188,1,62.0,0.6599999666213989,2022-12-24,2022-12-23,27.3148250579834,291.7227783203125,2022-12-25,0.0,0.0,2022-12-24,0.3407306671142578,2.0,"{""type"":""Point"",""coordinates"":[77.178417,10.293639]}"
227,10,0.16010820865631104,104.80061340332031,2020-01-16,844.6659545898438,1,2.0,6.699999809265137,2020-01-16,2020-01-15,24.878990173339844,292.3335266113281,2020-01-17,0.0,0.0,2020-01-16,0.23602549731731415,2.0,"{""type"":""Point"",""coordinates"":[77.17825,10.293278]}"
228,10,0.27983152866363525,111.89373779296875,2019-03-24,858.1600341796875,1,58.0,0.0,2019-03-24,2019-03-23,20.857120513916016,297.8829040527344,2019-03-25,0.0,0.0,2019-03-24,0.15303103625774384,2.0,"{""type"":""Point"",""coordinates"":[77.177139,10.291833]}"
229,10,0.09706892818212509,150.90972900390625,2019-09-01,869.2628784179688,1,58.0,497.6399841308594,2019-09-01,2019-08-31,25.50786781311035,293.5987243652344,2019-09-02,27.6560001373291,25.0,2019-09-01,0.4086386263370514,58.0,"{""type"":""Point"",""coordinates"":[77.17533300000001,10.290110999999998]}"
230,10,0.21744492650032043,163.0791473388672,2023-06-30,892.8110961914062,1,58.0,388.69000244140625,2023-06-30,2023-06-29,30.557327270507812,293.3834533691406,2023-07-01,0.0,0.0,2023-06-30,0.42016348242759705,47.0,"{""type"":""Point"",""coordinates"":[77.1745,10.289806]}"
231,10,0.09581759572029114,145.49867248535156,2019-09-26,883.246337890625,1,47.0,169.1999969482422,2019-09-26,2019-09-25,28.78079605102539,293.3481750488281,2019-09-27,3.8499999046325684,8.333333015441895,2019-09-26,0.4185079038143158,47.0,"{""type"":""Point"",""coordinates"":[77.173639,10.289417000000002]}"
232,10,0.343763142824173,315.53900146484375,2023-01-14,871.5797119140625,1,854.0,0.0,2023-01-14,2023-01-13,36.26473617553711,290.7090148925781,2023-01-15,0.0,0.0,2023-01-14,0.25198617577552795,4.0,"{""type"":""Point"",""coordinates"":[77.175222,10.253693999999998]}"
233,10,0.36199167370796204,346.296630859375,2022-09-21,874.7232055664062,1,854.0,0.0,2022-09-21,2022-09-20,31.597898483276367,294.0408020019531,2022-09-22,0.75,0.0,2022-09-21,0.3705666959285736,854.0,"{""type"":""Point"",""coordinates"":[77.17797200000001,10.255556000000002]}"
234,10,0.26388925313949585,102.42211151123047,2023-02-04,965.2000732421875,1,2.0,2.879999876022339,2023-02-04,2023-02-03,24.888050079345703,292.1490783691406,2023-02-05,4.589999675750732,8.333333015441895,2023-02-04,0.3350181579589844,2.0,"{""type"":""Point"",""coordinates"":[77.152028,10.266249999999998]}"
235,10,0.46382302045822144,162.00286865234375,2022-04-11,1361.4981689453125,1,61.0,100.04000091552734,2022-04-11,2022-04-10,27.03619956970215,293.6569519042969,2022-04-12,72.41999816894531,29.16666603088379,2022-04-11,0.35934385657310486,61.0,"{""type"":""Point"",""coordinates"":[77.135278,10.270361000000001]}"
236,10,-0.0032222678419202566,126.16020965576172,2020-06-29,1454.72998046875,1,5.0,2.299999952316284,2020-06-29,2020-06-28,20.712238311767578,292.7008361816406,2020-06-30,64.37999725341797,52.08333206176758,2020-06-29,0.421710342168808,2.0,"{""type"":""Point"",""coordinates"":[77.128639,10.269194]}"
237,30,0.09014437347650528,148.91697692871094,2020-11-15,1476.08642578125,1,50.0,1.9399999380111694,2020-11-15,2020-11-14,28.383329391479492,292.722900390625,2020-11-16,1.9900000095367432,4.166666507720947,2020-11-15,0.41051673889160156,2.0,"{""type"":""Point"",""coordinates"":[77.126333,10.266861]}"
238,10,0.013570720329880714,163.93197631835938,2019-09-28,1219.91552734375,1,3.0,102.44999694824219,2019-09-28,2019-09-27,25.763761520385742,292.7928466796875,2019-09-29,0.429999977350235,0.0,2019-09-28,0.4175936281681061,3.0,"{""type"":""Point"",""coordinates"":[77.020861,10.301111]}"
239,10,0.6664137244224548,150.01072692871094,2023-09-02,1207.6395263671875,1,3.0,128.239990234375,2023-09-02,2023-09-01,18.39470100402832,293.213134765625,2023-09-03,16.60999870300293,18.75,2023-09-02,0.42205938696861267,2.0,"{""type"":""Point"",""coordinates"":[77.020722,10.300999999999998]}"
240,10,0.025876855477690697,164.61306762695312,2020-09-23,1160.5076904296875,1,8.0,19.19999885559082,2020-09-23,2020-09-22,24.72171401977539,291.30438232421875,2020-09-24,0.9899999499320984,0.0,2020-09-23,0.42779985070228577,8.0,"{""type"":""Point"",""coordinates"":[77.019083,10.298056]}"
241,10,0.13395565748214722,165.5337677001953,2021-09-12,1144.6156005859375,1,406.0,9.449999809265137,2021-09-12,2021-09-11,25.7155704498291,292.5530700683594,2021-09-13,6.939999580383301,10.416666984558105,2021-09-12,0.4001350402832031,3.0,"{""type"":""Point"",""coordinates"":[77.012639,10.291667]}"
242,10,0.32023847103118896,168.8638153076172,2022-10-16,1151.751708984375,1,3.0,36.459999084472656,2022-10-16,2022-10-15,23.770736694335938,292.60772705078125,2022-10-17,36.380001068115234,29.16666603088379,2022-10-16,0.42240843176841736,1.0,"{""type"":""Point"",""coordinates"":[77.008639,10.290861]}"
243,10,0.4273597300052643,177.9065399169922,2023-03-15,1129.119384765625,1,3.0,0.0,2023-03-15,2023-03-14,15.212241172790527,295.6196594238281,2023-03-16,47.220001220703125,27.08333396911621,2023-03-15,0.13889503479003906,1.0,"{""type"":""Point"",""coordinates"":[77.008611,10.290417]}"
244,10,0.02167893573641777,148.25848388671875,2022-05-29,1115.08056640625,1,1.0,4.859999656677246,2022-05-29,2022-05-28,12.340568542480469,292.995849609375,2022-05-30,29.649999618530273,29.16666603088379,2022-05-29,0.4145730435848236,1.0,"{""type"":""Point"",""coordinates"":[77.009417,10.288777999999999]}"
245,10,0.7168527841567993,172.53929138183594,2023-03-06,1069.3052978515625,1,417.0,396.1499938964844,2023-03-06,2023-03-05,21.009050369262695,293.33343505859375,2023-03-07,0.0,0.0,2023-03-06,0.2376556396484375,417.0,"{""type"":""Point"",""coordinates"":[77.009583,10.287556]}"
246,10,0.15085963904857635,189.56646728515625,2021-05-26,1080.455810546875,1,417.0,59.0,2021-05-26,2021-05-25,19.532182693481445,293.23681640625,2021-05-27,26.190000534057617,35.41666793823242,2021-05-26,0.4112052917480469,1.0,"{""type"":""Point"",""coordinates"":[77.009139,10.287722]}"
247,10,0.0725071132183075,182.35617065429688,2020-09-08,1070.6683349609375,1,426.0,854.8499755859375,2020-09-08,2020-09-07,21.4793758392334,292.2398376464844,2020-09-09,4.619999885559082,4.166666507720947,2020-09-08,0.4219888150691986,417.0,"{""type"":""Point"",""coordinates"":[77.009028,10.287305999999997]}"
248,10,0.029860666021704674,164.17230224609375,2020-06-22,1062.7974853515625,1,426.0,36951.23828125,2020-06-22,2020-06-21,16.646942138671875,292.5399169921875,2020-06-23,22.599998474121094,35.41666793823242,2020-06-22,0.42362847924232483,426.0,"{""type"":""Point"",""coordinates"":[77.007722,10.287333]}"
249,10,0.10161960870027542,155.411376953125,2022-11-06,1156.090576171875,1,3.0,38.87999725341797,2022-11-06,2022-11-05,17.156396865844727,291.5403747558594,2022-11-07,14.65999984741211,8.333333015441895,2022-11-06,0.41844305396080017,3.0,"{""type"":""Point"",""coordinates"":[77.005889,10.289111]}"
250,10,0.5163145065307617,188.98731994628906,2023-02-07,1175.2047119140625,1,4.0,0.0,2023-02-07,2023-02-06,25.783830642700195,291.9423828125,2023-02-08,0.0,0.0,2023-02-07,0.2859058380126953,4.0,"{""type"":""Point"",""coordinates"":[77.0,10.288332999999998]}"
251,10,-0.043707918375730515,184.4503936767578,2022-08-01,1166.85888671875,1,433.0,191.01998901367188,2022-08-01,2022-07-31,32.61122512817383,293.2488098144531,2022-08-02,44.77000045776367,45.83333206176758,2022-08-01,0.423175185918808,2.0,"{""type"":""Point"",""coordinates"":[77.001222,10.288250000000001]}"
252,10,9.887040505418554E-5,154.7552490234375,2023-08-04,1168.82373046875,1,2.0,1.059999942779541,2023-08-04,2023-08-03,29.155033111572266,292.903564453125,2023-08-05,1.0,0.0,2023-08-04,0.394580215215683,2.0,"{""type"":""Point"",""coordinates"":[77.00225,10.288528000000001]}"
253,10,0.062280748039484024,149.16050720214844,2023-11-27,1157.14501953125,1,2.0,1.4399999380111694,2023-11-27,2023-11-26,21.315406799316406,292.4569091796875,2023-11-28,2.0399999618530273,4.166666507720947,2023-11-27,0.42071470618247986,2.0,"{""type"":""Point"",""coordinates"":[77.002833,10.288889]}"
254,10,0.5358031392097473,177.91970825195312,2021-02-12,1157.6573486328125,1,3.0,0.0,2021-02-12,2021-02-11,19.227584838867188,291.3318176269531,2021-02-13,0.0,0.0,2021-02-12,0.1864744871854782,3.0,"{""type"":""Point"",""coordinates"":[77.005333,10.288833000000002]}"
255,10,0.07471273094415665,19.077777862548828,2022-07-02,1120.085205078125,1,5.0,21.770000457763672,2022-07-02,2022-07-01,18.566387176513672,291.4917297363281,2022-07-03,0.9900000095367432,0.0,2022-07-02,0.4263204038143158,5.0,"{""type"":""Point"",""coordinates"":[77.015556,10.283972]}"
256,10,0.058522555977106094,106.406005859375,2020-06-03,1139.8763427734375,1,387.0,2472.929931640625,2020-06-03,2020-06-02,12.876383781433105,292.7602844238281,2020-06-04,0.0,0.0,2020-06-03,0.420684814453125,387.0,"{""type"":""Point"",""coordinates"":[77.017306,10.295556]}"
257,10,0.008695431984961033,96.03460693359375,2023-06-29,1145.6400146484375,1,387.0,31.279998779296875,2023-06-29,2023-06-28,24.214502334594727,292.3576965332031,2023-06-30,7.960000038146973,18.75,2023-06-29,0.42513975501060486,8.0,"{""type"":""Point"",""coordinates"":[77.017333,10.296417000000002]}"
258,10,0.06660842150449753,255.72061157226562,2022-11-29,1848.4010009765625,1,6.0,1.6999999284744263,2022-11-29,2022-11-28,6.468070030212402,293.6054382324219,2022-11-30,0.29999998211860657,0.0,2022-11-29,0.4002723693847656,1.0,"{""type"":""Point"",""coordinates"":[77.03,10.15]}"
259,10,0.037445396184921265,74.92852020263672,2021-09-18,1872.36328125,1,9.0,15.129999160766602,2021-09-18,2021-09-17,32.413265228271484,294.59002685546875,2021-09-19,9.579999923706055,12.5,2021-09-18,0.41164079308509827,1.0,"{""type"":""Point"",""coordinates"":[77.02,10.149999999999999]}"
260,10,0.0013673289213329554,74.92852020263672,2021-12-09,1872.36328125,1,9.0,4.730000019073486,2021-12-09,2021-12-08,32.413265228271484,294.2376708984375,2021-12-10,2.5199999809265137,4.166666507720947,2021-12-09,0.3982696533203125,1.0,"{""type"":""Point"",""coordinates"":[77.02,10.149999999999999]}"
261,10,0.22547629475593567,223.0787353515625,2023-04-02,1867.659423828125,1,2.0,8.345999717712402,2023-04-02,2023-04-01,10.632596969604492,294.8479919433594,2023-04-03,4.569999694824219,8.333333015441895,2023-04-02,0.38702520728111267,2.0,"{""type"":""Point"",""coordinates"":[77.02,10.169999999999998]}"
262,30,0.086092509329319,241.22317504882812,2021-06-05,2010.09521484375,1,2.0,155.3199920654297,2021-06-05,2021-06-04,32.11469650268555,294.0340881347656,2021-06-06,75.29999542236328,52.08333206176758,2021-06-05,0.42292532324790955,2.0,"{""type"":""Point"",""coordinates"":[77.0,10.17]}"
263,10,0.04865521192550659,183.02679443359375,2022-05-12,1666.0538330078125,1,2.0,31.239999771118164,2022-05-12,2022-05-11,33.57819747924805,294.3349609375,2022-05-13,0.0,0.0,2022-05-12,0.4138946533203125,2.0,"{""type"":""Point"",""coordinates"":[77.01,10.140000000000002]}"
264,10,0.49081140756607056,153.2995147705078,2023-02-16,1487.4886474609375,1,3.0,0.0,2023-02-16,2023-02-15,23.304340362548828,293.276611328125,2023-02-17,0.19999998807907104,0.0,2023-02-16,0.21528880298137665,3.0,"{""type"":""Point"",""coordinates"":[77.004949,10.135492]}"
265,10,0.004687643144279718,153.2995147705078,2020-10-03,1487.4886474609375,1,3.0,11.039999961853027,2020-10-03,2020-10-02,23.304340362548828,294.1394348144531,2020-10-04,6.309999942779541,8.333333015441895,2020-10-03,0.3747692108154297,3.0,"{""type"":""Point"",""coordinates"":[77.004949,10.135492]}"
266,10,0.1002463549375534,133.39395141601562,2023-12-07,1431.761962890625,1,3.0,0.0,2023-12-07,2023-12-06,10.239648818969727,294.3558654785156,2023-12-08,18.09000015258789,31.25,2023-12-07,0.38066673278808594,3.0,"{""type"":""Point"",""coordinates"":[77.003319,10.134463]}"
267,10,0.05735289305448532,133.39395141601562,2021-11-03,1431.761962890625,1,3.0,44.03999710083008,2021-11-03,2021-11-02,10.239648818969727,293.233642578125,2021-11-04,20.51999855041504,25.0,2021-11-03,0.42712530493736267,3.0,"{""type"":""Point"",""coordinates"":[77.003319,10.134463]}"
268,10,0.014762584120035172,244.0135040283203,2021-10-03,1417.698486328125,1,66.0,1030.260009765625,2021-10-03,2021-10-02,21.938241958618164,293.7156677246094,2021-10-04,51.279998779296875,60.41666793823242,2021-10-03,0.42707696557044983,66.0,"{""type"":""Point"",""coordinates"":[77.01,10.13]}"
269,30,0.3268527686595917,326.8890686035156,2022-02-25,1438.7154541015625,1,56.0,0.0,2022-02-25,2022-02-24,16.554513931274414,295.8897399902344,2022-02-26,0.08999999612569809,0.0,2022-02-25,0.16188812255859375,56.0,"{""type"":""Point"",""coordinates"":[77.02,10.129999999999999]}"
270,10,0.29498982429504395,352.36553955078125,2020-01-23,1454.00390625,1,51.0,80.06999969482422,2020-01-23,2020-01-22,23.96636962890625,295.8067626953125,2020-01-24,1.9899998903274536,6.25,2020-01-23,0.16214244067668915,51.0,"{""type"":""Point"",""coordinates"":[77.022549,10.133082]}"
271,10,0.027803944423794746,352.36553955078125,2019-06-06,1454.00390625,1,51.0,2402.099853515625,2019-06-06,2019-06-05,23.96636962890625,295.32525634765625,2019-06-07,0.5699999928474426,0.0,2019-06-06,0.42173004150390625,51.0,"{""type"":""Point"",""coordinates"":[77.022549,10.133082]}"
272,30,0.038247108459472656,178.74232482910156,2022-10-06,1602.81689453125,1,4.0,11.199999809265137,2022-10-06,2022-10-05,43.4835319519043,293.3102111816406,2022-10-07,3.169999837875366,0.0,2022-10-06,0.4121328890323639,2.0,"{""type"":""Point"",""coordinates"":[77.02,10.14]}"
273,30,0.3420708477497101,318.4972839355469,2023-03-26,1915.33544921875,1,2.0,14.539999008178711,2023-03-26,2023-03-25,20.61956214904785,295.6283874511719,2023-03-27,17.78999900817871,22.91666603088379,2023-03-26,0.3417695462703705,2.0,"{""type"":""Point"",""coordinates"":[77.027277,10.14353]}"
274,30,0.362738698720932,318.4972839355469,2022-01-29,1915.33544921875,1,2.0,0.0,2022-01-29,2022-01-28,20.61956214904785,294.07177734375,2022-01-30,0.0,0.0,2022-01-29,0.17670567333698273,2.0,"{""type"":""Point"",""coordinates"":[77.027277,10.14353]}"
275,10,0.3326423466205597,327.36346435546875,2020-12-02,1923.835693359375,1,2.0,6.415999889373779,2020-12-02,2020-12-01,18.919897079467773,294.22821044921875,2020-12-03,17.459999084472656,29.16666603088379,2020-12-02,0.3536491394042969,2.0,"{""type"":""Point"",""coordinates"":[77.028015,10.143453000000001]}"
276,10,-5.69984142202884E-4,327.36346435546875,2023-07-04,1923.835693359375,1,2.0,137.0399932861328,2023-07-04,2023-07-03,18.919897079467773,293.1754150390625,2023-07-05,87.6500015258789,79.16666412353516,2023-07-04,0.42866644263267517,2.0,"{""type"":""Point"",""coordinates"":[77.028015,10.143453000000001]}"
277,30,0.3028571307659149,183.21824645996094,2020-04-19,1732.5423583984375,1,2.0,0.5999999642372131,2020-04-19,2020-04-18,42.5151481628418,297.8579406738281,2020-04-20,2.4499998092651367,2.0833332538604736,2020-04-19,0.23702430725097656,2.0,"{""type"":""Point"",""coordinates"":[77.03,10.14]}"
278,30,0.015671256929636,183.21824645996094,2021-10-13,1732.5423583984375,1,2.0,37.07999801635742,2021-10-13,2021-10-12,42.5151481628418,292.3587646484375,2021-10-14,10.949999809265137,20.83333396911621,2021-10-13,0.42791810631752014,2.0,"{""type"":""Point"",""coordinates"":[77.03,10.14]}"
279,30,0.32937684655189514,183.21824645996094,2022-01-27,1732.5423583984375,1,2.0,1.1999999284744263,2022-01-27,2022-01-26,42.5151481628418,294.19464111328125,2022-01-28,0.6200000047683716,0.0,2022-01-27,0.18077659606933594,2.0,"{""type"":""Point"",""coordinates"":[77.03,10.14]}"
280,30,0.2719957232475281,189.7802276611328,2020-01-09,1655.69775390625,1,3.0,0.0,2020-01-09,2020-01-08,14.221908569335938,294.72418212890625,2020-01-10,0.0,0.0,2020-01-09,0.23940658569335938,3.0,"{""type"":""Point"",""coordinates"":[77.04,10.14]}"
281,30,0.10664252936840057,189.7802276611328,2023-06-30,1655.69775390625,1,3.0,37.31999969482422,2023-06-30,2023-06-29,14.221908569335938,293.2311096191406,2023-07-01,0.0,0.0,2023-06-30,0.42461904883384705,3.0,"{""type"":""Point"",""coordinates"":[77.04,10.14]}"
282,10,0.011046409606933594,19.559358596801758,2021-07-17,1616.282958984375,1,4.0,143.72000122070312,2021-07-17,2021-07-16,9.508905410766602,292.6797790527344,2021-07-18,21.0,22.91666603088379,2021-07-17,0.42625680565834045,4.0,"{""type"":""Point"",""coordinates"":[77.04,10.129999999999999]}"
283,10,0.0034986946266144514,19.559358596801758,2020-10-05,1616.282958984375,1,4.0,0.0,2020-10-05,2020-10-04,9.508905410766602,293.5813903808594,2020-10-06,2.919999837875366,6.25,2020-10-05,0.35343804955482483,4.0,"{""type"":""Point"",""coordinates"":[77.04,10.129999999999999]}"
284,10,0.8032917976379395,19.559358596801758,2020-03-23,1616.282958984375,1,4.0,4.839999675750732,2020-03-23,2020-03-22,9.508905410766602,297.5704345703125,2020-03-24,3.680000066757202,6.25,2020-03-23,0.2337156981229782,4.0,"{""type"":""Point"",""coordinates"":[77.04,10.129999999999999]}"
285,10,0.7047386169433594,19.559358596801758,2020-04-14,1616.282958984375,1,4.0,0.0,2020-04-14,2020-04-13,9.508905410766602,297.54864501953125,2020-04-15,3.0999999046325684,6.25,2020-04-14,0.2612234652042389,4.0,"{""type"":""Point"",""coordinates"":[77.04,10.129999999999999]}"
286,30,0.15444208681583405,211.45277404785156,2022-12-10,1658.3487548828125,1,1.0,17.869998931884766,2022-12-10,2022-12-09,23.242782592773438,291.331298828125,2022-12-11,27.829999923706055,27.08333396911621,2022-12-10,0.40805116295814514,1.0,"{""type"":""Point"",""coordinates"":[77.05,10.129999999999999]}"
287,30,0.05248429626226425,211.45277404785156,2020-07-31,1658.3487548828125,1,1.0,0.0,2020-07-31,2020-07-30,23.242782592773438,293.1222229003906,2020-08-01,77.75999450683594,50.0,2020-07-31,0.42671456933021545,1.0,"{""type"":""Point"",""coordinates"":[77.05,10.129999999999999]}"
288,10,0.09435652196407318,194.59544372558594,2019-09-13,1555.699462890625,1,3.0,27.35999870300293,2019-09-13,2019-09-12,16.3354434967041,291.7672119140625,2019-09-14,19.65999984741211,18.75,2019-09-13,0.423309326171875,2.0,"{""type"":""Point"",""coordinates"":[77.051547,10.125427]}"
289,10,0.04977801814675331,194.59544372558594,2019-06-28,1555.699462890625,1,3.0,0.0,2019-06-28,2019-06-27,16.3354434967041,293.245849609375,2019-06-29,0.009999999776482582,0.0,2019-06-28,0.3963387906551361,2.0,"{""type"":""Point"",""coordinates"":[77.051547,10.125427]}"
290,10,0.2610566020011902,152.8875732421875,2021-01-01,1548.9718017578125,1,3.0,29.919998168945312,2021-01-01,2020-12-31,17.782548904418945,291.79254150390625,2021-01-02,4.181999683380127,8.333333015441895,2021-01-01,0.3742046356201172,2.0,"{""type"":""Point"",""coordinates"":[77.052214,10.125486]}"
291,10,0.25323501229286194,152.8875732421875,2021-06-04,1548.9718017578125,1,3.0,110.15999603271484,2021-06-04,2021-06-03,17.782548904418945,293.9306640625,2021-06-05,66.79999542236328,52.08333206176758,2021-06-04,0.39615631103515625,2.0,"{""type"":""Point"",""coordinates"":[77.052214,10.125486]}"
292,10,0.009433148428797722,172.44577026367188,2021-11-16,1535.9246826171875,1,99.0,29.420000076293945,2021-11-16,2021-11-15,22.862655639648438,291.6211853027344,2021-11-17,21.979999542236328,29.16666603088379,2021-11-16,0.42315801978111267,2.0,"{""type"":""Point"",""coordinates"":[77.054084,10.125511]}"
293,10,0.19064375758171082,168.2545166015625,2020-02-08,1533.667236328125,1,99.0,0.0,2020-02-08,2020-02-07,20.95602798461914,293.7182922363281,2020-02-09,6.059999942779541,6.25,2020-02-08,0.15088336169719696,93.0,"{""type"":""Point"",""coordinates"":[77.054303,10.125573]}"
294,10,0.19970029592514038,168.2545166015625,2023-05-09,1533.667236328125,1,99.0,996.0299682617188,2023-05-09,2023-05-08,20.95602798461914,293.42144775390625,2023-05-10,12.299999237060547,20.83333396911621,2023-05-09,0.39270147681236267,93.0,"{""type"":""Point"",""coordinates"":[77.054303,10.125573]}"
295,10,0.030504615977406502,172.44577026367188,2022-08-21,1535.9246826171875,1,99.0,9.199999809265137,2022-08-21,2022-08-20,22.862655639648438,292.7300720214844,2022-08-22,16.81999969482422,25.0,2022-08-21,0.395892471075058,2.0,"{""type"":""Point"",""coordinates"":[77.054084,10.125511]}"
296,10,0.06306306272745132,276.294921875,2022-11-06,1642.8187255859375,1,2.0,13.09999942779541,2022-11-06,2022-11-05,22.800081253051758,291.0994567871094,2022-11-07,17.119998931884766,14.583333015441895,2022-11-06,0.4211343228816986,2.0,"{""type"":""Point"",""coordinates"":[77.06,10.120000000000001]}"
297,10,0.08968998491764069,276.294921875,2019-05-28,1642.8187255859375,1,2.0,15.75999927520752,2019-05-28,2019-05-27,22.800081253051758,295.19146728515625,2019-05-29,0.0,0.0,2019-05-28,0.40309587121009827,2.0,"{""type"":""Point"",""coordinates"":[77.06,10.120000000000001]}"
298,10,0.45723065733909607,340.1583557128906,2019-04-09,1584.2288818359375,1,35.0,32.89999771118164,2019-04-09,2019-04-08,17.3297061920166,296.7324523925781,2019-04-10,12.139999389648438,14.583333015441895,2019-04-09,0.14803440868854523,35.0,"{""type"":""Point"",""coordinates"":[77.06,10.13]}"
299,10,0.5834815502166748,340.1583557128906,2020-02-02,1584.2288818359375,1,35.0,71.9949951171875,2020-02-02,2020-02-01,17.3297061920166,293.9922790527344,2020-02-03,0.0,0.0,2020-02-02,0.15249760448932648,35.0,"{""type"":""Point"",""coordinates"":[77.06,10.13]}"
300,10,0.03655020892620087,340.1583557128906,2020-10-18,1584.2288818359375,1,35.0,1078.3499755859375,2020-10-18,2020-10-17,17.3297061920166,292.069091796875,2020-10-19,7.449999809265137,16.66666603088379,2020-10-18,0.41837120056152344,35.0,"{""type"":""Point"",""coordinates"":[77.06,10.13]}"
301,10,0.03660804033279419,340.1583557128906,2021-07-29,1584.2288818359375,1,35.0,265.29998779296875,2021-07-29,2021-07-28,17.3297061920166,292.1524353027344,2021-07-30,3.669999837875366,4.166666507720947,2021-07-29,0.41304144263267517,35.0,"{""type"":""Point"",""coordinates"":[77.06,10.13]}"
302,10,0.019266951829195023,83.0550537109375,2023-07-23,1560.614013671875,1,93.0,478.97998046875,2023-07-23,2023-07-22,26.874080657958984,291.7494201660156,2023-07-24,22.779998779296875,45.83333206176758,2023-07-23,0.4247347414493561,54.0,"{""type"":""Point"",""coordinates"":[77.055897,10.129477]}"
303,10,0.04215824976563454,83.0550537109375,2023-10-17,1560.614013671875,1,93.0,555.1199951171875,2023-10-17,2023-10-16,26.874080657958984,292.35308837890625,2023-10-18,37.189998626708984,31.25,2023-10-17,0.42312559485435486,54.0,"{""type"":""Point"",""coordinates"":[77.055897,10.129477]}"
304,10,0.036475636065006256,104.89848327636719,2019-10-28,1552.3369140625,1,93.0,2759.31005859375,2019-10-28,2019-10-27,27.490297317504883,291.5979309082031,2019-10-29,20.19999885559082,22.91666603088379,2019-10-28,0.41859307885169983,93.0,"{""type"":""Point"",""coordinates"":[77.055094,10.126571000000002]}"
305,10,0.09208923578262329,104.89848327636719,2023-11-20,1552.3369140625,1,93.0,760.739990234375,2023-11-20,2023-11-19,27.490297317504883,292.28375244140625,2023-11-21,5.139999866485596,12.5,2023-11-20,0.40996360778808594,93.0,"{""type"":""Point"",""coordinates"":[77.055094,10.126571000000002]}"
306,10,0.054241687059402466,203.83596801757812,2019-09-21,1630.403076171875,1,50.0,209.49998474121094,2019-09-21,2019-09-20,10.718364715576172,292.4695129394531,2019-09-22,33.47999954223633,27.08333396911621,2019-09-21,0.41085243225097656,50.0,"{""type"":""Point"",""coordinates"":[77.060126,10.137396000000003]}"
307,10,0.5702471733093262,203.83596801757812,2020-11-24,1630.403076171875,1,50.0,73.5,2020-11-24,2020-11-23,10.718364715576172,291.6467590332031,2020-11-25,2.369999885559082,2.0833332538604736,2020-11-24,0.361834853887558,50.0,"{""type"":""Point"",""coordinates"":[77.060126,10.137396000000003]}"
308,30,0.01856457069516182,147.92755126953125,2023-07-04,2222.185546875,1,3.0,137.0399932861328,2023-07-04,2023-07-03,65.10649871826172,293.1754150390625,2023-07-05,87.6500015258789,79.16666412353516,2023-07-04,0.42866644263267517,2.0,"{""type"":""Point"",""coordinates"":[77.05,10.149999999999999]}"
309,10,0.5960267782211304,147.7626495361328,2023-09-02,1837.8734130859375,1,5.0,278.3500061035156,2023-09-02,2023-09-01,19.44035530090332,292.9910583496094,2023-09-03,15.169999122619629,18.75,2023-09-02,0.4196910858154297,5.0,"{""type"":""Point"",""coordinates"":[77.06,10.149999999999999]}"
310,10,0.2752377688884735,147.7626495361328,2022-05-04,1837.8734130859375,1,5.0,65.75,2022-05-04,2022-05-03,19.44035530090332,294.7687683105469,2022-05-05,13.449999809265137,20.83333396911621,2022-05-04,0.39350828528404236,5.0,"{""type"":""Point"",""coordinates"":[77.06,10.149999999999999]}"
311,50,0.015170621685683727,180.25038146972656,2020-06-24,1772.46826171875,1,9.0,61.28999710083008,2020-06-24,2020-06-23,21.965927124023438,292.4406433105469,2020-06-25,56.1099967956543,50.0,2020-06-24,0.41111183166503906,9.0,"{""type"":""Point"",""coordinates"":[77.073107,10.150059000000002]}"
312,50,0.16381946206092834,180.25038146972656,2023-04-29,1772.46826171875,1,9.0,71.3699951171875,2023-04-29,2023-04-28,21.965927124023438,294.5066833496094,2023-04-30,25.420000076293945,25.0,2023-04-29,0.37276968359947205,9.0,"{""type"":""Point"",""coordinates"":[77.073107,10.150059000000002]}"
313,10,0.1263500601053238,209.3004150390625,2019-07-09,1848.08837890625,1,11.0,40.150001525878906,2019-07-09,2019-07-08,20.847618103027344,292.8875427246094,2019-07-10,32.36000061035156,39.58333206176758,2019-07-09,0.39939942955970764,11.0,"{""type"":""Point"",""coordinates"":[77.07,10.15]}"
314,10,0.6028380393981934,152.21141052246094,2019-02-19,1940.2818603515625,1,7.0,0.9099999666213989,2019-02-19,2019-02-18,28.402482986450195,293.15087890625,2019-02-20,0.7999999523162842,0.0,2019-02-19,0.2757314145565033,7.0,"{""type"":""Point"",""coordinates"":[77.08,10.16]}"
315,10,0.19330090284347534,152.21141052246094,2021-01-08,1940.2818603515625,1,7.0,18.40999984741211,2021-01-08,2021-01-07,28.402482986450195,292.0099182128906,2021-01-09,29.369998931884766,25.0,2021-01-08,0.4126955568790436,7.0,"{""type"":""Point"",""coordinates"":[77.08,10.16]}"
316,10,0.08802817016839981,230.24615478515625,2022-11-12,1822.438232421875,1,3.0,65.58999633789062,2022-11-12,2022-11-11,12.481249809265137,290.8885803222656,2022-11-13,57.939998626708984,35.41666793823242,2022-11-12,0.41638436913490295,1.0,"{""type"":""Point"",""coordinates"":[77.08,10.15]}"
317,10,0.11853727698326111,230.24615478515625,2023-07-15,1822.438232421875,1,3.0,4.980000019073486,2023-07-15,2023-07-14,12.481249809265137,292.2021484375,2023-07-16,9.339999198913574,6.25,2023-07-15,0.41320672631263733,1.0,"{""type"":""Point"",""coordinates"":[77.08,10.15]}"
318,10,0.363070547580719,230.24615478515625,2020-03-18,1822.438232421875,1,3.0,0.0,2020-03-18,2020-03-17,12.481249809265137,295.4817810058594,2020-03-19,0.44999998807907104,0.0,2020-03-18,0.16986338794231415,1.0,"{""type"":""Point"",""coordinates"":[77.08,10.15]}"
319,10,0.6131842136383057,230.24615478515625,2022-03-23,1822.438232421875,1,3.0,0.25999999046325684,2022-03-23,2022-03-22,12.481249809265137,294.806884765625,2022-03-24,19.299999237060547,16.66666603088379,2022-03-23,0.2672513425350189,1.0,"{""type"":""Point"",""coordinates"":[77.08,10.15]}"
320,10,0.26426228880882263,230.24615478515625,2023-05-19,1822.438232421875,1,3.0,2.7299997806549072,2023-05-19,2023-05-18,12.481249809265137,294.34051513671875,2023-05-20,4.25,6.25,2023-05-19,0.4043509066104889,1.0,"{""type"":""Point"",""coordinates"":[77.08,10.15]}"
321,10,0.15330816805362701,230.24615478515625,2022-08-18,1822.438232421875,1,3.0,0.3499999940395355,2022-08-18,2022-08-17,12.481249809265137,292.9186096191406,2022-08-19,6.170000076293945,10.416666984558105,2022-08-18,0.389514297246933,1.0,"{""type"":""Point"",""coordinates"":[77.08,10.15]}"
322,10,0.2662626802921295,230.24615478515625,2019-06-02,1822.438232421875,1,3.0,0.2540000081062317,2019-06-02,2019-06-01,12.481249809265137,294.3309631347656,2019-06-03,2.4100000858306885,2.0833332538604736,2019-06-02,0.4134712219238281,1.0,"{""type"":""Point"",""coordinates"":[77.08,10.15]}"
323,10,0.05574869364500046,230.24615478515625,2021-07-31,1822.438232421875,1,3.0,5.769999980926514,2021-07-31,2021-07-30,12.481249809265137,292.33544921875,2021-08-01,0.0,0.0,2021-07-31,0.40196481347084045,1.0,"{""type"":""Point"",""coordinates"":[77.08,10.15]}"
324,10,5.495403311215341E-4,231.8943328857422,2022-11-26,1870.5306396484375,1,1.0,0.26999998092651367,2022-11-26,2022-11-25,23.590402603149414,291.7616882324219,2022-11-27,0.0,0.0,2022-11-26,0.33328819274902344,1.0,"{""type"":""Point"",""coordinates"":[77.082094,10.15021]}"
325,10,0.010931363329291344,231.8943328857422,2020-07-04,1870.5306396484375,1,1.0,47.54999923706055,2020-07-04,2020-07-03,23.590402603149414,291.0155029296875,2020-07-05,9.069999694824219,10.416666984558105,2020-07-04,0.42832818627357483,1.0,"{""type"":""Point"",""coordinates"":[77.082094,10.15021]}"
326,30,0.14025594294071198,180.39190673828125,2020-11-12,1744.507568359375,1,2.0,4.0,2020-11-12,2020-11-11,19.55024528503418,292.6844787597656,2020-11-13,1.1399999856948853,2.0833332538604736,2020-11-12,0.3661479949951172,2.0,"{""type"":""Point"",""coordinates"":[77.07,10.14]}"
327,30,0.43927356600761414,180.39190673828125,2020-03-16,1744.507568359375,1,2.0,0.0,2020-03-16,2020-03-15,19.55024528503418,295.7144775390625,2020-03-17,0.8399999737739563,0.0,2020-03-16,0.1831328123807907,2.0,"{""type"":""Point"",""coordinates"":[77.07,10.14]}"
328,30,0.03731168806552887,180.39190673828125,2019-10-30,1744.507568359375,1,2.0,49.87999725341797,2019-10-30,2019-10-29,19.55024528503418,291.5206298828125,2019-10-31,41.95000076293945,45.83333206176758,2019-10-30,0.42111334204673767,2.0,"{""type"":""Point"",""coordinates"":[77.07,10.14]}"
329,10,0.3966754674911499,168.06640625,2021-06-12,1718.997314453125,1,1.0,0.009999999776482582,2021-06-12,2021-06-11,14.269621849060059,292.830322265625,2021-06-13,39.869998931884766,35.41666793823242,2021-06-12,0.3827908933162689,1.0,"{""type"":""Point"",""coordinates"":[77.07,10.13]}"
330,10,0.7449981570243835,168.06640625,2021-03-08,1718.997314453125,1,1.0,2.309999942779541,2021-03-08,2021-03-07,14.269621849060059,294.8319091796875,2021-03-09,1.0399999618530273,0.0,2021-03-08,0.15225918591022491,1.0,"{""type"":""Point"",""coordinates"":[77.07,10.13]}"
331,10,0.0016200401587411761,205.38165283203125,2019-10-04,1847.0633544921875,1,2.0,56.779998779296875,2019-10-04,2019-10-03,20.076021194458008,292.9630432128906,2019-10-05,26.729999542236328,31.25,2019-10-04,0.4209073483943939,2.0,"{""type"":""Point"",""coordinates"":[77.08,10.13]}"
332,10,0.22702103853225708,343.47918701171875,2022-02-20,2144.55419921875,1,1.0,0.85999995470047,2022-02-20,2022-02-19,39.89997863769531,293.5101318359375,2022-02-21,1.959999918937683,0.0,2022-02-20,0.19190852344036102,1.0,"{""type"":""Point"",""coordinates"":[77.09,10.14]}"
333,10,0.1166563630104065,354.5233459472656,2021-01-20,1906.4105224609375,1,3.0,3.5199997425079346,2021-01-20,2021-01-19,29.2031307220459,291.0533142089844,2021-01-21,1.0899999141693115,0.0,2021-01-20,0.37193742394447327,2.0,"{""type"":""Point"",""coordinates"":[77.1,10.14]}"
334,10,0.06625616550445557,354.5233459472656,2020-12-29,1906.4105224609375,1,3.0,12.920000076293945,2020-12-29,2020-12-28,29.2031307220459,291.2496337890625,2020-12-30,0.3700000047683716,0.0,2020-12-29,0.342266708612442,2.0,"{""type"":""Point"",""coordinates"":[77.1,10.14]}"
335,10,0.341238409280777,47.06639862060547,2022-05-04,1954.2064208984375,1,1.0,3.3899998664855957,2022-05-04,2022-05-03,17.42609214782715,294.7687683105469,2022-05-05,18.959999084472656,31.25,2022-05-04,0.39350828528404236,1.0,"{""type"":""Point"",""coordinates"":[77.1,10.13]}"
336,10,0.5316576957702637,159.21287536621094,2022-02-13,1607.360107421875,1,6.0,0.9299999475479126,2022-02-13,2022-02-12,12.302234649658203,291.7983093261719,2022-02-14,1.5199999809265137,0.0,2022-02-13,0.22352981567382812,1.0,"{""type"":""Point"",""coordinates"":[77.13,10.120000000000001]}"
337,10,0.25204166769981384,345.1531982421875,2023-05-20,1933.9515380859375,1,2.0,15.299999237060547,2023-05-20,2023-05-19,42.72186279296875,293.8843688964844,2023-05-21,4.110000133514404,8.333333015441895,2023-05-20,0.4127718508243561,2.0,"{""type"":""Point"",""coordinates"":[77.11,10.140000000000004]}"
338,10,0.015636228024959564,345.1531982421875,2022-12-26,1933.9515380859375,1,2.0,3.740000009536743,2022-12-26,2022-12-25,42.72186279296875,291.7801513671875,2022-12-27,1.6299999952316284,2.0833332538604736,2022-12-26,0.3230152130126953,2.0,"{""type"":""Point"",""coordinates"":[77.11,10.140000000000004]}"
339,10,0.14917007088661194,279.77850341796875,2021-08-27,1609.7864990234375,1,10.0,92.8499984741211,2021-08-27,2021-08-26,19.07821273803711,292.6744384765625,2021-08-28,39.13999938964844,62.5,2021-08-27,0.40023675560951233,3.0,"{""type"":""Point"",""coordinates"":[77.10974,10.149373]}"
340,10,0.11500708758831024,279.77850341796875,2019-07-24,1609.7864990234375,1,10.0,45.56999969482422,2019-07-24,2019-07-23,19.07821273803711,291.2540588378906,2019-07-25,2.009999990463257,2.0833332538604736,2019-07-24,0.423553466796875,3.0,"{""type"":""Point"",""coordinates"":[77.10974,10.149373]}"
341,10,0.6957491040229797,313.5079650878906,2020-03-25,1606.2032470703125,1,10.0,0.20999999344348907,2020-03-25,2020-03-24,39.23390579223633,294.9075012207031,2020-03-26,1.0899999141693115,0.0,2020-03-25,0.28988775610923767,3.0,"{""type"":""Point"",""coordinates"":[77.11,10.15]}"
342,10,0.13598628342151642,313.5079650878906,2023-05-29,1606.2032470703125,1,10.0,10.59000015258789,2023-05-29,2023-05-28,39.23390579223633,293.5294189453125,2023-05-30,1.5399999618530273,0.0,2023-05-29,0.4146035611629486,3.0,"{""type"":""Point"",""coordinates"":[77.11,10.15]}"
343,10,0.18696191906929016,313.5079650878906,2023-06-08,1606.2032470703125,1,10.0,1.7999999523162842,2023-06-08,2023-06-07,39.23390579223633,293.86810302734375,2023-06-09,0.60999995470047,0.0,2023-06-08,0.3958943784236908,3.0,"{""type"":""Point"",""coordinates"":[77.11,10.15]}"
344,10,0.14866039156913757,313.5079650878906,2020-06-12,1606.2032470703125,1,10.0,34.470001220703125,2020-06-12,2020-06-11,39.23390579223633,292.5541687011719,2020-06-13,3.1700000762939453,4.166666507720947,2020-06-12,0.4010690152645111,3.0,"{""type"":""Point"",""coordinates"":[77.11,10.15]}"
345,10,0.1292087733745575,305.415283203125,2022-12-09,1569.122314453125,1,10.0,76.22999572753906,2022-12-09,2022-12-08,37.3284912109375,290.20794677734375,2022-12-10,22.6299991607666,35.41666793823242,2022-12-09,0.37046369910240173,3.0,"{""type"":""Point"",""coordinates"":[77.112599,10.152672]}"
346,10,0.10072169452905655,305.415283203125,2020-11-30,1569.122314453125,1,10.0,0.38999998569488525,2020-11-30,2020-11-29,37.3284912109375,291.9104309082031,2020-12-01,0.0,0.0,2020-11-30,0.36531195044517517,3.0,"{""type"":""Point"",""coordinates"":[77.112599,10.152672]}"
347,10,0.1503479778766632,279.10235595703125,2021-07-09,1854.907958984375,1,3.0,136.5,2021-07-09,2021-07-08,20.56303596496582,293.6924133300781,2021-07-10,19.209999084472656,27.08333396911621,2021-07-09,0.40724945068359375,2.0,"{""type"":""Point"",""coordinates"":[77.12000000000002,10.15]}"
348,10,0.11058066040277481,287.8760681152344,2020-11-05,1541.5517578125,1,2.0,155.13999938964844,2020-11-05,2020-11-04,26.607223510742188,292.21826171875,2020-11-06,8.630000114440918,10.416666984558105,2020-11-05,0.42039552330970764,2.0,"{""type"":""Point"",""coordinates"":[77.11,10.160000000000002]}"
349,10,0.2897844612598419,287.8760681152344,2022-05-13,1541.5517578125,1,2.0,2.0,2022-05-13,2022-05-12,26.607223510742188,292.0284118652344,2022-05-14,2.179999828338623,4.166666507720947,2022-05-13,0.41104063391685486,2.0,"{""type"":""Point"",""coordinates"":[77.11,10.160000000000002]}"
350,10,0.7513041496276855,119.40849304199219,2021-03-29,1551.4814453125,1,14.0,22.31999969482422,2021-03-29,2021-03-28,14.16330623626709,296.0390319824219,2021-03-30,9.649999618530273,16.66666603088379,2021-03-29,0.13174884021282196,1.0,"{""type"":""Point"",""coordinates"":[77.1,10.17]}"
351,10,0.48912495374679565,119.40849304199219,2019-01-17,1551.4814453125,1,14.0,0.0,2019-01-17,2019-01-16,14.16330623626709,290.284423828125,2019-01-18,0.0,0.0,2019-01-17,0.19479306042194366,1.0,"{""type"":""Point"",""coordinates"":[77.1,10.17]}"
352,10,0.04910590499639511,196.17190551757812,2023-10-02,1490.812744140625,1,7.0,81.47999572753906,2023-10-02,2023-10-01,17.67453384399414,290.7539978027344,2023-10-03,1.5699999332427979,0.0,2023-10-02,0.42783546447753906,7.0,"{""type"":""Point"",""coordinates"":[77.1,10.16]}"
353,10,0.17182907462120056,196.17190551757812,2023-08-23,1490.812744140625,1,7.0,135.58999633789062,2023-08-23,2023-08-22,17.67453384399414,292.68328857421875,2023-08-24,0.0,0.0,2023-08-23,0.40569940209388733,7.0,"{""type"":""Point"",""coordinates"":[77.1,10.16]}"
354,10,0.06102583184838295,312.76458740234375,2019-11-26,1723.1739501953125,1,7.0,7.889999866485596,2019-11-26,2019-11-25,17.510982513427734,292.7681579589844,2019-11-27,0.6699999570846558,2.0833332538604736,2019-11-26,0.378979355096817,3.0,"{""type"":""Point"",""coordinates"":[77.09,10.149999999999999]}"
355,10,0.8649265170097351,312.76458740234375,2019-02-25,1723.1739501953125,1,7.0,0.0,2019-02-25,2019-02-24,17.510982513427734,293.5168762207031,2019-02-26,0.0,0.0,2019-02-25,0.17256100475788116,3.0,"{""type"":""Point"",""coordinates"":[77.09,10.149999999999999]}"
356,30,0.2036968171596527,174.09512329101562,2023-09-12,1318.1800537109375,1,1.0,2.3999998569488525,2023-09-12,2023-09-11,20.57979393005371,290.6641845703125,2023-09-13,5.019999980926514,8.333333015441895,2023-09-12,0.42605018615722656,1.0,"{""type"":""Point"",""coordinates"":[77.109595,10.182917]}"
357,30,0.13829080760478973,174.09512329101562,2022-09-23,1318.1800537109375,1,1.0,0.0,2022-09-23,2022-09-22,20.57979393005371,291.93389892578125,2022-09-24,0.0,0.0,2022-09-23,0.361492782831192,1.0,"{""type"":""Point"",""coordinates"":[77.109595,10.182917]}"
358,10,0.11620595306158066,154.6876983642578,2022-09-01,1323.8653564453125,1,8.0,27.209999084472656,2022-09-01,2022-08-31,16.649667739868164,291.889404296875,2022-09-02,38.53099822998047,37.5,2022-09-01,0.4231179654598236,1.0,"{""type"":""Point"",""coordinates"":[77.108874,10.182786]}"
359,10,0.1621236801147461,154.6876983642578,2021-10-14,1323.8653564453125,1,8.0,7.539999961853027,2021-10-14,2021-10-13,16.649667739868164,291.6380920410156,2021-10-15,1.3899999856948853,2.0833332538604736,2021-10-14,0.41609320044517517,1.0,"{""type"":""Point"",""coordinates"":[77.108874,10.182786]}"
360,30,0.2325969785451889,200.91775512695312,2022-10-09,1367.3768310546875,1,5.0,5.909999847412109,2022-10-09,2022-10-08,25.662567138671875,291.29974365234375,2022-10-10,25.760000228881836,16.66666603088379,2022-10-09,0.3917961120605469,3.0,"{""type"":""Point"",""coordinates"":[77.12000000000002,10.200000000000001]}"
361,30,0.4417016804218292,200.91775512695312,2021-02-23,1367.3768310546875,1,5.0,1.5,2021-02-23,2021-02-22,25.662567138671875,291.96844482421875,2021-02-24,0.0,0.0,2021-02-23,0.241790771484375,3.0,"{""type"":""Point"",""coordinates"":[77.12000000000002,10.200000000000001]}"
362,10,0.03019595704972744,98.53706359863281,2019-07-12,1128.0821533203125,1,351.0,2165.669921875,2019-07-12,2019-07-11,6.070230007171631,292.3537902832031,2019-07-13,5.96999979019165,8.333333015441895,2019-07-12,0.417156845331192,351.0,"{""type"":""Point"",""coordinates"":[77.13,10.200000000000001]}"
363,10,0.1448066681623459,199.2904815673828,2020-01-21,1338.9244384765625,1,79.0,0.0,2020-01-21,2020-01-20,27.87535858154297,292.6289978027344,2020-01-22,3.940000057220459,10.416666984558105,2020-01-21,0.19556236267089844,79.0,"{""type"":""Point"",""coordinates"":[77.11,10.19]}"
364,10,0.38025298714637756,303.0244445800781,2020-05-10,1319.8828125,1,5.0,25.849998474121094,2020-05-10,2020-05-09,19.341922760009766,295.3441467285156,2020-05-11,16.059999465942383,18.75,2020-05-10,0.3157482147216797,5.0,"{""type"":""Point"",""coordinates"":[77.12000000000002,10.179999999999998]}"
365,10,0.06418886035680771,112.1295394897461,2021-01-22,1322.38427734375,1,10.0,3.359999895095825,2021-01-22,2021-01-21,9.722575187683105,292.15899658203125,2021-01-23,2.259999990463257,4.166666507720947,2021-01-22,0.36130332946777344,1.0,"{""type"":""Point"",""coordinates"":[77.11,10.18]}"
366,10,0.7794159054756165,112.1295394897461,2023-03-14,1322.38427734375,1,10.0,0.0,2023-03-14,2023-03-13,9.722575187683105,294.11444091796875,2023-03-15,0.4699999988079071,0.0,2023-03-14,0.15390841662883759,1.0,"{""type"":""Point"",""coordinates"":[77.11,10.18]}"
367,10,0.08848976343870163,229.17430114746094,2020-07-24,1867.3720703125,1,1.0,66.8699951171875,2020-07-24,2020-07-23,37.18163299560547,292.6176452636719,2020-07-25,4.679999828338623,6.25,2020-07-24,0.4183718264102936,1.0,"{""type"":""Point"",""coordinates"":[77.12806200000001,10.173418000000002]}"
368,10,0.24927206337451935,229.17430114746094,2019-03-10,1867.3720703125,1,1.0,10.75,2019-03-10,2019-03-09,37.18163299560547,293.6847229003906,2019-03-11,1.3899998664855957,4.166666507720947,2019-03-10,0.2933133542537689,1.0,"{""type"":""Point"",""coordinates"":[77.12806200000001,10.173418000000002]}"
369,30,0.18328890204429626,262.0929260253906,2021-06-04,1956.8431396484375,1,3.0,94.5999984741211,2021-06-04,2021-06-03,19.352325439453125,293.9306640625,2021-06-05,66.73999786376953,50.0,2021-06-04,0.39615631103515625,2.0,"{""type"":""Point"",""coordinates"":[77.14,10.149999999999999]}"
370,10,0.14838051795959473,150.67274475097656,2022-05-03,1647.909423828125,1,3.0,0.0,2022-05-03,2022-05-02,21.89661979675293,294.5838928222656,2022-05-04,3.3899998664855957,4.166666507720947,2022-05-03,0.3876431882381439,3.0,"{""type"":""Point"",""coordinates"":[77.15,10.129999999999999]}"
371,10,0.17662712931632996,148.47557067871094,2023-05-18,1764.2918701171875,1,17.0,4.689999580383301,2023-05-18,2023-05-17,27.448383331298828,295.4839782714844,2023-05-19,12.359999656677246,14.583333015441895,2023-05-18,0.35748291015625,1.0,"{""type"":""Point"",""coordinates"":[77.16,10.12]}"
372,10,0.8150351047515869,148.47557067871094,2021-03-14,1764.2918701171875,1,17.0,0.0,2021-03-14,2021-03-13,27.448383331298828,295.0693359375,2021-03-15,6.819999694824219,14.583333015441895,2021-03-14,0.14555931091308594,1.0,"{""type"":""Point"",""coordinates"":[77.16,10.12]}"
373,10,0.07175353914499283,148.47557067871094,2021-08-09,1764.2918701171875,1,17.0,5.839999675750732,2021-08-09,2021-08-08,27.448383331298828,292.8151550292969,2021-08-10,14.09999942779541,22.91666603088379,2021-08-09,0.4127235412597656,1.0,"{""type"":""Point"",""coordinates"":[77.16,10.12]}"
374,10,0.17890407145023346,148.47557067871094,2022-12-03,1764.2918701171875,1,17.0,0.8100000023841858,2022-12-03,2022-12-02,27.448383331298828,292.7423095703125,2022-12-04,24.329999923706055,20.83333396911621,2022-12-03,0.35919633507728577,1.0,"{""type"":""Point"",""coordinates"":[77.16,10.12]}"
375,10,0.3713565170764923,148.47557067871094,2020-05-18,1764.2918701171875,1,17.0,16.53999900817871,2020-05-18,2020-05-17,27.448383331298828,295.9081726074219,2020-05-19,1.5299999713897705,4.166666507720947,2020-05-18,0.273822158575058,1.0,"{""type"":""Point"",""coordinates"":[77.16,10.12]}"
376,10,0.16151759028434753,148.47557067871094,2020-06-12,1764.2918701171875,1,17.0,11.489999771118164,2020-06-12,2020-06-11,27.448383331298828,293.5568542480469,2020-06-13,3.1700000762939453,4.166666507720947,2020-06-12,0.3669719696044922,1.0,"{""type"":""Point"",""coordinates"":[77.16,10.12]}"
377,10,0.07869695127010345,148.47557067871094,2019-09-16,1764.2918701171875,1,17.0,39.47999954223633,2019-09-16,2019-09-15,27.448383331298828,292.816650390625,2019-09-17,11.289999961853027,25.0,2019-09-16,0.41672834753990173,1.0,"{""type"":""Point"",""coordinates"":[77.16,10.12]}"
378,10,0.793082058429718,346.69488525390625,2019-01-27,1679.482177734375,1,2.0,0.0,2019-01-27,2019-01-26,29.69892692565918,292.99383544921875,2019-01-28,0.12999999523162842,0.0,2019-01-27,0.18341319262981415,2.0,"{""type"":""Point"",""coordinates"":[77.17000000000002,10.129999999999999]}"
379,10,0.24116304516792297,346.69488525390625,2023-11-28,1679.482177734375,1,2.0,12.519999504089355,2023-11-28,2023-11-27,29.69892692565918,293.04901123046875,2023-11-29,0.8999999761581421,0.0,2023-11-28,0.40470948815345764,2.0,"{""type"":""Point"",""coordinates"":[77.17000000000002,10.129999999999999]}"
380,10,0.15703360736370087,236.18365478515625,2021-10-25,1789.217529296875,1,15.0,554.25,2021-10-25,2021-10-24,7.055713176727295,292.9674987792969,2021-10-26,9.859999656677246,10.416666984558105,2021-10-25,0.41847801208496094,15.0,"{""type"":""Point"",""coordinates"":[77.17000000000002,10.120000000000001]}"
381,10,0.07333865761756897,236.18365478515625,2021-12-20,1789.217529296875,1,15.0,0.0,2021-12-20,2021-12-19,7.055713176727295,291.4363708496094,2021-12-21,0.0,0.0,2021-12-20,0.32156816124916077,15.0,"{""type"":""Point"",""coordinates"":[77.17000000000002,10.120000000000001]}"
382,10,0.9042229652404785,307.6685791015625,2023-03-18,1677.695556640625,1,181.0,4342.18994140625,2023-03-18,2023-03-17,14.768223762512207,294.5411376953125,2023-03-19,4.090000152587891,6.25,2023-03-18,0.21338844299316406,181.0,"{""type"":""Point"",""coordinates"":[77.19,10.14]}"
383,10,0.038393180817365646,307.6685791015625,2020-06-26,1677.695556640625,1,181.0,11437.3896484375,2020-06-26,2020-06-25,14.768223762512207,293.2095031738281,2020-06-27,0.75,0.0,2020-06-26,0.4148152768611908,181.0,"{""type"":""Point"",""coordinates"":[77.19,10.14]}"
384,10,0.10312799364328384,356.5918884277344,2023-09-07,1739.6981201171875,1,181.0,2401.869873046875,2023-09-07,2023-09-06,32.795650482177734,292.4773864746094,2023-09-08,35.81999969482422,54.16666793823242,2023-09-07,0.4104226529598236,181.0,"{""type"":""Point"",""coordinates"":[77.190308,10.138144]}"
385,10,0.2937750220298767,356.5918884277344,2019-04-28,1739.6981201171875,1,181.0,742.0999755859375,2019-04-28,2019-04-27,32.795650482177734,296.6186828613281,2019-04-29,0.41999998688697815,0.0,2019-04-28,0.2899576723575592,181.0,"{""type"":""Point"",""coordinates"":[77.190308,10.138144]}"
386,10,0.3607553541660309,36.384254455566406,2022-04-12,1628.2783203125,1,4.0,252.55999755859375,2022-04-12,2022-04-11,7.939800262451172,294.1194763183594,2022-04-13,13.289999961853027,20.83333396911621,2022-04-12,0.3729184567928314,4.0,"{""type"":""Point"",""coordinates"":[77.18,10.14]}"
387,10,0.2808077037334442,36.384254455566406,2023-05-22,1628.2783203125,1,4.0,25.079999923706055,2023-05-22,2023-05-21,7.939800262451172,294.7450866699219,2023-05-23,1.3799999952316284,0.0,2023-05-22,0.3902657926082611,4.0,"{""type"":""Point"",""coordinates"":[77.18,10.14]}"
388,30,0.5501276850700378,207.37811279296875,2021-04-07,1991.0146484375,1,7.0,2.450000047683716,2021-04-07,2021-04-06,12.756695747375488,295.655029296875,2021-04-08,1.5899999141693115,2.0833332538604736,2021-04-07,0.2256743162870407,7.0,"{""type"":""Point"",""coordinates"":[77.18,10.16]}"
389,10,0.1844821572303772,318.7414855957031,2019-08-21,1959.71435546875,1,1.0,14.279999732971191,2019-08-21,2019-08-20,23.85792350769043,292.6092834472656,2019-08-22,4.579999923706055,4.166666507720947,2019-08-21,0.4192880094051361,1.0,"{""type"":""Point"",""coordinates"":[77.24,10.13]}"
390,10,0.2952233552932739,17.540733337402344,2022-10-11,1969.901611328125,1,2.0,9.769999504089355,2022-10-11,2022-10-10,45.0809440612793,291.49298095703125,2022-10-12,17.619998931884766,14.583333015441895,2022-10-11,0.41389021277427673,1.0,"{""type"":""Point"",""coordinates"":[77.25,10.170000000000002]}"
391,10,0.13211743533611298,17.540733337402344,2020-08-20,1969.901611328125,1,2.0,0.5199999809265137,2020-08-20,2020-08-19,45.0809440612793,292.5400390625,2020-08-21,2.5799999237060547,2.0833332538604736,2020-08-20,0.3790556490421295,1.0,"{""type"":""Point"",""coordinates"":[77.25,10.170000000000002]}"
392,10,0.020466523244976997,17.540733337402344,2021-11-17,1969.901611328125,1,2.0,19.43000030517578,2021-11-17,2021-11-16,45.0809440612793,291.46856689453125,2021-11-18,70.29999542236328,60.41666793823242,2021-11-17,0.4201812744140625,1.0,"{""type"":""Point"",""coordinates"":[77.25,10.170000000000002]}"
393,10,0.15618211030960083,124.64311218261719,2021-05-30,2247.130859375,1,1.0,15.649999618530273,2021-05-30,2021-05-29,31.564435958862305,292.998291015625,2021-05-31,0.07999999821186066,0.0,2021-05-30,0.3929074704647064,1.0,"{""type"":""Point"",""coordinates"":[77.24,10.19]}"
394,10,0.324917733669281,143.28372192382812,2019-03-24,1994.8580322265625,1,5.0,0.0,2019-03-24,2019-03-23,18.996156692504883,295.8995056152344,2019-03-25,0.0,0.0,2019-03-24,0.14706294238567352,4.0,"{""type"":""Point"",""coordinates"":[77.24,10.179999999999998]}"
395,30,0.11297768354415894,80.11833953857422,2019-01-01,1640.841064453125,1,21.0,0.0,2019-01-01,2018-12-31,26.87689971923828,290.28106689453125,2019-01-02,0.0020000000949949026,0.0,2019-01-01,0.34773001074790955,6.0,"{""type"":""Point"",""coordinates"":[77.25,10.179999999999998]}"
396,10,0.568264365196228,279.3019104003906,2019-06-16,1665.8299560546875,1,118.0,339.47998046875,2019-06-16,2019-06-15,32.53683853149414,294.3093566894531,2019-06-17,0.0,0.0,2019-06-16,0.3799781799316406,92.0,"{""type"":""Point"",""coordinates"":[77.258451,10.178886]}"
397,10,0.04958644509315491,279.3019104003906,2021-11-30,1665.8299560546875,1,118.0,1161.0399169921875,2021-11-30,2021-11-29,32.53683853149414,290.9815673828125,2021-12-01,37.689998626708984,35.41666793823242,2021-11-30,0.4204336702823639,92.0,"{""type"":""Point"",""coordinates"":[77.258451,10.178886]}"
398,10,7.928351406008005E-4,279.93157958984375,2019-10-26,2193.087646484375,1,3.0,86.25,2019-10-26,2019-10-25,26.475353240966797,291.70489501953125,2019-10-27,41.57999801635742,47.91666793823242,2019-10-26,0.4065481722354889,3.0,"{""type"":""Point"",""coordinates"":[77.27,10.189999999999998]}"
399,10,0.4625833332538605,90.8133773803711,2023-05-30,1639.6385498046875,1,159.0,10.300000190734863,2023-05-30,2023-05-29,18.495161056518555,293.6181945800781,2023-05-31,7.519999980926514,10.416666984558105,2023-05-30,0.4206930696964264,2.0,"{""type"":""Point"",""coordinates"":[77.25,10.200000000000001]}"
400,10,0.12333162128925323,10.668453216552734,2021-07-24,1797.8955078125,1,6.0,55.73999786376953,2021-07-24,2021-07-23,22.386810302734375,291.5628967285156,2021-07-25,30.28999900817871,39.58333206176758,2021-07-24,0.4250113070011139,6.0,"{""type"":""Point"",""coordinates"":[77.26,10.200000000000001]}"
401,10,0.09168708324432373,85.995849609375,2023-11-15,1625.8759765625,1,186.0,19.8799991607666,2023-11-15,2023-11-14,19.1524600982666,291.1617736816406,2023-11-16,0.6499999761581421,0.0,2023-11-15,0.3918800354003906,2.0,"{""type"":""Point"",""coordinates"":[77.25,10.21]}"
402,10,0.2746652662754059,314.0939636230469,2022-08-19,1655.5634765625,1,1.0,12.779999732971191,2022-08-19,2022-08-18,17.434993743896484,292.8271484375,2022-08-20,6.899999618530273,10.416666984558105,2022-08-19,0.39714622497558594,1.0,"{""type"":""Point"",""coordinates"":[77.24,10.220000000000002]}"
403,10,0.3923763036727905,295.4058532714844,2020-10-31,1745.412841796875,1,4.0,16.35999870300293,2020-10-31,2020-10-30,22.15233612060547,292.2440185546875,2020-11-01,0.0,0.0,2020-10-31,0.3930168151855469,4.0,"{""type"":""Point"",""coordinates"":[77.24,10.21]}"
404,10,0.2744234800338745,348.58990478515625,2020-11-14,1873.556396484375,1,2.0,53.31999969482422,2020-11-14,2020-11-13,21.698701858520508,292.0659484863281,2020-11-15,3.369999885559082,4.166666507720947,2020-11-14,0.40950965881347656,2.0,"{""type"":""Point"",""coordinates"":[77.24,10.2]}"
405,10,-0.01354239322245121,328.0293273925781,2019-10-29,2180.954345703125,1,1.0,17.649999618530273,2019-10-29,2019-10-28,20.41457176208496,291.1051025390625,2019-10-30,31.979999542236328,41.66666793823242,2019-10-29,0.4186948239803314,1.0,"{""type"":""Point"",""coordinates"":[77.19,10.179999999999998]}"
406,10,0.46413591504096985,313.84686279296875,2023-09-12,1606.1397705078125,1,1.0,3.119999885559082,2023-09-12,2023-09-11,20.019290924072266,291.1466064453125,2023-09-13,4.940000057220459,8.333333015441895,2023-09-12,0.42463430762290955,1.0,"{""type"":""Point"",""coordinates"":[77.19,10.21]}"
407,30,0.20075882971286774,36.704795837402344,2023-04-17,1683.609619140625,1,1.0,0.0,2023-04-17,2023-04-16,35.50994110107422,294.26263427734375,2023-04-18,0.0,0.0,2023-04-17,0.25863775610923767,1.0,"{""type"":""Point"",""coordinates"":[77.2,10.230000000000004]}"
408,30,0.1769717037677765,36.704795837402344,2021-08-15,1683.609619140625,1,1.0,16.68000030517578,2021-08-15,2021-08-14,35.50994110107422,291.5810241699219,2021-08-16,1.3599998950958252,2.0833332538604736,2021-08-15,0.4221528470516205,1.0,"{""type"":""Point"",""coordinates"":[77.2,10.230000000000004]}"
409,30,0.5550755858421326,325.07659912109375,2023-08-23,1400.8765869140625,1,1.0,31.809999465942383,2023-08-23,2023-08-22,24.024185180664062,293.08441162109375,2023-08-24,1.7799999713897705,0.0,2023-08-23,0.3986765444278717,1.0,"{""type"":""Point"",""coordinates"":[77.21,10.25]}"
410,30,0.02165028639137745,302.11407470703125,2021-01-29,880.0594482421875,1,1.0,0.4599999785423279,2021-01-29,2021-01-28,24.290857315063477,290.80145263671875,2021-01-30,0.6499999761581421,2.0833332538604736,2021-01-29,0.3120555877685547,1.0,"{""type"":""Point"",""coordinates"":[77.194417,10.265722]}"
411,10,0.259776771068573,267.7397766113281,2019-08-16,842.8972778320312,1,1.0,6.380000114440918,2019-08-16,2019-08-15,21.304244995117188,293.4952392578125,2019-08-17,17.110000610351562,25.0,2019-08-16,0.4200986325740814,1.0,"{""type"":""Point"",""coordinates"":[77.193472,10.264666999999998]}"
412,30,0.6304625272750854,19.6400146484375,2021-06-16,989.6951904296875,1,1.0,0.0,2021-06-16,2021-06-15,2.65653920173645,293.13861083984375,2021-06-17,0.6899999380111694,2.0833332538604736,2021-06-16,0.42417144775390625,1.0,"{""type"":""Point"",""coordinates"":[77.194667,10.252999999999998]}"
413,10,0.2698307931423187,39.04317855834961,2023-09-14,870.2680053710938,1,2.0,44.18000030517578,2023-09-14,2023-09-13,22.553691864013672,293.6847229003906,2023-09-15,7.619999885559082,8.333333015441895,2023-09-14,0.41752371191978455,2.0,"{""type"":""Point"",""coordinates"":[77.185639,10.257167000000003]}"
414,10,0.045245278626680374,58.19611358642578,2022-11-24,894.1436157226562,1,2.0,0.0,2022-11-24,2022-11-23,21.065710067749023,292.7651062011719,2022-11-25,0.0,0.0,2022-11-24,0.3473784029483795,2.0,"{""type"":""Point"",""coordinates"":[77.186528,10.254944000000002]}"
415,10,0.5331045389175415,49.42464065551758,2021-04-23,913.1458740234375,1,44.0,2.679999828338623,2021-04-23,2021-04-22,20.170238494873047,296.3140869140625,2021-04-24,1.2300000190734863,0.0,2021-04-23,0.37487730383872986,1.0,"{""type"":""Point"",""coordinates"":[77.187083,10.253194]}"
416,10,0.1471339762210846,72.43097686767578,2022-01-14,927.1227416992188,1,44.0,0.0,2022-01-14,2022-01-13,15.998855590820312,294.13165283203125,2022-01-15,0.11999999731779099,0.0,2022-01-14,0.25966134667396545,44.0,"{""type"":""Point"",""coordinates"":[77.188778,10.250417000000002]}"
417,10,0.35325947403907776,69.56912231445312,2020-09-18,962.974609375,1,44.0,1.8399999141693115,2020-09-18,2020-09-17,28.600984573364258,293.9529113769531,2020-09-19,3.7899999618530273,8.333333015441895,2020-09-18,0.4086844027042389,1.0,"{""type"":""Point"",""coordinates"":[77.187472,10.251528000000002]}"
418,30,0.04290885105729103,38.44942855834961,2021-01-05,933.540283203125,1,44.0,29.920000076293945,2021-01-05,2021-01-04,25.298799514770508,292.095703125,2021-01-06,7.059999942779541,12.5,2021-01-05,0.3939018249511719,44.0,"{""type"":""Point"",""coordinates"":[77.187583,10.252194000000001]}"
419,10,0.49353277683258057,114.68778228759766,2023-05-24,855.2612915039062,1,1.0,7.099999904632568,2023-05-24,2023-05-23,30.747926712036133,295.3187561035156,2023-05-25,7.349999904632568,14.583333015441895,2023-05-24,0.41525015234947205,1.0,"{""type"":""Point"",""coordinates"":[77.181306,10.297194]}"
420,10,0.04418390244245529,143.19308471679688,2020-12-08,844.3306274414062,1,62.0,1474.97998046875,2020-12-08,2020-12-07,31.46821403503418,292.9696960449219,2020-12-09,4.309999942779541,6.25,2020-12-08,0.4185536801815033,62.0,"{""type"":""Point"",""coordinates"":[77.179944,10.295222]}"
421,10,0.41789257526397705,71.53080749511719,2021-04-30,806.9138793945312,1,4.0,0.1599999964237213,2021-04-30,2021-04-29,13.608652114868164,296.337158203125,2021-05-01,8.989999771118164,16.66666603088379,2021-04-30,0.3492978513240814,4.0,"{""type"":""Point"",""coordinates"":[77.181889,10.302417000000002]}"
422,10,0.1755332499742508,89.67292022705078,2021-08-13,831.4124755859375,1,1084.0,9.059999465942383,2021-08-13,2021-08-12,28.568241119384766,293.493896484375,2021-08-14,4.349999904632568,6.25,2021-08-13,0.42178598046302795,1.0,"{""type"":""Point"",""coordinates"":[77.182667,10.299944]}"
423,10,0.1123015359044075,131.3992156982422,2021-02-03,624.1736450195312,1,18.0,0.0,2021-02-03,2021-02-02,26.37806510925293,292.3849792480469,2021-02-04,0.04999999701976776,0.0,2021-02-03,0.280932754278183,18.0,"{""type"":""Point"",""coordinates"":[77.196389,10.315139]}"
424,10,0.03796369582414627,109.3500747680664,2021-01-03,640.61572265625,1,15.0,22.649999618530273,2021-01-03,2021-01-02,21.043176651000977,292.2211608886719,2021-01-04,3.200000047683716,6.25,2021-01-03,0.38118553161621094,15.0,"{""type"":""Point"",""coordinates"":[77.192167,10.31375]}"
425,30,0.168863445520401,304.9850769042969,2019-01-10,702.624267578125,1,2.0,0.0,2019-01-10,2019-01-09,19.332454681396484,290.28753662109375,2019-01-11,0.0,0.0,2019-01-10,0.26175180077552795,2.0,"{""type"":""Point"",""coordinates"":[77.197306,10.299583]}"
426,10,0.0824970155954361,146.4651641845703,2021-02-03,529.2225952148438,1,1204.0,0.0,2021-02-03,2021-02-02,34.78833770751953,292.3849792480469,2021-02-04,0.4399999976158142,0.0,2021-02-03,0.280932754278183,3.0,"{""type"":""Point"",""coordinates"":[77.20825,10.322528]}"
427,10,0.2530800402164459,335.48291015625,2022-07-31,663.643798828125,1,414.0,59831.27734375,2022-07-31,2022-07-30,8.963823318481445,295.5675354003906,2022-08-01,91.8699951171875,33.33333206176758,2022-07-31,0.418731689453125,414.0,"{""type"":""Point"",""coordinates"":[77.280389,10.267332999999999]}"
428,30,0.41986921429634094,262.1353759765625,2023-02-02,1882.157958984375,1,14.0,5.501999855041504,2023-02-02,2023-02-01,17.248186111450195,292.4802551269531,2023-02-03,14.829999923706055,25.0,2023-02-02,0.28241920471191406,3.0,"{""type"":""Point"",""coordinates"":[77.361944,10.284806000000001]}"
429,10,0.011831147596240044,17.312828063964844,2020-12-17,1912.4375,1,4.0,4.679999828338623,2020-12-17,2020-12-16,21.930984497070312,290.3349914550781,2020-12-18,37.060001373291016,31.25,2020-12-17,0.41056060791015625,1.0,"{""type"":""Point"",""coordinates"":[77.333611,10.249722]}"
430,30,0.15655142068862915,341.7990417480469,2023-07-21,1847.75244140625,1,4.0,0.3400000035762787,2023-07-21,2023-07-20,28.171558380126953,294.71649169921875,2023-07-22,0.41999998688697815,0.0,2023-07-21,0.38859620690345764,1.0,"{""type"":""Point"",""coordinates"":[77.333056,10.252222]}"
431,30,0.2243768572807312,330.345947265625,2020-10-24,1852.8170166015625,1,3.0,3.5799999237060547,2020-10-24,2020-10-23,17.002418518066406,293.7902526855469,2020-10-25,0.0,0.0,2020-10-24,0.3728790283203125,1.0,"{""type"":""Point"",""coordinates"":[77.32975,10.251778]}"
432,10,-0.012602281756699085,243.67420959472656,2019-10-30,1785.488525390625,1,16.0,1032.1600341796875,2019-10-30,2019-10-29,24.71367645263672,292.82696533203125,2019-10-31,81.31999969482422,56.25,2019-10-30,0.42616844177246094,16.0,"{""type"":""Point"",""coordinates"":[77.3315,10.258056]}"
433,30,-0.0038738239090889692,20.426191329956055,2019-12-03,1774.6094970703125,1,16.0,38.87999725341797,2019-12-03,2019-12-02,3.090364694595337,293.5654602050781,2019-12-04,2.7699999809265137,2.0833332538604736,2019-12-03,0.41844049096107483,16.0,"{""type"":""Point"",""coordinates"":[77.332389,10.256417000000003]}"
434,10,0.185153990983963,318.65899658203125,2019-01-13,2020.6788330078125,1,1.0,0.0,2019-01-13,2019-01-12,14.608524322509766,289.8540344238281,2019-01-14,0.17000000178813934,0.0,2019-01-13,0.22998745739459991,1.0,"{""type"":""Point"",""coordinates"":[77.33425,10.243444000000002]}"
435,10,0.6391522884368896,19.74931526184082,2021-04-05,2049.751953125,1,1.0,1.2100000381469727,2021-04-05,2021-04-04,33.320411682128906,295.2768859863281,2021-04-06,0.0,0.0,2021-04-05,0.14777755737304688,1.0,"{""type"":""Point"",""coordinates"":[77.350194,10.231861000000002]}"
436,30,0.10662715137004852,140.43402099609375,2021-07-23,2074.20068359375,1,5.0,1.399999976158142,2021-07-23,2021-07-22,20.450862884521484,291.5699157714844,2021-07-24,10.279999732971191,16.66666603088379,2021-07-23,0.4021034240722656,5.0,"{""type"":""Point"",""coordinates"":[77.350889,10.239388999999997]}"
437,10,0.5589411854743958,261.0151672363281,2023-09-03,2001.026123046875,1,95.0,9.40999984741211,2023-09-03,2023-09-02,30.950519561767578,292.79681396484375,2023-09-04,3.9799997806549072,6.25,2023-09-03,0.4172840118408203,1.0,"{""type"":""Point"",""coordinates"":[77.356167,10.216639]}"
438,10,0.2778507471084595,290.0756530761719,2022-04-08,1982.67529296875,1,95.0,0.0,2022-04-08,2022-04-07,31.348403930664062,294.3927307128906,2022-04-09,6.110000133514404,8.333333015441895,2022-04-08,0.18475723266601562,95.0,"{""type"":""Point"",""coordinates"":[77.355722,10.219111]}"
439,30,0.23031844198703766,159.11578369140625,2023-08-01,1952.1417236328125,1,95.0,0.0,2023-08-01,2023-07-31,12.100627899169922,293.4544677734375,2023-08-02,0.6029999852180481,0.0,2023-08-01,0.3521289825439453,95.0,"{""type"":""Point"",""coordinates"":[77.357806,10.220443999999999]}"
440,10,0.2306710034608841,184.2209014892578,2023-10-26,1965.2568359375,1,95.0,552.8999633789062,2023-10-26,2023-10-25,24.74910545349121,291.95648193359375,2023-10-27,4.699999809265137,10.416666984558105,2023-10-26,0.40900611877441406,95.0,"{""type"":""Point"",""coordinates"":[77.3565,10.220333]}"
441,10,0.5914357900619507,311.54119873046875,2019-03-08,1876.7181396484375,1,102.0,0.0,2019-03-08,2019-03-07,38.976341247558594,295.5456848144531,2019-03-09,0.04999999701976776,0.0,2019-03-08,0.18873532116413116,102.0,"{""type"":""Point"",""coordinates"":[77.348889,10.219444000000001]}"
442,10,0.07954147458076477,218.09967041015625,2019-11-21,1908.36376953125,1,102.0,1689.1199951171875,2019-11-21,2019-11-20,30.656583786010742,292.5519104003906,2019-11-22,0.0,0.0,2019-11-21,0.4061819612979889,102.0,"{""type"":""Point"",""coordinates"":[77.349722,10.220556000000002]}"
443,30,0.3626762330532074,54.71590805053711,2019-04-04,1933.8570556640625,1,109.0,0.0,2019-04-04,2019-04-03,6.302121162414551,297.439208984375,2019-04-05,0.0,0.0,2019-04-04,0.12747764587402344,109.0,"{""type"":""Point"",""coordinates"":[77.347556,10.205333]}"
444,40,0.08487007766962051,283.6396179199219,2019-12-28,1923.4334716796875,1,92.0,0.26999998092651367,2019-12-28,2019-12-27,14.631574630737305,292.4322509765625,2019-12-29,0.0,0.0,2019-12-28,0.3631063997745514,3.0,"{""type"":""Point"",""coordinates"":[77.333889,10.191944000000001]}"
445,30,0.28608185052871704,40.25967788696289,2022-05-08,1959.281494140625,1,2.0,0.0,2022-05-08,2022-05-07,23.902664184570312,294.7705078125,2022-05-09,34.9900016784668,18.75,2022-05-08,0.33924803137779236,1.0,"{""type"":""Point"",""coordinates"":[77.320056,10.19375]}"
446,10,0.06963745504617691,116.69136810302734,2022-12-23,1921.6763916015625,1,170.0,0.0,2022-12-23,2022-12-22,24.064117431640625,290.4093017578125,2022-12-24,0.0,0.0,2022-12-23,0.34336599707603455,4.0,"{""type"":""Point"",""coordinates"":[77.314528,10.199722]}"
447,10,0.5093566179275513,116.3309326171875,2022-03-24,1929.69873046875,1,170.0,669.7999877929688,2022-03-24,2022-03-23,28.994239807128906,294.9529724121094,2022-03-25,3.319999933242798,0.0,2022-03-24,0.2170441895723343,170.0,"{""type"":""Point"",""coordinates"":[77.31475,10.200222]}"
448,10,0.06197712942957878,355.4925231933594,2023-12-25,2231.464111328125,1,24.0,0.0,2023-12-25,2023-12-24,2.5713226795196533,290.8892517089844,2023-12-26,0.14000000059604645,0.0,2023-12-25,0.3858254849910736,24.0,"{""type"":""Point"",""coordinates"":[77.363056,10.166275000000002]}"
449,10,0.5336518883705139,98.51956939697266,2023-05-13,444.9851379394531,1,2.0,0.3999999761581421,2023-05-13,2023-05-12,28.608957290649414,298.6212158203125,2023-05-14,0.3999999761581421,0.0,2023-05-13,0.3066997528076172,2.0,"{""type"":""Point"",""coordinates"":[77.310464,10.048972]}"
450,30,0.23500141501426697,188.39891052246094,2022-04-20,576.1622924804688,1,1.0,5.099999904632568,2022-04-20,2022-04-19,24.42529296875,297.4595031738281,2022-04-21,0.0,0.0,2022-04-20,0.38441404700279236,1.0,"{""type"":""Point"",""coordinates"":[77.306408,10.046953]}"
451,10,0.09842550754547119,136.6081085205078,2021-08-11,453.9373474121094,1,2.0,2.5999999046325684,2021-08-11,2021-08-10,37.21874237060547,296.4065246582031,2021-08-12,4.559999942779541,8.333333015441895,2021-08-11,0.3278706967830658,2.0,"{""type"":""Point"",""coordinates"":[77.308981,10.046692000000002]}"
452,30,0.41882485151290894,155.3755645751953,2019-03-11,468.02972412109375,1,2.0,1.1399999856948853,2019-03-11,2019-03-10,33.54471206665039,300.16314697265625,2019-03-12,0.9799999594688416,2.0833332538604736,2019-03-11,0.17206065356731415,2.0,"{""type"":""Point"",""coordinates"":[77.30616900000001,10.044856]}"
453,10,0.5900714993476868,122.44712829589844,2021-04-03,566.6952514648438,1,2.0,0.0,2021-04-03,2021-04-02,26.916595458984375,302.3007507324219,2021-04-04,0.0,0.0,2021-04-03,0.16787593066692352,1.0,"{""type"":""Point"",""coordinates"":[77.3037,10.045611]}"
454,30,0.19001005589962006,100.11119079589844,2021-05-06,624.5114135742188,1,1.0,0.009999999776482582,2021-05-06,2021-05-05,34.773956298828125,299.746826171875,2021-05-07,7.25,6.25,2021-05-06,0.24340438842773438,1.0,"{""type"":""Point"",""coordinates"":[77.302472,10.045503]}"
455,10,0.5142049193382263,127.41935729980469,2019-02-27,551.879638671875,1,1.0,0.0,2019-02-27,2019-02-26,30.067779541015625,299.0406188964844,2019-02-28,1.3700000047683716,2.0833332538604736,2019-02-27,0.1474660187959671,1.0,"{""type"":""Point"",""coordinates"":[77.303367,10.043192000000001]}"
456,50,0.2914823889732361,181.7771453857422,2019-10-04,641.0394287109375,1,2.0,3.9600000381469727,2019-10-04,2019-10-03,32.137351989746094,296.720703125,2019-10-05,1.7599999904632568,4.166666507720947,2019-10-04,0.40667152404785156,1.0,"{""type"":""Point"",""coordinates"":[77.300431,10.043597000000002]}"
457,10,0.05603403598070145,202.83914184570312,2021-01-21,645.7990112304688,1,2.0,0.0,2021-01-21,2021-01-20,28.98619270324707,293.9631652832031,2021-01-22,0.29999998211860657,0.0,2021-01-21,0.3579336702823639,2.0,"{""type"":""Point"",""coordinates"":[77.299331,10.044442]}"
458,10,0.07706543803215027,186.51913452148438,2019-11-16,683.8609008789062,1,2.0,36.0,2019-11-16,2019-11-15,22.487407684326172,296.1293640136719,2019-11-17,16.939998626708984,20.83333396911621,2019-11-16,0.3847878873348236,1.0,"{""type"":""Point"",""coordinates"":[77.295475,10.045336]}"
459,30,0.2834072709083557,31.412506103515625,2019-01-26,1237.5816650390625,1,1.0,0.0,2019-01-26,2019-01-25,39.5859375,295.5758056640625,2019-01-27,0.0,0.0,2019-01-26,0.15520858764648438,1.0,"{""type"":""Point"",""coordinates"":[77.277003,10.044303]}"
460,10,0.2917603850364685,55.24017333984375,2022-08-28,684.1342163085938,1,1.0,56.64999771118164,2022-08-28,2022-08-27,17.92214012145996,294.99853515625,2022-08-29,12.59999942779541,16.66666603088379,2022-08-28,0.4384498596191406,1.0,"{""type"":""Point"",""coordinates"":[77.2935,10.043981]}"
461,50,0.21271690726280212,173.33689880371094,2022-01-29,719.4313354492188,1,1.0,0.0,2022-01-29,2022-01-28,28.29851531982422,295.0906677246094,2022-01-30,0.0,0.0,2022-01-29,0.16961097717285156,1.0,"{""type"":""Point"",""coordinates"":[77.293164,10.042353000000002]}"
462,50,0.13980349898338318,174.5519256591797,2023-07-29,719.9341430664062,1,2.0,0.0,2023-07-29,2023-07-28,38.776885986328125,296.9764099121094,2023-07-30,0.0,0.0,2023-07-29,0.3568693697452545,2.0,"{""type"":""Point"",""coordinates"":[77.290631,10.040128]}"
463,30,0.037463583052158356,164.8267822265625,2021-12-20,717.4461059570312,1,2.0,0.0,2021-12-20,2021-12-19,35.538658142089844,293.3273010253906,2021-12-21,0.0,0.0,2021-12-20,0.32923635840415955,1.0,"{""type"":""Point"",""coordinates"":[77.291872,10.040314]}"
464,50,0.16833485662937164,168.83448791503906,2022-01-22,956.1929931640625,1,1.0,0.0,2022-01-22,2022-01-21,36.62236404418945,295.61090087890625,2022-01-23,0.0,0.0,2022-01-22,0.17285029590129852,1.0,"{""type"":""Point"",""coordinates"":[77.279914,10.037706000000002]}"
465,10,0.25155001878738403,187.5039520263672,2023-01-29,1006.5711669921875,1,12.0,0.0,2023-01-29,2023-01-28,38.08307647705078,294.26983642578125,2023-01-30,0.0,0.0,2023-01-29,0.16964466869831085,1.0,"{""type"":""Point"",""coordinates"":[77.273086,10.037978]}"
466,30,0.10650976002216339,200.49806213378906,2023-10-04,1010.1846923828125,1,2.0,0.0,2023-10-04,2023-10-03,39.475711822509766,296.32147216796875,2023-10-05,0.05999999865889549,0.0,2023-10-04,0.39475950598716736,2.0,"{""type"":""Point"",""coordinates"":[77.276147,10.036908]}"
467,50,0.07009677588939667,191.6941375732422,2022-08-23,829.3861694335938,1,2.0,132.25999450683594,2022-08-23,2022-08-22,26.728626251220703,295.833984375,2022-08-24,12.029999732971191,16.66666603088379,2022-08-23,0.41599908471107483,2.0,"{""type"":""Point"",""coordinates"":[77.278042,10.034431]}"
468,50,0.1576051265001297,109.67586517333984,2020-01-25,835.618896484375,1,2.0,0.0,2020-01-25,2020-01-24,30.191486358642578,296.5163879394531,2020-01-26,0.0,0.0,2020-01-25,0.15675099194049835,1.0,"{""type"":""Point"",""coordinates"":[77.279533,10.035131]}"
469,10,0.3407556116580963,172.27587890625,2022-06-19,528.7613525390625,1,4.0,7.12999963760376,2022-06-19,2022-06-18,31.483896255493164,296.744384765625,2022-06-20,4.509999752044678,8.333333015441895,2022-06-19,0.3399944305419922,1.0,"{""type"":""Point"",""coordinates"":[77.301744,10.042142000000002]}"
470,10,0.07601822167634964,179.1875762939453,2019-11-15,530.2766723632812,1,4.0,2.069999933242798,2019-11-15,2019-11-14,32.28459930419922,295.7126770019531,2019-11-16,35.220001220703125,14.583333015441895,2019-11-15,0.3865915834903717,1.0,"{""type"":""Point"",""coordinates"":[77.301367,10.042117000000001]}"
471,30,0.25548985600471497,129.33871459960938,2022-05-10,480.06243896484375,1,2.0,18.420000076293945,2022-05-10,2022-05-09,23.434606552124023,298.43841552734375,2022-05-11,31.44999885559082,33.33333206176758,2022-05-10,0.24160194396972656,1.0,"{""type"":""Point"",""coordinates"":[77.304019,10.042678]}"
472,30,0.22050221264362335,283.4284362792969,2023-03-26,1634.948974609375,1,2.0,2.559999942779541,2023-03-26,2023-03-25,4.649569511413574,296.2312316894531,2023-03-27,0.0,0.0,2023-03-26,0.3566061556339264,1.0,"{""type"":""Point"",""coordinates"":[77.23,10.0]}"
473,10,0.03824317455291748,100.20050048828125,2019-12-21,1185.8248291015625,1,1.0,10.519999504089355,2019-12-21,2019-12-20,21.272024154663086,294.2375183105469,2019-12-22,16.219999313354492,27.08333396911621,2019-12-21,0.40594735741615295,1.0,"{""type"":""Point"",""coordinates"":[77.218058,9.937473]}"
474,10,0.11965592205524445,281.9024353027344,2021-09-22,1308.2667236328125,1,4.0,3.359999895095825,2021-09-22,2021-09-21,28.228017807006836,295.1916809082031,2021-09-23,5.059999942779541,2.0833332538604736,2021-09-22,0.470416396856308,4.0,"{""type"":""Point"",""coordinates"":[77.22,10.0]}"
475,10,0.35150039196014404,281.9024353027344,2023-04-17,1308.2667236328125,1,4.0,0.0,2023-04-17,2023-04-16,28.228017807006836,297.7759094238281,2023-04-18,0.0,0.0,2023-04-17,0.30358949303627014,4.0,"{""type"":""Point"",""coordinates"":[77.22,10.0]}"
476,10,0.1776716113090515,340.10552978515625,2022-04-07,1164.43505859375,1,3.0,9.720000267028809,2022-04-07,2022-04-06,18.00716209411621,296.9903564453125,2022-04-08,0.03999999910593033,0.0,2022-04-07,0.3038533627986908,3.0,"{""type"":""Point"",""coordinates"":[77.180848,9.992798]}"
477,10,0.16661366820335388,53.4595832824707,2021-09-07,1237.261474609375,1,3.0,20.059999465942383,2021-09-07,2021-09-06,15.717692375183105,293.5735168457031,2021-09-08,1.5499999523162842,2.0833332538604736,2021-09-07,0.46530914306640625,1.0,"{""type"":""Point"",""coordinates"":[77.18,10.02]}"
478,30,0.07061417400836945,196.73834228515625,2022-07-19,1613.7921142578125,1,6.0,27.299999237060547,2022-07-19,2022-07-18,32.60327911376953,292.2247619628906,2022-07-20,9.649999618530273,12.5,2022-07-19,0.4267463684082031,5.0,"{""type"":""Point"",""coordinates"":[77.21,10.05]}"
479,10,0.05302436649799347,103.03272247314453,2023-05-21,1912.318115234375,1,2.0,0.29999998211860657,2023-05-21,2023-05-20,9.921324729919434,295.065185546875,2023-05-22,7.029999732971191,6.25,2023-05-21,0.37959542870521545,1.0,"{""type"":""Point"",""coordinates"":[77.22,10.060000000000002]}"
480,10,0.07249879091978073,164.46539306640625,2019-11-13,1674.839111328125,1,2.0,1.809999942779541,2019-11-13,2019-11-12,12.113950729370117,292.77099609375,2019-11-14,0.5199999809265137,2.0833332538604736,2019-11-13,0.40660157799720764,1.0,"{""type"":""Point"",""coordinates"":[77.22,10.05]}"
481,30,0.3868033289909363,137.02212524414062,2023-06-19,1245.9283447265625,1,13.0,125.9699935913086,2023-06-19,2023-06-18,10.915736198425293,295.29180908203125,2023-06-20,7.769999980926514,10.416666984558105,2023-06-19,0.45445123314857483,13.0,"{""type"":""Point"",""coordinates"":[77.21,10.029999999999998]}"
482,10,0.32913267612457275,358.75347900390625,2022-09-28,1217.518798828125,1,26.0,4.099999904632568,2022-09-28,2022-09-27,6.989091396331787,295.6505432128906,2022-09-29,1.8599998950958252,0.0,2022-09-28,0.43911615014076233,5.0,"{""type"":""Point"",""coordinates"":[77.24,10.02]}"
483,10,0.12816616892814636,337.2878723144531,2022-10-31,1418.8123779296875,1,3.0,0.9799999594688416,2022-10-31,2022-10-30,41.45109939575195,294.0961608886719,2022-11-01,17.529998779296875,18.75,2022-10-31,0.47259268164634705,2.0,"{""type"":""Point"",""coordinates"":[77.25,10.020000000000001]}"
484,10,0.7289404273033142,3.2390265464782715,2019-04-02,1472.239990234375,1,1.0,0.09400000423192978,2019-04-02,2019-04-01,22.97760772705078,302.9903869628906,2019-04-03,0.0,0.0,2019-04-02,0.14361698925495148,1.0,"{""type"":""Point"",""coordinates"":[77.26,10.02]}"
485,10,0.021257450804114342,3.2390265464782715,2022-08-16,1472.239990234375,1,1.0,0.6499999761581421,2022-08-16,2022-08-15,22.97760772705078,296.8313293457031,2022-08-17,0.3700000047683716,0.0,2022-08-16,0.3573640286922455,1.0,"{""type"":""Point"",""coordinates"":[77.26,10.02]}"
486,10,0.49171024560928345,110.02445220947266,2021-03-09,1509.086181640625,1,1.0,0.0,2021-03-09,2021-03-08,11.418559074401855,299.02947998046875,2021-03-10,0.0,0.0,2021-03-09,0.14352543652057648,1.0,"{""type"":""Point"",""coordinates"":[77.259219,10.018700000000003]}"
487,10,-0.024275172501802444,46.11214065551758,2021-01-26,1351.5406494140625,1,3.0,0.0,2021-01-26,2021-01-25,38.57894515991211,292.5487365722656,2021-01-27,0.0,0.0,2021-01-26,0.3144868314266205,3.0,"{""type"":""Point"",""coordinates"":[77.263808,10.021278]}"
488,10,0.0890328511595726,48.53415298461914,2023-01-08,1257.9910888671875,1,3.0,2.2200000286102295,2023-01-08,2023-01-07,31.594911575317383,293.5997619628906,2023-01-09,0.0,0.0,2023-01-08,0.21033287048339844,3.0,"{""type"":""Point"",""coordinates"":[77.264906,10.022621999999998]}"
489,10,-4.515692126005888E-5,93.1563491821289,2020-12-11,1261.243896484375,1,3.0,10.199999809265137,2020-12-11,2020-12-10,35.26173400878906,295.3197326660156,2020-12-12,0.7099999785423279,0.0,2020-12-11,0.38481584191322327,3.0,"{""type"":""Point"",""coordinates"":[77.264536,10.0237]}"
490,10,0.02644186094403267,14.029302597045898,2019-09-04,1256.19482421875,1,3.0,13.380000114440918,2019-09-04,2019-09-03,34.1688346862793,295.9743347167969,2019-09-05,7.71999979019165,12.5,2019-09-04,0.400744765996933,3.0,"{""type"":""Point"",""coordinates"":[77.265714,10.021663999999998]}"
491,10,0.058665309101343155,53.880889892578125,2020-07-27,1292.3111572265625,1,3.0,3.7799999713897705,2020-07-27,2020-07-26,25.31986427307129,296.8296203613281,2020-07-28,0.9199999570846558,2.0833332538604736,2020-07-27,0.33116403222084045,3.0,"{""type"":""Point"",""coordinates"":[77.264514,10.021339]}"
492,10,0.14082278311252594,28.92915916442871,2019-01-24,1359.4547119140625,1,3.0,0.0,2019-01-24,2019-01-23,35.66603469848633,294.738525390625,2019-01-25,0.0,0.0,2019-01-24,0.15457980334758759,1.0,"{""type"":""Point"",""coordinates"":[77.265406,10.020022]}"
493,10,0.1733805537223816,58.40602493286133,2023-07-14,1361.645751953125,1,1.0,3.109999895095825,2023-07-14,2023-07-13,31.71272850036621,295.9090270996094,2023-07-15,0.0,0.0,2023-07-14,0.39671579003334045,1.0,"{""type"":""Point"",""coordinates"":[77.265664,10.019721999999998]}"
494,10,0.10744144767522812,30.61282730102539,2022-11-04,1281.299560546875,1,4.0,57.0,2022-11-04,2022-11-03,25.85354995727539,295.10491943359375,2022-11-05,31.28999900817871,20.83333396911621,2022-11-04,0.4327411651611328,3.0,"{""type"":""Point"",""coordinates"":[77.266194,10.020811]}"
495,10,-0.004381739068776369,124.38737487792969,2023-11-21,1136.072998046875,1,2.0,3.379999876022339,2023-11-21,2023-11-20,34.1918830871582,295.443603515625,2023-11-22,28.53999900817871,29.16666603088379,2023-11-21,0.4040718078613281,2.0,"{""type"":""Point"",""coordinates"":[77.267081,10.030002999999999]}"
496,10,0.27113476395606995,98.68343353271484,2021-03-15,1203.5445556640625,1,2.0,0.0,2021-03-15,2021-03-14,24.313034057617188,298.98895263671875,2021-03-16,0.0,0.0,2021-03-15,0.15384037792682648,1.0,"{""type"":""Point"",""coordinates"":[77.266225,10.030008]}"
497,10,0.07924528419971466,98.75711059570312,2020-07-24,1221.5150146484375,1,2.0,123.25999450683594,2020-07-24,2020-07-23,39.91868591308594,297.2282409667969,2020-07-25,3.7799997329711914,6.25,2020-07-24,0.36919212341308594,2.0,"{""type"":""Point"",""coordinates"":[77.265719,10.028983]}"
498,30,0.021108213812112808,108.83537292480469,2022-01-17,1210.5286865234375,1,2.0,0.0,2022-01-17,2022-01-16,33.81026840209961,296.28692626953125,2022-01-18,0.0,0.0,2022-01-17,0.1921710968017578,2.0,"{""type"":""Point"",""coordinates"":[77.265528,10.027647]}"
499,10,0.09711019694805145,26.14499855041504,2023-07-23,1116.164794921875,1,7.0,17.989999771118164,2023-07-23,2023-07-22,38.22300720214844,297.0009765625,2023-07-24,8.859999656677246,16.66666603088379,2023-07-23,0.3565762937068939,7.0,"{""type"":""Point"",""coordinates"":[77.265406,10.033883000000001]}"
500,10,0.22195035219192505,41.14390563964844,2022-01-27,1099.169677734375,1,9.0,0.0,2022-01-27,2022-01-26,42.41969680786133,296.1525573730469,2022-01-28,0.0,0.0,2022-01-27,0.17327880859375,1.0,"{""type"":""Point"",""coordinates"":[77.266333,10.033208]}"
501,10,0.022903673350811005,172.8321075439453,2019-09-12,1083.1033935546875,1,9.0,112.31999969482422,2019-09-12,2019-09-11,39.774330139160156,296.18310546875,2019-09-13,7.419999599456787,10.416666984558105,2019-09-12,0.3816629946231842,9.0,"{""type"":""Point"",""coordinates"":[77.266644,10.036719]}"
502,10,0.3692891597747803,175.30284118652344,2022-06-24,1043.05810546875,1,12.0,11.279999732971191,2022-06-24,2022-06-23,37.31394958496094,297.09356689453125,2022-06-25,2.7899999618530273,4.166666507720947,2022-06-24,0.28420957922935486,1.0,"{""type"":""Point"",""coordinates"":[77.2708,10.037483]}"
503,30,0.19276466965675354,194.7085723876953,2020-02-03,1841.0882568359375,1,1.0,0.0,2020-02-03,2020-02-02,29.686756134033203,294.121337890625,2020-02-04,0.0,0.0,2020-02-03,0.1452198028564453,1.0,"{""type"":""Point"",""coordinates"":[77.23,10.060000000000002]}"
504,10,0.26102930307388306,103.17153930664062,2021-05-06,664.5401000976562,1,7.0,0.0,2021-05-06,2021-05-05,14.749846458435059,296.5398864746094,2021-05-07,11.389999389648438,8.333333015441895,2021-05-06,0.33075079321861267,7.0,"{""type"":""Point"",""coordinates"":[77.255369,10.076961]}"
505,10,0.3269917964935303,6.430696487426758,2021-10-27,668.7792358398438,1,7.0,25.34000015258789,2021-10-27,2021-10-26,18.40283203125,293.85699462890625,2021-10-28,28.849998474121094,29.16666603088379,2021-10-27,0.4208202362060547,7.0,"{""type"":""Point"",""coordinates"":[77.255686,10.076472]}"
506,10,0.03693186119198799,346.6493835449219,2022-09-17,1898.4901123046875,1,33.0,47.25,2022-09-17,2022-09-16,27.089204788208008,293.1591796875,2022-09-18,1.6399999856948853,4.166666507720947,2022-09-17,0.37351036071777344,21.0,"{""type"":""Point"",""coordinates"":[77.18,10.080000000000002]}"
507,10,-0.019167492166161537,346.6493835449219,2022-06-11,1898.4901123046875,1,33.0,109.83000183105469,2022-06-11,2022-06-10,27.089204788208008,293.94403076171875,2022-06-12,1.4499999284744263,2.0833332538604736,2022-06-11,0.36415228247642517,21.0,"{""type"":""Point"",""coordinates"":[77.18,10.080000000000002]}"
508,10,0.05496563762426376,315.7276916503906,2023-09-23,1715.435546875,1,14.0,61.14999771118164,2023-09-23,2023-09-22,10.791621208190918,293.1529541015625,2023-09-24,0.5899999737739563,0.0,2023-09-23,0.42097917199134827,5.0,"{""type"":""Point"",""coordinates"":[77.16,10.1]}"
509,10,0.20517978072166443,315.7276916503906,2021-05-01,1715.435546875,1,14.0,26.0,2021-05-01,2021-04-30,10.791621208190918,295.3694763183594,2021-05-02,98.01399993896484,37.5,2021-05-01,0.327496200799942,5.0,"{""type"":""Point"",""coordinates"":[77.16,10.1]}"
510,10,0.04854965955018997,315.7276916503906,2019-08-13,1715.435546875,1,14.0,49.599998474121094,2019-08-13,2019-08-12,10.791621208190918,292.1463928222656,2019-08-14,20.1299991607666,31.25,2019-08-13,0.42349180579185486,5.0,"{""type"":""Point"",""coordinates"":[77.16,10.1]}"
511,10,0.23796267807483673,166.32644653320312,2019-05-16,1692.04248046875,1,3.0,6.299999713897705,2019-05-16,2019-05-15,15.147690773010254,295.15753173828125,2019-05-17,0.23999999463558197,0.0,2019-05-16,0.4084440767765045,3.0,"{""type"":""Point"",""coordinates"":[77.16,10.11]}"
512,10,0.3228990435600281,166.32644653320312,2022-02-01,1692.04248046875,1,3.0,1.6500000953674316,2022-02-01,2022-01-31,15.147690773010254,293.9138488769531,2022-02-02,0.49699997901916504,0.0,2022-02-01,0.19104893505573273,3.0,"{""type"":""Point"",""coordinates"":[77.16,10.11]}"
513,10,0.4790560007095337,166.32644653320312,2023-02-19,1692.04248046875,1,3.0,0.0,2023-02-19,2023-02-18,15.147690773010254,291.73944091796875,2023-02-20,0.0,0.0,2023-02-19,0.15658314526081085,3.0,"{""type"":""Point"",""coordinates"":[77.16,10.11]}"
514,10,0.09156206250190735,166.32644653320312,2021-07-17,1692.04248046875,1,3.0,32.459999084472656,2021-07-17,2021-07-16,15.147690773010254,291.86859130859375,2021-07-18,13.339999198913574,20.83333396911621,2021-07-17,0.4232158660888672,3.0,"{""type"":""Point"",""coordinates"":[77.16,10.11]}"
515,10,0.8024758100509644,179.13027954101562,2020-02-25,1668.2393798828125,1,41.0,4.509999752044678,2020-02-25,2020-02-24,5.438790798187256,294.80999755859375,2020-02-26,0.0,0.0,2020-02-25,0.14051246643066406,1.0,"{""type"":""Point"",""coordinates"":[77.15,10.110000000000001]}"
516,10,0.04341794550418854,179.13027954101562,2020-08-31,1668.2393798828125,1,41.0,11.489999771118164,2020-08-31,2020-08-30,5.438790798187256,292.9521179199219,2020-09-01,54.34000015258789,39.58333206176758,2020-08-31,0.3965097963809967,1.0,"{""type"":""Point"",""coordinates"":[77.15,10.110000000000001]}"
517,10,0.31799906492233276,179.13027954101562,2021-06-19,1668.2393798828125,1,41.0,3.879999876022339,2021-06-19,2021-06-18,5.438790798187256,291.7454833984375,2021-06-20,1.0,2.0833332538604736,2021-06-19,0.41630807518959045,1.0,"{""type"":""Point"",""coordinates"":[77.15,10.110000000000001]}"
518,10,0.5000453591346741,354.9292907714844,2023-01-27,1642.179931640625,1,5.0,10.399999618530273,2023-01-27,2023-01-26,14.95407485961914,291.58148193359375,2023-01-28,3.879999876022339,0.0,2023-01-27,0.26056480407714844,5.0,"{""type"":""Point"",""coordinates"":[77.14,10.110000000000001]}"
519,10,0.2929842174053192,349.4094543457031,2023-06-05,1621.95361328125,1,6.0,16.440000534057617,2023-06-05,2023-06-04,5.982669830322266,293.8992614746094,2023-06-06,10.600000381469727,4.166666507720947,2023-06-05,0.4089895784854889,6.0,"{""type"":""Point"",""coordinates"":[77.14,10.07]}"
520,30,0.06102065369486809,23.79307746887207,2021-11-11,1670.8692626953125,1,2.0,9.220000267028809,2021-11-11,2021-11-10,14.021390914916992,291.3932189941406,2021-11-12,3.7699997425079346,4.166666507720947,2021-11-11,0.42356619238853455,2.0,"{""type"":""Point"",""coordinates"":[77.15,10.07]}"
521,30,0.4299200177192688,23.79307746887207,2022-03-27,1670.8692626953125,1,2.0,6.460000038146973,2022-03-27,2022-03-26,14.021390914916992,294.1969909667969,2022-03-28,21.35999870300293,10.416666984558105,2022-03-27,0.3174832761287689,2.0,"{""type"":""Point"",""coordinates"":[77.15,10.07]}"
522,30,0.13933736085891724,23.79307746887207,2021-05-19,1670.8692626953125,1,2.0,6.739999771118164,2021-05-19,2021-05-18,14.021390914916992,293.2674865722656,2021-05-20,54.279998779296875,39.58333206176758,2021-05-19,0.40669503808021545,2.0,"{""type"":""Point"",""coordinates"":[77.15,10.07]}"
523,10,0.29596400260925293,264.67340087890625,2020-12-09,1669.4947509765625,1,69.0,334.6499938964844,2020-12-09,2020-12-08,2.920847177505493,292.7353210449219,2020-12-10,0.7199999690055847,0.0,2020-12-09,0.4046853482723236,69.0,"{""type"":""Point"",""coordinates"":[77.16,10.069999999999999]}"
524,10,0.8532379269599915,264.67340087890625,2021-03-23,1669.4947509765625,1,69.0,16.559999465942383,2021-03-23,2021-03-22,2.920847177505493,296.4336853027344,2021-03-24,2.619999885559082,4.166666507720947,2021-03-23,0.13600413501262665,69.0,"{""type"":""Point"",""coordinates"":[77.16,10.069999999999999]}"
525,10,0.4413774609565735,264.67340087890625,2023-08-23,1669.4947509765625,1,69.0,739.6799926757812,2023-08-23,2023-08-22,2.920847177505493,294.1504211425781,2023-08-24,1.0899999141693115,0.0,2023-08-23,0.36803627014160156,69.0,"{""type"":""Point"",""coordinates"":[77.16,10.069999999999999]}"
526,10,0.8419227004051208,5.109156608581543,2023-01-31,1805.6190185546875,1,3.0,0.21000000834465027,2023-01-31,2023-01-30,28.711584091186523,292.46307373046875,2023-02-01,1.209999918937683,0.0,2023-01-31,0.21157900989055634,3.0,"{""type"":""Point"",""coordinates"":[77.16,10.08]}"
527,10,0.8622217178344727,5.109156608581543,2021-03-26,1805.6190185546875,1,3.0,1.2899999618530273,2021-03-26,2021-03-25,28.711584091186523,295.9565734863281,2021-03-27,1.149999976158142,2.0833332538604736,2021-03-26,0.1356487274169922,3.0,"{""type"":""Point"",""coordinates"":[77.16,10.08]}"
528,10,0.8796399235725403,165.03919982910156,2023-01-29,1986.1259765625,1,1.0,0.1899999976158142,2023-01-29,2023-01-28,30.986055374145508,291.2578125,2023-01-30,0.0,0.0,2023-01-29,0.20753414928913116,1.0,"{""type"":""Point"",""coordinates"":[77.17000000000002,10.09]}"
529,10,0.6527723670005798,165.03919982910156,2020-03-03,1986.1259765625,1,1.0,2.190000057220459,2020-03-03,2020-03-02,30.986055374145508,294.548583984375,2020-03-04,5.669999599456787,10.416666984558105,2020-03-03,0.17627651989459991,1.0,"{""type"":""Point"",""coordinates"":[77.17000000000002,10.09]}"
530,10,0.05882519483566284,165.03919982910156,2022-06-18,1986.1259765625,1,1.0,32.46999740600586,2022-06-18,2022-06-17,30.986055374145508,293.3519287109375,2022-06-19,9.559999465942383,16.66666603088379,2022-06-18,0.40721192955970764,1.0,"{""type"":""Point"",""coordinates"":[77.17000000000002,10.09]}"
531,10,0.16899125277996063,169.48605346679688,2020-05-03,1788.2523193359375,1,5.0,3.569999933242798,2020-05-03,2020-05-02,8.662181854248047,296.1017150878906,2020-05-04,2.609999895095825,4.166666507720947,2020-05-03,0.33608946204185486,3.0,"{""type"":""Point"",""coordinates"":[77.17000000000002,10.080000000000002]}"
532,10,0.02085265889763832,272.66558837890625,2023-07-29,1812.5494384765625,1,2.0,4.199999809265137,2023-07-29,2023-07-28,16.42746353149414,293.2582092285156,2023-07-30,1.559999942779541,2.0833332538604736,2023-07-29,0.4069143831729889,2.0,"{""type"":""Point"",""coordinates"":[77.17000000000002,10.07]}"
533,10,0.24712593853473663,69.45977783203125,2020-12-30,1762.177001953125,1,3.0,0.0,2020-12-30,2020-12-29,14.049680709838867,291.9001770019531,2020-12-31,0.0,0.0,2020-12-30,0.36161550879478455,3.0,"{""type"":""Point"",""coordinates"":[77.16,10.059999999999999]}"
534,10,0.7073408961296082,69.45977783203125,2019-02-19,1762.177001953125,1,3.0,2.25,2019-02-19,2019-02-18,14.049680709838867,294.12615966796875,2019-02-20,1.8799999952316284,0.0,2019-02-19,0.2297636717557907,3.0,"{""type"":""Point"",""coordinates"":[77.16,10.059999999999999]}"
535,10,0.19923582673072815,140.18679809570312,2022-06-30,1495.546142578125,1,1.0,0.0,2022-06-30,2022-06-29,15.7914400100708,293.94805908203125,2022-07-01,36.599998474121094,43.75,2022-06-30,0.47153791785240173,1.0,"{""type"":""Point"",""coordinates"":[77.17000000000002,10.04]}"
536,10,0.46376147866249084,211.31068420410156,2021-04-18,1351.15771484375,1,3.0,0.6299999952316284,2021-04-18,2021-04-17,26.734037399291992,295.52276611328125,2021-04-19,1.0299999713897705,0.0,2021-04-18,0.4558931887149811,3.0,"{""type"":""Point"",""coordinates"":[77.17000000000002,10.02]}"
537,30,0.20161090791225433,211.0024871826172,2019-12-08,1234.858154296875,1,3.0,3.419999837875366,2019-12-08,2019-12-07,26.746219635009766,293.4806823730469,2019-12-09,0.0,0.0,2019-12-08,0.46786054968833923,3.0,"{""type"":""Point"",""coordinates"":[77.16,10.02]}"
538,10,0.12154936045408249,187.4784698486328,2023-05-31,1624.4688720703125,1,5.0,14.09999942779541,2023-05-31,2023-05-30,14.15321159362793,296.3766174316406,2023-06-01,3.4800000190734863,0.0,2023-05-31,0.46658387780189514,5.0,"{""type"":""Point"",""coordinates"":[77.16,10.039999999999997]}"
539,10,0.01791984587907791,118.70217895507812,2019-09-06,1843.230712890625,1,2.0,12.75999927520752,2019-09-06,2019-09-05,18.156749725341797,293.16552734375,2019-09-07,3.5199999809265137,8.333333015441895,2019-09-06,0.5082995295524597,2.0,"{""type"":""Point"",""coordinates"":[77.14,10.04]}"
540,10,0.20881812274456024,238.87254333496094,2022-10-29,1826.98974609375,1,1.0,0.25999999046325684,2022-10-29,2022-10-28,17.225921630859375,291.7245788574219,2022-10-30,5.090000152587891,8.333333015441895,2022-10-29,0.38326963782310486,1.0,"{""type"":""Point"",""coordinates"":[77.14,10.06]}"
541,10,0.05542566254734993,238.87254333496094,2021-12-17,1826.98974609375,1,1.0,0.0,2021-12-17,2021-12-16,17.225921630859375,292.2713928222656,2021-12-18,0.5899999737739563,0.0,2021-12-17,0.350421279668808,1.0,"{""type"":""Point"",""coordinates"":[77.14,10.06]}"
542,30,0.2698836922645569,179.35601806640625,2019-03-23,1858.36767578125,1,1.0,0.0,2019-03-23,2019-03-22,24.743127822875977,296.2813415527344,2019-03-24,0.0,0.0,2019-03-23,0.14703305065631866,1.0,"{""type"":""Point"",""coordinates"":[77.13,10.059999999999999]}"
543,30,0.15765754878520966,179.35601806640625,2021-05-22,1858.36767578125,1,1.0,15.609999656677246,2021-05-22,2021-05-21,24.743127822875977,292.4404296875,2021-05-23,23.229999542236328,16.66666603088379,2021-05-22,0.4240163266658783,1.0,"{""type"":""Point"",""coordinates"":[77.13,10.059999999999999]}"
544,30,0.026643645018339157,179.35601806640625,2019-11-05,1858.36767578125,1,1.0,12.429999351501465,2019-11-05,2019-11-04,24.743127822875977,292.3272399902344,2019-11-06,7.599999904632568,6.25,2019-11-05,0.41093191504478455,1.0,"{""type"":""Point"",""coordinates"":[77.13,10.059999999999999]}"
545,30,0.2698836922645569,179.35601806640625,2019-03-24,1858.36767578125,1,1.0,0.0,2019-03-24,2019-03-23,24.743127822875977,296.47454833984375,2019-03-25,0.0,0.0,2019-03-24,0.14454586803913116,1.0,"{""type"":""Point"",""coordinates"":[77.13,10.059999999999999]}"
546,10,0.12353034317493439,190.52565002441406,2021-06-07,1630.5078125,1,1.0,0.0,2021-06-07,2021-06-06,23.25374412536621,292.71673583984375,2021-06-08,0.0,0.0,2021-06-07,0.41463470458984375,1.0,"{""type"":""Point"",""coordinates"":[77.109936,10.06755]}"
547,10,0.05212044715881348,190.52565002441406,2021-08-15,1630.5078125,1,1.0,20.529998779296875,2021-08-15,2021-08-14,23.25374412536621,291.5596923828125,2021-08-16,17.60999870300293,29.16666603088379,2021-08-15,0.42257118225097656,1.0,"{""type"":""Point"",""coordinates"":[77.109936,10.06755]}"
548,10,0.17628213763237,251.4477081298828,2020-11-19,1605.9715576171875,1,1.0,14.119999885559082,2020-11-19,2020-11-18,13.154001235961914,292.32147216796875,2020-11-20,0.6499999761581421,0.0,2020-11-19,0.41873612999916077,1.0,"{""type"":""Point"",""coordinates"":[77.109875,10.06665]}"
549,10,0.04034586623311043,251.4477081298828,2022-09-04,1605.9715576171875,1,1.0,0.6100000143051147,2022-09-04,2022-09-03,13.154001235961914,292.4516906738281,2022-09-05,72.72999572753906,43.75,2022-09-04,0.41585221886634827,1.0,"{""type"":""Point"",""coordinates"":[77.109875,10.06665]}"
550,10,0.2296741008758545,172.88290405273438,2021-06-08,1539.4246826171875,1,25.0,0.0,2021-06-08,2021-06-07,1.5810000896453857,293.5243225097656,2021-06-09,2.299999952316284,4.166666507720947,2021-06-08,0.403271347284317,4.0,"{""type"":""Point"",""coordinates"":[77.12000000000002,10.05]}"
551,30,0.08458767086267471,314.9468078613281,2022-06-22,1621.7086181640625,1,6.0,72.05999755859375,2022-06-22,2022-06-21,13.25353717803955,292.39453125,2022-06-23,9.880000114440918,10.416666984558105,2022-06-22,0.4191678464412689,6.0,"{""type"":""Point"",""coordinates"":[77.13,10.05]}"
552,30,-0.005375937093049288,129.6792449951172,2020-10-03,1533.8472900390625,1,3.0,10.0,2020-10-03,2020-10-02,26.779672622680664,293.7271728515625,2020-10-04,5.769999980926514,8.333333015441895,2020-10-03,0.4498494565486908,2.0,"{""type"":""Point"",""coordinates"":[77.12000000000002,10.03]}"
553,30,0.44627875089645386,129.6792449951172,2023-03-06,1533.8472900390625,1,3.0,0.0,2023-03-06,2023-03-05,26.779672622680664,295.73309326171875,2023-03-07,0.3100000023841858,0.0,2023-03-06,0.27753448486328125,2.0,"{""type"":""Point"",""coordinates"":[77.12000000000002,10.03]}"
554,30,0.2659813165664673,129.6792449951172,2023-02-15,1533.8472900390625,1,3.0,0.0,2023-02-15,2023-02-14,26.779672622680664,293.5735168457031,2023-02-16,0.0,0.0,2023-02-15,0.29592832922935486,2.0,"{""type"":""Point"",""coordinates"":[77.12000000000002,10.03]}"
555,30,0.024579862132668495,129.6792449951172,2021-01-31,1533.8472900390625,1,3.0,6.319999694824219,2021-01-31,2021-01-30,26.779672622680664,293.7899475097656,2021-02-01,0.0,0.0,2021-01-31,0.34603309631347656,2.0,"{""type"":""Point"",""coordinates"":[77.12000000000002,10.03]}"
556,30,0.7917659878730774,55.1038818359375,2021-04-03,1602.994873046875,1,1.0,0.0,2021-04-03,2021-04-02,15.690217971801758,297.0448913574219,2021-04-04,0.0,0.0,2021-04-03,0.4165058135986328,1.0,"{""type"":""Point"",""coordinates"":[77.12000000000002,10.04]}"
557,10,0.11750363558530807,39.91971969604492,2021-07-01,1773.2252197265625,1,1.0,11.619999885559082,2021-07-01,2021-06-30,29.514524459838867,295.1722717285156,2021-07-02,23.340999603271484,20.83333396911621,2021-07-01,0.4640878140926361,1.0,"{""type"":""Point"",""coordinates"":[77.11,10.04]}"
558,10,0.00692974217236042,351.30340576171875,2019-07-31,1582.7882080078125,1,1.0,7.740000247955322,2019-07-31,2019-07-30,22.927030563354492,292.66229248046875,2019-08-01,1.8599998950958252,0.0,2019-07-31,0.39105352759361267,1.0,"{""type"":""Point"",""coordinates"":[77.105447,10.061680000000003]}"
559,10,0.07986962050199509,351.30340576171875,2019-06-10,1582.7882080078125,1,1.0,6.009999752044678,2019-06-10,2019-06-09,22.927030563354492,293.6330261230469,2019-06-11,23.010000228881836,35.41666793823242,2019-06-10,0.41929498314857483,1.0,"{""type"":""Point"",""coordinates"":[77.105447,10.061680000000003]}"
560,10,0.2815527021884918,257.79974365234375,2023-02-03,1584.27783203125,1,3.0,7.189999580383301,2023-02-03,2023-02-02,26.257457733154297,291.0534973144531,2023-02-04,1.8700000047683716,2.0833332538604736,2023-02-03,0.30533280968666077,1.0,"{""type"":""Point"",""coordinates"":[77.10432000000002,10.062302]}"
561,10,0.11463290452957153,257.79974365234375,2023-08-19,1584.27783203125,1,3.0,0.0,2023-08-19,2023-08-18,26.257457733154297,292.939208984375,2023-08-20,0.28999999165534973,0.0,2023-08-19,0.3709138333797455,1.0,"{""type"":""Point"",""coordinates"":[77.10432000000002,10.062302]}"
562,10,0.4839218556880951,165.80587768554688,2022-01-18,1629.9073486328125,1,1.0,0.0,2022-01-18,2022-01-17,23.40566062927246,292.5986022949219,2022-01-19,0.0,0.0,2022-01-18,0.21152305603027344,1.0,"{""type"":""Point"",""coordinates"":[77.106092,10.068237999999997]}"
563,10,0.48141223192214966,165.80587768554688,2020-03-12,1629.9073486328125,1,1.0,7.319999694824219,2020-03-12,2020-03-11,23.40566062927246,295.2733154296875,2020-03-13,0.8100000023841858,0.0,2020-03-12,0.2266051024198532,1.0,"{""type"":""Point"",""coordinates"":[77.106092,10.068237999999997]}"
564,50,0.4975612163543701,198.79835510253906,2019-02-03,1592.19140625,1,2.0,0.0,2019-02-03,2019-02-02,12.534810066223145,292.6395568847656,2019-02-04,0.5099999904632568,0.0,2019-02-03,0.1980540007352829,1.0,"{""type"":""Point"",""coordinates"":[77.105921,10.067254]}"
565,50,0.04264257848262787,198.79835510253906,2019-07-14,1592.19140625,1,2.0,8.199999809265137,2019-07-14,2019-07-13,12.534810066223145,292.9443054199219,2019-07-15,5.829999923706055,12.5,2019-07-14,0.41672325134277344,1.0,"{""type"":""Point"",""coordinates"":[77.105921,10.067254]}"
566,50,0.21905192732810974,221.33892822265625,2023-12-28,1573.15185546875,1,2.0,0.0,2023-12-28,2023-12-27,19.628480911254883,292.6208190917969,2023-12-29,0.03999999910593033,0.0,2023-12-28,0.34431585669517517,2.0,"{""type"":""Point"",""coordinates"":[77.102944,10.065194]}"
567,50,0.2587200105190277,221.33892822265625,2022-01-29,1573.15185546875,1,2.0,0.0,2022-01-29,2022-01-28,19.628480911254883,291.790283203125,2022-01-30,0.0,0.0,2022-01-29,0.20614750683307648,2.0,"{""type"":""Point"",""coordinates"":[77.102944,10.065194]}"
568,10,0.0290621779859066,51.042510986328125,2019-08-19,1582.5992431640625,1,2.0,137.94000244140625,2019-08-19,2019-08-18,17.955718994140625,291.70745849609375,2019-08-20,2.129999876022339,2.0833332538604736,2019-08-19,0.42264875769615173,2.0,"{""type"":""Point"",""coordinates"":[77.103033,10.063556999999998]}"
569,10,0.018689196556806564,51.042510986328125,2023-08-02,1582.5992431640625,1,2.0,4.99399995803833,2023-08-02,2023-08-01,17.955718994140625,292.7211608886719,2023-08-03,0.9800000190734863,0.0,2023-08-02,0.3905404508113861,2.0,"{""type"":""Point"",""coordinates"":[77.103033,10.063556999999998]}"
570,10,0.12560632824897766,321.53460693359375,2022-11-30,1600.7001953125,1,1.0,0.0,2022-11-30,2022-11-29,22.147226333618164,291.7563781738281,2022-12-01,0.6699999570846558,2.0833332538604736,2022-11-30,0.3960552215576172,1.0,"{""type"":""Point"",""coordinates"":[77.09,10.069999999999999]}"
571,30,0.759312093257904,61.372623443603516,2020-03-06,1554.167724609375,1,2.0,0.0,2020-03-06,2020-03-05,16.846580505371094,293.5813903808594,2020-03-07,0.8899999856948853,0.0,2020-03-06,0.3309847414493561,2.0,"{""type"":""Point"",""coordinates"":[77.09,10.08]}"
572,10,0.7685254216194153,86.61064147949219,2020-04-14,1622.1790771484375,1,3.0,0.17999999225139618,2020-04-14,2020-04-13,14.202478408813477,295.47119140625,2020-04-15,2.9099998474121094,6.25,2020-04-14,0.27492842078208923,3.0,"{""type"":""Point"",""coordinates"":[77.09,10.09]}"
573,10,0.1620970368385315,86.61064147949219,2023-09-22,1622.1790771484375,1,3.0,59.849998474121094,2023-09-22,2023-09-21,14.202478408813477,292.31744384765625,2023-09-23,11.15999984741211,20.83333396911621,2023-09-22,0.42000260949134827,3.0,"{""type"":""Point"",""coordinates"":[77.09,10.09]}"
574,10,0.39769381284713745,86.61064147949219,2021-06-15,1622.1790771484375,1,3.0,58.1099967956543,2021-06-15,2021-06-14,14.202478408813477,290.8047180175781,2021-06-16,1.4399999380111694,0.0,2021-06-15,0.426830917596817,3.0,"{""type"":""Point"",""coordinates"":[77.09,10.09]}"
575,60,0.12865924835205078,165.25595092773438,2021-12-17,1550.927001953125,1,682.0,0.0,2021-12-17,2021-12-16,25.011550903320312,292.2713928222656,2021-12-18,0.0,0.0,2021-12-17,0.350421279668808,682.0,"{""type"":""Point"",""coordinates"":[77.094322,10.087429999999998]}"
576,60,0.14965780079364777,165.25595092773438,2021-01-27,1550.927001953125,1,682.0,0.0,2021-01-27,2021-01-26,25.011550903320312,290.6629333496094,2021-01-28,5.449999809265137,12.5,2021-01-27,0.3230832517147064,682.0,"{""type"":""Point"",""coordinates"":[77.094322,10.087429999999998]}"
577,10,0.07141983509063721,199.97726440429688,2021-09-13,1528.708984375,1,658.0,2467.5,2021-09-13,2021-09-12,37.723331451416016,291.85894775390625,2021-09-14,9.65999984741211,18.75,2021-09-13,0.4169705808162689,658.0,"{""type"":""Point"",""coordinates"":[77.1,10.090000000000002]}"
578,10,0.18579016625881195,182.87353515625,2021-12-27,1649.314453125,1,1.0,2.309999942779541,2021-12-27,2021-12-26,29.72298812866211,290.614013671875,2021-12-28,0.0,0.0,2021-12-27,0.28644052147865295,1.0,"{""type"":""Point"",""coordinates"":[77.106735,10.06897]}"
579,10,0.6115450263023376,182.87353515625,2020-02-06,1649.314453125,1,1.0,0.28999999165534973,2020-02-06,2020-02-05,29.72298812866211,293.9561767578125,2020-02-07,0.0,0.0,2020-02-06,0.14627520740032196,1.0,"{""type"":""Point"",""coordinates"":[77.106735,10.06897]}"
580,10,0.08723793178796768,264.20123291015625,2019-09-17,1731.42041015625,1,1.0,11.319999694824219,2019-09-17,2019-09-16,8.360305786132812,291.87738037109375,2019-09-18,6.599999904632568,10.416666984558105,2019-09-17,0.4239540100097656,1.0,"{""type"":""Point"",""coordinates"":[77.11,10.070000000000002]}"
581,30,0.006471952889114618,192.80532836914062,2022-08-23,1583.5008544921875,1,134.0,6582.080078125,2022-08-23,2022-08-22,18.44356346130371,291.5562438964844,2022-08-24,30.299999237060547,27.08333396911621,2022-08-23,0.423809677362442,134.0,"{""type"":""Point"",""coordinates"":[77.13,10.080000000000002]}"
582,10,0.3545443117618561,209.18649291992188,2022-04-06,1565.8594970703125,1,140.0,5.359999656677246,2022-04-06,2022-04-05,29.796876907348633,294.9536437988281,2022-04-07,2.25,2.0833332538604736,2022-04-06,0.19825871288776398,134.0,"{""type"":""Point"",""coordinates"":[77.129361,10.08124]}"
583,10,0.22112075984477997,209.18649291992188,2023-06-21,1565.8594970703125,1,140.0,724.9400024414062,2023-06-21,2023-06-20,29.796876907348633,292.61083984375,2023-06-22,9.25,10.416666984558105,2023-06-21,0.407330185174942,134.0,"{""type"":""Point"",""coordinates"":[77.129361,10.08124]}"
584,10,0.06803436577320099,287.9591064453125,2022-05-21,1610.3387451171875,1,1.0,16.559999465942383,2022-05-21,2022-05-20,10.554682731628418,292.5906677246094,2022-05-22,0.0,0.0,2022-05-21,0.4203987121582031,1.0,"{""type"":""Point"",""coordinates"":[77.11,10.090000000000002]}"
585,10,0.15035556256771088,287.9591064453125,2023-09-15,1610.3387451171875,1,1.0,6.019999980926514,2023-09-15,2023-09-14,10.554682731628418,292.1825256347656,2023-09-16,8.139999389648438,16.66666603088379,2023-09-15,0.4089902341365814,1.0,"{""type"":""Point"",""coordinates"":[77.11,10.090000000000002]}"
586,10,0.5618667006492615,287.9591064453125,2021-04-21,1610.3387451171875,1,1.0,2.569999933242798,2021-04-21,2021-04-20,10.554682731628418,293.6964416503906,2021-04-22,0.0,0.0,2021-04-21,0.3890469968318939,1.0,"{""type"":""Point"",""coordinates"":[77.11,10.090000000000002]}"
587,10,0.09143824875354767,287.9591064453125,2023-11-06,1610.3387451171875,1,1.0,32.61000061035156,2023-11-06,2023-11-05,10.554682731628418,291.673828125,2023-11-07,68.16999816894531,58.33333206176758,2023-11-06,0.4212760925292969,1.0,"{""type"":""Point"",""coordinates"":[77.11,10.090000000000002]}"
588,10,0.6165831685066223,14.731393814086914,2020-04-06,1607.09423828125,1,470.0,133.25,2020-04-06,2020-04-05,9.5181245803833,295.7412109375,2020-04-07,5.650000095367432,6.25,2020-04-06,0.1737823486328125,5.0,"{""type"":""Point"",""coordinates"":[77.12000000000002,10.100000000000001]}"
589,80,0.033373720943927765,-0.0,2022-04-08,1588.5,1,10.0,13.199999809265137,2022-04-08,2022-04-07,0.0,295.45587158203125,2022-04-09,15.729999542236328,14.583333015441895,2022-04-08,0.1843770295381546,10.0,"{""type"":""Point"",""coordinates"":[77.13,10.110000000000001]}"
590,80,-0.027512455359101295,-0.0,2022-08-30,1588.5,1,10.0,391.3999938964844,2022-08-30,2022-08-29,0.0,292.5306091308594,2022-08-31,74.29999542236328,41.66666793823242,2022-08-30,0.42258962988853455,10.0,"{""type"":""Point"",""coordinates"":[77.13,10.110000000000001]}"
591,80,-0.02018643729388714,-0.0,2022-10-31,1588.5,1,10.0,39.79999923706055,2022-10-31,2022-10-30,0.0,291.87384033203125,2022-11-01,32.65999984741211,29.16666603088379,2022-10-31,0.4025968015193939,10.0,"{""type"":""Point"",""coordinates"":[77.13,10.110000000000001]}"
592,80,0.006666779052466154,-0.0,2020-08-14,1588.5,1,10.0,36.599998474121094,2020-08-14,2020-08-13,0.0,292.61920166015625,2020-08-15,3.9699997901916504,4.166666507720947,2020-08-14,0.3999296724796295,10.0,"{""type"":""Point"",""coordinates"":[77.13,10.110000000000001]}"
593,80,-0.04564082249999046,-0.0,2019-01-27,1588.5,1,10.0,0.0,2019-01-27,2019-01-26,0.0,292.6638488769531,2019-01-28,0.12999999523162842,0.0,2019-01-27,0.19019000232219696,10.0,"{""type"":""Point"",""coordinates"":[77.13,10.110000000000001]}"
594,80,-3.735671634785831E-4,-0.0,2022-07-10,1588.5,1,10.0,122.29999542236328,2022-07-10,2022-07-09,0.0,290.7859191894531,2022-07-11,14.059999465942383,22.91666603088379,2022-07-10,0.4282023012638092,10.0,"{""type"":""Point"",""coordinates"":[77.13,10.110000000000001]}"
595,30,0.4643029272556305,151.09437561035156,2023-02-10,1817.9267578125,1,1.0,2.4800000190734863,2023-02-10,2023-02-09,17.534351348876953,291.61907958984375,2023-02-11,2.8299999237060547,0.0,2023-02-10,0.25332894921302795,1.0,"{""type"":""Point"",""coordinates"":[77.09,10.100000000000001]}"
596,30,0.06090349331498146,151.09437561035156,2019-08-01,1817.9267578125,1,1.0,2.749999761581421,2019-08-01,2019-07-31,17.534351348876953,292.595947265625,2019-08-02,2.430000066757202,4.166666507720947,2019-08-01,0.3868293762207031,1.0,"{""type"":""Point"",""coordinates"":[77.09,10.100000000000001]}"
597,30,0.17346298694610596,151.09437561035156,2022-11-29,1817.9267578125,1,1.0,1.0899999141693115,2022-11-29,2022-11-28,17.534351348876953,291.8149108886719,2022-11-30,0.0,0.0,2022-11-29,0.38810792565345764,1.0,"{""type"":""Point"",""coordinates"":[77.09,10.100000000000001]}"
598,10,0.013067271560430527,272.5448913574219,2021-09-13,1979.9530029296875,1,1.0,5.839999675750732,2021-09-13,2021-09-12,23.46491813659668,291.85894775390625,2021-09-14,14.179999351501465,25.0,2021-09-13,0.4169705808162689,1.0,"{""type"":""Point"",""coordinates"":[77.09,10.11]}"
599,10,-0.012516994960606098,305.5435485839844,2019-11-26,1736.7630615234375,1,7.0,13.149999618530273,2019-11-26,2019-11-25,5.177428245544434,292.7681579589844,2019-11-27,0.6699999570846558,2.0833332538604736,2019-11-26,0.378979355096817,5.0,"{""type"":""Point"",""coordinates"":[77.08,10.110000000000001]}"
600,30,0.12996390461921692,307.2158508300781,2020-12-21,1698.75732421875,1,2.0,0.47999998927116394,2020-12-21,2020-12-20,17.51578712463379,290.9212646484375,2020-12-22,0.08999999612569809,0.0,2020-12-21,0.39345741271972656,1.0,"{""type"":""Point"",""coordinates"":[77.07,10.100000000000001]}"
601,10,0.08630126714706421,173.2451629638672,2023-10-23,1784.365234375,1,2.0,6.539999961853027,2023-10-23,2023-10-22,22.502208709716797,292.84759521484375,2023-10-24,15.859999656677246,20.83333396911621,2023-10-23,0.39134469628334045,2.0,"{""type"":""Point"",""coordinates"":[77.08,10.100000000000001]}"
602,30,0.33450692892074585,90.06468200683594,2020-12-15,1598.13525390625,1,2.0,1.9199999570846558,2020-12-15,2020-12-14,8.6588134765625,291.0534973144531,2020-12-16,0.38999998569488525,0.0,2020-12-15,0.35311636328697205,2.0,"{""type"":""Point"",""coordinates"":[77.08,10.090000000000002]}"
603,30,0.2865069806575775,218.31321716308594,2022-01-22,1509.383544921875,1,703.0,0.0,2022-01-22,2022-01-21,16.313547134399414,292.4464416503906,2022-01-23,0.0,0.0,2022-01-22,0.1902364045381546,700.0,"{""type"":""Point"",""coordinates"":[77.079596,10.085200000000002]}"
604,30,0.03534645587205887,218.31321716308594,2021-11-26,1509.383544921875,1,703.0,53536.0,2021-11-26,2021-11-25,16.313547134399414,291.25506591796875,2021-11-27,3.619999885559082,4.166666507720947,2021-11-26,0.423022598028183,700.0,"{""type"":""Point"",""coordinates"":[77.079596,10.085200000000002]}"
605,10,0.3550349175930023,137.3519744873047,2023-05-25,1492.7791748046875,1,703.0,8091.52978515625,2023-05-25,2023-05-24,16.317501068115234,294.2088623046875,2023-05-26,0.7899999618530273,0.0,2023-05-25,0.40513166785240173,703.0,"{""type"":""Point"",""coordinates"":[77.077962,10.085119999999998]}"
606,10,0.42093464732170105,137.3519744873047,2019-04-14,1492.7791748046875,1,703.0,0.0,2019-04-14,2019-04-13,16.317501068115234,297.900390625,2019-04-15,0.0,0.0,2019-04-14,0.14815330505371094,703.0,"{""type"":""Point"",""coordinates"":[77.077962,10.085119999999998]}"
607,10,0.8690680861473083,182.8762969970703,2019-02-06,1571.2381591796875,1,95.0,0.9799999594688416,2019-02-06,2019-02-05,12.785834312438965,292.84552001953125,2019-02-07,1.059999942779541,0.0,2019-02-06,0.18170993030071259,2.0,"{""type"":""Point"",""coordinates"":[77.08,10.07]}"
608,10,0.3361035883426666,29.726354598999023,2020-12-22,1621.267822265625,1,1.0,0.08999999612569809,2020-12-22,2020-12-21,22.018102645874023,291.25286865234375,2020-12-23,6.179999828338623,12.5,2020-12-22,0.37967362999916077,1.0,"{""type"":""Point"",""coordinates"":[77.08,10.080000000000002]}"
609,10,0.06456311792135239,29.726354598999023,2020-10-12,1621.267822265625,1,1.0,22.03999900817871,2020-10-12,2020-10-11,22.018102645874023,291.2427978515625,2020-10-13,13.4399995803833,14.583333015441895,2020-10-12,0.4212532043457031,1.0,"{""type"":""Point"",""coordinates"":[77.08,10.080000000000002]}"
610,10,0.20816294848918915,29.726354598999023,2021-01-16,1621.267822265625,1,1.0,0.07999999821186066,2021-01-16,2021-01-15,22.018102645874023,291.7066650390625,2021-01-17,1.7599999904632568,2.0833332538604736,2021-01-16,0.40676817297935486,1.0,"{""type"":""Point"",""coordinates"":[77.08,10.080000000000002]}"
611,10,0.13796299695968628,29.726354598999023,2022-09-19,1621.267822265625,1,1.0,7.149999618530273,2022-09-19,2022-09-18,22.018102645874023,292.6050109863281,2022-09-20,0.0,0.0,2022-09-19,0.39111390709877014,1.0,"{""type"":""Point"",""coordinates"":[77.08,10.080000000000002]}"
612,10,0.8211823105812073,29.726354598999023,2020-02-09,1621.267822265625,1,1.0,3.619999885559082,2020-02-09,2020-02-08,22.018102645874023,294.0042724609375,2020-02-10,0.0,0.0,2020-02-09,0.15465037524700165,1.0,"{""type"":""Point"",""coordinates"":[77.08,10.080000000000002]}"
613,10,0.28130045533180237,29.726354598999023,2022-12-28,1621.267822265625,1,1.0,0.0,2022-12-28,2022-12-27,22.018102645874023,292.3627624511719,2022-12-29,1.3799999952316284,4.166666507720947,2022-12-28,0.3335367739200592,1.0,"{""type"":""Point"",""coordinates"":[77.08,10.080000000000002]}"
614,30,0.6699550151824951,231.53741455078125,2021-02-16,1443.742919921875,1,1082.0,0.0,2021-02-16,2021-02-15,6.66567325592041,292.877197265625,2021-02-17,0.009999999776482582,0.0,2021-02-16,0.19604746997356415,1082.0,"{""type"":""Point"",""coordinates"":[77.07,10.07]}"
615,30,0.578672468662262,231.53741455078125,2021-03-19,1443.742919921875,1,1082.0,1125.280029296875,2021-03-19,2021-03-18,6.66567325592041,295.1822204589844,2021-03-20,10.710000038146973,16.66666603088379,2021-03-19,0.1391499787569046,1082.0,"{""type"":""Point"",""coordinates"":[77.07,10.07]}"
616,30,0.15715748071670532,231.53741455078125,2023-08-26,1443.742919921875,1,1082.0,0.0,2023-08-26,2023-08-25,6.66567325592041,293.4964599609375,2023-08-27,0.0,0.0,2023-08-26,0.35938772559165955,1082.0,"{""type"":""Point"",""coordinates"":[77.07,10.07]}"
617,30,0.06173845753073692,231.53741455078125,2019-11-21,1443.742919921875,1,1082.0,63015.6796875,2019-11-21,2019-11-20,6.66567325592041,292.908935546875,2019-11-22,0.5199999809265137,0.0,2019-11-21,0.39863839745521545,1082.0,"{""type"":""Point"",""coordinates"":[77.07,10.07]}"
618,30,0.025408700108528137,231.53741455078125,2020-07-04,1443.742919921875,1,1082.0,57237.796875,2020-07-04,2020-07-03,6.66567325592041,291.57354736328125,2020-07-05,2.5299999713897705,4.166666507720947,2020-07-04,0.4276822507381439,1082.0,"{""type"":""Point"",""coordinates"":[77.07,10.07]}"
619,30,0.42456966638565063,231.53741455078125,2023-06-03,1443.742919921875,1,1082.0,2034.159912109375,2023-06-03,2023-06-02,6.66567325592041,293.95074462890625,2023-06-04,13.84999942779541,16.66666603088379,2023-06-03,0.4080270230770111,1082.0,"{""type"":""Point"",""coordinates"":[77.07,10.07]}"
620,30,0.4613911807537079,195.97341918945312,2021-03-24,1485.167236328125,1,893.0,1250.199951171875,2021-03-24,2021-03-23,21.041433334350586,296.223388671875,2021-03-25,2.5399999618530273,4.166666507720947,2021-03-24,0.13857586681842804,893.0,"{""type"":""Point"",""coordinates"":[77.063362,10.08551]}"
621,30,0.040529362857341766,195.97341918945312,2022-11-11,1485.167236328125,1,893.0,589.3800048828125,2022-11-11,2022-11-10,21.041433334350586,292.2176818847656,2022-11-12,73.02999877929688,62.5,2022-11-11,0.4030799865722656,893.0,"{""type"":""Point"",""coordinates"":[77.063362,10.08551]}"
622,30,0.08888114243745804,340.36785888671875,2022-07-24,1503.8299560546875,1,896.0,5441.60009765625,2022-07-24,2022-07-23,22.526762008666992,291.99456787109375,2022-07-25,2.549999952316284,4.166666507720947,2022-07-24,0.417858749628067,716.0,"{""type"":""Point"",""coordinates"":[77.067098,10.083534]}"
623,30,0.21488817036151886,340.36785888671875,2023-08-24,1503.8299560546875,1,896.0,0.0,2023-08-24,2023-08-23,22.526762008666992,293.6213073730469,2023-08-25,0.0,0.0,2023-08-24,0.38359007239341736,716.0,"{""type"":""Point"",""coordinates"":[77.067098,10.083534]}"
624,30,0.027457404881715775,16.98023796081543,2022-05-19,1539.73388671875,1,1.0,62.029998779296875,2022-05-19,2022-05-18,32.344482421875,292.0396728515625,2022-05-20,3.1999998092651367,4.166666507720947,2022-05-19,0.4282093048095703,1.0,"{""type"":""Point"",""coordinates"":[77.074825,10.082256]}"
625,30,0.10808566212654114,16.98023796081543,2019-02-18,1539.73388671875,1,1.0,0.0,2019-02-18,2019-02-17,32.344482421875,293.7865295410156,2019-02-19,0.2800000011920929,0.0,2019-02-18,0.2156810760498047,1.0,"{""type"":""Point"",""coordinates"":[77.074825,10.082256]}"
626,30,0.4884698987007141,193.57826232910156,2020-12-04,1518.7310791015625,1,2.0,45.63999938964844,2020-12-04,2020-12-03,3.339266538619995,290.6425476074219,2020-12-05,8.170000076293945,10.416666984558105,2020-12-04,0.42775917053222656,2.0,"{""type"":""Point"",""coordinates"":[77.07,10.090000000000002]}"
627,30,0.5558590888977051,193.57826232910156,2023-03-09,1518.7310791015625,1,2.0,0.0,2023-03-09,2023-03-08,3.339266538619995,293.7271423339844,2023-03-10,0.7400000095367432,2.0833332538604736,2023-03-09,0.1885662078857422,2.0,"{""type"":""Point"",""coordinates"":[77.07,10.090000000000002]}"
628,30,0.09030593186616898,193.57826232910156,2021-09-04,1518.7310791015625,1,2.0,22.239999771118164,2021-09-04,2021-09-03,3.339266538619995,291.41912841796875,2021-09-05,25.6299991607666,33.33333206176758,2021-09-04,0.4204508364200592,2.0,"{""type"":""Point"",""coordinates"":[77.07,10.090000000000002]}"
629,30,0.18126024305820465,193.57826232910156,2022-12-29,1518.7310791015625,1,2.0,2.759999990463257,2022-12-29,2022-12-28,3.339266538619995,292.3208312988281,2022-12-30,0.0,0.0,2022-12-29,0.3302071988582611,2.0,"{""type"":""Point"",""coordinates"":[77.07,10.090000000000002]}"
630,30,0.15495193004608154,193.57826232910156,2021-05-21,1518.7310791015625,1,2.0,95.13999938964844,2021-05-21,2021-05-20,3.339266538619995,293.1524353027344,2021-05-22,17.559999465942383,16.66666603088379,2021-05-21,0.4214242398738861,2.0,"{""type"":""Point"",""coordinates"":[77.07,10.090000000000002]}"
631,30,0.6226564049720764,193.57826232910156,2020-02-14,1518.7310791015625,1,2.0,0.0,2020-02-14,2020-02-13,3.339266538619995,294.4913635253906,2020-02-15,0.0,0.0,2020-02-14,0.15669505298137665,2.0,"{""type"":""Point"",""coordinates"":[77.07,10.090000000000002]}"
632,30,0.599483072757721,193.57826232910156,2020-03-17,1518.7310791015625,1,2.0,1.8799999952316284,2020-03-17,2020-03-16,3.339266538619995,295.96087646484375,2020-03-18,0.2800000011920929,0.0,2020-03-17,0.17610804736614227,2.0,"{""type"":""Point"",""coordinates"":[77.07,10.090000000000002]}"
633,30,0.15285290777683258,268.9886779785156,2020-12-15,1481.694091796875,1,171.0,164.16000366210938,2020-12-15,2020-12-14,22.029014587402344,291.0534973144531,2020-12-16,0.38999998569488525,0.0,2020-12-15,0.35311636328697205,171.0,"{""type"":""Point"",""coordinates"":[77.061226,10.089618]}"
634,30,0.05653264373540878,268.9886779785156,2023-09-21,1481.694091796875,1,171.0,4042.43994140625,2023-09-21,2023-09-20,22.029014587402344,291.9851989746094,2023-09-22,19.94999885559082,35.41666793823242,2023-09-21,0.4209117889404297,171.0,"{""type"":""Point"",""coordinates"":[77.061226,10.089618]}"
635,50,0.12503886222839355,123.41633605957031,2020-12-19,1463.4945068359375,1,171.0,2595.780029296875,2020-12-19,2020-12-18,24.957313537597656,291.2577819824219,2020-12-20,9.949999809265137,14.583333015441895,2020-12-19,0.4020214080810547,171.0,"{""type"":""Point"",""coordinates"":[77.06,10.090000000000002]}"
636,50,0.04034196212887764,123.41633605957031,2019-08-02,1463.4945068359375,1,171.0,415.5299987792969,2019-08-02,2019-08-01,24.957313537597656,292.8489990234375,2019-08-03,7.789999961853027,10.416666984558105,2019-08-02,0.38207563757896423,171.0,"{""type"":""Point"",""coordinates"":[77.06,10.090000000000002]}"
637,50,0.12525320053100586,123.41633605957031,2020-12-12,1463.4945068359375,1,171.0,90.62999725341797,2020-12-12,2020-12-11,24.957313537597656,292.4442138671875,2020-12-13,1.6699999570846558,0.0,2020-12-12,0.37577882409095764,171.0,"{""type"":""Point"",""coordinates"":[77.06,10.090000000000002]}"
638,50,-0.034194059669971466,123.41633605957031,2022-08-21,1463.4945068359375,1,171.0,613.8899536132812,2022-08-21,2022-08-20,24.957313537597656,292.7300720214844,2022-08-22,18.19999885559082,27.08333396911621,2022-08-21,0.395892471075058,171.0,"{""type"":""Point"",""coordinates"":[77.06,10.090000000000002]}"
639,50,0.01194774266332388,123.58958435058594,2020-06-24,1458.074951171875,1,171.0,735.2999877929688,2020-06-24,2020-06-23,18.2735595703125,292.4406433105469,2020-06-25,51.0099983215332,54.16666793823242,2020-06-24,0.41111183166503906,171.0,"{""type"":""Point"",""coordinates"":[77.059886,10.089716]}"
640,50,0.10169248282909393,123.58958435058594,2023-09-08,1458.074951171875,1,171.0,12891.689453125,2023-09-08,2023-09-07,18.2735595703125,291.6719055175781,2023-09-09,10.929999351501465,12.5,2023-09-08,0.4288400113582611,171.0,"{""type"":""Point"",""coordinates"":[77.059886,10.089716]}"
641,30,0.15504485368728638,119.80738067626953,2021-01-12,1469.9019775390625,1,150.0,4594.5,2021-01-12,2021-01-11,25.25216293334961,291.0426025390625,2021-01-13,10.269999504089355,6.25,2021-01-12,0.42401885986328125,150.0,"{""type"":""Point"",""coordinates"":[77.059904,10.092545000000001]}"
642,30,0.40082627534866333,119.80738067626953,2023-05-14,1469.9019775390625,1,150.0,181.5,2023-05-14,2023-05-13,25.25216293334961,294.2395935058594,2023-05-15,2.490000009536743,0.0,2023-05-14,0.3954823911190033,150.0,"{""type"":""Point"",""coordinates"":[77.059904,10.092545000000001]}"
643,10,0.5528327226638794,241.0055389404297,2021-04-07,1474.0814208984375,1,18.0,0.0,2021-04-07,2021-04-06,7.269960880279541,295.5821838378906,2021-04-08,0.0,0.0,2021-04-07,0.24658457934856415,18.0,"{""type"":""Point"",""coordinates"":[77.053015,10.093600999999998]}"
644,10,0.08012215793132782,241.0055389404297,2021-06-26,1474.0814208984375,1,18.0,29.69999885559082,2021-06-26,2021-06-25,7.269960880279541,292.7994384765625,2021-06-27,1.0199999809265137,0.0,2021-06-26,0.3922080993652344,18.0,"{""type"":""Point"",""coordinates"":[77.053015,10.093600999999998]}"
645,10,0.7393054962158203,30.93732261657715,2022-02-12,1471.614501953125,1,171.0,2.5199999809265137,2022-02-12,2022-02-11,17.832225799560547,292.13775634765625,2022-02-13,0.41999998688697815,0.0,2022-02-12,0.18580754101276398,4.0,"{""type"":""Point"",""coordinates"":[77.05947700000002,10.087052]}"
646,10,0.006186891812831163,30.93732261657715,2019-11-03,1471.614501953125,1,171.0,45.20000076293945,2019-11-03,2019-11-02,17.832225799560547,292.26727294921875,2019-11-04,19.729999542236328,20.83333396911621,2019-11-03,0.4113992154598236,4.0,"{""type"":""Point"",""coordinates"":[77.05947700000002,10.087052]}"
647,10,0.03696918487548828,358.7919921875,2023-10-11,1479.08935546875,1,893.0,69.47999572753906,2023-10-11,2023-10-10,16.00006103515625,292.6239318847656,2023-10-12,49.099998474121094,37.5,2023-10-11,0.4210904538631439,4.0,"{""type"":""Point"",""coordinates"":[77.062369,10.084286999999998]}"
648,10,0.1518045961856842,358.7919921875,2021-05-24,1479.08935546875,1,893.0,68.31999969482422,2021-05-24,2021-05-23,16.00006103515625,292.4808654785156,2021-05-25,0.13999998569488525,0.0,2021-05-24,0.4213307797908783,4.0,"{""type"":""Point"",""coordinates"":[77.062369,10.084286999999998]}"
649,10,0.2679997980594635,214.65542602539062,2020-05-23,1476.170654296875,1,1.0,1.6699999570846558,2020-05-23,2020-05-22,10.494309425354004,294.24530029296875,2020-05-24,0.6200000047683716,0.0,2020-05-23,0.35358747839927673,1.0,"{""type"":""Point"",""coordinates"":[77.06,10.080000000000002]}"
650,30,0.3126625418663025,9.581987380981445,2020-01-02,1441.863525390625,1,1.0,0.014000000432133675,2020-01-02,2020-01-01,1.8569244146347046,292.9534912109375,2020-01-03,0.0,0.0,2020-01-02,0.2813224792480469,1.0,"{""type"":""Point"",""coordinates"":[77.06,10.07]}"
651,10,0.037067513912916183,235.26112365722656,2022-04-26,1580.9615478515625,1,2.0,0.3499999940395355,2022-04-26,2022-04-25,18.2618350982666,296.38671875,2022-04-27,0.41999998688697815,0.0,2022-04-26,0.3695710599422455,1.0,"{""type"":""Point"",""coordinates"":[77.05,10.08]}"
652,10,0.14216354489326477,235.26112365722656,2021-10-22,1580.9615478515625,1,2.0,41.97999954223633,2021-10-22,2021-10-21,18.2618350982666,293.8370361328125,2021-10-23,7.659999847412109,8.333333015441895,2021-10-22,0.42348799109458923,1.0,"{""type"":""Point"",""coordinates"":[77.05,10.08]}"
653,10,0.2699466645717621,235.26112365722656,2019-05-15,1580.9615478515625,1,2.0,0.0,2019-05-15,2019-05-14,18.2618350982666,295.99383544921875,2019-05-16,0.5299999713897705,0.0,2019-05-15,0.41481146216392517,1.0,"{""type"":""Point"",""coordinates"":[77.05,10.08]}"
654,10,0.028115248307585716,235.26112365722656,2019-11-05,1580.9615478515625,1,2.0,3.4600000381469727,2019-11-05,2019-11-04,18.2618350982666,294.0577087402344,2019-11-06,1.7899999618530273,0.0,2019-11-05,0.41626930236816406,1.0,"{""type"":""Point"",""coordinates"":[77.05,10.08]}"
655,10,0.33980581164360046,235.26112365722656,2022-10-04,1580.9615478515625,1,2.0,2.259999990463257,2022-10-04,2022-10-03,18.2618350982666,293.6154479980469,2022-10-05,2.859999895095825,2.0833332538604736,2022-10-04,0.3942972719669342,1.0,"{""type"":""Point"",""coordinates"":[77.05,10.08]}"
656,10,0.2729099988937378,235.26112365722656,2023-06-14,1580.9615478515625,1,2.0,0.9399999976158142,2023-06-14,2023-06-13,18.2618350982666,294.0840148925781,2023-06-15,4.110000133514404,6.25,2023-06-14,0.41983094811439514,1.0,"{""type"":""Point"",""coordinates"":[77.05,10.08]}"
657,10,0.7567003965377808,235.26112365722656,2019-04-01,1580.9615478515625,1,2.0,0.0,2019-04-01,2019-03-31,18.2618350982666,299.031982421875,2019-04-02,0.11700000613927841,0.0,2019-04-01,0.15573184192180634,1.0,"{""type"":""Point"",""coordinates"":[77.05,10.08]}"
658,10,0.09167904406785965,235.26112365722656,2023-10-12,1580.9615478515625,1,2.0,49.099998474121094,2023-10-12,2023-10-11,18.2618350982666,294.2328186035156,2023-10-13,31.40999984741211,45.83333206176758,2023-10-12,0.4236520230770111,1.0,"{""type"":""Point"",""coordinates"":[77.05,10.08]}"
659,10,0.04214194416999817,235.26112365722656,2019-07-31,1580.9615478515625,1,2.0,6.939999580383301,2019-07-31,2019-07-30,18.2618350982666,294.54022216796875,2019-08-01,2.749999761581421,6.25,2019-07-31,0.3890107572078705,1.0,"{""type"":""Point"",""coordinates"":[77.05,10.08]}"
660,10,0.05397474765777588,341.30877685546875,2023-07-29,1520.5836181640625,1,62.0,0.0,2023-07-29,2023-07-28,26.877674102783203,294.1604919433594,2023-07-30,0.0,0.0,2023-07-29,0.4160022735595703,62.0,"{""type"":""Point"",""coordinates"":[77.05,10.07]}"
661,10,0.17202287912368774,341.30877685546875,2023-11-25,1520.5836181640625,1,62.0,164.9199981689453,2023-11-25,2023-11-24,26.877674102783203,294.2435302734375,2023-11-26,4.049999713897705,4.166666507720947,2023-11-25,0.4048728942871094,62.0,"{""type"":""Point"",""coordinates"":[77.05,10.07]}"
662,10,0.47666075825691223,341.30877685546875,2020-04-30,1520.5836181640625,1,62.0,46.5,2020-04-30,2020-04-29,26.877674102783203,296.5720520019531,2020-05-01,1.2799999713897705,0.0,2020-04-30,0.36799049377441406,62.0,"{""type"":""Point"",""coordinates"":[77.05,10.07]}"
663,10,0.2505260407924652,341.30877685546875,2021-09-05,1520.5836181640625,1,62.0,1589.0599365234375,2021-09-05,2021-09-04,26.877674102783203,293.1846923828125,2021-09-06,22.260000228881836,31.25,2021-09-05,0.42083168029785156,62.0,"{""type"":""Point"",""coordinates"":[77.05,10.07]}"
664,30,0.7570374608039856,47.84469223022461,2020-02-17,1530.2059326171875,1,3.0,0.0,2020-02-17,2020-02-16,11.966178894042969,297.4060974121094,2020-02-18,1.9100000858306885,4.166666507720947,2020-02-17,0.13385708630084991,1.0,"{""type"":""Point"",""coordinates"":[77.05,10.090000000000002]}"
665,30,0.0934126079082489,47.84469223022461,2021-11-30,1530.2059326171875,1,3.0,14.460000038146973,2021-11-30,2021-11-29,11.966178894042969,292.98089599609375,2021-12-01,16.189998626708984,14.583333015441895,2021-11-30,0.4229399263858795,1.0,"{""type"":""Point"",""coordinates"":[77.05,10.090000000000002]}"
666,10,0.18042132258415222,166.8837127685547,2021-05-11,1615.502197265625,1,2.0,15.199999809265137,2021-05-11,2021-05-10,26.964637756347656,295.6155090332031,2021-05-12,6.369999885559082,10.416666984558105,2021-05-11,0.4144554138183594,2.0,"{""type"":""Point"",""coordinates"":[77.05,10.1]}"
667,30,0.062303658574819565,199.4169921875,2023-09-26,1479.2049560546875,1,10.0,10.399999618530273,2023-09-26,2023-09-25,7.677179336547852,294.0352478027344,2023-09-27,4.820000171661377,6.25,2023-09-26,0.41543832421302795,10.0,"{""type"":""Point"",""coordinates"":[77.048864,10.094928]}"
668,30,0.23682387173175812,199.4169921875,2019-06-16,1479.2049560546875,1,10.0,98.29999542236328,2019-06-16,2019-06-15,7.677179336547852,295.1610107421875,2019-06-17,2.259999990463257,0.0,2019-06-16,0.41111692786216736,10.0,"{""type"":""Point"",""coordinates"":[77.048864,10.094928]}"
669,10,0.34127330780029297,190.81756591796875,2023-09-08,1506.50146484375,1,147.0,11082.330078125,2023-09-08,2023-09-07,31.741653442382812,291.6719055175781,2023-09-09,10.929999351501465,12.5,2023-09-08,0.4288400113582611,147.0,"{""type"":""Point"",""coordinates"":[77.06,10.100000000000001]}"
670,10,0.24449199438095093,190.81756591796875,2023-06-27,1506.50146484375,1,147.0,0.0,2023-06-27,2023-06-26,31.741653442382812,292.0903625488281,2023-06-28,1.3700000047683716,2.0833332538604736,2023-06-27,0.40924325585365295,147.0,"{""type"":""Point"",""coordinates"":[77.06,10.100000000000001]}"
671,10,0.06735117733478546,83.65504455566406,2022-04-27,1505.1185302734375,1,147.0,0.41999998688697815,2022-04-27,2022-04-26,19.98033905029297,294.80572509765625,2022-04-28,0.029999999329447746,0.0,2022-04-27,0.34217897057533264,1.0,"{""type"":""Point"",""coordinates"":[77.057618,10.097387]}"
672,10,0.1302226185798645,83.65504455566406,2023-11-11,1505.1185302734375,1,147.0,15.239999771118164,2023-11-11,2023-11-10,19.98033905029297,291.9639892578125,2023-11-12,3.3299999237060547,4.166666507720947,2023-11-11,0.42243513464927673,1.0,"{""type"":""Point"",""coordinates"":[77.057618,10.097387]}"
673,10,0.32244130969047546,336.0085144042969,2023-02-07,1519.436767578125,1,1.0,1.2200000286102295,2023-02-07,2023-02-06,9.585660934448242,291.29205322265625,2023-02-08,0.0,0.0,2023-02-07,0.30153337121009827,1.0,"{""type"":""Point"",""coordinates"":[77.06,10.11]}"
674,10,0.08811662346124649,336.0085144042969,2022-06-02,1519.436767578125,1,1.0,1.2289999723434448,2022-06-02,2022-06-01,9.585660934448242,292.89404296875,2022-06-03,1.559999942779541,2.0833332538604736,2022-06-02,0.4083251953125,1.0,"{""type"":""Point"",""coordinates"":[77.06,10.11]}"
675,10,0.052751656621694565,336.0085144042969,2019-08-21,1519.436767578125,1,1.0,13.649999618530273,2019-08-21,2019-08-20,9.585660934448242,292.0677795410156,2019-08-22,11.0,12.5,2019-08-21,0.4192568361759186,1.0,"{""type"":""Point"",""coordinates"":[77.06,10.11]}"
676,10,0.10550887137651443,336.0085144042969,2020-09-01,1519.436767578125,1,1.0,55.28999710083008,2020-09-01,2020-08-31,9.585660934448242,292.8135070800781,2020-09-02,62.689998626708984,35.41666793823242,2020-09-01,0.41028913855552673,1.0,"{""type"":""Point"",""coordinates"":[77.06,10.11]}"
677,10,0.1350174844264984,336.0085144042969,2019-06-01,1519.436767578125,1,1.0,11.050000190734863,2019-06-01,2019-05-31,9.585660934448242,294.0797424316406,2019-06-02,0.2540000081062317,0.0,2019-06-01,0.4187583923339844,1.0,"{""type"":""Point"",""coordinates"":[77.06,10.11]}"
678,10,0.03621700778603554,336.0085144042969,2020-06-21,1519.436767578125,1,1.0,10.829999923706055,2020-06-21,2020-06-20,9.585660934448242,293.4032287597656,2020-06-22,61.57999801635742,35.41666793823242,2020-06-21,0.40214094519615173,1.0,"{""type"":""Point"",""coordinates"":[77.06,10.11]}"
679,10,0.8411496877670288,345.2451171875,2023-01-22,1560.98828125,1,7.0,9.300000190734863,2023-01-22,2023-01-21,14.243401527404785,293.4613037109375,2023-01-23,1.5699999332427979,2.0833332538604736,2023-01-22,0.16250546276569366,5.0,"{""type"":""Point"",""coordinates"":[77.05,10.110000000000001]}"
680,10,0.6186345815658569,205.56434631347656,2019-03-07,1615.5523681640625,1,2.0,0.0,2019-03-07,2019-03-06,24.15984535217285,297.38677978515625,2019-03-08,0.0,0.0,2019-03-07,0.16986465454101562,2.0,"{""type"":""Point"",""coordinates"":[77.043332,10.113122000000002]}"
681,10,0.09405332803726196,205.56434631347656,2021-07-06,1615.5523681640625,1,2.0,6.919999599456787,2021-07-06,2021-07-05,24.15984535217285,294.9171142578125,2021-07-07,40.23999786376953,41.66666793823242,2021-07-06,0.41754150390625,2.0,"{""type"":""Point"",""coordinates"":[77.043332,10.113122000000002]}"
682,10,-0.0040794978849589825,311.2339172363281,2020-09-26,1757.0946044921875,1,1.0,71.66999816894531,2020-09-26,2020-09-25,10.783849716186523,293.8581237792969,2020-09-27,12.970000267028809,22.91666603088379,2020-09-26,0.4156646728515625,1.0,"{""type"":""Point"",""coordinates"":[77.04,10.110000000000001]}"
683,10,0.02473573014140129,311.2339172363281,2019-07-01,1757.0946044921875,1,1.0,4.239999771118164,2019-07-01,2019-06-30,10.783849716186523,294.2916259765625,2019-07-02,1.253000020980835,2.0833332538604736,2019-07-01,0.40223440527915955,1.0,"{""type"":""Point"",""coordinates"":[77.04,10.110000000000001]}"
684,10,0.03864915668964386,311.2339172363281,2023-07-12,1757.0946044921875,1,1.0,18.119998931884766,2023-07-12,2023-07-11,10.783849716186523,293.3477783203125,2023-07-13,1.3600000143051147,0.0,2023-07-12,0.4202486574649811,1.0,"{""type"":""Point"",""coordinates"":[77.04,10.110000000000001]}"
685,10,0.18577700853347778,311.2339172363281,2021-01-29,1757.0946044921875,1,1.0,1.2000000476837158,2021-01-29,2021-01-28,10.783849716186523,292.28900146484375,2021-01-30,3.25,10.416666984558105,2021-01-29,0.32733917236328125,1.0,"{""type"":""Point"",""coordinates"":[77.04,10.110000000000001]}"
686,10,0.8128960132598877,311.2339172363281,2020-04-03,1757.0946044921875,1,1.0,0.0,2020-04-03,2020-04-02,10.783849716186523,299.58935546875,2020-04-04,1.3899999856948853,2.0833332538604736,2020-04-03,0.1406676024198532,1.0,"{""type"":""Point"",""coordinates"":[77.04,10.110000000000001]}"
687,10,0.14411687850952148,238.36329650878906,2022-04-28,1485.26513671875,1,48.0,0.0,2022-04-28,2022-04-27,29.533920288085938,297.21343994140625,2022-04-29,0.36000001430511475,0.0,2022-04-28,0.332599014043808,1.0,"{""type"":""Point"",""coordinates"":[77.0,10.090000000000002]}"
688,10,0.07951435446739197,281.0896301269531,2022-09-07,1549.8065185546875,1,4.0,79.79999542236328,2022-09-07,2022-09-06,20.20343589782715,293.72857666015625,2022-09-08,47.69999694824219,39.58333206176758,2022-09-07,0.4269256591796875,4.0,"{""type"":""Point"",""coordinates"":[77.01,10.07]}"
689,10,0.4922547936439514,281.0896301269531,2019-03-06,1549.8065185546875,1,4.0,0.0,2019-03-06,2019-03-05,20.20343589782715,297.40155029296875,2019-03-07,0.0,0.0,2019-03-06,0.16894786059856415,4.0,"{""type"":""Point"",""coordinates"":[77.01,10.07]}"
690,10,0.04487444460391998,281.0896301269531,2022-11-18,1549.8065185546875,1,4.0,0.0,2022-11-18,2022-11-17,20.20343589782715,293.5472717285156,2022-11-19,0.25,0.0,2022-11-18,0.399517685174942,4.0,"{""type"":""Point"",""coordinates"":[77.01,10.07]}"
691,10,0.784320056438446,294.6306457519531,2020-02-15,1582.331787109375,1,1.0,0.0,2020-02-15,2020-02-14,18.74094009399414,297.19805908203125,2020-02-16,0.0,0.0,2020-02-15,0.1376476287841797,1.0,"{""type"":""Point"",""coordinates"":[77.02,10.069999999999999]}"
692,10,0.03406280279159546,354.7964172363281,2020-06-20,1537.438232421875,1,2.0,7.579999923706055,2020-06-20,2020-06-19,23.09781265258789,294.5599060058594,2020-06-21,8.619999885559082,8.333333015441895,2020-06-20,0.41583505272865295,2.0,"{""type"":""Point"",""coordinates"":[77.02,10.09]}"
693,10,0.013748936355113983,21.64018440246582,2023-07-25,1495.704345703125,1,17.0,493.16998291015625,2023-07-25,2023-07-24,19.09639549255371,292.4929504394531,2023-07-26,9.579999923706055,18.75,2023-07-25,0.42625173926353455,17.0,"{""type"":""Point"",""coordinates"":[77.026604,10.088593999999999]}"
694,10,0.033101219683885574,21.64018440246582,2020-08-09,1495.704345703125,1,17.0,1586.6099853515625,2020-08-09,2020-08-08,19.09639549255371,292.4498596191406,2020-08-10,67.5199966430664,72.91666412353516,2020-08-09,0.4290822446346283,17.0,"{""type"":""Point"",""coordinates"":[77.026604,10.088593999999999]}"
695,30,0.4991621971130371,186.9750518798828,2021-03-18,1517.9439697265625,1,15.0,0.0,2021-03-18,2021-03-17,25.693309783935547,297.8134460449219,2021-03-19,1.0399999618530273,0.0,2021-03-18,0.13229942321777344,15.0,"{""type"":""Point"",""coordinates"":[77.030066,10.089504]}"
696,30,0.02521728351712227,186.9750518798828,2019-10-27,1517.9439697265625,1,15.0,236.84999084472656,2019-10-27,2019-10-26,25.693309783935547,293.4573059082031,2019-10-28,10.09000015258789,14.583333015441895,2019-10-27,0.412310928106308,15.0,"{""type"":""Point"",""coordinates"":[77.030066,10.089504]}"
697,10,0.5029492378234863,194.20570373535156,2020-03-18,1649.128662109375,1,1.0,0.2800000011920929,2020-03-18,2020-03-17,45.59095764160156,298.3052673339844,2020-03-19,0.0,0.0,2020-03-18,0.14688809216022491,1.0,"{""type"":""Point"",""coordinates"":[77.04,10.08]}"
698,10,0.4243297278881073,194.20570373535156,2022-02-05,1649.128662109375,1,1.0,0.6299999952316284,2022-02-05,2022-02-04,45.59095764160156,294.990966796875,2022-02-06,0.0,0.0,2022-02-05,0.1509348601102829,1.0,"{""type"":""Point"",""coordinates"":[77.04,10.08]}"
699,10,0.5157471299171448,194.20570373535156,2020-03-06,1649.128662109375,1,1.0,0.0,2020-03-06,2020-03-05,45.59095764160156,295.6275329589844,2020-03-07,0.8899999856948853,0.0,2020-03-06,0.32606062293052673,1.0,"{""type"":""Point"",""coordinates"":[77.04,10.08]}"
700,10,0.004264595452696085,197.01107788085938,2021-08-09,1545.2266845703125,1,10.0,106.0,2021-08-09,2021-08-08,14.52694034576416,293.1768798828125,2021-08-10,9.079999923706055,8.333333015441895,2021-08-09,0.42212358117103577,10.0,"{""type"":""Point"",""coordinates"":[77.03,10.069999999999999]}"
701,10,0.8761227130889893,197.01107788085938,2020-02-21,1545.2266845703125,1,10.0,0.0,2020-02-21,2020-02-20,14.52694034576416,296.25848388671875,2020-02-22,0.0,0.0,2020-02-21,0.13300831615924835,10.0,"{""type"":""Point"",""coordinates"":[77.03,10.069999999999999]}"
702,10,0.825756847858429,197.01107788085938,2021-04-02,1545.2266845703125,1,10.0,55.81999969482422,2021-04-02,2021-04-01,14.52694034576416,296.2955627441406,2021-04-03,0.0,0.0,2021-04-02,0.30373382568359375,10.0,"{""type"":""Point"",""coordinates"":[77.03,10.069999999999999]}"
703,10,0.16004474461078644,103.23943328857422,2022-04-23,1504.92919921875,1,1.0,8.319999694824219,2022-04-23,2022-04-22,6.551740646362305,296.48095703125,2022-04-24,1.8799998760223389,4.166666507720947,2022-04-23,0.3568382263183594,1.0,"{""type"":""Point"",""coordinates"":[77.04,10.069999999999999]}"
704,10,0.017744503915309906,103.23943328857422,2019-10-25,1504.92919921875,1,1.0,23.34000015258789,2019-10-25,2019-10-24,6.551740646362305,292.6636962890625,2019-10-26,4.019999980926514,6.25,2019-10-25,0.42431703209877014,1.0,"{""type"":""Point"",""coordinates"":[77.04,10.069999999999999]}"
705,10,0.17694832384586334,103.23943328857422,2021-01-19,1504.92919921875,1,1.0,0.0,2021-01-19,2021-01-18,6.551740646362305,293.0799865722656,2021-01-20,1.3700000047683716,4.166666507720947,2021-01-19,0.3958059847354889,1.0,"{""type"":""Point"",""coordinates"":[77.04,10.069999999999999]}"
706,10,0.3808123767375946,103.23943328857422,2019-05-05,1504.92919921875,1,1.0,0.0,2019-05-05,2019-05-04,6.551740646362305,296.3915710449219,2019-05-06,0.0,0.0,2019-05-05,0.31856346130371094,1.0,"{""type"":""Point"",""coordinates"":[77.04,10.069999999999999]}"
707,10,0.3229733407497406,103.23943328857422,2022-02-02,1504.92919921875,1,1.0,0.023000001907348633,2022-02-02,2022-02-01,6.551740646362305,296.2318115234375,2022-02-03,0.0,0.0,2022-02-02,0.15631230175495148,1.0,"{""type"":""Point"",""coordinates"":[77.04,10.069999999999999]}"
708,10,0.17694832384586334,103.23943328857422,2021-01-21,1504.92919921875,1,1.0,0.8700000047683716,2021-01-21,2021-01-20,6.551740646362305,293.5698547363281,2021-01-22,20.869998931884766,16.66666603088379,2021-01-21,0.37489762902259827,1.0,"{""type"":""Point"",""coordinates"":[77.04,10.069999999999999]}"
709,10,0.17509441077709198,103.23943328857422,2022-10-22,1504.92919921875,1,1.0,7.819999694824219,2022-10-22,2022-10-21,6.551740646362305,292.7494201660156,2022-10-23,1.909999966621399,0.0,2022-10-22,0.4245046079158783,1.0,"{""type"":""Point"",""coordinates"":[77.04,10.069999999999999]}"
710,10,0.15110456943511963,103.23943328857422,2023-04-15,1504.92919921875,1,1.0,0.7199999690055847,2023-04-15,2023-04-14,6.551740646362305,297.1470031738281,2023-04-16,0.6899999380111694,0.0,2023-04-15,0.24695904552936554,1.0,"{""type"":""Point"",""coordinates"":[77.04,10.069999999999999]}"
711,10,0.02737053669989109,246.8582305908203,2021-08-08,1548.902099609375,1,1.0,17.15999984741211,2021-08-08,2021-08-07,31.926671981811523,292.8840637207031,2021-08-09,10.59999942779541,14.583333015441895,2021-08-08,0.4270235598087311,1.0,"{""type"":""Point"",""coordinates"":[77.03,10.06]}"
712,10,0.4614274203777313,175.3439178466797,2023-06-03,1503.396484375,1,36.0,67.68000030517578,2023-06-03,2023-06-02,29.038524627685547,295.579345703125,2023-06-04,13.84999942779541,16.66666603088379,2023-06-03,0.4147167205810547,36.0,"{""type"":""Point"",""coordinates"":[77.03537,10.060998]}"
713,10,0.08316929638385773,175.3439178466797,2022-07-15,1503.396484375,1,36.0,42.47999954223633,2022-07-15,2022-07-14,29.038524627685547,292.3807067871094,2022-07-16,5.529999732971191,12.5,2022-07-15,0.42825445532798767,36.0,"{""type"":""Point"",""coordinates"":[77.03537,10.060998]}"
714,10,0.41488003730773926,59.29767608642578,2019-01-23,1526.9205322265625,1,40.0,32.39999771118164,2019-01-23,2019-01-22,21.5224609375,292.81494140625,2019-01-24,4.769999980926514,10.416666984558105,2019-01-23,0.15384991466999054,40.0,"{""type"":""Point"",""coordinates"":[77.04,10.059999999999999]}"
715,10,0.061329297721385956,59.29767608642578,2021-11-02,1526.9205322265625,1,40.0,1115.8800048828125,2021-11-02,2021-11-01,21.5224609375,293.0951843261719,2021-11-03,17.469999313354492,20.83333396911621,2021-11-02,0.4278322756290436,40.0,"{""type"":""Point"",""coordinates"":[77.04,10.059999999999999]}"
716,10,0.40460506081581116,59.29767608642578,2023-12-16,1526.9205322265625,1,40.0,24.0,2023-12-16,2023-12-15,21.5224609375,293.87615966796875,2023-12-17,12.829999923706055,22.91666603088379,2023-12-16,0.3883399963378906,40.0,"{""type"":""Point"",""coordinates"":[77.04,10.059999999999999]}"
717,10,0.010165985673666,201.9257049560547,2019-11-17,1514.626708984375,1,28.0,142.739990234375,2019-11-17,2019-11-16,16.066328048706055,294.1444396972656,2019-11-18,0.0,0.0,2019-11-17,0.4210173189640045,26.0,"{""type"":""Point"",""coordinates"":[77.02,10.06]}"
718,10,0.33676794171333313,75.68856048583984,2019-01-11,1604.04443359375,1,1.0,0.0,2019-01-11,2019-01-10,32.350223541259766,291.8974304199219,2019-01-12,0.0,0.0,2019-01-11,0.22542572021484375,1.0,"{""type"":""Point"",""coordinates"":[77.01,10.06]}"
719,10,0.36183562874794006,75.68856048583984,2019-03-08,1604.04443359375,1,1.0,6.619999885559082,2019-03-08,2019-03-07,32.350223541259766,298.2214660644531,2019-03-09,0.0,0.0,2019-03-08,0.16657193005084991,1.0,"{""type"":""Point"",""coordinates"":[77.01,10.06]}"
720,10,0.15315742790699005,75.68856048583984,2023-04-25,1604.04443359375,1,1.0,13.559999465942383,2023-04-25,2023-04-24,32.350223541259766,296.4356689453125,2023-04-26,36.22999954223633,31.25,2023-04-25,0.3765411376953125,1.0,"{""type"":""Point"",""coordinates"":[77.01,10.06]}"
721,10,0.12308212369680405,75.68856048583984,2020-11-08,1604.04443359375,1,1.0,0.0,2020-11-08,2020-11-07,32.350223541259766,295.0166015625,2020-11-09,4.409999847412109,10.416666984558105,2020-11-08,0.4056154787540436,1.0,"{""type"":""Point"",""coordinates"":[77.01,10.06]}"
722,10,0.7062710523605347,286.769775390625,2019-02-09,1526.6339111328125,1,4.0,5.400000095367432,2019-02-09,2019-02-08,17.39947509765625,296.1933898925781,2019-02-10,19.85999870300293,18.75,2019-02-09,0.17002741992473602,4.0,"{""type"":""Point"",""coordinates"":[77.0,10.06]}"
723,10,0.4550497531890869,228.25881958007812,2019-01-06,996.7664794921875,1,4.0,0.0,2019-01-06,2019-01-05,11.321015357971191,292.608642578125,2019-01-07,0.0,0.0,2019-01-06,0.3440570831298828,1.0,"{""type"":""Point"",""coordinates"":[77.0068,10.0372]}"
724,10,0.21088790893554688,162.35076904296875,2021-07-01,1004.5538330078125,1,4.0,66.55999755859375,2021-07-01,2021-06-30,17.80413055419922,296.46954345703125,2021-07-02,25.95199966430664,25.0,2021-07-01,0.4489269256591797,4.0,"{""type"":""Point"",""coordinates"":[77.005599,10.038717000000002]}"
725,10,0.32271620631217957,162.35076904296875,2020-12-11,1004.5538330078125,1,4.0,22.15999984741211,2020-12-11,2020-12-10,17.80413055419922,295.5497741699219,2020-12-12,0.5299999713897705,0.0,2020-12-11,0.45284590125083923,4.0,"{""type"":""Point"",""coordinates"":[77.005599,10.038717000000002]}"
726,10,0.06552428752183914,177.6049041748047,2021-10-09,1131.446044921875,1,4.0,80.91999816894531,2021-10-09,2021-10-08,29.30593490600586,295.3016052246094,2021-10-10,13.769999504089355,25.0,2021-10-09,0.4825706481933594,4.0,"{""type"":""Point"",""coordinates"":[77.01,10.04]}"
727,10,0.08517676591873169,200.80384826660156,2023-07-21,972.1847534179688,1,6.0,12.180000305175781,2023-07-21,2023-07-20,13.919663429260254,295.13201904296875,2023-07-22,5.189999580383301,4.166666507720947,2023-07-21,0.49877357482910156,6.0,"{""type"":""Point"",""coordinates"":[77.001514,10.038850000000002]}"
728,10,-0.0166072528809309,200.80384826660156,2022-04-11,972.1847534179688,1,6.0,18.119998931884766,2022-04-11,2022-04-10,13.919663429260254,296.2379150390625,2022-04-12,69.66999816894531,31.25,2022-04-11,0.4609394073486328,6.0,"{""type"":""Point"",""coordinates"":[77.001514,10.038850000000002]}"
729,10,0.31165510416030884,217.6383056640625,2021-06-03,817.2852172851562,1,19.0,395.5799865722656,2021-06-03,2021-06-02,10.464492797851562,296.6161193847656,2021-06-04,46.39999771118164,35.41666793823242,2021-06-03,0.46725210547447205,19.0,"{""type"":""Point"",""coordinates"":[77.0,10.03]}"
730,10,0.09582637995481491,8.175812721252441,2021-05-17,823.3687133789062,1,84.0,28.439998626708984,2021-05-17,2021-05-16,23.779123306274414,294.82342529296875,2021-05-18,7.87999963760376,8.333333015441895,2021-05-17,0.48311296105384827,1.0,"{""type"":""Point"",""coordinates"":[76.9962,10.024591]}"
731,10,0.5757721662521362,199.63412475585938,2023-03-07,687.2216186523438,1,1.0,0.0,2023-03-07,2023-03-06,24.6530818939209,297.85028076171875,2023-03-08,0.019999999552965164,0.0,2023-03-07,0.2781308591365814,1.0,"{""type"":""Point"",""coordinates"":[76.99438,10.017696000000004]}"
732,10,0.5161290168762207,195.6404571533203,2020-05-02,702.5465698242188,1,1.0,12.592999458312988,2020-05-02,2020-05-01,25.990623474121094,298.4113464355469,2020-05-03,1.3599998950958252,2.0833332538604736,2020-05-02,0.442474365234375,1.0,"{""type"":""Point"",""coordinates"":[76.99491,10.017810000000003]}"
733,10,0.2868253290653229,193.16957092285156,2020-06-02,717.7186889648438,1,1.0,2.611999988555908,2020-06-02,2020-06-01,29.279052734375,296.6338806152344,2020-06-03,6.699999809265137,10.416666984558105,2020-06-02,0.48306021094322205,1.0,"{""type"":""Point"",""coordinates"":[76.995549,10.01805]}"
734,10,0.16473551094532013,21.531021118164062,2021-10-19,771.4615478515625,1,1.0,7.960000038146973,2021-10-19,2021-10-18,14.226483345031738,294.40277099609375,2021-10-20,26.389999389648438,35.41666793823242,2021-10-19,0.4909738004207611,1.0,"{""type"":""Point"",""coordinates"":[77.009831,10.018153999999997]}"
735,10,0.7722150087356567,44.12319564819336,2022-02-11,766.159912109375,1,100.0,0.10999999940395355,2022-02-11,2022-02-10,30.079917907714844,297.7627868652344,2022-02-12,0.6299999952316284,0.0,2022-02-11,0.26154962182044983,1.0,"{""type"":""Point"",""coordinates"":[77.01,10.02]}"
736,10,0.07046491652727127,44.12319564819336,2021-07-23,766.159912109375,1,100.0,8.729999542236328,2021-07-23,2021-07-22,30.079917907714844,294.0380859375,2021-07-24,22.639999389648438,29.16666603088379,2021-07-23,0.48026594519615173,1.0,"{""type"":""Point"",""coordinates"":[77.01,10.02]}"
737,10,0.19924433529376984,343.9626159667969,2020-12-22,712.1477661132812,1,182.0,16.3799991607666,2020-12-22,2020-12-21,18.264881134033203,294.0320739746094,2020-12-23,6.179999828338623,12.5,2020-12-22,0.4530538022518158,182.0,"{""type"":""Point"",""coordinates"":[77.01620000000001,10.0191]}"
738,10,0.12924349308013916,41.83869171142578,2022-07-09,729.047607421875,1,182.0,1979.47998046875,2022-07-09,2022-07-08,10.038934707641602,294.4118957519531,2022-07-10,11.539999961853027,16.66666603088379,2022-07-09,0.49428367614746094,68.0,"{""type"":""Point"",""coordinates"":[77.016862,10.018075000000001]}"
739,10,0.3779699504375458,41.83869171142578,2019-04-14,729.047607421875,1,182.0,0.0,2019-04-14,2019-04-13,10.038934707641602,302.17529296875,2019-04-15,0.0,0.0,2019-04-14,0.2852039337158203,68.0,"{""type"":""Point"",""coordinates"":[77.016862,10.018075000000001]}"
740,10,0.0318417102098465,205.98268127441406,2020-09-09,753.9547729492188,1,24.0,57.279998779296875,2020-09-09,2020-09-08,22.49321746826172,295.0267333984375,2020-09-10,12.029999732971191,14.583333015441895,2020-09-09,0.48865509033203125,16.0,"{""type"":""Point"",""coordinates"":[77.022948,10.02451]}"
741,10,0.08696523308753967,205.98268127441406,2020-07-15,753.9547729492188,1,24.0,383.03997802734375,2020-07-15,2020-07-14,22.49321746826172,295.37115478515625,2020-07-16,14.569999694824219,14.583333015441895,2020-07-15,0.4955005645751953,16.0,"{""type"":""Point"",""coordinates"":[77.022948,10.02451]}"
742,10,0.03616570308804512,203.28976440429688,2022-10-29,1148.4549560546875,1,4.0,0.0,2022-10-29,2022-10-28,31.782888412475586,295.1222839355469,2022-10-30,4.819999694824219,6.25,2022-10-29,0.46878179907798767,2.0,"{""type"":""Point"",""coordinates"":[77.02,10.04]}"
743,10,0.01123113464564085,203.28976440429688,2020-10-05,1148.4549560546875,1,4.0,0.0,2020-10-05,2020-10-04,31.782888412475586,294.522216796875,2020-10-06,0.0,0.0,2020-10-05,0.4241574704647064,2.0,"{""type"":""Point"",""coordinates"":[77.02,10.04]}"
744,10,0.08892085403203964,126.79316711425781,2020-10-30,1177.2279052734375,1,5.0,16.5,2020-10-30,2020-10-29,17.637582778930664,295.67193603515625,2020-10-31,4.649999618530273,10.416666984558105,2020-10-30,0.47746720910072327,5.0,"{""type"":""Point"",""coordinates"":[77.03,10.04]}"
745,10,0.14669543504714966,126.79316711425781,2019-11-23,1177.2279052734375,1,5.0,10.300000190734863,2019-11-23,2019-11-22,17.637582778930664,295.5963134765625,2019-11-24,0.25999999046325684,0.0,2019-11-23,0.4896888732910156,5.0,"{""type"":""Point"",""coordinates"":[77.03,10.04]}"
746,10,0.0042199790477752686,126.79316711425781,2022-08-28,1177.2279052734375,1,5.0,373.9499816894531,2022-08-28,2022-08-27,17.637582778930664,293.5480041503906,2022-08-29,12.300000190734863,16.66666603088379,2022-08-28,0.47585996985435486,5.0,"{""type"":""Point"",""coordinates"":[77.03,10.04]}"
747,10,0.07367230951786041,203.69866943359375,2023-10-18,1115.9959716796875,1,3.0,142.55999755859375,2023-10-18,2023-10-17,11.905596733093262,295.1939392089844,2023-10-19,6.789999961853027,10.416666984558105,2023-10-18,0.4625479280948639,3.0,"{""type"":""Point"",""coordinates"":[77.04,10.039999999999997]}"
748,10,0.7001822590827942,203.69866943359375,2023-04-20,1115.9959716796875,1,3.0,27.209999084472656,2023-04-20,2023-04-19,11.905596733093262,301.1048278808594,2023-04-21,0.0,0.0,2023-04-20,0.26818275451660156,3.0,"{""type"":""Point"",""coordinates"":[77.04,10.039999999999997]}"
749,10,0.02568225935101509,203.69866943359375,2019-11-14,1115.9959716796875,1,3.0,0.0,2019-11-14,2019-11-13,11.905596733093262,295.5625305175781,2019-11-15,0.009999999776482582,0.0,2019-11-14,0.4608828127384186,3.0,"{""type"":""Point"",""coordinates"":[77.04,10.039999999999997]}"
750,10,0.13761305809020996,203.69866943359375,2023-11-01,1115.9959716796875,1,3.0,20.8799991607666,2023-11-01,2023-10-31,11.905596733093262,295.26904296875,2023-11-02,11.609999656677246,8.333333015441895,2023-11-01,0.47878900170326233,3.0,"{""type"":""Point"",""coordinates"":[77.04,10.039999999999997]}"
751,10,0.2022133767604828,207.30027770996094,2019-08-05,904.3966674804688,1,6.0,40.679996490478516,2019-08-05,2019-08-04,24.94576644897461,294.6615295410156,2019-08-06,33.46999740600586,33.33333206176758,2019-08-05,0.47580209374427795,6.0,"{""type"":""Point"",""coordinates"":[77.034469,10.030794000000002]}"
752,10,0.06575866043567657,207.30027770996094,2020-08-20,904.3966674804688,1,6.0,18.360000610351562,2020-08-20,2020-08-19,24.94576644897461,295.247314453125,2020-08-21,3.759999990463257,4.166666507720947,2020-08-20,0.4347616732120514,6.0,"{""type"":""Point"",""coordinates"":[77.034469,10.030794000000002]}"
753,10,0.0648036077618599,219.74630737304688,2019-05-19,909.7393798828125,1,6.0,5.579999923706055,2019-05-19,2019-05-18,23.727313995361328,298.1441955566406,2019-05-20,0.4599999785423279,0.0,2019-05-19,0.4346230924129486,6.0,"{""type"":""Point"",""coordinates"":[77.034915,10.030575]}"
754,10,0.0643450915813446,219.74630737304688,2020-07-11,909.7393798828125,1,6.0,78.54000091552734,2020-07-11,2020-07-10,23.727313995361328,295.3865661621094,2020-07-12,4.539999961853027,6.25,2020-07-11,0.4942970275878906,6.0,"{""type"":""Point"",""coordinates"":[77.034915,10.030575]}"
755,10,0.031969375908374786,224.19203186035156,2021-12-01,980.5574951171875,1,1.0,16.189998626708984,2021-12-01,2021-11-30,11.705596923828125,294.2735595703125,2021-12-02,0.5959999561309814,0.0,2021-12-01,0.48996415734291077,1.0,"{""type"":""Point"",""coordinates"":[77.04,10.03]}"
756,10,-0.012605134397745132,224.19203186035156,2022-11-18,980.5574951171875,1,1.0,0.0,2022-11-18,2022-11-17,11.705596923828125,294.8447265625,2022-11-19,0.25,0.0,2022-11-18,0.47168031334877014,1.0,"{""type"":""Point"",""coordinates"":[77.04,10.03]}"
757,10,0.0821521058678627,216.53451538085938,2022-12-13,845.5819091796875,1,13.0,12.84999942779541,2022-12-13,2022-12-12,23.991823196411133,293.1214294433594,2022-12-14,5.690000057220459,6.25,2022-12-13,0.48504385352134705,1.0,"{""type"":""Point"",""coordinates"":[77.031887,10.029138]}"
758,10,0.3652153015136719,216.53451538085938,2020-02-26,845.5819091796875,1,13.0,0.0,2020-02-26,2020-02-25,23.991823196411133,299.9337158203125,2020-02-27,10.779999732971191,18.75,2020-02-26,0.2575174868106842,1.0,"{""type"":""Point"",""coordinates"":[77.031887,10.029138]}"
759,10,0.33570829033851624,260.90704345703125,2023-06-16,861.2808837890625,1,1.0,0.0,2023-06-16,2023-06-15,7.522488594055176,295.63787841796875,2023-06-17,0.0,0.0,2023-06-16,0.48164430260658264,1.0,"{""type"":""Point"",""coordinates"":[77.03,10.029999999999998]}"
760,10,0.3796060085296631,42.663917541503906,2023-04-12,914.864501953125,1,1.0,0.0,2023-04-12,2023-04-11,26.82842445373535,298.9181823730469,2023-04-13,0.0,0.0,2023-04-12,0.3160025179386139,1.0,"{""type"":""Point"",""coordinates"":[77.0407,10.025400000000001]}"
761,10,0.0723361149430275,57.410133361816406,2019-12-09,896.2498168945312,1,10.0,0.0,2019-12-09,2019-12-08,27.23859977722168,295.2253723144531,2019-12-10,0.0,0.0,2019-12-09,0.47051873803138733,2.0,"{""type"":""Point"",""coordinates"":[77.05,10.03]}"
762,10,0.5238040089607239,210.65924072265625,2020-03-01,954.4231567382812,1,2.0,8.059999465942383,2020-03-01,2020-02-29,5.127562999725342,299.9339294433594,2020-03-02,0.04500000178813934,0.0,2020-03-01,0.2564411163330078,2.0,"{""type"":""Point"",""coordinates"":[77.0472,10.017599999999998]}"
763,10,0.23747119307518005,180.16993713378906,2022-10-05,794.9866943359375,1,6.0,5.71999979019165,2022-10-05,2022-10-04,9.506200790405273,295.1683349609375,2022-10-06,2.740000009536743,2.0833332538604736,2022-10-05,0.4701271057128906,2.0,"{""type"":""Point"",""coordinates"":[77.05,10.02]}"
764,80,0.17274843156337738,122.7867660522461,2020-12-01,763.25,1,1178.0,0.0,2020-12-01,2020-11-30,3.353344202041626,294.55841064453125,2020-12-02,2.134000062942505,2.0833332538604736,2020-12-01,0.41779518127441406,1178.0,"{""type"":""Point"",""coordinates"":[77.06,10.02]}"
765,80,0.05202179402112961,122.7867660522461,2022-04-06,763.25,1,1178.0,730.3599853515625,2022-04-06,2022-04-05,3.353344202041626,297.3338623046875,2022-04-07,7.519999980926514,14.583333015441895,2022-04-06,0.2969779968261719,1178.0,"{""type"":""Point"",""coordinates"":[77.06,10.02]}"
766,80,0.18580977618694305,122.7867660522461,2022-03-14,763.25,1,1178.0,0.0,2022-03-14,2022-03-13,3.353344202041626,297.31085205078125,2022-03-15,1.2400000095367432,4.166666507720947,2022-03-14,0.2634614408016205,1178.0,"{""type"":""Point"",""coordinates"":[77.06,10.02]}"
767,10,0.09009869396686554,206.06251525878906,2023-10-20,1024.10693359375,1,1.0,7.269999980926514,2023-10-20,2023-10-19,27.0710506439209,295.0721130371094,2023-10-21,13.969999313354492,25.0,2023-10-20,0.4334615170955658,1.0,"{""type"":""Point"",""coordinates"":[77.06,10.03]}"
768,10,0.050684988498687744,206.06251525878906,2023-08-04,1024.10693359375,1,1.0,0.0,2023-08-04,2023-08-03,27.0710506439209,294.748046875,2023-08-05,1.4299999475479126,0.0,2023-08-04,0.4288908541202545,1.0,"{""type"":""Point"",""coordinates"":[77.06,10.03]}"
769,10,0.07691111415624619,206.06251525878906,2021-07-16,1024.10693359375,1,1.0,42.95000076293945,2021-07-16,2021-07-15,27.0710506439209,293.5821838378906,2021-07-17,33.20000076293945,31.25,2021-07-16,0.49223771691322327,1.0,"{""type"":""Point"",""coordinates"":[77.06,10.03]}"
770,10,0.017483199015259743,145.07460021972656,2019-08-22,1339.139404296875,1,2.0,16.5,2019-08-22,2019-08-21,8.166086196899414,292.8975830078125,2019-08-23,17.149999618530273,33.33333206176758,2019-08-22,0.424468994140625,1.0,"{""type"":""Point"",""coordinates"":[77.05,10.05]}"
771,10,0.415738582611084,145.07460021972656,2019-03-20,1339.139404296875,1,2.0,0.0,2019-03-20,2019-03-19,8.166086196899414,299.1219482421875,2019-03-21,0.0,0.0,2019-03-20,0.13528187572956085,1.0,"{""type"":""Point"",""coordinates"":[77.05,10.05]}"
772,10,0.7361000180244446,145.07460021972656,2023-02-02,1339.139404296875,1,2.0,2.305999994277954,2023-02-02,2023-02-01,8.166086196899414,293.7820129394531,2023-02-03,5.539999961853027,8.333333015441895,2023-02-02,0.2834796905517578,1.0,"{""type"":""Point"",""coordinates"":[77.05,10.05]}"
773,10,0.704012393951416,145.07460021972656,2020-02-12,1339.139404296875,1,2.0,0.0,2020-02-12,2020-02-11,8.166086196899414,296.1846618652344,2020-02-13,0.0,0.0,2020-02-12,0.1502704620361328,1.0,"{""type"":""Point"",""coordinates"":[77.05,10.05]}"
774,30,0.0195821113884449,153.08914184570312,2021-09-04,1434.6480712890625,1,2.0,11.119999885559082,2021-09-04,2021-09-03,19.9357967376709,292.9656677246094,2021-09-05,25.6299991607666,33.33333206176758,2021-09-04,0.42222848534584045,1.0,"{""type"":""Point"",""coordinates"":[77.05,10.055320999999998]}"
775,30,0.045254629105329514,153.08914184570312,2022-05-11,1434.6480712890625,1,2.0,52.619998931884766,2022-05-11,2022-05-10,19.9357967376709,295.0233459472656,2022-05-12,11.680000305175781,12.5,2022-05-11,0.4140148162841797,1.0,"{""type"":""Point"",""coordinates"":[77.05,10.055320999999998]}"
776,10,0.8974195718765259,333.7337951660156,2021-02-13,1650.189697265625,1,1.0,0.0,2021-02-13,2021-02-12,24.180265426635742,292.9430847167969,2021-02-14,0.5899999737739563,0.0,2021-02-13,0.19852764904499054,1.0,"{""type"":""Point"",""coordinates"":[77.05,10.06]}"
777,10,0.0176328644156456,333.7337951660156,2023-08-11,1650.189697265625,1,1.0,1.7799999713897705,2023-08-11,2023-08-10,24.180265426635742,294.4919128417969,2023-08-12,26.78999900817871,27.08333396911621,2023-08-11,0.3784891664981842,1.0,"{""type"":""Point"",""coordinates"":[77.05,10.06]}"
778,10,0.06014890596270561,55.44892501831055,2021-12-22,1346.1365966796875,1,3.0,5.139999866485596,2021-12-22,2021-12-21,23.01850700378418,291.38916015625,2021-12-23,0.25,0.0,2021-12-22,0.31652703881263733,2.0,"{""type"":""Point"",""coordinates"":[77.053833,10.057205000000002]}"
779,10,0.5411271452903748,55.44892501831055,2021-03-02,1346.1365966796875,1,3.0,0.16200000047683716,2021-03-02,2021-03-01,23.01850700378418,293.6161193847656,2021-03-03,0.0,0.0,2021-03-02,0.17646662890911102,2.0,"{""type"":""Point"",""coordinates"":[77.053833,10.057205000000002]}"
780,10,0.07457417994737625,131.0192108154297,2023-11-16,1318.65673828125,1,1092.0,917.2799682617188,2023-11-16,2023-11-15,19.978235244750977,292.0928039550781,2023-11-17,0.23999999463558197,0.0,2023-11-16,0.407031387090683,1092.0,"{""type"":""Point"",""coordinates"":[77.06,10.060000000000002]}"
781,10,0.07294286042451859,114.38261413574219,2023-11-15,1449.9417724609375,1,1087.0,9587.33984375,2023-11-15,2023-11-14,40.12858581542969,291.7108459472656,2023-11-16,0.8399999737739563,0.0,2023-11-15,0.39984130859375,1087.0,"{""type"":""Point"",""coordinates"":[77.065576,10.066495999999999]}"
782,10,0.022326704114675522,114.38261413574219,2021-11-03,1449.9417724609375,1,1087.0,18989.890625,2021-11-03,2021-11-02,40.12858581542969,291.81976318359375,2021-11-04,33.86000061035156,27.08333396911621,2021-11-03,0.426074355840683,1087.0,"{""type"":""Point"",""coordinates"":[77.065576,10.066495999999999]}"
783,30,0.031168628484010696,243.5264129638672,2019-11-24,1714.72998046875,1,1.0,0.25999999046325684,2019-11-24,2019-11-23,6.820903301239014,292.5749816894531,2019-11-25,4.339999675750732,2.0833332538604736,2019-11-24,0.39080682396888733,1.0,"{""type"":""Point"",""coordinates"":[77.07,10.06]}"
784,30,-0.017698755487799644,187.5682373046875,2022-05-20,1155.7520751953125,1,1.0,3.1999998092651367,2022-05-20,2022-05-19,35.50830078125,293.4508972167969,2022-05-21,19.35999870300293,18.75,2022-05-20,0.45822715759277344,1.0,"{""type"":""Point"",""coordinates"":[77.07,10.030000000000001]}"
785,10,0.03860932216048241,227.4766387939453,2020-06-10,906.40625,1,3.0,0.41999998688697815,2020-06-10,2020-06-09,19.341711044311523,295.0627746582031,2020-06-11,12.59000015258789,8.333333015441895,2020-06-10,0.4898109436035156,3.0,"{""type"":""Point"",""coordinates"":[77.06356,10.026249999999997]}"
786,10,0.07568920403718948,227.4766387939453,2021-12-13,906.40625,1,3.0,12.65999984741211,2021-12-13,2021-12-12,19.341711044311523,294.03436279296875,2021-12-14,4.099999904632568,4.166666507720947,2021-12-13,0.4453512728214264,3.0,"{""type"":""Point"",""coordinates"":[77.0635,10.026199999999998]}"
787,10,0.7743343114852905,335.2259521484375,2021-03-30,872.40478515625,1,37.0,42.209999084472656,2021-03-30,2021-03-29,13.913155555725098,298.501708984375,2021-03-31,2.9099998474121094,10.416666984558105,2021-03-30,0.26390013098716736,3.0,"{""type"":""Point"",""coordinates"":[77.08,10.020000000000001]}"
788,10,0.6909655928611755,270.24066162109375,2021-03-05,970.6369018554688,1,2.0,0.0,2021-03-05,2021-03-04,10.68299674987793,295.42138671875,2021-03-06,0.0,0.0,2021-03-05,0.2662302553653717,2.0,"{""type"":""Point"",""coordinates"":[77.082167,10.013917]}"
789,10,0.4984738826751709,270.24066162109375,2022-03-29,970.6369018554688,1,2.0,0.25999999046325684,2022-03-29,2022-03-28,10.68299674987793,296.9100341796875,2022-03-30,0.0,0.0,2022-03-29,0.35335731506347656,2.0,"{""type"":""Point"",""coordinates"":[77.082167,10.013917]}"
790,10,0.38263607025146484,95.98614501953125,2023-04-17,796.9129028320312,1,4.0,15.719999313354492,2023-04-17,2023-04-16,30.296070098876953,298.0357360839844,2023-04-18,0.25999999046325684,0.0,2023-04-17,0.28377023339271545,4.0,"{""type"":""Point"",""coordinates"":[77.064539,10.005137000000001]}"
791,10,0.1481790840625763,95.98614501953125,2023-11-12,796.9129028320312,1,4.0,13.319999694824219,2023-11-12,2023-11-11,30.296070098876953,294.4532775878906,2023-11-13,0.12999999523162842,0.0,2023-11-12,0.4572054445743561,4.0,"{""type"":""Point"",""coordinates"":[77.064539,10.005137000000001]}"
792,10,0.025283915922045708,257.31646728515625,2021-11-20,771.547119140625,1,1239.0,12290.8798828125,2021-11-20,2021-11-19,28.16848373413086,292.9614562988281,2021-11-21,4.449999809265137,8.333333015441895,2021-11-20,0.4924964904785156,1239.0,"{""type"":""Point"",""coordinates"":[77.07,10.010000000000002]}"
793,30,0.09650000184774399,337.97003173828125,2020-07-16,858.3637084960938,1,35.0,21.599998474121094,2020-07-16,2020-07-15,23.123308181762695,293.655029296875,2020-07-17,36.599998474121094,41.66666793823242,2020-07-16,0.4973640441894531,1.0,"{""type"":""Point"",""coordinates"":[77.078326,9.996409]}"
794,30,0.42264971137046814,337.97003173828125,2022-10-18,858.3637084960938,1,35.0,88.0199966430664,2022-10-18,2022-10-17,23.123308181762695,293.57501220703125,2022-10-19,1.7799999713897705,0.0,2022-10-18,0.4803988039493561,1.0,"{""type"":""Point"",""coordinates"":[77.078326,9.996409]}"
795,10,0.13730786740779877,225.2472686767578,2022-05-17,821.5055541992188,1,35.0,8.389999389648438,2022-05-17,2022-05-16,27.328018188476562,293.69830322265625,2022-05-18,6.329999923706055,10.416666984558105,2022-05-17,0.4884910583496094,1.0,"{""type"":""Point"",""coordinates"":[77.076817,9.995732]}"
796,10,0.055293336510658264,225.2472686767578,2022-06-04,821.5055541992188,1,35.0,0.14999999105930328,2022-06-04,2022-06-03,27.328018188476562,294.7229919433594,2022-06-05,0.0,0.0,2022-06-04,0.48412832617759705,1.0,"{""type"":""Point"",""coordinates"":[77.076817,9.995732]}"
797,10,0.5144132971763611,232.5021514892578,2023-02-06,910.1121826171875,1,1.0,0.0,2023-02-06,2023-02-05,20.266185760498047,293.273193359375,2023-02-07,0.6799999475479126,2.0833332538604736,2023-02-06,0.4336344301700592,1.0,"{""type"":""Point"",""coordinates"":[77.077568,9.999035000000001]}"
798,10,0.09661427140235901,232.5021514892578,2022-11-12,910.1121826171875,1,1.0,76.16999816894531,2022-11-12,2022-11-11,20.266185760498047,292.76519775390625,2022-11-13,34.0,27.08333396911621,2022-11-12,0.4796161651611328,1.0,"{""type"":""Point"",""coordinates"":[77.077568,9.999035000000001]}"
799,10,0.16612035036087036,170.3701171875,2020-09-10,780.22802734375,1,33.0,14.369999885559082,2020-09-10,2020-09-09,7.504019260406494,293.25909423828125,2020-09-11,13.9399995803833,12.5,2020-09-10,0.4810466766357422,1.0,"{""type"":""Point"",""coordinates"":[77.081172,9.992198000000002]}"
800,10,0.33379602432250977,170.3701171875,2022-02-05,780.22802734375,1,33.0,0.0,2022-02-05,2022-02-04,7.504019260406494,294.95733642578125,2022-02-06,0.0,0.0,2022-02-05,0.27826371788978577,1.0,"{""type"":""Point"",""coordinates"":[77.081172,9.992198000000002]}"
801,10,0.5994038581848145,63.187747955322266,2020-11-21,719.8536376953125,1,1505.0,0.0,2020-11-21,2020-11-20,22.139617919921875,294.3430480957031,2020-11-22,0.0,0.0,2020-11-21,0.47031211853027344,1463.0,"{""type"":""Point"",""coordinates"":[77.062741,9.991896]}"
802,10,0.4968799352645874,63.187747955322266,2022-03-31,719.8536376953125,1,1505.0,7197.9599609375,2022-03-31,2022-03-30,22.139617919921875,296.67095947265625,2022-04-01,0.5999999642372131,0.0,2022-03-31,0.33656564354896545,1463.0,"{""type"":""Point"",""coordinates"":[77.062741,9.991896]}"
803,10,0.35368427634239197,223.13638305664062,2023-06-16,652.810791015625,1,6.0,0.0,2023-06-16,2023-06-15,29.930252075195312,294.71258544921875,2023-06-17,0.0,0.0,2023-06-16,0.47928428649902344,6.0,"{""type"":""Point"",""coordinates"":[77.062493,9.968324000000003]}"
804,10,0.5515544414520264,157.05471801757812,2023-05-28,817.8306274414062,1,1.0,4.070000171661377,2023-05-28,2023-05-27,27.93393325805664,296.2940368652344,2023-05-29,0.12999999523162842,0.0,2023-05-28,0.48831748962402344,1.0,"{""type"":""Point"",""coordinates"":[77.045,9.984167000000001]}"
805,10,0.22560346126556396,163.29055786132812,2022-10-30,749.0047607421875,1,2.0,0.5799999833106995,2022-10-30,2022-10-29,14.90758991241455,295.32489013671875,2022-10-31,1.3599998950958252,2.0833332538604736,2022-10-30,0.4688682556152344,2.0,"{""type"":""Point"",""coordinates"":[77.047131,9.984815999999999]}"
806,10,0.41887664794921875,269.671630859375,2021-10-07,846.6435546875,1,2.0,3.5399999618530273,2021-10-07,2021-10-06,32.0458869934082,294.5571594238281,2021-10-08,0.0,0.0,2021-10-07,0.4652557373046875,1.0,"{""type"":""Point"",""coordinates"":[77.041953,9.987957]}"
807,10,0.13367241621017456,133.41744995117188,2019-11-27,843.423583984375,1,2.0,0.0,2019-11-27,2019-11-26,31.909021377563477,295.8746337890625,2019-11-28,3.129999876022339,4.166666507720947,2019-11-27,0.46291670203208923,2.0,"{""type"":""Point"",""coordinates"":[77.043295,9.995396999999999]}"
808,10,0.6254231929779053,276.5057373046875,2023-04-13,922.6412963867188,1,4.0,0.0,2023-04-13,2023-04-12,12.008495330810547,299.5270080566406,2023-04-14,0.0,0.0,2023-04-13,0.3012186586856842,1.0,"{""type"":""Point"",""coordinates"":[77.05,10.0]}"
809,10,0.04370066523551941,100.44861602783203,2020-06-14,712.9402465820312,1,1463.0,9626.5400390625,2020-06-14,2020-06-13,27.671127319335938,294.2582702636719,2020-06-15,7.659999847412109,8.333333015441895,2020-06-14,0.4987093508243561,1463.0,"{""type"":""Point"",""coordinates"":[77.062555,9.994212]}"
810,10,0.33077603578567505,100.44861602783203,2023-01-01,712.9402465820312,1,1463.0,0.0,2023-01-01,2022-12-31,27.671127319335938,292.9178466796875,2023-01-02,0.32600000500679016,0.0,2023-01-01,0.3472684323787689,1463.0,"{""type"":""Point"",""coordinates"":[77.062555,9.994212]}"
811,10,0.6043523550033569,129.33604431152344,2019-04-25,716.0094604492188,1,1463.0,3891.579833984375,2019-04-25,2019-04-24,24.96343231201172,297.00335693359375,2019-04-26,0.1599999964237213,0.0,2019-04-25,0.42098554968833923,1463.0,"{""type"":""Point"",""coordinates"":[77.062914,9.994679000000001]}"
812,10,0.6822139024734497,129.33604431152344,2019-03-24,716.0094604492188,1,1463.0,0.0,2019-03-24,2019-03-23,24.96343231201172,299.0556945800781,2019-03-25,0.0,0.0,2019-03-24,0.2632719576358795,1463.0,"{""type"":""Point"",""coordinates"":[77.062914,9.994679000000001]}"
813,10,0.1800641566514969,109.62847137451172,2022-05-13,776.3881225585938,1,1.0,0.029999999329447746,2022-05-13,2022-05-12,29.643409729003906,293.8465270996094,2022-05-14,1.1299999952316284,4.166666507720947,2022-05-13,0.47604498267173767,1.0,"{""type"":""Point"",""coordinates"":[77.061374,9.994788]}"
814,10,0.14978361129760742,109.62847137451172,2019-06-29,776.3881225585938,1,1.0,0.5399999618530273,2019-06-29,2019-06-28,29.643409729003906,295.0849304199219,2019-06-30,0.04999999701976776,0.0,2019-06-29,0.46119117736816406,1.0,"{""type"":""Point"",""coordinates"":[77.061374,9.994788]}"
815,10,0.04894500598311424,136.1399383544922,2022-05-18,836.553955078125,1,1457.0,9222.8095703125,2022-05-18,2022-05-17,30.823392868041992,294.11566162109375,2022-05-19,59.189998626708984,33.33333206176758,2022-05-18,0.4871114194393158,1457.0,"{""type"":""Point"",""coordinates"":[77.063092,9.999803]}"
816,10,0.11593794077634811,136.1399383544922,2022-07-22,836.553955078125,1,1457.0,58454.83984375,2022-07-22,2022-07-21,30.823392868041992,294.3220520019531,2022-07-23,17.309999465942383,22.91666603088379,2022-07-22,0.4864114224910736,1457.0,"{""type"":""Point"",""coordinates"":[77.063092,9.999803]}"
817,10,0.20122456550598145,99.98265075683594,2020-09-10,906.3696899414062,1,1457.0,12.029999732971191,2020-09-10,2020-09-09,22.20465087890625,293.25909423828125,2020-09-11,11.039999961853027,14.583333015441895,2020-09-10,0.4810466766357422,1.0,"{""type"":""Point"",""coordinates"":[77.062669,10.000673999999998]}"
818,10,0.1097593680024147,99.98265075683594,2019-12-19,906.3696899414062,1,1457.0,3.0899999141693115,2019-12-19,2019-12-18,22.20465087890625,294.02581787109375,2019-12-20,0.3100000023841858,0.0,2019-12-19,0.3837820589542389,1.0,"{""type"":""Point"",""coordinates"":[77.062669,10.000673999999998]}"
819,10,0.06220558285713196,162.0735321044922,2020-07-19,978.544189453125,1,1.0,3.75,2020-07-19,2020-07-18,24.738929748535156,293.58587646484375,2020-07-20,0.4699999988079071,0.0,2020-07-19,0.4990908205509186,1.0,"{""type"":""Point"",""coordinates"":[77.06,10.01]}"
820,10,0.3561754524707794,77.20467376708984,2020-12-16,836.920166015625,1,6.0,0.7799999713897705,2020-12-16,2020-12-15,25.627975463867188,293.09130859375,2020-12-17,0.9699999690055847,0.0,2020-12-16,0.39658164978027344,2.0,"{""type"":""Point"",""coordinates"":[77.05219700000002,10.016105000000001]}"
821,10,0.6903860569000244,77.20467376708984,2020-02-02,836.920166015625,1,6.0,4.3420000076293945,2020-02-02,2020-02-01,25.627975463867188,296.3750305175781,2020-02-03,0.0,0.0,2020-02-02,0.26306089758872986,2.0,"{""type"":""Point"",""coordinates"":[77.05219700000002,10.016105000000001]}"
822,10,0.3199855387210846,325.3599853515625,2021-05-26,869.595947265625,1,17.0,1731.6199951171875,2021-05-26,2021-05-25,13.60867977142334,295.829345703125,2021-05-27,55.86000061035156,62.5,2021-05-26,0.46245765686035156,17.0,"{""type"":""Point"",""coordinates"":[77.03,10.010000000000002]}"
823,10,0.16357529163360596,215.61578369140625,2021-12-25,803.1173706054688,1,2.0,0.0,2021-12-25,2021-12-24,29.236675262451172,293.8582458496094,2021-12-26,0.0,0.0,2021-12-25,0.38690313696861267,1.0,"{""type"":""Point"",""coordinates"":[77.03322700000001,9.995305]}"
824,10,0.055626556277275085,192.0614471435547,2019-07-11,887.6071166992188,1,2.0,26.279998779296875,2019-07-11,2019-07-10,36.284934997558594,294.9387512207031,2019-07-12,7.279999732971191,2.0833332538604736,2019-07-11,0.4992402493953705,2.0,"{""type"":""Point"",""coordinates"":[77.030833,9.997778]}"
825,10,0.04638286679983139,212.60350036621094,2022-08-09,800.6249389648438,1,2.0,5.799999713897705,2022-08-09,2022-08-08,22.939359664916992,293.930419921875,2022-08-10,1.2999999523162842,2.0833332538604736,2022-08-09,0.47833189368247986,2.0,"{""type"":""Point"",""coordinates"":[77.026294,9.999279]}"
826,10,0.387101948261261,175.8072052001953,2020-12-22,708.669189453125,1,6.0,0.009999999776482582,2020-12-22,2020-12-21,25.003490447998047,294.0320739746094,2020-12-23,12.729999542236328,14.583333015441895,2020-12-22,0.4530538022518158,1.0,"{""type"":""Point"",""coordinates"":[77.024741,9.995845000000001]}"
827,10,0.6887287497520447,180.174072265625,2023-04-25,728.7965698242188,1,6.0,10.309999465942383,2023-04-25,2023-04-24,33.888389587402344,298.61175537109375,2023-04-26,35.959999084472656,35.41666793823242,2023-04-25,0.41685423254966736,1.0,"{""type"":""Point"",""coordinates"":[77.02497,9.996097000000002]}"
828,10,0.12635575234889984,353.0890808105469,2023-08-20,669.6935424804688,1,6.0,0.9699999690055847,2023-08-20,2023-08-19,8.649334907531738,295.17413330078125,2023-08-21,0.0,0.0,2023-08-20,0.4450124204158783,1.0,"{""type"":""Point"",""coordinates"":[77.02,10.0]}"
829,10,0.8250075578689575,270.9412536621094,2023-01-23,625.0308837890625,1,209.0,254.97999572753906,2023-01-23,2023-01-22,25.77940559387207,294.9404296875,2023-01-24,0.75,0.0,2023-01-23,0.2643095552921295,209.0,"{""type"":""Point"",""coordinates"":[77.01,10.010000000000002]}"
830,10,0.08356843143701553,270.9412536621094,2021-12-11,625.0308837890625,1,209.0,58.52000045776367,2021-12-11,2021-12-10,25.77940559387207,294.8307189941406,2021-12-12,1.4199999570846558,2.0833332538604736,2021-12-11,0.4682833254337311,209.0,"{""type"":""Point"",""coordinates"":[77.01,10.010000000000002]}"
831,10,0.10712695121765137,270.9412536621094,2022-06-20,625.0308837890625,1,209.0,737.77001953125,2022-06-20,2022-06-19,25.77940559387207,295.3276672363281,2022-06-21,13.649999618530273,16.66666603088379,2022-06-20,0.48466238379478455,209.0,"{""type"":""Point"",""coordinates"":[77.01,10.010000000000002]}"
832,10,0.05259827524423599,189.99171447753906,2019-09-18,667.831298828125,1,209.0,1331.3299560546875,2019-09-18,2019-09-17,29.709619522094727,295.0647277832031,2019-09-19,18.799999237060547,25.0,2019-09-18,0.46563783288002014,209.0,"{""type"":""Point"",""coordinates"":[77.008421,10.011229]}"
833,10,0.051304787397384644,158.35093688964844,2023-08-03,667.27880859375,1,209.0,0.0,2023-08-03,2023-08-02,31.087745666503906,295.6953125,2023-08-04,0.0,0.0,2023-08-03,0.4472897946834564,209.0,"{""type"":""Point"",""coordinates"":[77.00884,10.011209]}"
834,10,0.09025435149669647,172.2538604736328,2023-11-11,683.6785888671875,1,18.0,15.239999771118164,2023-11-11,2023-11-10,18.399850845336914,294.8129577636719,2023-11-12,3.3299999237060547,4.166666507720947,2023-11-11,0.48961639404296875,1.0,"{""type"":""Point"",""coordinates"":[77.00006,10.017426]}"
835,10,0.367825448513031,260.4239501953125,2020-03-27,695.3685913085938,1,17.0,0.0,2020-03-27,2020-03-26,27.473865509033203,299.9422302246094,2020-03-28,0.0,0.0,2020-03-27,0.2976023256778717,1.0,"{""type"":""Point"",""coordinates"":[76.997651,10.017242]}"
836,10,0.2060859501361847,194.41241455078125,2023-10-26,773.9928588867188,1,1.0,0.8299999237060547,2023-10-26,2023-10-25,23.426990509033203,295.28900146484375,2023-10-27,3.069999933242798,6.25,2023-10-26,0.46442413330078125,1.0,"{""type"":""Point"",""coordinates"":[76.996611,10.005235]}"
837,10,0.3499067425727844,201.4345245361328,2020-12-25,681.1561279296875,1,1.0,0.0,2020-12-25,2020-12-24,31.520353317260742,295.2427673339844,2020-12-26,0.0,0.0,2020-12-25,0.47513899207115173,1.0,"{""type"":""Point"",""coordinates"":[76.999222,10.00267]}"
838,10,0.06504424661397934,152.45176696777344,2023-06-28,684.2762451171875,1,1.0,4.710000038146973,2023-06-28,2023-06-27,22.511682510375977,293.9732360839844,2023-06-29,1.0099999904632568,2.0833332538604736,2023-06-28,0.46216583251953125,1.0,"{""type"":""Point"",""coordinates"":[76.998237,10.002693999999998]}"
839,10,0.06606390327215195,192.8708953857422,2019-08-12,597.4798583984375,1,215.0,4.389999866485596,2019-08-12,2019-08-11,32.885562896728516,293.8224182128906,2019-08-13,7.019999980926514,10.416666984558105,2019-08-12,0.49694952368736267,1.0,"{""type"":""Point"",""coordinates"":[77.007892,10.000774]}"
840,10,0.02133231982588768,174.08546447753906,2022-06-12,598.5653686523438,1,226.0,1573.7999267578125,2022-06-12,2022-06-11,23.31290054321289,295.8555603027344,2022-06-13,0.550000011920929,0.0,2022-06-12,0.4882443845272064,215.0,"{""type"":""Point"",""coordinates"":[77.00944000000001,10.00053]}"
841,10,0.18921828269958496,158.2509002685547,2023-11-03,572.171142578125,1,215.0,2096.25,2023-11-03,2023-11-02,25.731992721557617,295.4777526855469,2023-11-04,32.65999984741211,31.25,2023-11-03,0.4702371060848236,215.0,"{""type"":""Point"",""coordinates"":[77.011628,10.0018]}"
842,10,0.5147693157196045,151.36419677734375,2020-02-26,561.6057739257812,1,10.0,0.0,2020-02-26,2020-02-25,19.43293571472168,299.9337158203125,2020-02-27,0.0,0.0,2020-02-26,0.2575174868106842,10.0,"{""type"":""Point"",""coordinates"":[77.01363,9.993815]}"
843,10,-4.603047564160079E-4,91.91152954101562,2022-11-21,572.6697387695312,1,14.0,0.0,2022-11-21,2022-11-20,29.825714111328125,294.4894714355469,2022-11-22,0.0,0.0,2022-11-21,0.4841594696044922,10.0,"{""type"":""Point"",""coordinates"":[77.012662,9.992094]}"
844,10,0.03331689164042473,165.84445190429688,2019-09-05,493.5489196777344,1,1.0,25.44999885559082,2019-09-05,2019-09-04,32.118309020996094,294.0771484375,2019-09-06,4.179999828338623,10.416666984558105,2019-09-05,0.4885800778865814,1.0,"{""type"":""Point"",""coordinates"":[77.007309,9.986015999999998]}"
845,10,0.0936317965388298,170.44595336914062,2020-10-22,470.7396240234375,1,2.0,4.279999732971191,2020-10-22,2020-10-21,25.35066032409668,294.8611145019531,2020-10-23,2.2699999809265137,2.0833332538604736,2020-10-22,0.44717344641685486,1.0,"{""type"":""Point"",""coordinates"":[77.007938,9.985976000000003]}"
846,10,0.10374421626329422,283.856689453125,2019-09-12,521.5486450195312,1,30.0,1084.5,2019-09-12,2019-09-11,3.6700758934020996,294.8564453125,2019-09-13,18.78999900817871,27.08333396911621,2019-09-12,0.4850686490535736,30.0,"{""type"":""Point"",""coordinates"":[76.99481,9.990991]}"
847,50,0.13253609836101532,75.00898742675781,2022-09-25,489.5840148925781,1,36.0,0.0,2022-09-25,2022-09-24,20.4854679107666,295.09246826171875,2022-09-26,0.25999999046325684,0.0,2022-09-25,0.4078693389892578,36.0,"{""type"":""Point"",""coordinates"":[76.998194,9.983784]}"
848,10,0.06002180278301239,22.557056427001953,2020-10-18,517.7533569335938,1,1.0,18.420000076293945,2020-10-18,2020-10-17,25.98546028137207,294.828857421875,2020-10-19,2.75,2.0833332538604736,2020-10-18,0.4716510772705078,1.0,"{""type"":""Point"",""coordinates"":[76.998763,9.981403000000002]}"
849,10,0.4535694420337677,118.6087417602539,2021-10-12,462.44183349609375,1,3226.0,57.839996337890625,2021-10-12,2021-10-11,30.90546989440918,294.37860107421875,2021-10-13,11.549999237060547,10.416666984558105,2021-10-12,0.47892317175865173,1.0,"{""type"":""Point"",""coordinates"":[76.99994700000002,9.979597000000002]}"
850,10,0.5170851349830627,118.50882720947266,2023-01-09,449.88494873046875,1,3221.0,0.0,2023-01-09,2023-01-08,34.6352653503418,294.74853515625,2023-01-10,0.0,0.0,2023-01-09,0.31207212805747986,3221.0,"{""type"":""Point"",""coordinates"":[77.00014,9.979840000000001]}"
851,10,0.16227395832538605,142.79302978515625,2021-09-01,465.95513916015625,1,3221.0,1062.929931640625,2021-09-01,2021-08-31,40.14671325683594,294.42962646484375,2021-09-02,11.892999649047852,18.75,2021-09-01,0.48185667395591736,3221.0,"{""type"":""Point"",""coordinates"":[77.000142,9.980202]}"
852,10,0.3030499219894409,2.651393413543701,2019-02-16,509.65283203125,1,2932.0,1.1800000667572021,2019-02-16,2019-02-15,7.3587565422058105,298.4253234863281,2019-02-17,1.1799999475479126,2.0833332538604736,2019-02-16,0.2871227264404297,1.0,"{""type"":""Point"",""coordinates"":[77.005334,9.983732]}"
853,10,0.20205169916152954,164.6388702392578,2021-01-23,458.95367431640625,1,3226.0,0.0,2021-01-23,2021-01-22,30.43822479248047,295.7615966796875,2021-01-24,0.0,0.0,2021-01-23,0.4458529055118561,3226.0,"{""type"":""Point"",""coordinates"":[76.998054,9.977168]}"
854,10,0.7533361911773682,152.5686492919922,2023-04-20,483.2300720214844,1,3231.0,774.239990234375,2023-04-20,2023-04-19,27.43926429748535,301.1048278808594,2023-04-21,0.0,0.0,2023-04-20,0.26818275451660156,3226.0,"{""type"":""Point"",""coordinates"":[76.996319,9.975343]}"
855,10,0.5098287463188171,56.460880279541016,2021-06-18,432.2767028808594,1,3231.0,20807.638671875,2021-06-18,2021-06-17,27.917190551757812,294.4844055175781,2021-06-19,7.989999771118164,10.416666984558105,2021-06-18,0.5045604705810547,3231.0,"{""type"":""Point"",""coordinates"":[76.9968,9.974]}"
856,10,0.23312295973300934,325.2904052734375,2021-06-09,410.7527160644531,1,3231.0,36768.77734375,2021-06-09,2021-06-08,14.208395004272461,295.9359130859375,2021-06-10,4.179999828338623,2.0833332538604736,2021-06-09,0.48902955651283264,3231.0,"{""type"":""Point"",""coordinates"":[76.9992,9.9737]}"
857,10,0.12846671044826508,183.72935485839844,2023-11-15,577.1375122070312,1,2.0,2.440000057220459,2023-11-15,2023-11-14,17.450599670410156,294.5328674316406,2023-11-16,10.289999961853027,14.583333015441895,2023-11-15,0.5004482269287109,2.0,"{""type"":""Point"",""coordinates"":[77.02686,9.967749999999999]}"
858,10,0.545712411403656,125.22438049316406,2021-06-27,520.1473999023438,1,1.0,5.130000114440918,2021-06-27,2021-06-26,21.34360122680664,295.30206298828125,2021-06-28,4.799999713897705,10.416666984558105,2021-06-27,0.4578959047794342,1.0,"{""type"":""Point"",""coordinates"":[77.021799,9.975804999999996]}"
859,10,0.15790170431137085,25.743654251098633,2021-01-14,672.5945434570312,1,2.0,52.22999954223633,2021-01-14,2021-01-13,15.760001182556152,293.8697814941406,2021-01-15,0.6399999856948853,0.0,2021-01-14,0.46240487694740295,1.0,"{""type"":""Point"",""coordinates"":[77.024464,9.989474]}"
860,10,0.22760078310966492,222.5146026611328,2021-04-22,621.050048828125,1,2848.0,0.07000000029802322,2021-04-22,2021-04-21,25.99911880493164,297.2935791015625,2021-04-23,0.6599999666213989,0.0,2021-04-22,0.47856712341308594,1.0,"{""type"":""Point"",""coordinates"":[77.034088,9.979716]}"
861,10,0.16172188520431519,123.66879272460938,2023-11-11,634.204833984375,1,13.0,243.87998962402344,2023-11-11,2023-11-10,20.61064910888672,294.8129577636719,2023-11-12,3.4800000190734863,6.25,2023-11-11,0.48961639404296875,13.0,"{""type"":""Point"",""coordinates"":[77.032886,9.982913999999997]}"
862,10,0.2567193806171417,25.80017852783203,2021-06-02,757.5947265625,1,1.0,0.2900000214576721,2021-06-02,2021-06-01,27.198348999023438,295.82769775390625,2021-06-03,4.599999904632568,8.333333015441895,2021-06-02,0.4760354459285736,1.0,"{""type"":""Point"",""coordinates"":[77.02511,9.952030000000002]}"
863,10,0.1289406567811966,28.133136749267578,2019-07-28,572.759521484375,1,1838.0,15861.939453125,2019-07-28,2019-07-27,29.66655731201172,294.9548034667969,2019-07-29,15.639999389648438,6.25,2019-07-28,0.47708383202552795,1838.0,"{""type"":""Point"",""coordinates"":[77.021632,9.918976000000002]}"
864,10,0.2588885426521301,4.436978340148926,2021-05-10,643.9669189453125,1,1272.0,1.9799998998641968,2021-05-10,2021-05-09,21.043195724487305,295.9611511230469,2021-05-11,8.329999923706055,4.166666507720947,2021-05-10,0.46756044030189514,1.0,"{""type"":""Point"",""coordinates"":[77.05862,9.964335]}"
865,10,0.5875175595283508,150.93783569335938,2020-03-13,709.25048828125,1,1.0,0.0,2020-03-13,2020-03-12,6.477200984954834,297.2026062011719,2020-03-14,0.0,0.0,2020-03-13,0.3218555450439453,1.0,"{""type"":""Point"",""coordinates"":[77.0521,9.952]}"
866,10,0.5491665005683899,252.07203674316406,2020-01-31,662.3294677734375,1,5.0,23.799999237060547,2020-01-31,2020-01-30,13.223189353942871,296.3332214355469,2020-02-01,0.0,0.0,2020-01-31,0.26421165466308594,5.0,"{""type"":""Point"",""coordinates"":[77.063839,9.966436]}"
867,10,0.03248540312051773,205.1964874267578,2021-12-13,732.6968383789062,1,4.0,1.9199999570846558,2021-12-13,2021-12-12,27.939725875854492,294.03436279296875,2021-12-14,0.0,0.0,2021-12-13,0.4453512728214264,4.0,"{""type"":""Point"",""coordinates"":[77.068385,9.964256]}"
868,10,0.013363901525735855,258.0643005371094,2023-11-24,889.7540283203125,1,3.0,12.879999160766602,2023-11-24,2023-11-23,17.324907302856445,293.6788330078125,2023-11-25,0.4899999797344208,0.0,2023-11-24,0.47030386328697205,2.0,"{""type"":""Point"",""coordinates"":[77.078382,9.954884]}"
869,10,0.13228335976600647,211.81846618652344,2020-09-09,854.6934814453125,1,2.0,10.359999656677246,2020-09-09,2020-09-08,17.794851303100586,293.7126159667969,2020-09-10,14.369999885559082,25.0,2020-09-09,0.47317376732826233,2.0,"{""type"":""Point"",""coordinates"":[77.078162,9.957552]}"
870,10,0.7259913086891174,50.4249382019043,2021-03-31,842.774169921875,1,2.0,0.0,2021-03-31,2021-03-30,28.95499610900879,298.8589782714844,2021-04-01,0.0,0.0,2021-03-31,0.2647756040096283,2.0,"{""type"":""Point"",""coordinates"":[77.07605,9.958153]}"
871,10,0.2505874037742615,272.13555908203125,2019-12-12,796.9766235351562,1,3.0,2.6999998092651367,2019-12-12,2019-12-11,22.62124252319336,293.76092529296875,2019-12-13,7.840000152587891,8.333333015441895,2019-12-12,0.42042413353919983,3.0,"{""type"":""Point"",""coordinates"":[77.0795,9.9509]}"
872,10,0.7547309994697571,33.75539016723633,2022-02-25,873.4114379882812,1,1.0,0.0,2022-02-25,2022-02-24,20.794628143310547,295.7342834472656,2022-02-26,0.0,0.0,2022-02-25,0.319000244140625,1.0,"{""type"":""Point"",""coordinates"":[77.10125,9.939357000000001]}"
873,10,0.047146763652563095,193.69825744628906,2022-08-13,816.9735107421875,1,868.0,0.3400000035762787,2022-08-13,2022-08-12,23.782642364501953,294.6874694824219,2022-08-14,0.9099999666213989,2.0833332538604736,2022-08-13,0.47253546118736267,1.0,"{""type"":""Point"",""coordinates"":[77.103831,9.939576000000002]}"
874,10,0.6998525261878967,232.5663604736328,2020-03-04,783.8445434570312,1,868.0,0.0,2020-03-04,2020-03-03,22.106948852539062,296.5465393066406,2020-03-05,1.2999999523162842,2.0833332538604736,2020-03-04,0.3014564514160156,868.0,"{""type"":""Point"",""coordinates"":[77.106391,9.93918]}"
875,10,0.2256344109773636,252.58056640625,2021-01-13,1052.276611328125,1,9.0,93.05999755859375,2021-01-13,2021-01-12,12.248136520385742,292.8448791503906,2021-01-14,37.97999954223633,37.5,2021-01-13,0.4758758544921875,9.0,"{""type"":""Point"",""coordinates"":[77.114532,9.916541000000002]}"
876,10,0.66265469789505,356.6963806152344,2020-01-15,926.4429931640625,1,2.0,0.0,2020-01-15,2020-01-14,21.22405433654785,295.07183837890625,2020-01-16,0.0,0.0,2020-01-15,0.3021787106990814,2.0,"{""type"":""Point"",""coordinates"":[77.117961,9.926579]}"
877,10,0.31767037510871887,12.741701126098633,2021-06-16,884.4781494140625,1,2.0,0.25999999046325684,2021-06-16,2021-06-15,26.570905685424805,293.4512023925781,2021-06-17,0.7300000190734863,0.0,2021-06-16,0.4894377291202545,2.0,"{""type"":""Point"",""coordinates"":[77.126202,9.926536]}"
878,10,0.8503374457359314,80.4780044555664,2023-01-27,884.703125,1,3.0,1.0199999809265137,2023-01-27,2023-01-26,32.063987731933594,293.87841796875,2023-01-28,3.700000047683716,4.166666507720947,2023-01-27,0.38590559363365173,3.0,"{""type"":""Point"",""coordinates"":[77.123159,9.926835999999998]}"
879,10,0.13086263835430145,35.09870147705078,2021-09-15,888.6162109375,1,260.0,0.5399999618530273,2021-09-15,2021-09-14,29.36304473876953,294.16046142578125,2021-09-16,8.170000076293945,12.5,2021-09-15,0.5033912658691406,3.0,"{""type"":""Point"",""coordinates"":[77.121639,9.928599]}"
880,10,0.161232128739357,187.205810546875,2019-07-16,817.3050537109375,1,260.0,0.0,2019-07-16,2019-07-15,22.242387771606445,294.6065368652344,2019-07-17,0.0,0.0,2019-07-16,0.4692516326904297,260.0,"{""type"":""Point"",""coordinates"":[77.123704,9.929417]}"
881,10,0.5205621123313904,34.44549560546875,2023-04-10,825.9358520507812,1,277.0,36.0099983215332,2023-04-10,2023-04-09,15.6033353805542,296.8010559082031,2023-04-11,0.0,0.0,2023-04-10,0.38005828857421875,277.0,"{""type"":""Point"",""coordinates"":[77.111196,9.933582]}"
882,10,0.251083105802536,348.4689025878906,2021-12-26,904.7053833007812,1,825.0,0.0,2021-12-26,2021-12-25,26.46281623840332,292.0715637207031,2021-12-27,0.0,0.0,2021-12-26,0.37078857421875,1.0,"{""type"":""Point"",""coordinates"":[77.125526,9.958791000000002]}"
883,10,0.3417103886604309,223.82887268066406,2020-11-13,980.3309936523438,1,1.0,7.059999942779541,2020-11-13,2020-11-12,28.33632469177246,294.72137451171875,2020-11-14,10.819999694824219,14.583333015441895,2020-11-13,0.4261506497859955,1.0,"{""type"":""Point"",""coordinates"":[77.132604,9.957787]}"
884,10,0.26249998807907104,214.9215087890625,2020-10-21,934.9945068359375,1,1.0,1.3299999237060547,2020-10-21,2020-10-20,22.901668548583984,293.6005859375,2020-10-22,1.0499999523162842,2.0833332538604736,2020-10-21,0.46239790320396423,1.0,"{""type"":""Point"",""coordinates"":[77.129958,9.95888]}"
885,10,0.15283316373825073,218.13516235351562,2021-09-22,939.2001342773438,1,1.0,0.7699999809265137,2021-09-22,2021-09-21,27.63896942138672,294.6404724121094,2021-09-23,7.909999847412109,4.166666507720947,2021-09-22,0.4746112823486328,1.0,"{""type"":""Point"",""coordinates"":[77.129877,9.959078999999997]}"
886,10,0.47798997163772583,132.35472106933594,2020-12-11,918.38525390625,1,840.0,142.79998779296875,2020-12-11,2020-12-10,21.405315399169922,294.1274108886719,2020-12-12,0.5,0.0,2020-12-11,0.43618521094322205,840.0,"{""type"":""Point"",""coordinates"":[77.120715,9.957836]}"
887,10,0.08103249967098236,134.31076049804688,2023-09-29,894.0448608398438,1,840.0,24645.599609375,2023-09-29,2023-09-28,16.063627243041992,293.34771728515625,2023-09-30,31.779998779296875,50.0,2023-09-29,0.4978790283203125,840.0,"{""type"":""Point"",""coordinates"":[77.120527,9.956879]}"
888,10,0.17529794573783875,308.7379150390625,2022-07-06,954.7618408203125,1,4.0,68.4000015258789,2022-07-06,2022-07-05,22.51630401611328,292.3035888671875,2022-07-07,4.349999904632568,6.25,2022-07-06,0.49951300024986267,4.0,"{""type"":""Point"",""coordinates"":[77.105694,9.991093999999999]}"
889,10,0.1568593531847,308.7379150390625,2023-07-02,954.7618408203125,1,4.0,9.655999183654785,2023-07-02,2023-07-01,22.51630401611328,294.8878479003906,2023-07-03,19.989999771118164,14.583333015441895,2023-07-02,0.4792499542236328,4.0,"{""type"":""Point"",""coordinates"":[77.105694,9.991093999999999]}"
890,10,0.045333027839660645,261.124267578125,2019-09-18,886.5107421875,1,181.0,6.369999885559082,2019-09-18,2019-09-17,3.689565658569336,293.8682861328125,2019-09-19,18.799999237060547,25.0,2019-09-18,0.4592011868953705,1.0,"{""type"":""Point"",""coordinates"":[77.097472,10.003583]}"
891,10,0.02752026356756687,261.124267578125,2020-08-10,886.5107421875,1,181.0,67.5199966430664,2020-08-10,2020-08-09,3.689565658569336,292.2040710449219,2020-08-11,9.179999351501465,16.66666603088379,2020-08-10,0.4815572202205658,1.0,"{""type"":""Point"",""coordinates"":[77.097472,10.003583]}"
892,10,0.240578293800354,162.1236114501953,2023-12-10,928.9498901367188,1,2.0,8.0,2023-12-10,2023-12-09,13.94296932220459,294.6510925292969,2023-12-11,2.809999942779541,4.166666507720947,2023-12-10,0.44405874609947205,2.0,"{""type"":""Point"",""coordinates"":[77.09,10.01]}"
893,10,0.6136107444763184,308.1758728027344,2021-03-18,1138.970947265625,1,2.0,0.0,2021-03-18,2021-03-17,29.439027786254883,297.6569519042969,2021-03-19,1.0399999618530273,0.0,2021-03-18,0.26193809509277344,1.0,"{""type"":""Point"",""coordinates"":[77.086639,10.016361000000002]}"
894,10,0.23335027694702148,308.1758728027344,2020-11-16,1138.970947265625,1,2.0,3.6100001335144043,2020-11-16,2020-11-15,29.439027786254883,294.2835388183594,2020-11-17,27.989999771118164,27.08333396911621,2020-11-16,0.4714202880859375,1.0,"{""type"":""Point"",""coordinates"":[77.086639,10.016361000000002]}"
895,10,0.18545855581760406,352.9624328613281,2021-10-07,977.010498046875,1,3.0,3.7799999713897705,2021-10-07,2021-10-06,19.56444549560547,293.3794250488281,2021-10-08,1.350000023841858,2.0833332538604736,2021-10-07,0.4819622039794922,1.0,"{""type"":""Point"",""coordinates"":[77.116176,10.000428]}"
896,10,0.16550187766551971,352.9624328613281,2021-12-25,977.010498046875,1,3.0,0.0,2021-12-25,2021-12-24,19.56444549560547,292.158203125,2021-12-26,0.0,0.0,2021-12-25,0.3837229311466217,1.0,"{""type"":""Point"",""coordinates"":[77.116176,10.000428]}"
897,10,0.14908957481384277,0.6356679201126099,2019-09-29,955.5607299804688,1,3.0,8.90999984741211,2019-09-29,2019-09-28,26.253158569335938,294.0959167480469,2019-09-30,14.0,10.416666984558105,2019-09-29,0.47813859581947327,3.0,"{""type"":""Point"",""coordinates"":[77.119537,10.002639]}"
898,10,0.23104020953178406,0.6356679201126099,2023-05-29,955.5607299804688,1,3.0,5.340000152587891,2023-05-29,2023-05-28,26.253158569335938,295.2621765136719,2023-05-30,0.41999998688697815,0.0,2023-05-29,0.4744873046875,3.0,"{""type"":""Point"",""coordinates"":[77.119537,10.002639]}"
899,10,0.06191385164856911,1.03925621509552,2019-10-14,927.7578125,1,2.0,13.219999313354492,2019-10-14,2019-10-13,17.537206649780273,294.51190185546875,2019-10-15,8.399999618530273,6.25,2019-10-14,0.48357710242271423,1.0,"{""type"":""Point"",""coordinates"":[77.11354300000002,10.000707]}"
900,10,0.10011807084083557,1.03925621509552,2020-08-08,927.7578125,1,2.0,19.739999771118164,2020-08-08,2020-08-07,17.537206649780273,292.71380615234375,2020-08-09,84.93999481201172,64.58333587646484,2020-08-08,0.4807929992675781,1.0,"{""type"":""Point"",""coordinates"":[77.11354300000002,10.000707]}"
901,10,0.4941209554672241,43.131591796875,2020-02-21,1148.207275390625,1,3.0,0.0,2020-02-21,2020-02-20,22.84044647216797,295.9924621582031,2020-02-22,0.0,0.0,2020-02-21,0.26200613379478455,1.0,"{""type"":""Point"",""coordinates"":[77.13,10.0]}"
902,10,0.24021713435649872,153.41122436523438,2021-12-27,996.59765625,1,10.0,0.0,2021-12-27,2021-12-26,21.600419998168945,292.037353515625,2021-12-28,0.0,0.0,2021-12-27,0.35927900671958923,10.0,"{""type"":""Point"",""coordinates"":[77.131882,9.981445999999998]}"
903,10,0.47919708490371704,169.99118041992188,2022-02-18,1007.1286010742188,1,10.0,0.0,2022-02-18,2022-02-17,24.747413635253906,294.65374755859375,2022-02-19,0.0,0.0,2022-02-18,0.3411286771297455,10.0,"{""type"":""Point"",""coordinates"":[77.132331,9.981760000000001]}"
904,10,0.17065943777561188,279.92974853515625,2020-11-09,997.0948486328125,1,10.0,1.159999966621399,2020-11-09,2020-11-08,7.854842662811279,294.6385498046875,2020-11-10,0.0,0.0,2020-11-09,0.45384788513183594,1.0,"{""type"":""Point"",""coordinates"":[77.133652,9.981525]}"
905,10,0.2162841409444809,143.16529846191406,2023-05-23,1140.0260009765625,1,1.0,2.240000009536743,2023-05-23,2023-05-22,16.58788299560547,296.3417663574219,2023-05-24,0.32999998331069946,0.0,2023-05-23,0.47008004784584045,1.0,"{""type"":""Point"",""coordinates"":[77.16,10.0]}"
906,10,0.1636519432067871,143.16529846191406,2022-10-27,1140.0260009765625,1,1.0,0.9399999380111694,2022-10-27,2022-10-26,16.58788299560547,294.6718444824219,2022-10-28,0.0,0.0,2022-10-27,0.45257568359375,1.0,"{""type"":""Point"",""coordinates"":[77.16,10.0]}"
907,10,0.054522354155778885,307.79766845703125,2022-06-24,968.1896362304688,1,24.0,277.1999816894531,2022-06-24,2022-06-23,7.624931812286377,294.7079162597656,2022-06-25,1.5899999141693115,2.0833332538604736,2022-06-24,0.47571244835853577,24.0,"{""type"":""Point"",""coordinates"":[77.16,10.01]}"
908,10,0.23918814957141876,207.12521362304688,2023-08-18,1174.6038818359375,1,2.0,0.019999999552965164,2023-08-18,2023-08-17,27.29587745666504,295.6930236816406,2023-08-19,0.0,0.0,2023-08-18,0.4304440915584564,2.0,"{""type"":""Point"",""coordinates"":[77.17000000000002,10.010000000000002]}"
909,10,0.003394483122974634,244.63494873046875,2023-07-03,1180.29736328125,1,1.0,19.989999771118164,2023-07-03,2023-07-02,15.988497734069824,295.1280212402344,2023-07-04,45.09000015258789,50.0,2023-07-03,0.47488847374916077,1.0,"{""type"":""Point"",""coordinates"":[77.17757,9.999000000000002]}"
910,30,0.14126604795455933,154.86129760742188,2022-04-04,1076.6475830078125,1,5.0,4.599999904632568,2022-04-04,2022-04-03,25.571496963500977,297.48291015625,2022-04-05,0.0,0.0,2022-04-04,0.31583914160728455,5.0,"{""type"":""Point"",""coordinates"":[77.17004,9.999999999999998]}"
911,30,0.07939889281988144,157.7726593017578,2021-08-11,1102.4027099609375,1,3.0,4.440000057220459,2021-08-11,2021-08-10,33.66196060180664,294.4918212890625,2021-08-12,5.919999599456787,8.333333015441895,2021-08-11,0.4793141782283783,1.0,"{""type"":""Point"",""coordinates"":[77.1708,10.001000000000001]}"
912,10,0.33543339371681213,325.67706298828125,2020-04-19,1076.7955322265625,1,6.0,0.0,2020-04-19,2020-04-18,24.569873809814453,298.4363098144531,2020-04-20,2.549999952316284,0.0,2020-04-19,0.3205146789550781,6.0,"{""type"":""Point"",""coordinates"":[77.177521,9.992937]}"
913,10,0.5330344438552856,219.34503173828125,2023-05-14,1176.9522705078125,1,3.0,0.21000000834465027,2023-05-14,2023-05-13,25.674789428710938,296.6141662597656,2023-05-15,0.09999999403953552,0.0,2023-05-14,0.46258798241615295,3.0,"{""type"":""Point"",""coordinates"":[77.178833,9.990063]}"
914,10,0.18039488792419434,291.25994873046875,2021-01-05,1057.749267578125,1,17.0,0.0,2021-01-05,2021-01-04,25.199373245239258,293.3185119628906,2021-01-06,0.3400000035762787,0.0,2021-01-05,0.42474302649497986,2.0,"{""type"":""Point"",""coordinates"":[77.174729,9.991282999999997]}"
915,10,0.08141063153743744,246.9622344970703,2019-10-11,1105.1800537109375,1,1.0,0.0,2019-10-11,2019-10-10,20.625944137573242,294.6615295410156,2019-10-12,32.66999816894531,12.5,2019-10-11,0.48064422607421875,1.0,"{""type"":""Point"",""coordinates"":[77.172235,9.983798]}"
916,10,0.5030298233032227,6.2375030517578125,2023-03-29,1084.03466796875,1,1.0,26.520000457763672,2023-03-29,2023-03-28,23.61532211303711,296.507080078125,2023-03-30,0.0,0.0,2023-03-29,0.371105819940567,1.0,"{""type"":""Point"",""coordinates"":[77.17255500000002,9.986670000000002]}"
917,10,0.29219964146614075,0.3144470453262329,2021-06-30,1070.626708984375,1,2.0,15.0,2021-06-30,2021-06-29,21.745521545410156,295.29901123046875,2021-07-01,15.079999923706055,16.66666603088379,2021-06-30,0.46109962463378906,1.0,"{""type"":""Point"",""coordinates"":[77.172548,9.986887000000001]}"
918,10,0.3084096610546112,333.32244873046875,2021-10-26,1047.6824951171875,1,1.0,11.90999984741211,2021-10-26,2021-10-25,23.137813568115234,294.40045166015625,2021-10-27,0.9599999785423279,0.0,2021-10-26,0.4762248992919922,1.0,"{""type"":""Point"",""coordinates"":[77.166132,9.981957]}"
919,10,0.2841121554374695,359.1064453125,2022-11-24,1013.6723022460938,1,16.0,0.0,2022-11-24,2022-11-23,22.070045471191406,293.13922119140625,2022-11-25,0.0,0.0,2022-11-24,0.43831124901771545,1.0,"{""type"":""Point"",""coordinates"":[77.15920900000002,9.970397]}"
920,10,0.11235889792442322,164.9816436767578,2019-07-31,1010.5948486328125,1,1.0,8.739999771118164,2019-07-31,2019-07-30,20.60466194152832,294.9327087402344,2019-08-01,0.07000000029802322,0.0,2019-07-31,0.45679154992103577,1.0,"{""type"":""Point"",""coordinates"":[77.157571,9.966702]}"
921,10,0.3632921278476715,25.316598892211914,2023-01-09,1051.33251953125,1,2.0,0.0,2023-01-09,2023-01-08,16.988771438598633,294.2220764160156,2023-01-10,0.0,0.0,2023-01-09,0.3171609342098236,1.0,"{""type"":""Point"",""coordinates"":[77.169845,9.949087999999998]}"
922,10,0.12977981567382812,33.65779495239258,2021-08-27,1026.661865234375,1,1.0,38.7599983215332,2021-08-27,2021-08-26,30.685630798339844,294.0310363769531,2021-08-28,33.40999984741211,39.58333206176758,2021-08-27,0.4794375002384186,1.0,"{""type"":""Point"",""coordinates"":[77.148699,9.95547]}"
923,10,0.5858185291290283,201.05812072753906,2020-11-20,971.6439208984375,1,9.0,0.0,2020-11-20,2020-11-19,16.63390350341797,294.23846435546875,2020-11-21,0.0,0.0,2020-11-20,0.4827880859375,1.0,"{""type"":""Point"",""coordinates"":[77.133528,9.949909]}"
924,10,0.4282224774360657,334.5054626464844,2022-04-28,1006.0703735351562,1,7.0,0.0,2022-04-28,2022-04-27,17.090991973876953,297.7245178222656,2022-04-29,0.0,0.0,2022-04-28,0.4197660982608795,3.0,"{""type"":""Point"",""coordinates"":[77.13799,9.949067]}"
925,10,0.20119105279445648,193.23696899414062,2021-07-03,854.3961791992188,1,208.0,0.23999999463558197,2021-07-03,2021-07-02,23.374637603759766,295.9647521972656,2021-07-04,3.859999895095825,6.25,2021-07-03,0.4461231231689453,2.0,"{""type"":""Point"",""coordinates"":[77.152422,9.929568]}"
926,10,0.4491119682788849,323.21185302734375,2022-01-13,842.006591796875,1,1.0,0.0,2022-01-13,2022-01-12,15.95346450805664,295.2558288574219,2022-01-14,0.0,0.0,2022-01-13,0.318981796503067,1.0,"{""type"":""Point"",""coordinates"":[77.135537,9.927923000000002]}"
927,10,0.15146100521087646,322.1626281738281,2023-08-07,852.6521606445312,1,2.0,12.719999313354492,2023-08-07,2023-08-06,12.566534996032715,295.2350158691406,2023-08-08,1.4199999570846558,2.0833332538604736,2023-08-07,0.4354178011417389,2.0,"{""type"":""Point"",""coordinates"":[77.148288,9.923232000000002]}"
928,10,0.2923608720302582,358.0780334472656,2020-12-16,894.7911376953125,1,2.0,3.1399998664855957,2020-12-16,2020-12-15,27.1710262298584,293.7386169433594,2020-12-17,3.239999771118164,4.166666507720947,2020-12-16,0.41412606835365295,2.0,"{""type"":""Point"",""coordinates"":[77.14932,9.92214]}"
929,10,0.4201834797859192,354.8049011230469,2023-08-27,949.7437133789062,1,3.0,0.0,2023-08-27,2023-08-26,19.142169952392578,297.5533142089844,2023-08-28,0.029999999329447746,0.0,2023-08-27,0.3881187438964844,3.0,"{""type"":""Point"",""coordinates"":[77.166852,9.918204000000001]}"
930,10,0.3891970217227936,31.564254760742188,2023-05-27,907.7101440429688,1,4.0,0.0,2023-05-27,2023-05-26,30.080127716064453,297.0845031738281,2023-05-28,2.7799999713897705,4.166666507720947,2023-05-27,0.4233500063419342,1.0,"{""type"":""Point"",""coordinates"":[77.159007,9.923082000000003]}"
931,10,0.396475225687027,94.31956481933594,2023-08-29,984.689453125,1,13.0,0.5999999642372131,2023-08-29,2023-08-28,22.209136962890625,297.3835144042969,2023-08-30,14.019999504089355,20.83333396911621,2023-08-29,0.3872477114200592,4.0,"{""type"":""Point"",""coordinates"":[77.176511,9.912176]}"
932,10,0.49918150901794434,159.5248260498047,2019-03-25,1115.5716552734375,1,3.0,0.0,2019-03-25,2019-03-24,23.06097412109375,299.5836486816406,2019-03-26,0.0,0.0,2019-03-25,0.28069496154785156,1.0,"{""type"":""Point"",""coordinates"":[77.17327,9.896135999999998]}"
933,10,0.02847110852599144,160.9645233154297,2020-07-06,1095.964111328125,1,1.0,7.429999828338623,2020-07-06,2020-07-05,11.210329055786133,295.3763732910156,2020-07-07,9.279999732971191,12.5,2020-07-06,0.4887275695800781,1.0,"{""type"":""Point"",""coordinates"":[77.169231,9.893207]}"
934,10,0.12262750416994095,11.074541091918945,2019-06-23,925.2843017578125,1,80.0,3834.39990234375,2019-06-23,2019-06-22,8.127312660217285,293.8258972167969,2019-06-24,5.0,8.333333015441895,2019-06-23,0.4753011167049408,80.0,"{""type"":""Point"",""coordinates"":[77.14556800000001,9.880659]}"
935,60,0.6650028228759766,78.94141387939453,2023-05-06,1030.1749267578125,1,33.0,131.33999633789062,2023-05-06,2023-05-05,11.780342102050781,296.26715087890625,2023-05-07,25.44999885559082,33.33333206176758,2023-05-06,0.4371299743652344,33.0,"{""type"":""Point"",""coordinates"":[77.159847,9.878588]}"
936,10,0.26870453357696533,195.8111572265625,2022-11-19,993.1348266601562,1,2.0,0.9199999570846558,2022-11-19,2022-11-18,22.420209884643555,294.57940673828125,2022-11-20,0.8600000143051147,2.0833332538604736,2022-11-19,0.38811492919921875,2.0,"{""type"":""Point"",""coordinates"":[77.159369,9.847146]}"
937,10,0.6912149786949158,193.60592651367188,2023-05-13,1032.1917724609375,1,2.0,1.3799999952316284,2023-05-13,2023-05-12,27.781450271606445,297.0060729980469,2023-05-14,0.0,0.0,2023-05-13,0.3740997314453125,2.0,"{""type"":""Point"",""coordinates"":[77.161483,9.848524999999999]}"
938,10,0.2784886956214905,231.00030517578125,2020-11-09,885.311767578125,1,8.0,32.880001068115234,2020-11-09,2020-11-08,29.2624454498291,295.8340148925781,2020-11-10,0.0,0.0,2020-11-09,0.3671226501464844,8.0,"{""type"":""Point"",""coordinates"":[77.160514,9.842529000000003]}"
939,10,0.6052162051200867,232.4495849609375,2022-03-20,877.3004760742188,1,8.0,66.08000183105469,2022-03-20,2022-03-19,11.349185943603516,297.7959899902344,2022-03-21,0.0,0.0,2022-03-20,0.1928590089082718,8.0,"{""type"":""Point"",""coordinates"":[77.160549,9.842312]}"
940,10,0.12713360786437988,216.48292541503906,2019-11-16,955.7723999023438,1,3.0,121.19999694824219,2019-11-16,2019-11-15,26.809690475463867,295.7568664550781,2019-11-17,10.25,8.333333015441895,2019-11-16,0.3772004544734955,3.0,"{""type"":""Point"",""coordinates"":[77.1688,9.841301]}"
941,10,0.5622838735580444,222.8699951171875,2022-03-17,923.260498046875,1,5.0,1.1399998664855957,2022-03-17,2022-03-16,23.003704071044922,298.1692810058594,2022-03-18,0.0,0.0,2022-03-17,0.151275634765625,1.0,"{""type"":""Point"",""coordinates"":[77.173549,9.837212]}"
942,10,0.19985900819301605,129.88198852539062,2023-10-17,852.9473266601562,1,794.0,22192.298828125,2023-10-17,2023-10-16,20.360595703125,295.53350830078125,2023-10-18,37.21999740600586,25.0,2023-10-17,0.42434945702552795,794.0,"{""type"":""Point"",""coordinates"":[77.160772,9.828943]}"
943,10,0.6889709234237671,229.9917755126953,2022-03-17,867.783203125,1,17.0,19.3799991607666,2022-03-17,2022-03-16,13.203908920288086,298.1692810058594,2022-03-18,0.0,0.0,2022-03-17,0.151275634765625,17.0,"{""type"":""Point"",""coordinates"":[77.153524,9.83882]}"
944,10,0.31876039505004883,116.49085235595703,2022-04-14,918.1556396484375,1,1.0,15.129999160766602,2022-04-14,2022-04-13,26.225753784179688,294.71746826171875,2022-04-15,8.319999694824219,10.416666984558105,2022-04-14,0.49191537499427795,1.0,"{""type"":""Point"",""coordinates"":[77.143594,9.822065]}"
945,10,0.193668931722641,136.33279418945312,2019-07-08,914.4359741210938,1,1.0,4.089999675750732,2019-07-08,2019-07-07,23.0867977142334,294.4985656738281,2019-07-09,7.369999885559082,6.25,2019-07-08,0.4979286193847656,1.0,"{""type"":""Point"",""coordinates"":[77.143896,9.822208]}"
946,10,0.3043195605278015,2.6095526218414307,2020-11-01,855.68359375,1,2.0,0.0,2020-11-01,2020-10-31,7.827548980712891,294.5110168457031,2020-11-02,17.3179988861084,27.08333396911621,2020-11-01,0.48393312096595764,1.0,"{""type"":""Point"",""coordinates"":[77.141255,9.826816000000003]}"
947,10,0.22264167666435242,331.5162658691406,2023-10-25,856.2833862304688,1,2.0,20.0,2023-10-25,2023-10-24,9.513769149780273,294.134033203125,2023-10-26,10.369999885559082,14.583333015441895,2023-10-25,0.4785633087158203,1.0,"{""type"":""Point"",""coordinates"":[77.14157400000002,9.826742]}"
948,10,-0.009294653311371803,310.2705993652344,2020-08-15,971.7724609375,1,4.0,16.959999084472656,2020-08-15,2020-08-14,22.86838150024414,294.50775146484375,2020-08-16,2.669999837875366,4.166666507720947,2020-08-15,0.4725424349308014,4.0,"{""type"":""Point"",""coordinates"":[77.14712,9.852386000000001]}"
949,10,0.1447133868932724,305.12506103515625,2020-12-20,997.8792724609375,1,4.0,47.880001068115234,2020-12-20,2020-12-19,14.498634338378906,292.9020080566406,2020-12-21,1.2699999809265137,2.0833332538604736,2020-12-20,0.4907595217227936,4.0,"{""type"":""Point"",""coordinates"":[77.148017,9.853464]}"
950,10,0.07451077550649643,228.4799346923828,2019-08-30,1011.4890747070312,1,2.0,33.41999816894531,2019-08-30,2019-08-29,14.598479270935059,294.4181213378906,2019-08-31,0.0,0.0,2019-08-30,0.4719174802303314,2.0,"{""type"":""Point"",""coordinates"":[77.150333,9.855086000000002]}"
951,10,0.21050690114498138,228.03201293945312,2022-10-20,1052.53662109375,1,1.0,9.84999942779541,2022-10-20,2022-10-19,20.43348503112793,293.89312744140625,2022-10-21,43.57999801635742,54.16666793823242,2022-10-20,0.4879913330078125,1.0,"{""type"":""Point"",""coordinates"":[77.155627,9.852096]}"
952,10,0.03226073831319809,241.4753875732422,2019-09-27,978.7109985351562,1,6.0,36.18000030517578,2019-09-27,2019-09-26,27.60901641845703,293.5345153808594,2019-09-28,49.37999725341797,20.83333396911621,2019-09-27,0.49229559302330017,6.0,"{""type"":""Point"",""coordinates"":[77.143254,9.852708]}"
953,10,0.39003288745880127,236.42164611816406,2020-02-02,987.3104248046875,1,6.0,0.07800000160932541,2020-02-02,2020-02-01,28.37990951538086,296.51141357421875,2020-02-03,0.0,0.0,2020-02-02,0.28382429480552673,6.0,"{""type"":""Point"",""coordinates"":[77.143156,9.852998]}"
954,10,0.8055315613746643,230.6942138671875,2021-03-07,990.5319213867188,1,1.0,0.0,2021-03-07,2021-03-06,28.594995498657227,296.7886962890625,2021-03-08,0.0,0.0,2021-03-07,0.2872377932071686,1.0,"{""type"":""Point"",""coordinates"":[77.122966,9.85704]}"
955,10,0.42970284819602966,221.8853302001953,2020-11-07,968.6160278320312,1,1.0,11.170000076293945,2020-11-07,2020-11-06,14.97022533416748,295.22161865234375,2020-11-08,0.0,0.0,2020-11-07,0.47399649024009705,1.0,"{""type"":""Point"",""coordinates"":[77.122211,9.857261]}"
956,10,3.934915002901107E-4,253.9836883544922,2021-11-23,983.8670043945312,1,1.0,13.65999984741211,2021-11-23,2021-11-22,20.23756980895996,294.9062805175781,2021-11-24,33.02000045776367,22.91666603088379,2021-11-23,0.4678535461425781,1.0,"{""type"":""Point"",""coordinates"":[77.121561,9.858269]}"
957,10,0.6191819906234741,259.1104431152344,2020-02-11,925.6853637695312,1,1.0,0.0,2020-02-11,2020-02-10,24.818796157836914,296.8238220214844,2020-02-12,0.0,0.0,2020-02-11,0.2891368865966797,1.0,"{""type"":""Point"",""coordinates"":[77.113324,9.861556000000002]}"
958,10,0.2424018681049347,195.28176879882812,2020-11-30,940.0188598632812,1,1.0,0.03999999910593033,2020-11-30,2020-11-29,31.870725631713867,295.11273193359375,2020-12-01,0.0,0.0,2020-11-30,0.43281617760658264,1.0,"{""type"":""Point"",""coordinates"":[77.113791,9.860469]}"
959,10,0.05707237869501114,274.4683532714844,2022-08-29,742.6226196289062,1,2.0,3.509999990463257,2022-08-29,2022-08-28,33.53348922729492,293.4456481933594,2022-08-30,23.31999969482422,29.16666603088379,2022-08-29,0.5022246241569519,1.0,"{""type"":""Point"",""coordinates"":[77.116667,9.848332999999998]}"
960,10,0.19993413984775543,235.73793029785156,2022-01-01,731.4385986328125,1,4.0,0.0,2022-01-01,2021-12-31,33.31629943847656,294.47357177734375,2022-01-02,0.015000000596046448,0.0,2022-01-01,0.3481578826904297,4.0,"{""type"":""Point"",""coordinates"":[77.115583,9.849927]}"
961,10,0.31632041931152344,184.08023071289062,2022-04-25,1005.7105712890625,1,2.0,7.819999694824219,2022-04-25,2022-04-24,27.782461166381836,296.09820556640625,2022-04-26,0.0,0.0,2022-04-25,0.4544506072998047,2.0,"{""type"":""Point"",""coordinates"":[77.13268,9.851093999999998]}"
962,10,0.18394948542118073,180.55264282226562,2020-12-30,911.4155883789062,1,1.0,0.0,2020-12-30,2020-12-29,25.934337615966797,293.80926513671875,2020-12-31,0.0,0.0,2020-12-30,0.437121719121933,1.0,"{""type"":""Point"",""coordinates"":[77.127344,9.820459]}"
963,10,0.12164787948131561,284.7447509765625,2019-08-03,924.6759033203125,1,1.0,5.109999656677246,2019-08-03,2019-08-02,26.9356632232666,294.58087158203125,2019-08-04,11.389999389648438,16.66666603088379,2019-08-03,0.44820594787597656,1.0,"{""type"":""Point"",""coordinates"":[77.127319,9.818091]}"
964,10,0.31413912773132324,30.399126052856445,2021-07-09,913.9275512695312,1,1.0,51.13999938964844,2021-07-09,2021-07-08,24.306476593017578,295.5054016113281,2021-07-10,27.31999969482422,29.16666603088379,2021-07-09,0.481292724609375,1.0,"{""type"":""Point"",""coordinates"":[77.129202,9.818910999999998]}"
965,10,0.24963180720806122,38.380699157714844,2019-06-01,599.649658203125,1,436.0,191.83999633789062,2019-06-01,2019-05-31,25.34154510498047,295.8949279785156,2019-06-02,14.58799934387207,4.166666507720947,2019-06-01,0.4510765075683594,436.0,"{""type"":""Point"",""coordinates"":[77.098365,9.849827]}"
966,10,0.08355803042650223,189.50436401367188,2022-07-23,729.560546875,1,3.0,52.18000030517578,2022-07-23,2022-07-22,27.801782608032227,294.2314147949219,2022-07-24,14.529999732971191,6.25,2022-07-23,0.4922924041748047,2.0,"{""type"":""Point"",""coordinates"":[77.108269,9.854961999999999]}"
967,10,0.248620867729187,211.88172912597656,2022-12-15,726.5433959960938,1,13.0,27.059999465942383,2022-12-15,2022-12-14,22.361244201660156,293.49163818359375,2022-12-16,0.0,0.0,2022-12-15,0.4858671724796295,3.0,"{""type"":""Point"",""coordinates"":[77.109066,9.864132000000001]}"
968,10,0.466653972864151,115.59574127197266,2019-03-27,746.0194702148438,1,13.0,0.0,2019-03-27,2019-03-26,26.694595336914062,299.16387939453125,2019-03-28,0.03999999910593033,0.0,2019-03-27,0.2856769561767578,4.0,"{""type"":""Point"",""coordinates"":[77.104758,9.861800000000002]}"
969,10,0.1385180652141571,92.45604705810547,2023-08-18,596.562744140625,1,2.0,0.0,2023-08-18,2023-08-17,27.57867431640625,295.339599609375,2023-08-19,0.0,0.0,2023-08-18,0.4493795931339264,2.0,"{""type"":""Point"",""coordinates"":[77.097437,9.852933000000002]}"
970,10,0.511886715888977,248.07908630371094,2020-05-15,724.3943481445312,1,1.0,32.16999816894531,2020-05-15,2020-05-14,30.801576614379883,297.9869079589844,2020-05-16,12.389999389648438,10.416666984558105,2020-05-15,0.3977012634277344,1.0,"{""type"":""Point"",""coordinates"":[77.090702,9.889203000000002]}"
971,10,0.35481706261634827,51.91868591308594,2019-07-12,833.878173828125,1,1.0,5.210000038146973,2019-07-12,2019-07-11,23.237564086914062,295.1521911621094,2019-07-13,3.609999895095825,4.166666507720947,2019-07-12,0.48947396874427795,1.0,"{""type"":""Point"",""coordinates"":[77.099159,9.888716]}"
972,10,0.1821211576461792,263.8023376464844,2022-11-07,832.0164184570312,1,1.0,14.789999008178711,2022-11-07,2022-11-06,32.61471176147461,293.84283447265625,2022-11-08,1.6799999475479126,4.166666507720947,2022-11-07,0.48939767479896545,1.0,"{""type"":""Point"",""coordinates"":[77.104552,9.881125999999998]}"
973,10,0.05730418488383293,28.5833740234375,2019-10-01,673.4592895507812,1,15.0,858.75,2019-10-01,2019-09-30,30.200122833251953,294.506591796875,2019-10-02,1.4170000553131104,2.0833332538604736,2019-10-01,0.4870058596134186,15.0,"{""type"":""Point"",""coordinates"":[77.100131,9.869548]}"
974,10,0.3900952935218811,50.08052062988281,2022-11-08,868.5202026367188,1,2.0,1.6799999475479126,2022-11-08,2022-11-07,18.75894546508789,294.10809326171875,2022-11-09,20.43000030517578,16.66666603088379,2022-11-08,0.48898568749427795,1.0,"{""type"":""Point"",""coordinates"":[77.11937,9.87465]}"
975,10,0.17935262620449066,16.964645385742188,2023-11-06,984.1477661132812,1,2.0,40.88999938964844,2023-11-06,2023-11-05,25.445383071899414,293.86328125,2023-11-07,60.519996643066406,50.0,2023-11-06,0.47641119360923767,1.0,"{""type"":""Point"",""coordinates"":[77.128843,9.866746]}"
976,10,0.3303075134754181,241.96644592285156,2022-03-07,1017.3972778320312,1,1.0,0.0,2022-03-07,2022-03-06,10.723980903625488,296.78265380859375,2022-03-08,0.019999999552965164,0.0,2022-03-07,0.2875741422176361,1.0,"{""type"":""Point"",""coordinates"":[77.129597,9.869258]}"
977,10,0.08390653878450394,173.53807067871094,2020-06-08,918.6175537109375,1,1.0,49.98999786376953,2020-06-08,2020-06-07,27.813718795776367,294.2677001953125,2020-06-09,11.00999927520752,14.583333015441895,2020-06-08,0.4865976870059967,1.0,"{""type"":""Point"",""coordinates"":[77.122442,9.880616]}"
978,10,0.15196427702903748,188.9322967529297,2022-10-08,935.4976806640625,1,1.0,0.03999999910593033,2022-10-08,2022-10-07,34.13959884643555,293.8455505371094,2022-10-09,7.019999980926514,12.5,2022-10-08,0.4678192138671875,1.0,"{""type"":""Point"",""coordinates"":[77.123401,9.880827]}"
979,10,0.028860637918114662,237.080810546875,2020-06-16,918.6478271484375,1,2.0,0.3999999761581421,2020-06-16,2020-06-15,29.300477981567383,295.1003112792969,2020-06-17,0.0,0.0,2020-06-16,0.47974905371665955,1.0,"{""type"":""Point"",""coordinates"":[77.120748,9.886393000000002]}"
980,10,0.16617661714553833,259.9618835449219,2022-10-28,876.35888671875,1,26.0,0.0,2022-10-28,2022-10-27,23.224660873413086,293.5667724609375,2022-10-29,0.0,0.0,2022-10-28,0.496197372674942,26.0,"{""type"":""Point"",""coordinates"":[77.120674,9.882045999999999]}"
981,10,0.699975848197937,276.3584289550781,2023-05-11,885.5691528320312,1,26.0,0.0,2023-05-11,2023-05-10,34.06846237182617,296.27783203125,2023-05-12,6.619999885559082,10.416666984558105,2023-05-11,0.4799842834472656,26.0,"{""type"":""Point"",""coordinates"":[77.120732,9.881168999999998]}"
982,10,0.07236561179161072,182.39361572265625,2020-09-22,937.233642578125,1,3.0,16.989999771118164,2020-09-22,2020-09-21,25.390216827392578,292.81903076171875,2020-09-23,0.8199999928474426,0.0,2020-09-22,0.48021697998046875,1.0,"{""type"":""Point"",""coordinates"":[77.111063,9.900049]}"
983,10,0.1671484410762787,176.64881896972656,2019-05-11,986.85693359375,1,9.0,23.219999313354492,2019-05-11,2019-05-10,10.018573760986328,297.09454345703125,2019-05-12,1.0699999332427979,2.0833332538604736,2019-05-11,0.4417012631893158,9.0,"{""type"":""Point"",""coordinates"":[77.115833,9.913188000000002]}"
984,10,0.07006937265396118,187.77536010742188,2023-08-05,978.7066650390625,1,9.0,0.0,2023-08-05,2023-08-04,26.86172866821289,294.9102783203125,2023-08-06,0.0,0.0,2023-08-05,0.4395885467529297,9.0,"{""type"":""Point"",""coordinates"":[77.113277,9.912634999999998]}"
985,10,0.3086530864238739,161.15264892578125,2022-01-27,998.4428100585938,1,9.0,0.0,2022-01-27,2022-01-26,24.84739875793457,295.0046081542969,2022-01-28,0.009999999776482582,0.0,2022-01-27,0.2954019010066986,9.0,"{""type"":""Point"",""coordinates"":[77.115246,9.914050999999999]}"
986,10,0.24047820270061493,188.4107666015625,2023-09-13,936.9142456054688,1,12.0,0.0,2023-09-13,2023-09-12,19.318038940429688,294.3734130859375,2023-09-14,8.90999984741211,16.66666603088379,2023-09-13,0.4888038635253906,12.0,"{""type"":""Point"",""coordinates"":[77.109847,9.913768]}"
987,10,0.016869831830263138,208.1667022705078,2022-06-16,978.5217895507812,1,12.0,547.3200073242188,2022-06-16,2022-06-15,24.503862380981445,294.6901550292969,2022-06-17,60.23999786376953,35.41666793823242,2022-06-16,0.49513688683509827,12.0,"{""type"":""Point"",""coordinates"":[77.110644,9.914315000000002]}"
988,10,0.8339474201202393,208.1667022705078,2023-05-11,978.5217895507812,1,12.0,0.23999999463558197,2023-05-11,2023-05-10,24.503862380981445,296.27783203125,2023-05-12,10.639999389648438,14.583333015441895,2023-05-11,0.4799842834472656,12.0,"{""type"":""Point"",""coordinates"":[77.110644,9.914315000000002]}"
989,10,0.24406979978084564,196.35853576660156,2021-10-07,982.0662231445312,1,12.0,44.040000915527344,2021-10-07,2021-10-06,25.445688247680664,293.9989013671875,2021-10-08,0.0,0.0,2021-10-07,0.4832134246826172,12.0,"{""type"":""Point"",""coordinates"":[77.109325,9.914739]}"
990,10,0.7274085283279419,217.0192108154297,2021-03-09,937.99169921875,1,13.0,0.0,2021-03-09,2021-03-08,33.33685302734375,297.7771301269531,2021-03-10,0.0,0.0,2021-03-09,0.2854372560977936,13.0,"{""type"":""Point"",""coordinates"":[77.106482,9.914919]}"
991,10,0.18379053473472595,217.0192108154297,2022-05-12,937.99169921875,1,13.0,121.67999267578125,2022-05-12,2022-05-11,33.33685302734375,294.707275390625,2022-05-13,0.0,0.0,2022-05-12,0.5013217926025391,13.0,"{""type"":""Point"",""coordinates"":[77.10647,9.914879999999998]}"
992,10,0.8037136793136597,24.624073028564453,2020-01-28,649.25048828125,1,1699.0,0.0,2020-01-28,2020-01-27,23.99119758605957,295.7011413574219,2020-01-29,0.0,0.0,2020-01-28,0.28604570031166077,224.0,"{""type"":""Point"",""coordinates"":[77.088074,9.895908000000002]}"
993,10,0.2948921322822571,351.81024169921875,2021-09-24,636.5228881835938,1,1699.0,59736.83984375,2021-09-24,2021-09-23,28.127342224121094,295.09600830078125,2021-09-25,49.38999938964844,37.5,2021-09-24,0.46929487586021423,1699.0,"{""type"":""Point"",""coordinates"":[77.087137,9.896158]}"
994,10,0.7283252477645874,359.0126647949219,2021-03-02,634.4761352539062,1,1699.0,127.42500305175781,2021-03-02,2021-03-01,26.761341094970703,296.5482482910156,2021-03-03,0.0,0.0,2021-03-02,0.2955233156681061,1699.0,"{""type"":""Point"",""coordinates"":[77.086963,9.89615]}"
995,10,0.09755197167396545,11.551239967346191,2019-09-12,620.4254150390625,1,1699.0,58343.66015625,2019-09-12,2019-09-11,25.96042251586914,294.1627502441406,2019-09-13,10.389999389648438,14.583333015441895,2019-09-12,0.48106130957603455,1699.0,"{""type"":""Point"",""coordinates"":[77.086736,9.896287000000001]}"
996,10,0.1920151561498642,68.08949279785156,2023-06-30,678.044677734375,1,8.0,74.75,2023-06-30,2023-06-29,32.255836486816406,293.8439025878906,2023-07-01,0.07000000029802322,0.0,2023-06-30,0.4846630096435547,5.0,"{""type"":""Point"",""coordinates"":[77.079206,9.886038]}"
997,10,0.7246786952018738,143.35775756835938,2023-04-29,689.6657104492188,1,8.0,48.23999786376953,2023-04-29,2023-04-28,28.31607437133789,297.844970703125,2023-04-30,27.510000228881836,20.83333396911621,2023-04-29,0.4001738131046295,8.0,"{""type"":""Point"",""coordinates"":[77.079339,9.886914]}"
998,10,0.15504199266433716,177.41339111328125,2023-07-09,677.3921508789062,1,8.0,62.31999969482422,2023-07-09,2023-07-08,29.07607078552246,293.6514892578125,2023-07-10,0.0,0.0,2023-07-09,0.49989762902259827,8.0,"{""type"":""Point"",""coordinates"":[77.079923,9.887064]}"
999,10,0.14615240693092346,46.98151397705078,2020-08-10,777.8566284179688,1,1.0,77.4000015258789,2020-08-10,2020-08-09,26.752126693725586,292.8385925292969,2020-08-11,7.389999866485596,10.416666984558105,2020-08-10,0.4792594909667969,1.0,"{""type"":""Point"",""coordinates"":[77.079426,9.881932999999998]}"
