system:index,Map,NDVI,aspect,current_date,elevation,is_landslide,max_water_accumulation,prev_day_water_accumulation,prev_end,prev_start,slope,soil_temperature,today_end,today_expected_rain,today_rain_probability,today_start,volumetric_soil_moisture,water_accumulation,.geo
0,10,0.28194478154182434,35.93679428100586,2020-03-24,767.4639892578125,1,5.0,22.829999923706055,2020-03-24,2020-03-23,22.66048812866211,297.7068786621094,2020-03-25,0.0,0.0,2020-03-24,0.35250091552734375,1.0,"{""type"":""Point"",""coordinates"":[77.078393,9.882807]}"
1,10,0.4165477454662323,33.01576232910156,2022-03-02,767.7391967773438,1,5.0,0.07000000029802322,2022-03-02,2022-03-01,17.763330459594727,296.20166015625,2022-03-03,0.5299999713897705,0.0,2022-03-02,0.29727745056152344,1.0,"{""type"":""Point"",""coordinates"":[77.077629,9.883210000000002]}"
2,10,0.13874906301498413,45.94316864013672,2019-05-11,656.092529296875,1,1.0,5.059999942779541,2019-05-11,2019-05-10,30.056772232055664,297.09454345703125,2019-05-12,9.289999961853027,16.66666603088379,2019-05-11,0.4417012631893158,1.0,"{""type"":""Point"",""coordinates"":[77.083639,9.882223000000002]}"
3,10,0.21443626284599304,191.7327117919922,2023-12-03,854.9834594726562,1,4.0,1.71999990940094,2023-12-03,2023-12-02,17.69093894958496,294.943115234375,2023-12-04,7.789999485015869,14.583333015441895,2023-12-03,0.46887651085853577,4.0,"{""type"":""Point"",""coordinates"":[77.052528,9.886581999999999]}"
4,10,0.12279586493968964,246.1604461669922,2019-10-10,841.4741821289062,1,6.0,39.959999084472656,2019-10-10,2019-10-09,16.55446434020996,294.6770935058594,2019-10-11,1.869999885559082,4.166666507720947,2019-10-10,0.4745553433895111,6.0,"{""type"":""Point"",""coordinates"":[77.060746,9.883033]}"
5,10,0.30674055218696594,358.0380554199219,2023-11-02,556.5001831054688,1,6.0,85.73999786376953,2023-11-02,2023-11-01,18.20343780517578,295.1607666015625,2023-11-03,12.5,14.583333015441895,2023-11-02,0.4661191403865814,6.0,"{""type"":""Point"",""coordinates"":[77.054454,9.907523000000001]}"
6,10,0.10660924017429352,231.8290557861328,2019-10-04,605.57177734375,1,1780.0,0.0,2019-10-04,2019-10-03,22.4134578704834,295.1488342285156,2019-10-05,1.100000023841858,2.0833332538604736,2019-10-04,0.48382505774497986,1.0,"{""type"":""Point"",""coordinates"":[77.062855,9.903901]}"
7,10,0.521940290927887,354.2861633300781,2022-03-11,569.22021484375,1,1780.0,1419.9998779296875,2022-03-11,2022-03-10,21.558748245239258,297.4627380371094,2022-03-12,0.0,0.0,2022-03-11,0.28581365942955017,1775.0,"{""type"":""Point"",""coordinates"":[77.062946,9.905364]}"
8,10,0.289065420627594,17.195581436157227,2022-07-01,614.8518676757812,1,1814.0,77820.6015625,2022-07-01,2022-06-30,27.05413818359375,294.36187744140625,2022-07-02,1.9819999933242798,2.0833332538604736,2022-07-01,0.47769418358802795,1814.0,"{""type"":""Point"",""coordinates"":[77.039136,9.913102999999998]}"
9,10,0.29707783460617065,236.50408935546875,2021-01-06,758.1318359375,1,16.0,26.079999923706055,2021-01-06,2021-01-05,21.027894973754883,295.22357177734375,2021-01-07,79.29999542236328,37.5,2021-01-06,0.4839153289794922,16.0,"{""type"":""Point"",""coordinates"":[77.038972,9.895342]}"
10,10,0.1592511683702469,197.70379638671875,2021-01-28,764.6046142578125,1,16.0,0.0,2021-01-28,2021-01-27,20.487037658691406,293.72760009765625,2021-01-29,0.0,0.0,2021-01-28,0.41640663146972656,16.0,"{""type"":""Point"",""coordinates"":[77.038736,9.895524]}"
11,10,0.5748392343521118,30.98646354675293,2019-01-31,862.5392456054688,1,6.0,0.0,2019-01-31,2019-01-30,13.206398963928223,295.1988220214844,2019-02-01,0.0,0.0,2019-01-31,0.31396546959877014,6.0,"{""type"":""Point"",""coordinates"":[77.079726,9.817655]}"
12,10,0.02212103269994259,219.92173767089844,2022-06-08,852.7694702148438,1,6.0,301.739990234375,2022-06-08,2022-06-07,22.248079299926758,294.823974609375,2022-06-09,4.539999961853027,4.166666507720947,2022-06-08,0.49744606018066406,6.0,"{""type"":""Point"",""coordinates"":[77.082221,9.820333]}"
13,10,0.7645724415779114,218.00225830078125,2020-04-18,762.0390625,1,133.0,77.13999938964844,2020-04-18,2020-04-17,28.508705139160156,297.86865234375,2020-04-19,0.0,0.0,2020-04-18,0.37991777062416077,133.0,"{""type"":""Point"",""coordinates"":[77.08415,9.806708]}"
14,10,0.3761248290538788,313.75726318359375,2020-11-29,815.138916015625,1,6.0,3.5999999046325684,2020-11-29,2020-11-28,26.77283477783203,294.3052062988281,2020-11-30,0.0,0.0,2020-11-29,0.444293349981308,6.0,"{""type"":""Point"",""coordinates"":[77.079731,9.805416]}"
15,10,0.3286868631839752,172.17123413085938,2020-03-11,774.9384155273438,1,115.0,0.0,2020-03-11,2020-03-10,14.652223587036133,297.27874755859375,2020-03-12,2.509999990463257,4.166666507720947,2020-03-11,0.3780008852481842,115.0,"{""type"":""Point"",""coordinates"":[77.078098,9.811021]}"
16,10,0.26203861832618713,197.9434814453125,2023-10-19,792.0457153320312,1,115.0,28.06999969482422,2023-10-19,2023-10-18,26.609224319458008,295.2091064453125,2023-10-20,0.0,0.0,2023-10-19,0.4821135103702545,7.0,"{""type"":""Point"",""coordinates"":[77.07664,9.812467]}"
17,10,0.5176058411598206,245.08726501464844,2019-03-05,824.7874755859375,1,115.0,0.0,2019-03-05,2019-03-04,28.203914642333984,297.1385498046875,2019-03-06,0.0,0.0,2019-03-05,0.3277912139892578,115.0,"{""type"":""Point"",""coordinates"":[77.077614,9.812280000000001]}"
18,10,0.49000659584999084,224.4733123779297,2019-01-03,771.0052490234375,1,115.0,0.0,2019-01-03,2019-01-02,19.903614044189453,292.4307861328125,2019-01-04,0.0,0.0,2019-01-03,0.39971986413002014,115.0,"{""type"":""Point"",""coordinates"":[77.077038,9.811895]}"
19,10,0.5159844160079956,175.1870574951172,2022-03-20,767.9473876953125,1,115.0,5255.5,2022-03-20,2022-03-19,10.974056243896484,296.1766052246094,2022-03-21,0.0,0.0,2022-03-20,0.37987327575683594,115.0,"{""type"":""Point"",""coordinates"":[77.076298,9.811719000000002]}"
20,10,0.10538071393966675,43.19401931762695,2020-08-02,772.559326171875,1,24.0,250.58399963378906,2020-08-02,2020-08-01,14.2840576171875,293.66357421875,2020-08-03,66.08999633789062,45.83333206176758,2020-08-02,0.49755796790122986,24.0,"{""type"":""Point"",""coordinates"":[77.064195,9.810211]}"
21,10,0.14751434326171875,70.8707046508789,2022-12-14,777.5892944335938,1,24.0,484.0799865722656,2022-12-14,2022-12-13,14.329761505126953,293.2561950683594,2022-12-15,17.349998474121094,16.66666603088379,2022-12-14,0.48150190711021423,24.0,"{""type"":""Point"",""coordinates"":[77.063431,9.810415]}"
22,10,0.12691757082939148,11.950571060180664,2021-02-01,826.5924682617188,1,4.0,0.0,2021-02-01,2021-01-31,20.956022262573242,294.5492248535156,2021-02-02,0.01100000087171793,0.0,2021-02-01,0.3704414367675781,4.0,"{""type"":""Point"",""coordinates"":[77.068331,9.807040000000002]}"
23,10,0.1182572990655899,182.9811248779297,2021-07-22,960.0887451171875,1,1.0,3.809999942779541,2021-07-22,2021-07-21,13.935946464538574,293.5768737792969,2021-07-23,4.659999847412109,8.333333015441895,2021-07-22,0.49706459045410156,1.0,"{""type"":""Point"",""coordinates"":[77.067566,9.796795000000001]}"
24,10,0.24507515132427216,35.51234436035156,2023-09-04,972.8796997070312,1,3.0,66.93000030517578,2023-09-04,2023-09-03,21.676115036010742,294.5341796875,2023-09-05,20.90999984741211,25.0,2023-09-04,0.49773406982421875,3.0,"{""type"":""Point"",""coordinates"":[77.067686,9.792627000000001]}"
25,10,0.08816910535097122,228.86306762695312,2020-10-09,947.0894775390625,1,1.0,44.849998474121094,2020-10-09,2020-10-08,23.604021072387695,294.5211486816406,2020-10-10,32.2599983215332,31.25,2020-10-09,0.4834493100643158,1.0,"{""type"":""Point"",""coordinates"":[77.064957,9.793412]}"
26,30,0.26388442516326904,52.36893844604492,2020-09-16,970.9244995117188,1,1.0,5.559999942779541,2020-09-16,2020-09-15,20.488630294799805,293.4386901855469,2020-09-17,0.04999999701976776,0.0,2020-09-16,0.49651145935058594,1.0,"{""type"":""Point"",""coordinates"":[77.066116,9.790765]}"
27,10,0.10239776968955994,20.922475814819336,2022-09-16,928.1329345703125,1,4.0,0.0,2022-09-16,2022-09-15,21.388534545898438,294.5009765625,2022-09-17,0.0,0.0,2022-09-16,0.47901344299316406,3.0,"{""type"":""Point"",""coordinates"":[77.075655,9.797631]}"
28,10,0.20148390531539917,35.291500091552734,2019-11-22,928.7349853515625,1,2.0,0.0,2019-11-22,2019-11-21,24.689085006713867,295.4669494628906,2019-11-23,6.599999904632568,6.25,2019-11-22,0.4386971890926361,2.0,"{""type"":""Point"",""coordinates"":[77.081397,9.794839000000001]}"
29,10,0.5052171945571899,198.03211975097656,2021-04-10,965.836669921875,1,2.0,0.0,2021-04-10,2021-04-09,25.363563537597656,297.48089599609375,2021-04-11,3.0799999237060547,4.166666507720947,2021-04-10,0.3737068176269531,2.0,"{""type"":""Point"",""coordinates"":[77.085321,9.789942999999997]}"
30,10,0.3234994411468506,71.34757232666016,2023-04-10,956.645751953125,1,2.0,8.199999809265137,2023-04-10,2023-04-09,32.281429290771484,296.0950622558594,2023-04-11,0.0,0.0,2023-04-10,0.4447650909423828,2.0,"{""type"":""Point"",""coordinates"":[77.083611,9.775862]}"
31,10,0.18627811968326569,233.9002227783203,2023-06-24,903.9537353515625,1,223.0,1.7699999809265137,2023-06-24,2023-06-23,35.86903762817383,294.94329833984375,2023-06-25,1.3700000047683716,2.0833332538604736,2023-06-24,0.47691282629966736,3.0,"{""type"":""Point"",""coordinates"":[77.082958,9.763066]}"
32,10,0.06589164584875107,53.66904830932617,2023-11-17,990.03173828125,1,1.0,0.0,2023-11-17,2023-11-16,24.90015411376953,294.6264953613281,2023-11-18,0.0,0.0,2023-11-17,0.5000514984130859,1.0,"{""type"":""Point"",""coordinates"":[77.060807,9.794403999999998]}"
33,10,0.16283981502056122,344.637451171875,2021-06-03,820.5418701171875,1,20.0,4.199999809265137,2021-06-03,2021-06-02,27.75665855407715,295.6568298339844,2021-06-04,33.81999969482422,33.33333206176758,2021-06-03,0.4803263247013092,20.0,"{""type"":""Point"",""coordinates"":[77.059324,9.810955]}"
34,10,0.23572410643100739,194.3389129638672,2021-07-11,851.1309814453125,1,16.0,112.61000061035156,2021-07-11,2021-07-10,21.538808822631836,292.75189208984375,2021-07-12,33.82999801635742,35.41666793823242,2021-07-11,0.4780336916446686,1.0,"{""type"":""Point"",""coordinates"":[77.056494,9.813178]}"
35,10,0.4100174605846405,208.70794677734375,2020-11-22,918.7066650390625,1,8.0,0.0,2020-11-22,2020-11-21,26.641483306884766,294.8486328125,2020-11-23,0.07000000029802322,0.0,2020-11-22,0.45765814185142517,8.0,"{""type"":""Point"",""coordinates"":[77.063932,9.715763000000003]}"
36,10,0.04758542776107788,178.0416717529297,2019-10-06,906.0452880859375,1,8.0,0.07999999821186066,2019-10-06,2019-10-05,27.013139724731445,294.7877502441406,2019-10-07,4.049999713897705,8.333333015441895,2019-10-06,0.47192636132240295,8.0,"{""type"":""Point"",""coordinates"":[77.064433,9.715641999999999]}"
37,10,0.7009055018424988,349.3507080078125,2022-11-27,970.9561157226562,1,6.0,0.0,2022-11-27,2022-11-26,28.54564094543457,294.36065673828125,2022-11-28,0.20999999344348907,0.0,2022-11-27,0.4192282259464264,5.0,"{""type"":""Point"",""coordinates"":[77.129443,9.750875]}"
38,10,0.4214519262313843,104.05987548828125,2023-06-03,926.2272338867188,1,15.0,1.7999999523162842,2023-06-03,2023-06-02,24.48508644104004,296.2508850097656,2023-06-04,38.02000045776367,14.583333015441895,2023-06-03,0.47567877173423767,15.0,"{""type"":""Point"",""coordinates"":[77.125782,9.756908000000001]}"
39,10,0.33441460132598877,220.88006591796875,2023-04-23,920.1766967773438,1,2.0,47.29999923706055,2023-04-23,2023-04-22,22.536771774291992,296.9939880371094,2023-04-24,25.18000030517578,29.16666603088379,2023-04-23,0.41380882263183594,2.0,"{""type"":""Point"",""coordinates"":[77.11159,9.761878000000001]}"
40,10,0.11863734573125839,255.4219970703125,2021-11-10,934.62890625,1,2.0,45.529998779296875,2021-11-10,2021-11-09,27.903926849365234,293.46453857421875,2021-11-11,2.799999952316284,6.25,2021-11-10,0.49078813195228577,1.0,"{""type"":""Point"",""coordinates"":[77.112451,9.761131]}"
41,10,0.34291088581085205,323.6526794433594,2022-11-25,958.475830078125,1,1.0,0.0,2022-11-25,2022-11-24,23.111330032348633,293.689208984375,2022-11-26,0.0,0.0,2022-11-25,0.43480873107910156,1.0,"{""type"":""Point"",""coordinates"":[77.089057,9.769483]}"
42,10,0.5545881986618042,271.2016906738281,2023-03-09,909.893310546875,1,6.0,0.0,2023-03-09,2023-03-08,35.30337142944336,296.5421447753906,2023-03-10,1.2799999713897705,2.0833332538604736,2023-03-09,0.2839291989803314,6.0,"{""type"":""Point"",""coordinates"":[77.108294,9.768135]}"
43,10,0.024681830778717995,20.721416473388672,2019-09-15,892.639892578125,1,11.0,30.15999984741211,2019-09-15,2019-09-14,24.410873413085938,294.287841796875,2019-09-16,21.85999870300293,37.5,2019-09-15,0.4877077639102936,1.0,"{""type"":""Point"",""coordinates"":[77.099124,9.774871]}"
44,30,0.2457369565963745,41.30314254760742,2019-03-16,911.3629150390625,1,4.0,0.0,2019-03-16,2019-03-15,19.11255645751953,297.1531677246094,2019-03-17,0.4399999976158142,0.0,2019-03-16,0.3220246732234955,1.0,"{""type"":""Point"",""coordinates"":[77.091498,9.789687999999998]}"
45,10,0.6785633563995361,22.653383255004883,2023-01-18,866.6286010742188,1,4.0,6.320000171661377,2023-01-18,2023-01-17,29.474964141845703,294.19342041015625,2023-01-19,1.059999942779541,2.0833332538604736,2023-01-18,0.29670968651771545,4.0,"{""type"":""Point"",""coordinates"":[77.09414,9.789482]}"
46,10,0.2761808931827545,13.428546905517578,2022-10-06,790.2249145507812,1,5.0,4.75,2022-10-06,2022-10-05,34.0416374206543,293.79498291015625,2022-10-07,1.7699999809265137,4.166666507720947,2022-10-06,0.4838899075984955,5.0,"{""type"":""Point"",""coordinates"":[77.098031,9.811206]}"
47,10,0.35292088985443115,29.160137176513672,2023-02-27,783.6967163085938,1,6.0,0.0,2023-02-27,2023-02-26,24.82469367980957,295.2298889160156,2023-02-28,0.0,0.0,2023-02-27,0.2859172821044922,6.0,"{""type"":""Point"",""coordinates"":[77.100034,9.809431]}"
48,10,0.07817729562520981,23.024812698364258,2020-09-12,775.0386962890625,1,5.0,77.75,2020-09-12,2020-09-11,30.412303924560547,293.3047180175781,2020-09-13,10.449999809265137,18.75,2020-09-12,0.4727700650691986,5.0,"{""type"":""Point"",""coordinates"":[77.09855,9.811184000000003]}"
49,10,0.7247020602226257,31.515098571777344,2019-03-10,769.6730346679688,1,6.0,101.4000015258789,2019-03-10,2019-03-09,22.473833084106445,296.8874206542969,2019-03-11,0.0,0.0,2019-03-10,0.38542112708091736,5.0,"{""type"":""Point"",""coordinates"":[77.099432,9.810926000000002]}"
50,10,0.04964178055524826,23.226160049438477,2019-09-14,764.7091674804688,1,6.0,117.0999984741211,2019-09-14,2019-09-13,20.18229103088379,293.9026794433594,2019-09-15,50.25,43.75,2019-09-14,0.4942843019962311,5.0,"{""type"":""Point"",""coordinates"":[77.099842,9.810796999999999]}"
51,10,0.6234488487243652,23.226160049438477,2020-03-09,764.7091674804688,1,6.0,0.0,2020-03-09,2020-03-08,20.18229103088379,296.9919128417969,2020-03-10,17.389999389648438,16.66666603088379,2020-03-09,0.40359941124916077,5.0,"{""type"":""Point"",""coordinates"":[77.099897,9.810814]}"
52,10,0.5937156677246094,54.683170318603516,2023-03-15,768.1157836914062,1,6.0,0.0,2023-03-15,2023-03-14,24.625574111938477,297.4512939453125,2023-03-16,17.479999542236328,12.5,2023-03-15,0.28106689453125,6.0,"{""type"":""Point"",""coordinates"":[77.101006,9.810482000000002]}"
53,10,0.2825651168823242,263.022705078125,2023-03-02,780.2610473632812,1,329.0,28.29400062561035,2023-03-02,2023-03-01,27.28542709350586,295.1799011230469,2023-03-03,0.0,0.0,2023-03-02,0.2889385223388672,329.0,"{""type"":""Point"",""coordinates"":[77.106483,9.810385]}"
54,10,0.2869952321052551,244.577392578125,2020-12-27,770.7448120117188,1,329.0,0.0,2020-12-27,2020-12-26,33.164459228515625,293.3619384765625,2020-12-28,0.0,0.0,2020-12-27,0.45281729102134705,329.0,"{""type"":""Point"",""coordinates"":[77.106376,9.810828]}"
55,10,0.3871403634548187,187.37139892578125,2023-08-26,779.61669921875,1,101.0,0.0,2023-08-26,2023-08-25,26.28941535949707,295.8326416015625,2023-08-27,0.0,0.0,2023-08-26,0.4343020021915436,101.0,"{""type"":""Point"",""coordinates"":[77.108953,9.798944]}"
56,10,0.038760796189308167,312.22119140625,2019-08-12,773.59130859375,1,210.0,4.109999656677246,2019-08-12,2019-08-11,12.167677879333496,292.9937438964844,2019-08-13,0.6199999451637268,2.0833332538604736,2019-08-12,0.48380789160728455,1.0,"{""type"":""Point"",""coordinates"":[77.104232,9.795972999999998]}"
57,10,0.4039674699306488,2.3869292736053467,2021-03-28,827.2505493164062,1,2.0,0.7599999904632568,2021-03-28,2021-03-27,16.737485885620117,298.1520080566406,2021-03-29,10.989999771118164,6.25,2021-03-28,0.28535333275794983,2.0,"{""type"":""Point"",""coordinates"":[77.11077900000001,9.812482]}"
58,10,0.216881662607193,30.521635055541992,2022-12-05,846.9801025390625,1,1.0,10.800000190734863,2022-12-05,2022-12-04,24.109378814697266,294.7891845703125,2022-12-06,0.19999998807907104,0.0,2022-12-05,0.44956207275390625,1.0,"{""type"":""Point"",""coordinates"":[77.111993,9.811227]}"
59,10,0.45168519020080566,293.48602294921875,2022-02-14,895.952392578125,1,2.0,0.41999998688697815,2022-02-14,2022-02-13,30.45958137512207,294.30010986328125,2022-02-15,0.0,0.0,2022-02-14,0.38626226782798767,2.0,"{""type"":""Point"",""coordinates"":[77.120256,9.805075]}"
60,10,0.6771554946899414,238.9762420654297,2021-04-12,867.8594970703125,1,2.0,7.579999923706055,2021-04-12,2021-04-11,37.70363998413086,297.14117431640625,2021-04-13,35.65999984741211,35.41666793823242,2021-04-12,0.36367669701576233,1.0,"{""type"":""Point"",""coordinates"":[77.120209,9.803466]}"
61,10,0.07487549632787704,47.89348602294922,2023-06-23,842.996337890625,1,1.0,1.0099999904632568,2023-06-23,2023-06-22,14.02847671508789,294.5645751953125,2023-06-24,0.0,0.0,2023-06-23,0.48631349205970764,1.0,"{""type"":""Point"",""coordinates"":[77.123588,9.806066]}"
62,10,0.06174760311841965,251.1194610595703,2020-08-04,890.146728515625,1,3.0,20.850000381469727,2020-08-04,2020-08-03,33.6431884765625,293.5962219238281,2020-08-05,14.639999389648438,20.83333396911621,2020-08-04,0.4794273376464844,3.0,"{""type"":""Point"",""coordinates"":[77.131266,9.811061]}"
63,10,0.14499245584011078,304.63726806640625,2022-01-07,880.0016479492188,1,3.0,0.0,2022-01-07,2022-01-06,30.187238693237305,294.98065185546875,2022-01-08,0.0,0.0,2022-01-07,0.33205732703208923,3.0,"{""type"":""Point"",""coordinates"":[77.131411,9.809478999999998]}"
64,10,0.8226480484008789,236.2970428466797,2021-03-06,956.5512084960938,1,1.0,1.059999942779541,2021-03-06,2021-03-05,26.26761817932129,296.3868103027344,2021-03-07,0.0,0.0,2021-03-06,0.290850967168808,1.0,"{""type"":""Point"",""coordinates"":[77.124144,9.786024]}"
65,10,0.02896871417760849,255.7082977294922,2020-08-28,912.5908813476562,1,1.0,2.069999933242798,2020-08-28,2020-08-27,25.87917709350586,295.2406921386719,2020-08-29,0.0,0.0,2020-08-28,0.47067832946777344,1.0,"{""type"":""Point"",""coordinates"":[77.109877,9.764817000000003]}"
66,10,0.514879584312439,332.2735900878906,2022-01-27,855.7028198242188,1,7.0,0.0,2022-01-27,2022-01-26,32.745094299316406,294.8837585449219,2022-01-28,0.07999999821186066,0.0,2022-01-27,0.29780831933021545,7.0,"{""type"":""Point"",""coordinates"":[77.128288,9.768435000000002]}"
67,10,0.15601955354213715,280.5957336425781,2023-06-20,848.4285278320312,1,9.0,7.37999963760376,2023-06-20,2023-06-19,13.554908752441406,295.0818786621094,2023-06-21,10.429999351501465,8.333333015441895,2023-06-20,0.47822508215904236,3.0,"{""type"":""Point"",""coordinates"":[77.133498,9.770979000000002]}"
68,10,0.3356386125087738,151.965087890625,2021-05-04,825.3041381835938,1,7.0,252.62998962402344,2021-05-04,2021-05-03,26.85177993774414,295.8553466796875,2021-05-05,23.6299991607666,12.5,2021-05-04,0.470672607421875,7.0,"{""type"":""Point"",""coordinates"":[77.139263,9.799008]}"
69,10,0.3371317684650421,127.01625061035156,2019-03-02,832.234375,1,4.0,0.10000000149011612,2019-03-02,2019-03-01,24.175270080566406,297.43096923828125,2019-03-03,0.05999999865889549,0.0,2019-03-02,0.35091719031333923,4.0,"{""type"":""Point"",""coordinates"":[77.135392,9.799312]}"
70,10,0.23220448195934296,205.9766387939453,2020-05-27,878.4952392578125,1,3.0,1.4399999380111694,2020-05-27,2020-05-26,18.58234405517578,296.6609802246094,2020-05-28,2.9099998474121094,4.166666507720947,2020-05-27,0.48571333289146423,3.0,"{""type"":""Point"",""coordinates"":[77.13745900000002,9.801902]}"
71,10,0.13726525008678436,239.56216430664062,2019-07-06,872.4461059570312,1,3.0,0.0,2019-07-06,2019-07-05,23.778560638427734,294.4091491699219,2019-07-07,0.4300000071525574,0.0,2019-07-06,0.51185542345047,3.0,"{""type"":""Point"",""coordinates"":[77.137756,9.801304]}"
72,10,0.7265869975090027,223.06591796875,2019-03-11,1074.490234375,1,2.0,0.0,2019-03-11,2019-03-10,26.4412899017334,298.5467834472656,2019-03-12,0.0,0.0,2019-03-11,0.20822779834270477,1.0,"{""type"":""Point"",""coordinates"":[77.150241,9.807054999999998]}"
73,10,0.09836550801992416,206.69842529296875,2021-06-08,1087.08837890625,1,1.0,0.0,2021-06-08,2021-06-07,28.633636474609375,296.5782165527344,2021-06-09,6.12999963760376,6.25,2021-06-08,0.3968404233455658,1.0,"{""type"":""Point"",""coordinates"":[77.151282,9.805846]}"
74,10,0.3199043571949005,315.4569396972656,2023-08-24,1019.1790771484375,1,10.0,1.6999999284744263,2023-08-24,2023-08-23,20.921640396118164,295.79718017578125,2023-08-25,0.0,0.0,2023-08-24,0.4451580047607422,2.0,"{""type"":""Point"",""coordinates"":[77.135474,9.753603]}"
75,10,0.19457894563674927,251.1324920654297,2020-10-11,933.0011596679688,1,3.0,133.47000122070312,2020-10-11,2020-10-10,18.689117431640625,294.8954772949219,2020-10-12,31.829999923706055,31.25,2020-10-11,0.41395822167396545,3.0,"{""type"":""Point"",""coordinates"":[77.211174,9.788433]}"
76,10,0.16604767739772797,80.88480377197266,2023-01-09,871.0575561523438,1,475.0,0.0,2023-01-09,2023-01-08,31.375213623046875,294.34423828125,2023-01-10,0.0,0.0,2023-01-09,0.2406870573759079,475.0,"{""type"":""Point"",""coordinates"":[77.192568,9.796923]}"
77,10,0.6418455243110657,179.06478881835938,2019-01-20,999.0216064453125,1,2.0,0.0,2019-01-20,2019-01-19,22.574871063232422,293.19354248046875,2019-01-21,0.16999998688697815,0.0,2019-01-20,0.21171443164348602,2.0,"{""type"":""Point"",""coordinates"":[77.18461,9.838144000000002]}"
78,10,0.07388825714588165,202.16448974609375,2020-06-20,1003.2463989257812,1,2.0,0.9599999785423279,2020-06-20,2020-06-19,25.67428970336914,296.4177551269531,2020-06-21,12.4399995803833,8.333333015441895,2020-06-20,0.3708222806453705,2.0,"{""type"":""Point"",""coordinates"":[77.18514,9.83811]}"
79,10,0.6868318319320679,316.83172607421875,2023-04-07,894.0492553710938,1,40.0,0.0,2023-04-07,2023-04-06,16.43764877319336,297.5380859375,2023-04-08,0.0,0.0,2023-04-07,0.3953501284122467,40.0,"{""type"":""Point"",""coordinates"":[77.204249,9.851827]}"
80,10,0.5311390161514282,321.9063415527344,2023-05-01,907.8604736328125,1,33.0,12.210000038146973,2023-05-01,2023-04-30,23.919273376464844,297.0309143066406,2023-05-02,29.22199821472168,41.66666793823242,2023-05-01,0.41802406311035156,33.0,"{""type"":""Point"",""coordinates"":[77.206592,9.854613999999998]}"
81,10,0.01897457242012024,275.2437744140625,2019-12-14,1081.8060302734375,1,3.0,0.0,2019-12-14,2019-12-13,23.88398551940918,294.7471923828125,2019-12-15,1.7400000095367432,2.0833332538604736,2019-12-14,0.41785940527915955,3.0,"{""type"":""Point"",""coordinates"":[77.213133,9.897864000000002]}"
82,10,0.22685837745666504,262.77703857421875,2021-04-20,1100.3795166015625,1,4.0,7.929999828338623,2021-04-20,2021-04-19,32.329856872558594,296.7059631347656,2021-04-21,0.08999999612569809,0.0,2021-04-20,0.44348907470703125,1.0,"{""type"":""Point"",""coordinates"":[77.216739,9.906852]}"
83,10,0.5121996998786926,248.4285430908203,2021-10-26,1143.29052734375,1,3.0,5.329999923706055,2021-10-26,2021-10-25,24.85774803161621,295.0555725097656,2021-10-27,0.5799999833106995,0.0,2021-10-26,0.47735723853111267,1.0,"{""type"":""Point"",""coordinates"":[77.216946,9.913123000000002]}"
84,10,0.128236785531044,177.1060791015625,2021-07-15,1556.1868896484375,1,7.0,23.78999900817871,2021-07-15,2021-07-14,13.974139213562012,295.74627685546875,2021-07-16,6.119999885559082,10.416666984558105,2021-07-15,0.3214479982852936,1.0,"{""type"":""Point"",""coordinates"":[77.36,9.65]}"
85,10,0.2054118663072586,284.54559326171875,2023-06-05,1516.8272705078125,1,2.0,8.420000076293945,2023-06-05,2023-06-04,8.83973503112793,297.7587890625,2023-06-06,0.5299999713897705,0.0,2023-06-05,0.45544496178627014,2.0,"{""type"":""Point"",""coordinates"":[77.34000000000002,9.62]}"
86,30,0.3899727165699005,317.2741394042969,2019-06-19,1572.505859375,1,1.0,0.27000001072883606,2019-06-19,2019-06-18,27.705965042114258,297.08001708984375,2019-06-20,4.589999675750732,8.333333015441895,2019-06-19,0.43005499243736267,1.0,"{""type"":""Point"",""coordinates"":[77.33,9.62]}"
87,10,0.07038867473602295,323.3013916015625,2020-06-19,1526.4600830078125,1,1.0,0.0,2020-06-19,2020-06-18,10.340163230895996,296.82427978515625,2020-06-20,0.3700000047683716,0.0,2020-06-19,0.44625726342201233,1.0,"{""type"":""Point"",""coordinates"":[77.31,9.62]}"
88,30,0.042000800371170044,236.30833435058594,2020-04-28,1411.6080322265625,1,2.0,2.059999942779541,2020-04-28,2020-04-27,37.36331558227539,298.7842712402344,2020-04-29,10.920000076293945,14.583333015441895,2020-04-28,0.35461172461509705,1.0,"{""type"":""Point"",""coordinates"":[77.3,9.62]}"
89,10,0.07262682914733887,326.7481689453125,2022-04-27,677.0352172851562,1,4.0,0.0,2022-04-27,2022-04-26,38.710716247558594,297.5072326660156,2022-04-28,0.0,0.0,2022-04-27,0.406817764043808,1.0,"{""type"":""Point"",""coordinates"":[77.28,9.619999999999997]}"
90,10,0.024009944871068,303.9387512207031,2022-09-17,1506.8148193359375,1,16.0,0.0,2022-09-17,2022-09-16,6.724104881286621,295.53912353515625,2022-09-18,0.6399999856948853,2.0833332538604736,2022-09-17,0.445849746465683,15.0,"{""type"":""Point"",""coordinates"":[77.3,9.61]}"
91,10,-0.010195381939411163,167.0032196044922,2020-06-26,1543.532958984375,1,2.0,47.71999740600586,2020-06-26,2020-06-25,11.95952320098877,295.3686828613281,2020-06-27,0.0,0.0,2020-06-26,0.4843546450138092,2.0,"{""type"":""Point"",""coordinates"":[77.31,9.61]}"
92,10,0.06272491067647934,9.199751853942871,2020-07-01,1169.3438720703125,1,1.0,6.150000095367432,2020-07-01,2020-06-30,12.715301513671875,296.357177734375,2020-07-02,5.158999919891357,4.166666507720947,2020-07-01,0.4869651794433594,1.0,"{""type"":""Point"",""coordinates"":[77.1,9.32]}"
93,10,0.4892863631248474,9.199751853942871,2020-02-08,1169.3438720703125,1,1.0,5.03000020980835,2020-02-08,2020-02-07,12.715301513671875,297.0591125488281,2020-02-09,1.0199999809265137,2.0833332538604736,2020-02-08,0.29771995544433594,1.0,"{""type"":""Point"",""coordinates"":[77.1,9.32]}"
94,10,0.09489444643259048,201.5015411376953,2023-08-07,674.78955078125,1,4.0,0.0,2023-08-07,2023-08-06,48.37626266479492,296.6183166503906,2023-08-08,0.0,0.0,2023-08-07,0.41726937890052795,1.0,"{""type"":""Point"",""coordinates"":[77.1,9.310000000000002]}"
95,10,1.2465201143641025E-4,47.22369384765625,2021-12-03,289.9339904785156,1,6.0,294.05999755859375,2021-12-03,2021-12-02,17.376632690429688,297.8887023925781,2021-12-04,12.429999351501465,16.66666603088379,2021-12-03,0.46679940819740295,6.0,"{""type"":""Point"",""coordinates"":[76.996892,9.310505999999998]}"
96,10,0.030994176864624023,180.701171875,2023-11-23,279.4202880859375,1,1.0,80.47999572753906,2023-11-23,2023-11-22,27.794130325317383,297.763671875,2023-11-24,1.5699999332427979,2.0833332538604736,2023-11-23,0.487213134765625,1.0,"{""type"":""Point"",""coordinates"":[77.003772,9.3212]}"
97,10,0.681220531463623,235.2554168701172,2021-02-16,155.34133911132812,1,9.0,0.0,2021-02-16,2021-02-15,23.678831100463867,299.224609375,2021-02-17,0.8499999642372131,2.0833332538604736,2021-02-16,0.27484193444252014,9.0,"{""type"":""Point"",""coordinates"":[76.995597,9.335494]}"
98,10,0.12164413928985596,205.38262939453125,2022-12-10,940.6903686523438,1,2.0,31.78999900817871,2022-12-10,2022-12-09,40.7501335144043,293.0467224121094,2022-12-11,9.179999351501465,12.5,2022-12-10,0.45666632056236267,1.0,"{""type"":""Point"",""coordinates"":[76.995185,9.558774000000001]}"
99,10,0.20501866936683655,275.8333435058594,2021-02-06,998.3510131835938,1,60.0,0.0,2021-02-06,2021-02-05,20.853744506835938,296.1536865234375,2021-02-07,0.0,0.0,2021-02-06,0.33334794640541077,60.0,"{""type"":""Point"",""coordinates"":[76.998014,9.572091000000002]}"
100,30,0.06671801954507828,78.09164428710938,2022-09-06,845.9080810546875,1,1.0,79.43000030517578,2022-09-06,2022-09-05,37.64839553833008,295.22821044921875,2022-09-07,10.75,20.83333396911621,2022-09-06,0.4607645571231842,1.0,"{""type"":""Point"",""coordinates"":[77.069258,9.609313]}"
101,10,0.053615961223840714,288.11834716796875,2020-09-22,917.4869995117188,1,3.0,48.62999725341797,2020-09-22,2020-09-21,12.514650344848633,293.42401123046875,2020-09-23,0.0,0.0,2020-09-22,0.46949195861816406,3.0,"{""type"":""Point"",""coordinates"":[77.14630700000001,9.608653000000002]}"
102,10,0.11268036812543869,288.11834716796875,2023-07-14,917.4869995117188,1,3.0,16.079999923706055,2023-07-14,2023-07-13,12.514650344848633,294.21234130859375,2023-07-15,0.05999999865889549,0.0,2023-07-14,0.5070260167121887,3.0,"{""type"":""Point"",""coordinates"":[77.14630700000001,9.608653000000002]}"
103,10,0.21051666140556335,288.11834716796875,2023-06-22,917.4869995117188,1,3.0,29.249998092651367,2023-06-22,2023-06-21,12.514650344848633,294.9918518066406,2023-06-23,0.12999999523162842,0.0,2023-06-22,0.4883047640323639,3.0,"{""type"":""Point"",""coordinates"":[77.14630700000001,9.608653000000002]}"
104,10,-0.003353423671796918,288.11834716796875,2021-08-23,917.4869995117188,1,3.0,199.77000427246094,2021-08-23,2021-08-22,12.514650344848633,294.8529052734375,2021-08-24,5.549999713897705,8.333333015441895,2021-08-23,0.4715982973575592,3.0,"{""type"":""Point"",""coordinates"":[77.14630700000001,9.608653000000002]}"
105,10,0.09589293599128723,288.11834716796875,2020-07-16,917.4869995117188,1,3.0,119.8499984741211,2020-07-16,2020-07-15,12.514650344848633,294.93988037109375,2020-07-17,17.759998321533203,25.0,2020-07-16,0.48124632239341736,3.0,"{""type"":""Point"",""coordinates"":[77.14630700000001,9.608653000000002]}"
106,10,0.35703784227371216,288.11834716796875,2023-01-23,917.4869995117188,1,3.0,19.5,2023-01-23,2023-01-22,12.514650344848633,294.294677734375,2023-01-24,1.9900000095367432,4.166666507720947,2023-01-23,0.2946949005126953,3.0,"{""type"":""Point"",""coordinates"":[77.14630700000001,9.608653000000002]}"
107,10,0.23852691054344177,270.0921630859375,2022-02-28,809.8721313476562,1,3285.0,0.0,2022-02-28,2022-02-27,15.125061988830566,297.7589416503906,2022-03-01,0.0,0.0,2022-02-28,0.31390380859375,1.0,"{""type"":""Point"",""coordinates"":[77.09172,9.5725]}"
108,10,0.3802480697631836,51.4525146484375,2020-02-23,1068.4337158203125,1,1.0,0.0,2020-02-23,2020-02-22,30.375429153442383,297.419677734375,2020-02-24,0.0,0.0,2020-02-23,0.2862529754638672,1.0,"{""type"":""Point"",""coordinates"":[77.094746,9.648325]}"
109,10,0.02561050094664097,117.07829284667969,2023-11-27,982.9077758789062,1,2.0,1.5800000429153442,2023-11-27,2023-11-26,18.07085418701172,295.3756103515625,2023-11-28,0.0,0.0,2023-11-27,0.46815046668052673,2.0,"{""type"":""Point"",""coordinates"":[77.143727,9.616867]}"
110,10,0.7943770289421082,74.83304595947266,2021-03-02,1030.48681640625,1,3.0,0.2370000183582306,2021-03-02,2021-03-01,32.977195739746094,297.4523010253906,2021-03-03,0.0,0.0,2021-03-02,0.3242085874080658,3.0,"{""type"":""Point"",""coordinates"":[77.138111,9.627684999999998]}"
111,10,0.684520423412323,32.49217987060547,2023-01-21,1007.2979736328125,1,3.0,0.0,2023-01-21,2023-01-20,25.644886016845703,294.6611633300781,2023-01-22,0.20999999344348907,0.0,2023-01-21,0.29241880774497986,1.0,"{""type"":""Point"",""coordinates"":[77.137118,9.629002]}"
112,10,0.2483433037996292,217.31227111816406,2020-12-24,1162.8067626953125,1,2.0,0.0,2020-12-24,2020-12-23,29.59929847717285,293.3247375488281,2020-12-25,0.0,0.0,2020-12-24,0.4867788851261139,2.0,"{""type"":""Point"",""coordinates"":[77.152987,9.635213000000002]}"
113,10,0.24042625725269318,273.54443359375,2020-12-21,1155.2935791015625,1,2.0,0.29999998211860657,2020-12-21,2020-12-20,17.664039611816406,293.6574401855469,2020-12-22,1.0,0.0,2020-12-21,0.4650001525878906,2.0,"{""type"":""Point"",""coordinates"":[77.154065,9.63423]}"
114,10,0.21666744351387024,170.516357421875,2022-10-10,970.421142578125,1,4.0,15.979999542236328,2022-10-10,2022-10-09,24.571361541748047,295.1971130371094,2022-10-11,19.69999885559082,29.16666603088379,2022-10-10,0.44047418236732483,2.0,"{""type"":""Point"",""coordinates"":[77.1546,9.629553]}"
115,10,-0.007256948854774237,175.36923217773438,2019-09-04,948.918701171875,1,4.0,15.59999942779541,2019-09-04,2019-09-03,21.007028579711914,294.9543762207031,2019-09-05,1.7799999713897705,2.0833332538604736,2019-09-04,0.4915555417537689,4.0,"{""type"":""Point"",""coordinates"":[77.15375900000001,9.629116]}"
116,10,0.6242247819900513,340.73046875,2023-03-16,910.2672119140625,1,3.0,61.349998474121094,2023-03-16,2023-03-15,10.712019920349121,297.9706115722656,2023-03-17,6.96999979019165,10.416666984558105,2023-03-16,0.2936420440673828,3.0,"{""type"":""Point"",""coordinates"":[77.148419,9.611343000000002]}"
117,10,0.08817660063505173,162.9197998046875,2021-08-11,915.1423950195312,1,2.0,32.86000061035156,2021-08-11,2021-08-10,16.684432983398438,295.1003723144531,2021-08-12,10.779999732971191,4.166666507720947,2021-08-11,0.49083009362220764,2.0,"{""type"":""Point"",""coordinates"":[77.161217,9.621675000000002]}"
118,10,0.32589125633239746,73.70516204833984,2020-03-01,994.5720825195312,1,10.0,0.0,2020-03-01,2020-02-29,25.360090255737305,298.1900329589844,2020-03-02,0.04000000283122063,0.0,2020-03-01,0.2781035006046295,10.0,"{""type"":""Point"",""coordinates"":[77.162881,9.632692]}"
119,10,0.657808780670166,65.5263442993164,2020-03-19,972.1251831054688,1,16.0,0.0,2020-03-19,2020-03-18,13.17238998413086,298.6292419433594,2020-03-20,0.0,0.0,2020-03-19,0.3414084017276764,10.0,"{""type"":""Point"",""coordinates"":[77.163697,9.629298]}"
120,10,0.20172201097011566,167.4061279296875,2019-06-29,1085.5623779296875,1,2.0,0.019999999552965164,2019-06-29,2019-06-28,25.136354446411133,297.0084228515625,2019-06-30,0.0,0.0,2019-06-29,0.46746826171875,2.0,"{""type"":""Point"",""coordinates"":[77.156202,9.632210000000002]}"
121,30,0.09056530147790909,142.42115783691406,2020-01-16,1142.6875,1,1.0,0.0,2020-01-16,2020-01-15,30.03131675720215,295.0754699707031,2020-01-17,0.0,0.0,2020-01-16,0.309338241815567,1.0,"{""type"":""Point"",""coordinates"":[77.15790900000002,9.634359]}"
122,10,0.06074174866080284,118.27349853515625,2020-08-24,1126.016357421875,1,2.0,0.09999999403953552,2020-08-24,2020-08-23,23.239471435546875,295.85394287109375,2020-08-25,18.44999885559082,16.66666603088379,2020-08-24,0.44799041748046875,1.0,"{""type"":""Point"",""coordinates"":[77.157286,9.633776]}"
123,10,-0.006234162487089634,148.9856719970703,2022-07-23,1134.4310302734375,1,2.0,46.529998779296875,2022-07-23,2022-07-22,24.931161880493164,295.3391418457031,2022-07-24,8.229999542236328,6.25,2022-07-23,0.48044586181640625,1.0,"{""type"":""Point"",""coordinates"":[77.156819,9.633308999999999]}"
124,10,0.39026322960853577,41.99848556518555,2023-06-20,1091.2542724609375,1,5.0,27.0,2023-06-20,2023-06-19,32.29080581665039,296.2193908691406,2023-06-21,11.639999389648438,12.5,2023-06-20,0.47911515831947327,5.0,"{""type"":""Point"",""coordinates"":[77.166384,9.640687]}"
125,10,0.05313631147146225,56.441158294677734,2023-07-26,1021.943115234375,1,9.0,9.989999771118164,2023-07-26,2023-07-25,27.243412017822266,294.7039794921875,2023-07-27,1.0899999141693115,2.0833332538604736,2023-07-26,0.50215083360672,9.0,"{""type"":""Point"",""coordinates"":[77.163613,9.636032]}"
126,10,0.4022727906703949,171.66282653808594,2020-03-07,1015.6576538085938,1,9.0,4.230000019073486,2020-03-07,2020-03-06,13.79925537109375,297.18267822265625,2020-03-08,0.0,0.0,2020-03-07,0.4314524233341217,9.0,"{""type"":""Point"",""coordinates"":[77.163437,9.637009]}"
127,10,0.1928357481956482,45.84109115600586,2023-09-22,1056.6302490234375,1,3.0,62.959999084472656,2023-09-22,2023-09-21,27.185731887817383,295.3033752441406,2023-09-23,26.579999923706055,27.08333396911621,2023-09-22,0.4590892791748047,2.0,"{""type"":""Point"",""coordinates"":[77.170792,9.637785]}"
128,10,0.5897130370140076,242.8157958984375,2023-03-06,1163.062744140625,1,2.0,0.3199999928474426,2023-03-06,2023-03-05,30.309856414794922,296.75848388671875,2023-03-07,0.0,0.0,2023-03-06,0.28479576110839844,2.0,"{""type"":""Point"",""coordinates"":[77.151807,9.635735000000002]}"
129,10,0.3672794997692108,30.456645965576172,2023-01-10,1083.35009765625,1,80.0,0.0,2023-01-10,2023-01-09,28.64979362487793,294.33135986328125,2023-01-11,0.0,0.0,2023-01-10,0.32229170203208923,1.0,"{""type"":""Point"",""coordinates"":[77.092683,9.662284999999999]}"
130,10,0.14396584033966064,218.43482971191406,2022-12-07,1111.1156005859375,1,5.0,11.199999809265137,2022-12-07,2022-12-06,4.186600208282471,294.32232666015625,2022-12-08,7.289999961853027,6.25,2022-12-07,0.43367257714271545,5.0,"{""type"":""Point"",""coordinates"":[77.1066,9.7015]}"
131,10,0.4705062806606293,263.15338134765625,2023-02-20,1093.8438720703125,1,5.0,0.0,2023-02-20,2023-02-19,18.648813247680664,294.8033752441406,2023-02-21,0.0,0.0,2023-02-20,0.2984619140625,5.0,"{""type"":""Point"",""coordinates"":[77.1069,9.700499999999998]}"
132,10,0.6747371554374695,280.78948974609375,2022-03-18,894.203369140625,1,2.0,0.0,2022-03-18,2022-03-17,26.357789993286133,297.3020935058594,2022-03-19,3.309999942779541,4.166666507720947,2022-03-18,0.33880487084388733,2.0,"{""type"":""Point"",""coordinates"":[77.05283,9.685096]}"
133,10,0.34806472063064575,49.19953536987305,2023-09-11,873.9349365234375,1,5.0,10.679999351501465,2023-09-11,2023-09-10,32.54146194458008,293.5924072265625,2023-09-12,8.109999656677246,10.416666984558105,2023-09-11,0.48510804772377014,1.0,"{""type"":""Point"",""coordinates"":[77.049871,9.676364000000001]}"
134,50,0.11267957836389542,235.28628540039062,2019-04-14,1085.3209228515625,1,2.0,0.0,2019-04-14,2019-04-13,16.044614791870117,299.6336975097656,2019-04-15,0.0,0.0,2019-04-14,0.3701833188533783,1.0,"{""type"":""Point"",""coordinates"":[77.058442,9.667030000000002]}"
135,50,0.022729288786649704,243.00686645507812,2023-08-02,1091.001953125,1,2.0,0.4270000159740448,2023-08-02,2023-08-01,17.525659561157227,295.0641174316406,2023-08-03,0.0,0.0,2023-08-02,0.47338423132896423,1.0,"{""type"":""Point"",""coordinates"":[77.058371,9.667328]}"
136,10,0.5633839964866638,233.0564422607422,2019-03-10,922.5336303710938,1,2.0,12.920000076293945,2019-03-10,2019-03-09,26.02758026123047,297.08233642578125,2019-03-11,0.0,0.0,2019-03-10,0.45451608300209045,1.0,"{""type"":""Point"",""coordinates"":[77.07603100000001,9.645962000000003]}"
137,10,0.012509973719716072,270.6094055175781,2021-07-30,591.7590942382812,1,2.0,7.939999580383301,2021-07-30,2021-07-29,24.601877212524414,296.89080810546875,2021-07-31,0.0,0.0,2021-07-30,0.48545265197753906,2.0,"{""type"":""Point"",""coordinates"":[76.91768,9.618522000000002]}"
138,10,0.3548511266708374,296.45404052734375,2021-10-15,368.51519775390625,1,27.0,47.25,2021-10-15,2021-10-14,22.469945907592773,296.7740173339844,2021-10-16,0.3399999737739563,0.0,2021-10-15,0.48639678955078125,27.0,"{""type"":""Point"",""coordinates"":[76.902028,9.646878]}"
139,10,-0.013124560005962849,174.86656188964844,2021-11-26,470.0608825683594,1,6.0,588.1199951171875,2021-11-26,2021-11-25,32.32130813598633,295.40692138671875,2021-11-27,1.149999976158142,0.0,2021-11-26,0.4772561490535736,6.0,"{""type"":""Point"",""coordinates"":[76.905017,9.645325]}"
140,50,0.04863975942134857,247.94439697265625,2021-06-21,449.8575439453125,1,19.0,137.75,2021-06-21,2021-06-20,26.43990707397461,295.9476623535156,2021-06-22,3.9599997997283936,8.333333015441895,2021-06-21,0.4843330383300781,19.0,"{""type"":""Point"",""coordinates"":[76.903419,9.653094]}"
141,10,0.07102092355489731,162.6211700439453,2022-11-08,462.8833312988281,1,19.0,113.42999267578125,2022-11-08,2022-11-07,31.069028854370117,295.82196044921875,2022-11-09,37.689998626708984,25.0,2022-11-08,0.4651603698730469,19.0,"{""type"":""Point"",""coordinates"":[76.903175,9.653403000000003]}"
142,10,-3.361651033628732E-4,160.71653747558594,2022-09-18,594.2971801757812,1,11.0,11.880000114440918,2022-09-18,2022-09-17,30.109146118164062,296.0502624511719,2022-09-19,8.279999732971191,14.583333015441895,2022-09-18,0.46443620324134827,6.0,"{""type"":""Point"",""coordinates"":[76.903892,9.656433000000002]}"
143,10,0.6216332912445068,184.37261962890625,2020-02-18,643.440673828125,1,6.0,0.0,2020-02-18,2020-02-17,22.733936309814453,299.459228515625,2020-02-19,0.0,0.0,2020-02-18,0.2786693572998047,4.0,"{""type"":""Point"",""coordinates"":[76.902028,9.658569000000002]}"
144,10,0.02779397740960121,126.58455657958984,2019-10-16,667.8499145507812,1,6.0,32.52000045776367,2019-10-16,2019-10-15,22.351364135742188,295.8383483886719,2019-10-17,84.61000061035156,60.41666793823242,2019-10-16,0.4900989532470703,4.0,"{""type"":""Point"",""coordinates"":[76.901519,9.658686]}"
145,10,0.04764451086521149,257.7086181640625,2022-07-14,582.6482543945312,1,13.0,26.649999618530273,2022-07-14,2022-07-13,23.390703201293945,294.71185302734375,2022-07-15,2.93999981880188,2.0833332538604736,2022-07-14,0.4784889221191406,13.0,"{""type"":""Point"",""coordinates"":[76.885786,9.707703]}"
146,10,0.10804138332605362,257.6587829589844,2021-04-14,464.830078125,1,68.0,547.3999633789062,2021-04-14,2021-04-13,8.534499168395996,296.9754638671875,2021-04-15,24.90999984741211,18.75,2021-04-14,0.4341157376766205,68.0,"{""type"":""Point"",""coordinates"":[76.882814,9.701489]}"
147,10,0.4946843683719635,127.59845733642578,2019-02-18,465.83123779296875,1,5.0,0.0,2019-02-18,2019-02-17,14.845674514770508,298.3978576660156,2019-02-19,0.0,0.0,2019-02-18,0.3194122314453125,1.0,"{""type"":""Point"",""coordinates"":[76.8678,9.6963]}"
148,10,0.25324583053588867,31.817304611206055,2023-04-07,559.7435913085938,1,77.0,48.599998474121094,2023-04-07,2023-04-06,28.110502243041992,298.134765625,2023-04-08,0.41999998688697815,0.0,2023-04-07,0.46288490295410156,3.0,"{""type"":""Point"",""coordinates"":[76.86585,9.700267]}"
149,10,0.06368225067853928,13.530790328979492,2022-11-25,360.759521484375,1,108.0,0.0,2022-11-25,2022-11-24,24.678239822387695,296.82568359375,2022-11-26,0.0,0.0,2022-11-25,0.4106508791446686,1.0,"{""type"":""Point"",""coordinates"":[76.849672,9.708393999999998]}"
150,10,0.636621356010437,334.92822265625,2019-04-17,111.68254852294922,1,5.0,10.239999771118164,2019-04-17,2019-04-16,4.143102645874023,301.6669616699219,2019-04-18,15.229999542236328,16.66666603088379,2019-04-17,0.3749453127384186,1.0,"{""type"":""Point"",""coordinates"":[76.834475,9.699908]}"
151,10,0.0981280654668808,77.89637756347656,2023-09-15,513.3727416992188,1,2.0,11.09999942779541,2023-09-15,2023-09-14,26.36794090270996,296.69757080078125,2023-09-16,8.059999465942383,8.333333015441895,2023-09-15,0.49677976965904236,2.0,"{""type"":""Point"",""coordinates"":[76.87125,9.630856000000001]}"
152,10,0.1374843865633011,76.50593566894531,2019-06-28,583.5451049804688,1,1.0,0.0,2019-06-28,2019-06-27,23.06192398071289,297.436767578125,2019-06-29,0.0,0.0,2019-06-28,0.4892489016056061,1.0,"{""type"":""Point"",""coordinates"":[76.868422,9.643716999999999]}"
153,10,0.5251153111457825,52.53328323364258,2020-04-13,583.737548828125,1,1.0,0.0,2020-04-13,2020-04-12,11.90553092956543,300.27435302734375,2020-04-14,0.0,0.0,2020-04-13,0.4412345886230469,1.0,"{""type"":""Point"",""coordinates"":[76.867875,9.644494]}"
154,10,0.595177173614502,89.97467041015625,2019-02-28,555.9374389648438,1,2.0,0.6399999856948853,2019-02-28,2019-02-27,26.38873863220215,298.6817321777344,2019-03-01,0.0,0.0,2019-02-28,0.33090081810951233,2.0,"{""type"":""Point"",""coordinates"":[76.868236,9.638944]}"
155,10,0.8211018443107605,200.37533569335938,2021-02-27,197.66812133789062,1,13.0,0.0,2021-02-27,2021-02-26,17.99188232421875,298.9849853515625,2021-02-28,0.0,0.0,2021-02-27,0.33276113867759705,13.0,"{""type"":""Point"",""coordinates"":[76.88700600000001,9.638197]}"
156,10,0.2435895800590515,169.1046905517578,2019-05-22,346.02685546875,1,3.0,9.84000015258789,2019-05-22,2019-05-21,16.16553497314453,299.0078430175781,2019-05-23,1.2599999904632568,0.0,2019-05-22,0.47497305274009705,3.0,"{""type"":""Point"",""coordinates"":[76.889603,9.648006000000002]}"
157,10,0.675133228302002,237.3003692626953,2023-01-31,415.8860778808594,1,3.0,0.0,2023-01-31,2023-01-30,38.74803924560547,296.25341796875,2023-02-01,4.359999656677246,6.25,2023-01-31,0.35157522559165955,2.0,"{""type"":""Point"",""coordinates"":[76.889789,9.650014]}"
158,10,0.051968980580568314,72.40562438964844,2019-11-02,368.9962158203125,1,3.0,0.6570000648498535,2019-11-02,2019-11-01,23.776578903198242,296.9823913574219,2019-11-03,4.199999809265137,6.25,2019-11-02,0.4777507781982422,3.0,"{""type"":""Point"",""coordinates"":[76.888622,9.648757999999999]}"
159,30,0.007699781563133001,214.77330017089844,2020-06-05,791.9331665039062,1,1.0,0.0,2020-06-05,2020-06-04,19.890275955200195,296.716552734375,2020-06-06,1.3299999237060547,0.0,2020-06-05,0.46425819396972656,1.0,"{""type"":""Point"",""coordinates"":[76.896719,9.659356]}"
160,10,0.24110324680805206,169.553955078125,2022-04-04,667.3067016601562,1,6.0,11.839999198913574,2022-04-04,2022-04-03,14.875030517578125,298.2030334472656,2022-04-05,0.0,0.0,2022-04-04,0.3930428922176361,4.0,"{""type"":""Point"",""coordinates"":[76.901369,9.65845]}"
161,10,0.5238312482833862,111.97864532470703,2020-02-25,293.94024658203125,1,30.0,0.0,2020-02-25,2020-02-24,25.317564010620117,300.31341552734375,2020-02-26,0.0,0.0,2020-02-25,0.28301557898521423,30.0,"{""type"":""Point"",""coordinates"":[76.896961,9.644319000000001]}"
162,10,0.12262197583913803,82.11617279052734,2022-10-05,288.20684814453125,1,8.0,73.43999481201172,2022-10-05,2022-10-04,21.251928329467773,296.50787353515625,2022-10-06,5.529999732971191,8.333333015441895,2022-10-05,0.48043569922447205,8.0,"{""type"":""Point"",""coordinates"":[76.893061,9.642869]}"
163,10,0.4323734939098358,57.81275939941406,2022-10-19,227.44635009765625,1,2.0,9.139999389648438,2022-10-19,2022-10-18,35.62138748168945,295.3363037109375,2022-10-20,34.029998779296875,29.16666603088379,2022-10-19,0.4829489290714264,2.0,"{""type"":""Point"",""coordinates"":[76.88900000000001,9.6306]}"
164,10,0.13275735080242157,63.12538528442383,2023-09-21,403.57928466796875,1,1.0,25.09000015258789,2023-09-21,2023-09-20,26.738847732543945,296.4468078613281,2023-09-22,37.82999801635742,33.33333206176758,2023-09-21,0.479083389043808,1.0,"{""type"":""Point"",""coordinates"":[76.942849,9.57226]}"
165,10,0.06596681475639343,65.96135711669922,2019-06-13,440.8595275878906,1,22.0,29.67999839782715,2019-06-13,2019-06-12,26.857269287109375,296.910400390625,2019-06-14,39.619998931884766,31.25,2019-06-13,0.48117128014564514,1.0,"{""type"":""Point"",""coordinates"":[76.941443,9.576488999999999]}"
166,10,0.5477641820907593,124.83989715576172,2020-04-21,310.43048095703125,1,119.0,78.53999328613281,2020-04-21,2020-04-20,34.49283218383789,300.00628662109375,2020-04-22,2.509999990463257,6.25,2020-04-21,0.43468794226646423,119.0,"{""type"":""Point"",""coordinates"":[76.943333,9.565965000000002]}"
167,10,0.07967466861009598,189.03981018066406,2022-05-03,277.7508239746094,1,81.0,0.0,2022-05-03,2022-05-02,39.62118911743164,296.95513916015625,2022-05-04,1.1099998950958252,0.0,2022-05-03,0.48896852135658264,81.0,"{""type"":""Point"",""coordinates"":[76.950283,9.567760999999999]}"
168,10,0.741726815700531,154.5587615966797,2023-09-05,367.8910217285156,1,36.0,398.5799865722656,2023-09-05,2023-09-04,33.52357864379883,296.0720520019531,2023-09-06,12.729999542236328,12.5,2023-09-05,0.5097770690917969,26.0,"{""type"":""Point"",""coordinates"":[76.949283,9.572847000000001]}"
169,10,0.0858156830072403,83.3749008178711,2019-07-29,637.7601928710938,1,4.0,3.200000047683716,2019-07-29,2019-07-28,26.99505615234375,296.7939147949219,2019-07-30,14.999999046325684,4.166666507720947,2019-07-29,0.47059503197669983,4.0,"{""type"":""Point"",""coordinates"":[76.981105,9.536662]}"
170,10,0.3145860731601715,262.0012512207031,2019-05-17,809.6319580078125,1,1.0,4.480000019073486,2019-05-17,2019-05-16,31.177433013916016,297.1091613769531,2019-05-18,28.670000076293945,25.0,2019-05-17,0.4759419858455658,1.0,"{""type"":""Point"",""coordinates"":[76.972888,9.556714]}"
171,10,-0.026268506422638893,283.4778747558594,2021-11-25,805.18310546875,1,3.0,21.420000076293945,2021-11-25,2021-11-24,30.903541564941406,294.5519104003906,2021-11-26,107.0999984741211,43.75,2021-11-25,0.5003318786621094,1.0,"{""type"":""Point"",""coordinates"":[76.97305,9.557969]}"
172,10,0.7189124226570129,229.19142150878906,2021-03-13,672.227783203125,1,2.0,0.0,2021-03-13,2021-03-12,34.24884796142578,299.4634094238281,2021-03-14,0.0,0.0,2021-03-13,0.35002198815345764,2.0,"{""type"":""Point"",""coordinates"":[76.965462,9.530667]}"
173,10,0.41395145654678345,228.91485595703125,2022-01-23,545.816650390625,1,2.0,0.0,2022-01-23,2022-01-22,22.732053756713867,298.209716796875,2022-01-24,0.0,0.0,2022-01-23,0.31126847863197327,2.0,"{""type"":""Point"",""coordinates"":[76.960131,9.531556]}"
174,10,0.5351250767707825,150.10565185546875,2019-04-14,681.9528198242188,1,2.0,0.0,2019-04-14,2019-04-13,18.537904739379883,300.7853088378906,2019-04-15,0.0,0.0,2019-04-14,0.4703712463378906,2.0,"{""type"":""Point"",""coordinates"":[76.980418,9.526361]}"
175,10,0.07517247647047043,156.5054473876953,2019-10-27,746.6174926757812,1,2.0,65.33999633789062,2019-10-27,2019-10-26,23.010778427124023,296.1226806640625,2019-10-28,15.389999389648438,22.91666603088379,2019-10-27,0.49856695532798767,2.0,"{""type"":""Point"",""coordinates"":[76.983047,9.519719999999998]}"
176,10,0.5569581985473633,164.25933837890625,2019-02-20,632.2669677734375,1,2.0,0.0,2019-02-20,2019-02-19,26.688594818115234,300.16107177734375,2019-02-21,0.0,0.0,2019-02-20,0.3340689241886139,1.0,"{""type"":""Point"",""coordinates"":[76.983326,9.517495]}"
177,10,0.5244693756103516,128.57106018066406,2019-01-29,601.9591674804688,1,2.0,0.0,2019-01-29,2019-01-28,36.608734130859375,298.1000061035156,2019-01-30,0.0,0.0,2019-01-29,0.3067436218261719,2.0,"{""type"":""Point"",""coordinates"":[76.982494,9.516939]}"
178,10,0.7329660058021545,66.84661865234375,2020-02-25,660.781982421875,1,1.0,0.0,2020-02-25,2020-02-24,37.51670455932617,300.1850891113281,2020-02-26,0.0,0.0,2020-02-25,0.2831993103027344,1.0,"{""type"":""Point"",""coordinates"":[76.981387,9.508050000000003]}"
179,10,0.08919639885425568,172.15606689453125,2022-05-30,124.0505599975586,1,1.0,1.7100000381469727,2022-05-30,2022-05-29,22.90253448486328,297.0718994140625,2022-05-31,1.5499999523162842,0.0,2022-05-30,0.4798177182674408,1.0,"{""type"":""Point"",""coordinates"":[76.965742,9.418431]}"
180,10,0.22029031813144684,65.94332885742188,2023-02-07,212.06980895996094,1,18.0,45.720001220703125,2023-02-07,2023-02-06,26.92660903930664,297.56280517578125,2023-02-08,0.05999999865889549,0.0,2023-02-07,0.4414558410644531,18.0,"{""type"":""Point"",""coordinates"":[76.973325,9.411836]}"
181,10,0.19523459672927856,211.84207153320312,2019-11-20,138.35350036621094,1,25.0,44.75,2019-11-20,2019-11-19,29.70439338684082,297.75091552734375,2019-11-21,15.809999465942383,12.5,2019-11-20,0.477642685174942,25.0,"{""type"":""Point"",""coordinates"":[76.986664,9.326660999999998]}"
182,10,0.016190769150853157,27.214672088623047,2022-09-01,314.718994140625,1,1.0,22.020000457763672,2022-09-01,2022-08-31,32.64906692504883,296.8692321777344,2022-09-02,16.3799991607666,18.75,2022-09-01,0.48694610595703125,1.0,"{""type"":""Point"",""coordinates"":[76.990539,9.313472]}"
183,10,0.17631468176841736,26.51142120361328,2020-08-04,195.89163208007812,1,31.0,746.7899780273438,2020-08-04,2020-08-03,29.11020851135254,296.8211364746094,2020-08-05,26.56999969482422,20.83333396911621,2020-08-04,0.4729512631893158,31.0,"{""type"":""Point"",""coordinates"":[76.987244,9.305169000000001]}"
184,10,0.05094867944717407,326.7034606933594,2019-09-14,327.03619384765625,1,2.0,41.73999786376953,2019-09-14,2019-09-13,23.8574161529541,296.8619079589844,2019-09-15,37.52000045776367,25.0,2019-09-14,0.4656505584716797,2.0,"{""type"":""Point"",""coordinates"":[76.986872,9.314950000000001]}"
185,10,0.25173240900039673,40.12828826904297,2023-03-29,141.80169677734375,1,34.0,5.779999732971191,2023-03-29,2023-03-28,14.388015747070312,299.91522216796875,2023-03-30,9.229999542236328,12.5,2023-03-29,0.45436668395996094,34.0,"{""type"":""Point"",""coordinates"":[76.979619,9.310961]}"
186,10,0.17119529843330383,100.37474060058594,2023-06-17,259.35882568359375,1,1.0,1.6299999952316284,2023-06-17,2023-06-16,31.347145080566406,298.7165222167969,2023-06-18,18.389999389648438,22.91666603088379,2023-06-17,0.46274885535240173,1.0,"{""type"":""Point"",""coordinates"":[76.961139,9.321517]}"
187,10,0.3182063102722168,225.0808563232422,2019-03-11,137.83615112304688,1,3.0,0.0,2019-03-11,2019-03-10,25.3880615234375,300.1227722167969,2019-03-12,0.0,0.0,2019-03-11,0.43413734436035156,3.0,"{""type"":""Point"",""coordinates"":[76.961369,9.309878]}"
188,10,0.2656354606151581,223.3046417236328,2023-08-17,134.3663787841797,1,2.0,0.0,2023-08-17,2023-08-16,10.206897735595703,297.8760681152344,2023-08-18,0.0,0.0,2023-08-17,0.428955078125,2.0,"{""type"":""Point"",""coordinates"":[76.956094,9.313819000000002]}"
189,10,0.12520112097263336,43.47880554199219,2020-10-23,149.0120086669922,1,4.0,0.0,2020-10-23,2020-10-22,36.115962982177734,298.0401611328125,2020-10-24,0.17000000178813934,0.0,2020-10-23,0.4532012939453125,1.0,"{""type"":""Point"",""coordinates"":[76.949881,9.31625]}"
190,10,0.17391304671764374,243.81741333007812,2020-10-10,141.9523468017578,1,3.0,86.43000030517578,2020-10-10,2020-10-09,7.956749439239502,297.31597900390625,2020-10-11,78.3699951171875,22.91666603088379,2020-10-10,0.4768257141113281,3.0,"{""type"":""Point"",""coordinates"":[76.952022,9.319214]}"
191,10,0.06368474662303925,79.64016723632812,2019-09-01,173.75320434570312,1,1.0,18.15999984741211,2019-09-01,2019-08-31,25.038667678833008,296.57177734375,2019-09-02,13.019999504089355,16.66666603088379,2019-09-01,0.49951171875,1.0,"{""type"":""Point"",""coordinates"":[76.95871100000001,9.327389]}"
192,10,0.17596960067749023,310.3161315917969,2019-06-23,210.12225341796875,1,2.0,49.81999969482422,2019-06-23,2019-06-22,24.525529861450195,296.51373291015625,2019-06-24,5.920000076293945,4.166666507720947,2019-06-23,0.47345098853111267,1.0,"{""type"":""Point"",""coordinates"":[76.954578,9.328972]}"
193,10,0.14089828729629517,142.39173889160156,2020-09-19,167.15162658691406,1,2.0,40.13999938964844,2020-09-19,2020-09-18,22.745386123657227,297.608154296875,2020-09-20,118.11000061035156,79.16666412353516,2020-09-19,0.486053466796875,2.0,"{""type"":""Point"",""coordinates"":[76.940406,9.34365]}"
194,10,0.3620515763759613,192.96148681640625,2022-04-19,114.81181335449219,1,3.0,7.5,2022-04-19,2022-04-18,6.850025177001953,299.6023864746094,2022-04-20,0.10000000149011612,0.0,2022-04-19,0.45920562744140625,3.0,"{""type"":""Point"",""coordinates"":[76.933786,9.343592]}"
195,10,0.12032654881477356,270.935791015625,2020-12-21,139.78384399414062,1,3.0,3.569999933242798,2020-12-21,2020-12-20,18.341209411621094,297.6380615234375,2020-12-22,0.38999998569488525,0.0,2020-12-21,0.4739347994327545,3.0,"{""type"":""Point"",""coordinates"":[76.935444,9.343594000000001]}"
196,10,0.15991337597370148,122.09785461425781,2023-09-27,161.9490966796875,1,2.0,1.7599999904632568,2023-09-27,2023-09-26,29.599349975585938,298.252685546875,2023-09-28,12.960000038146973,14.583333015441895,2023-09-27,0.4883003234863281,2.0,"{""type"":""Point"",""coordinates"":[76.919267,9.332681]}"
197,10,0.17878113687038422,215.27330017089844,2021-05-16,134.6501922607422,1,2.0,60.459999084472656,2021-05-16,2021-05-15,23.386470794677734,297.90374755859375,2021-05-17,41.209999084472656,39.58333206176758,2021-05-16,0.4857330322265625,2.0,"{""type"":""Point"",""coordinates"":[76.920175,9.332480999999998]}"
198,10,0.16491836309432983,236.71778869628906,2023-10-18,78.46355438232422,1,1.0,53.619998931884766,2023-10-18,2023-10-17,3.6007800102233887,298.2376403808594,2023-10-19,1.059999942779541,0.0,2023-10-18,0.4836781919002533,1.0,"{""type"":""Point"",""coordinates"":[76.918508,9.347474999999998]}"
199,10,0.34592360258102417,231.06491088867188,2023-03-31,71.6335220336914,1,49.0,263.1199951171875,2023-03-31,2023-03-30,24.59955596923828,301.0438232421875,2023-04-01,0.5600000023841858,2.0833332538604736,2023-03-31,0.41392073035240173,44.0,"{""type"":""Point"",""coordinates"":[76.878439,9.324292000000002]}"
200,10,0.11465361714363098,237.0439453125,2022-09-22,62.98046112060547,1,49.0,0.0,2022-09-22,2022-09-21,2.9438202381134033,298.65289306640625,2022-09-23,0.0,0.0,2022-09-22,0.4366168975830078,1.0,"{""type"":""Point"",""coordinates"":[76.874817,9.324669]}"
201,10,0.240183025598526,239.0042724609375,2021-06-29,95.8453598022461,1,11.0,35.459999084472656,2021-06-29,2021-06-28,30.66345977783203,297.7333068847656,2021-06-30,1.6299999952316284,2.0833332538604736,2021-06-29,0.4714794158935547,9.0,"{""type"":""Point"",""coordinates"":[76.850644,9.340931]}"
202,10,0.0931364893913269,274.33197021484375,2019-07-03,194.58230590820312,1,3.0,12.50999927520752,2019-07-03,2019-07-02,25.72633934020996,297.821044921875,2019-07-04,3.0999999046325684,2.0833332538604736,2019-07-03,0.4809621274471283,3.0,"{""type"":""Point"",""coordinates"":[76.868906,9.437264000000003]}"
203,10,0.25925764441490173,37.64106369018555,2022-04-17,55.71934509277344,1,43.0,3.869999885559082,2022-04-17,2022-04-16,36.0662841796875,301.1798095703125,2022-04-18,0.8999999761581421,2.0833332538604736,2022-04-17,0.44762611389160156,43.0,"{""type"":""Point"",""coordinates"":[76.743289,9.316964000000002]}"
204,10,0.2658981382846832,258.3211364746094,2022-05-14,164.99998474121094,1,2.0,5.960000038146973,2022-05-14,2022-05-13,29.26508331298828,298.30828857421875,2022-05-15,31.719999313354492,27.08333396911621,2022-05-14,0.49143028259277344,1.0,"{""type"":""Point"",""coordinates"":[76.749722,9.829444000000002]}"
205,10,0.1483801156282425,64.48202514648438,2019-08-03,616.517578125,1,1.0,3.4699997901916504,2019-08-03,2019-08-02,30.9601993560791,297.93878173828125,2019-08-04,9.969999313354492,14.583333015441895,2019-08-03,0.4429353177547455,1.0,"{""type"":""Point"",""coordinates"":[76.7858,9.7831]}"
206,10,0.2301330417394638,141.77499389648438,2019-07-06,460.1748046875,1,1.0,1.25,2019-07-06,2019-07-05,29.453466415405273,297.88165283203125,2019-07-07,1.409999966621399,2.0833332538604736,2019-07-06,0.5102513432502747,1.0,"{""type"":""Point"",""coordinates"":[76.815833,9.731456]}"
207,10,0.18934530019760132,71.63088989257812,2021-12-21,443.50640869140625,1,1.0,0.0,2021-12-21,2021-12-20,28.368892669677734,297.71258544921875,2021-12-22,0.0,0.0,2021-12-21,0.40299543738365173,1.0,"{""type"":""Point"",""coordinates"":[76.821975,9.731682999999999]}"
208,10,0.5517295002937317,116.39815521240234,2021-03-02,432.3865661621094,1,1.0,0.10100000351667404,2021-03-02,2021-03-01,32.44997787475586,299.6454162597656,2021-03-03,0.0,0.0,2021-03-02,0.3346214294433594,1.0,"{""type"":""Point"",""coordinates"":[76.822311,9.733878]}"
209,10,0.2901642322540283,168.18603515625,2023-02-13,359.69415283203125,1,2.0,0.0,2023-02-13,2023-02-12,27.070680618286133,297.5435791015625,2023-02-14,0.0,0.0,2023-02-13,0.36814752221107483,2.0,"{""type"":""Point"",""coordinates"":[76.825961,9.737149999999998]}"
210,10,-0.0023541387636214495,143.42857360839844,2021-08-17,368.9735107421875,1,2.0,20.079999923706055,2021-08-17,2021-08-16,26.7679443359375,296.4604797363281,2021-08-18,17.149999618530273,22.91666603088379,2021-08-17,0.4887968599796295,2.0,"{""type"":""Point"",""coordinates"":[76.8422,9.728494000000001]}"
211,10,0.3391091525554657,222.674560546875,2023-02-14,595.3422241210938,1,3.0,0.0,2023-02-14,2023-02-13,32.73239517211914,297.8729553222656,2023-02-15,0.0,0.0,2023-02-14,0.3560962677001953,2.0,"{""type"":""Point"",""coordinates"":[76.841072,9.741439]}"
212,10,0.10522115975618362,219.3219451904297,2020-10-20,740.5796508789062,1,1.0,10.65999984741211,2020-10-20,2020-10-19,40.08872604370117,297.82757568359375,2020-10-21,0.5,0.0,2020-10-20,0.4674110412597656,1.0,"{""type"":""Point"",""coordinates"":[76.820492,9.742950000000002]}"
213,10,0.33427152037620544,235.90928649902344,2023-09-16,683.7488403320312,1,1.0,10.519999504089355,2023-09-16,2023-09-15,42.81952667236328,297.3345031738281,2023-09-17,5.059999942779541,2.0833332538604736,2023-09-16,0.49888038635253906,1.0,"{""type"":""Point"",""coordinates"":[76.819217,9.743239]}"
214,10,0.1426541656255722,51.32282638549805,2022-05-15,809.504638671875,1,1.0,30.94999885559082,2022-05-15,2022-05-14,35.17502975463867,297.2187194824219,2022-05-16,16.209999084472656,25.0,2022-05-15,0.4685465395450592,1.0,"{""type"":""Point"",""coordinates"":[76.8275,9.7726]}"
215,10,0.06515029072761536,124.74652099609375,2020-09-04,225.19956970214844,1,6.0,122.4000015258789,2020-09-04,2020-09-03,20.557466506958008,297.7351989746094,2020-09-05,42.87999725341797,35.41666793823242,2020-09-04,0.4878133237361908,6.0,"{""type"":""Point"",""coordinates"":[76.82080560000001,9.7968611]}"
216,10,0.7756643891334534,2.3529088497161865,2021-03-18,308.76556396484375,1,5.0,5.400000095367432,2021-03-18,2021-03-17,35.95873260498047,301.0325927734375,2021-03-19,0.0,0.0,2021-03-18,0.30359968543052673,2.0,"{""type"":""Point"",""coordinates"":[76.82916,9.792432]}"
217,10,0.7718673348426819,267.1543273925781,2019-01-30,118.8250503540039,1,2.0,0.0,2019-01-30,2019-01-29,15.419780731201172,298.8711853027344,2019-01-31,0.0,0.0,2019-01-30,0.29756608605384827,2.0,"{""type"":""Point"",""coordinates"":[76.8477,9.802699999999998]}"
218,10,0.012258337810635567,256.9940185546875,2021-12-03,471.10009765625,1,1.0,25.869998931884766,2021-12-03,2021-12-02,18.06767463684082,296.4930114746094,2021-12-04,13.460000038146973,16.66666603088379,2021-12-03,0.47231611609458923,1.0,"{""type"":""Point"",""coordinates"":[76.8508,9.8116]}"
219,10,0.08134803175926208,10.99108600616455,2021-06-12,599.3665161132812,1,1.0,0.0,2021-06-12,2021-06-11,28.012073516845703,296.47149658203125,2021-06-13,27.44999885559082,39.58333206176758,2021-06-12,0.4716097414493561,1.0,"{""type"":""Point"",""coordinates"":[76.85358,9.812495]}"
220,10,0.05500510707497597,1.7191208600997925,2019-10-14,613.2857055664062,1,1.0,0.60999995470047,2019-10-14,2019-10-13,25.889097213745117,296.3038330078125,2019-10-15,23.139999389648438,18.75,2019-10-14,0.47569212317466736,1.0,"{""type"":""Point"",""coordinates"":[76.853725,9.812449]}"
221,10,0.31790482997894287,70.89923858642578,2020-03-29,149.6905059814453,1,132.0,0.0,2020-03-29,2020-03-28,29.40387535095215,299.5672302246094,2020-03-30,2.130000114440918,2.0833332538604736,2020-03-29,0.37099775671958923,132.0,"{""type"":""Point"",""coordinates"":[76.8499,9.7796]}"
222,10,0.11458861082792282,75.97794342041016,2020-10-05,139.4595489501953,1,132.0,0.0,2020-10-05,2020-10-04,25.44688606262207,295.5542907714844,2020-10-06,0.0,0.0,2020-10-05,0.44664764404296875,132.0,"{""type"":""Point"",""coordinates"":[76.8503,9.7792]}"
223,10,0.0035056392662227154,64.87220764160156,2021-09-10,692.7718505859375,1,4.0,0.0,2021-09-10,2021-09-09,31.779804229736328,297.4125671386719,2021-09-11,0.0,0.0,2021-09-10,0.4814077913761139,2.0,"{""type"":""Point"",""coordinates"":[76.835165,9.770459000000004]}"
224,10,0.007708309218287468,353.2313537597656,2021-07-02,833.9910888671875,1,1.0,14.630000114440918,2021-07-02,2021-07-01,20.256118774414062,297.78814697265625,2021-07-03,3.059999942779541,4.166666507720947,2021-07-02,0.47808265686035156,1.0,"{""type"":""Point"",""coordinates"":[76.836386,9.763761999999998]}"
225,10,-0.02446596510708332,16.3657283782959,2022-06-13,410.5494079589844,1,5.0,6.170000076293945,2022-06-13,2022-06-12,23.786483764648438,296.1327209472656,2022-06-14,2.9800000190734863,6.25,2022-06-13,0.480053573846817,1.0,"{""type"":""Point"",""coordinates"":[76.854722,9.768333]}"
226,10,0.6488549709320068,36.383209228515625,2023-04-20,475.9687194824219,1,5.0,11.890000343322754,2023-04-20,2023-04-19,24.847942352294922,299.8638000488281,2023-04-21,3.1599998474121094,4.166666507720947,2023-04-20,0.37671661376953125,1.0,"{""type"":""Point"",""coordinates"":[76.855,9.767222000000002]}"
227,10,0.22093793749809265,245.6566162109375,2022-12-01,195.1133270263672,1,104.0,66.55999755859375,2022-12-01,2022-11-30,21.866649627685547,296.125244140625,2022-12-02,0.527999997138977,0.0,2022-12-01,0.43890252709388733,104.0,"{""type"":""Point"",""coordinates"":[76.861242,9.769485]}"
228,10,0.0913499966263771,243.50616455078125,2019-08-07,175.7175750732422,1,128.0,8289.279296875,2019-08-07,2019-08-06,34.22877883911133,295.315673828125,2019-08-08,84.06999969482422,66.66666412353516,2019-08-07,0.49569955468177795,128.0,"{""type"":""Point"",""coordinates"":[76.856547,9.777421000000002]}"
229,10,0.43386441469192505,230.7281494140625,2023-10-31,451.0640869140625,1,7.0,115.98999786376953,2023-10-31,2023-10-30,21.57102394104004,295.8992614746094,2023-11-01,14.710000038146973,16.66666603088379,2023-10-31,0.4701143801212311,7.0,"{""type"":""Point"",""coordinates"":[76.875962,9.813493]}"
230,10,0.33773407340049744,236.92828369140625,2021-04-13,463.1693420410156,1,22.0,143.14999389648438,2021-04-13,2021-04-12,30.877716064453125,297.8705139160156,2021-04-14,11.6899995803833,16.66666603088379,2021-04-13,0.4419269561767578,7.0,"{""type"":""Point"",""coordinates"":[76.876351,9.813075000000001]}"
231,10,0.7115189433097839,246.06761169433594,2023-04-20,625.9822998046875,1,22.0,24.509998321533203,2023-04-20,2023-04-19,31.223527908325195,299.8638000488281,2023-04-21,2.069999933242798,2.0833332538604736,2023-04-20,0.37671661376953125,19.0,"{""type"":""Point"",""coordinates"":[76.88,9.81]}"
232,10,0.08259417116641998,276.808349609375,2022-09-27,453.5312194824219,1,17.0,10.199999809265137,2022-09-27,2022-09-26,15.37977123260498,296.5570068359375,2022-09-28,0.14999999105930328,0.0,2022-09-27,0.41503462195396423,17.0,"{""type"":""Point"",""coordinates"":[76.881357,9.766509000000003]}"
233,10,0.2877674400806427,236.3395538330078,2021-12-26,472.8758544921875,1,17.0,0.0,2021-12-26,2021-12-25,32.64750289916992,295.4757995605469,2021-12-27,0.0,0.0,2021-12-26,0.3914521634578705,4.0,"{""type"":""Point"",""coordinates"":[76.880724,9.767408]}"
234,10,0.8078951239585876,266.37786865234375,2019-02-10,495.50787353515625,1,17.0,261.2900085449219,2019-02-10,2019-02-09,12.033249855041504,297.49237060546875,2019-02-11,20.279998779296875,16.66666603088379,2019-02-10,0.3937511444091797,17.0,"{""type"":""Point"",""coordinates"":[76.882632,9.763586]}"
235,10,0.1142016127705574,52.47584533691406,2021-04-29,823.598876953125,1,3.0,17.790000915527344,2021-04-29,2021-04-28,29.20682144165039,297.9847106933594,2021-04-30,14.809999465942383,16.66666603088379,2021-04-29,0.468914657831192,3.0,"{""type"":""Point"",""coordinates"":[76.888502,9.751969000000003]}"
236,10,0.0724106878042221,281.95257568359375,2022-05-22,646.1591186523438,1,11.0,24.759998321533203,2022-05-22,2022-05-21,25.557849884033203,296.33935546875,2022-05-23,15.220000267028809,14.583333015441895,2022-05-22,0.5092900395393372,2.0,"{""type"":""Point"",""coordinates"":[76.887115,9.758115000000002]}"
237,10,0.2620125412940979,217.06117248535156,2022-10-24,622.8345947265625,1,11.0,44.98999786376953,2022-10-24,2022-10-23,30.662439346313477,296.01885986328125,2022-10-25,0.03999999910593033,0.0,2022-10-24,0.4713509976863861,11.0,"{""type"":""Point"",""coordinates"":[76.88687500000002,9.762402]}"
238,10,0.01208220049738884,167.5879669189453,2022-06-06,450.6819763183594,1,9.0,23.779998779296875,2022-06-06,2022-06-05,27.576642990112305,297.1973571777344,2022-06-07,20.31999969482422,37.5,2022-06-06,0.4708341062068939,1.0,"{""type"":""Point"",""coordinates"":[76.862778,9.753889]}"
239,10,0.5208770632743835,131.03053283691406,2023-05-10,449.9202880859375,1,9.0,31.10999870300293,2023-05-10,2023-05-09,34.11650466918945,297.0711975097656,2023-05-11,0.0,0.0,2023-05-10,0.4710909426212311,1.0,"{""type"":""Point"",""coordinates"":[76.863333,9.754167]}"
240,10,0.05617503076791763,93.9948959350586,2020-07-21,483.1658935546875,1,79.0,44.290000915527344,2020-07-21,2020-07-20,23.137130737304688,296.4208984375,2020-07-22,7.909999847412109,12.5,2020-07-21,0.47165870666503906,1.0,"{""type"":""Point"",""coordinates"":[76.86630000000001,9.750499999999999]}"
241,10,0.33348479866981506,118.58256530761719,2021-01-03,460.38507080078125,1,4.0,3.119999885559082,2021-01-03,2021-01-02,26.451906204223633,295.72662353515625,2021-01-04,0.0,0.0,2021-01-03,0.4389241635799408,4.0,"{""type"":""Point"",""coordinates"":[76.865103,9.749142000000003]}"
242,10,0.46999046206474304,17.57863998413086,2022-12-02,465.1573791503906,1,4.0,2.111999988555908,2022-12-02,2022-12-01,27.263551712036133,296.1563415527344,2022-12-03,2.119999885559082,4.166666507720947,2022-12-02,0.46109136939048767,4.0,"{""type"":""Point"",""coordinates"":[76.865615,9.747819]}"
243,10,0.5020997524261475,2.6302196979522705,2019-05-02,650.0286865234375,1,55.0,4.156000137329102,2019-05-02,2019-05-01,38.673362731933594,297.66888427734375,2019-05-03,0.0,0.0,2019-05-02,0.49075379967689514,2.0,"{""type"":""Point"",""coordinates"":[76.8724,9.740900000000002]}"
244,10,0.6030645966529846,2.6302196979522705,2023-05-11,650.0286865234375,1,55.0,0.0,2023-05-11,2023-05-10,38.673362731933594,297.685546875,2023-05-12,1.0499999523162842,2.0833332538604736,2023-05-11,0.46681341528892517,2.0,"{""type"":""Point"",""coordinates"":[76.87242,9.74092]}"
245,10,0.6104980707168579,68.36872863769531,2019-04-16,548.2535400390625,1,55.0,0.0,2019-04-16,2019-04-15,17.34144401550293,299.90478515625,2019-04-17,5.730000019073486,8.333333015441895,2019-04-16,0.3539581298828125,55.0,"{""type"":""Point"",""coordinates"":[76.871481,9.742407999999998]}"
246,30,0.5203890800476074,21.484907150268555,2020-11-28,502.47552490234375,1,9.0,0.0,2020-11-28,2020-11-27,30.698841094970703,295.8511962890625,2020-11-29,10.710000038146973,6.25,2020-11-28,0.4460792541503906,9.0,"{""type"":""Point"",""coordinates"":[76.867778,9.746111]}"
247,10,0.7678195834159851,52.5395393371582,2019-04-17,525.5287475585938,1,55.0,315.1499938964844,2019-04-17,2019-04-16,18.283906936645508,299.8104248046875,2019-04-18,9.6899995803833,20.83333396911621,2019-04-17,0.3685111999511719,55.0,"{""type"":""Point"",""coordinates"":[76.871225,9.743928999999998]}"
248,10,0.055499859154224396,15.49809741973877,2023-08-09,673.7678833007812,1,51.0,185.12998962402344,2023-08-09,2023-08-08,37.890071868896484,296.1150207519531,2023-08-10,23.15999984741211,8.333333015441895,2023-08-09,0.444232314825058,51.0,"{""type"":""Point"",""coordinates"":[76.8754,9.7386]}"
249,10,-0.025205830112099648,15.49809741973877,2022-08-16,673.7678833007812,1,51.0,55.59000015258789,2022-08-16,2022-08-15,37.890071868896484,296.8658447265625,2022-08-17,5.420000076293945,10.416666984558105,2022-08-16,0.43148866295814514,51.0,"{""type"":""Point"",""coordinates"":[76.87547,9.738670000000003]}"
250,10,0.17128126323223114,79.51618957519531,2020-11-01,859.2894287109375,1,4.0,0.0,2020-11-01,2020-10-31,28.696998596191406,296.49603271484375,2020-11-02,2.9700000286102295,4.166666507720947,2020-11-01,0.4877847135066986,4.0,"{""type"":""Point"",""coordinates"":[76.92976700000001,9.840509000000004]}"
251,10,0.5699887871742249,79.51618957519531,2022-03-05,859.2894287109375,1,4.0,0.0,2022-03-05,2022-03-04,28.696998596191406,298.5992736816406,2022-03-06,0.0,0.0,2022-03-05,0.29199790954589844,4.0,"{""type"":""Point"",""coordinates"":[76.92976700000001,9.840509000000004]}"
252,10,-0.021499469876289368,138.29640197753906,2022-07-18,809.6414794921875,1,5.0,6.989999771118164,2022-07-18,2022-07-17,13.810894012451172,295.5171203613281,2022-07-19,16.43000030517578,18.75,2022-07-18,0.48387399315834045,1.0,"{""type"":""Point"",""coordinates"":[76.93383,9.846452]}"
253,10,0.23197035491466522,138.29640197753906,2020-01-05,809.6414794921875,1,5.0,0.0,2020-01-05,2020-01-04,13.810894012451172,297.73284912109375,2020-01-06,0.0,0.0,2020-01-05,0.39129510521888733,1.0,"{""type"":""Point"",""coordinates"":[76.93383,9.846452]}"
254,10,0.654159665107727,261.7660827636719,2019-02-27,797.3434448242188,1,1.0,0.0,2019-02-27,2019-02-26,22.921234130859375,298.7541809082031,2019-02-28,0.14999999105930328,0.0,2019-02-27,0.29079118371009827,1.0,"{""type"":""Point"",""coordinates"":[76.936032,9.84898]}"
255,10,-0.003528809640556574,261.7660827636719,2021-11-20,797.3434448242188,1,1.0,20.85999870300293,2021-11-20,2021-11-19,22.921234130859375,295.08929443359375,2021-11-21,1.6200000047683716,4.166666507720947,2021-11-20,0.4919166564941406,1.0,"{""type"":""Point"",""coordinates"":[76.936032,9.84898]}"
256,10,0.21770843863487244,233.1256866455078,2019-04-02,823.7507934570312,1,3.0,0.33000001311302185,2019-04-02,2019-04-01,30.12123680114746,300.835205078125,2019-04-03,0.0,0.0,2019-04-02,0.30982208251953125,3.0,"{""type"":""Point"",""coordinates"":[76.936078,9.850571]}"
257,10,-0.002500744303688407,233.1256866455078,2023-08-15,823.7507934570312,1,3.0,9.420000076293945,2023-08-15,2023-08-14,30.12123680114746,296.80645751953125,2023-08-16,0.14000000059604645,0.0,2023-08-15,0.46614202857017517,3.0,"{""type"":""Point"",""coordinates"":[76.936078,9.850571]}"
258,10,0.10011924058198929,195.85855102539062,2020-04-26,814.0850219726562,1,1.0,0.23999999463558197,2020-04-26,2020-04-25,23.18098258972168,299.5534362792969,2020-04-27,17.979999542236328,18.75,2020-04-26,0.4276377260684967,1.0,"{""type"":""Point"",""coordinates"":[76.945411,9.853401000000003]}"
259,10,0.22017332911491394,195.85855102539062,2021-04-05,814.0850219726562,1,1.0,1.9199999570846558,2021-04-05,2021-04-04,23.18098258972168,299.01922607421875,2021-04-06,0.4300000071525574,0.0,2021-04-05,0.37186112999916077,1.0,"{""type"":""Point"",""coordinates"":[76.945411,9.853401000000003]}"
260,10,0.09976083785295486,67.08607482910156,2022-10-09,812.582275390625,1,1.0,3.8399999141693115,2022-10-09,2022-10-08,20.242809295654297,296.5714111328125,2022-10-10,5.019999980926514,8.333333015441895,2022-10-09,0.4501616060733795,1.0,"{""type"":""Point"",""coordinates"":[76.944836,9.851785999999999]}"
261,10,0.051273711025714874,67.08607482910156,2021-08-14,812.582275390625,1,1.0,21.729999542236328,2021-08-14,2021-08-13,20.242809295654297,295.4962158203125,2021-08-15,18.56999969482422,22.91666603088379,2021-08-14,0.48051008582115173,1.0,"{""type"":""Point"",""coordinates"":[76.944836,9.851785999999999]}"
262,10,0.046363137662410736,63.373863220214844,2022-08-22,815.715087890625,1,1.0,13.59999942779541,2022-08-22,2022-08-21,25.4626407623291,296.3335876464844,2022-08-23,71.83000183105469,70.83333587646484,2022-08-22,0.46717071533203125,1.0,"{""type"":""Point"",""coordinates"":[76.94523200000002,9.85097]}"
263,10,0.328364759683609,63.373863220214844,2023-12-22,815.715087890625,1,1.0,0.4699999988079071,2023-12-22,2023-12-21,25.4626407623291,297.2657165527344,2023-12-23,0.1599999964237213,0.0,2023-12-22,0.47842535376548767,1.0,"{""type"":""Point"",""coordinates"":[76.94523200000002,9.85097]}"
264,10,0.18592341244220734,325.66644287109375,2019-07-15,840.8314819335938,1,1.0,10.75,2019-07-15,2019-07-14,8.402885437011719,296.3887939453125,2019-07-16,0.0,0.0,2019-07-15,0.4959392547607422,1.0,"{""type"":""Point"",""coordinates"":[76.944208,9.848743]}"
265,10,0.03981047496199608,325.66644287109375,2019-09-01,840.8314819335938,1,1.0,3.669999837875366,2019-09-01,2019-08-31,8.402885437011719,295.05560302734375,2019-09-02,25.25899887084961,16.66666603088379,2019-09-01,0.504767119884491,1.0,"{""type"":""Point"",""coordinates"":[76.944208,9.848743]}"
266,50,0.21051336824893951,57.21712875366211,2020-12-08,857.8226928710938,1,1.0,8.59000015258789,2020-12-08,2020-12-07,20.6431941986084,296.6295166015625,2020-12-09,2.2100000381469727,6.25,2020-12-08,0.4891103208065033,1.0,"{""type"":""Point"",""coordinates"":[76.939204,9.850453]}"
267,50,0.043915119022130966,57.21712875366211,2019-06-27,857.8226928710938,1,1.0,4.449999809265137,2019-06-27,2019-06-26,20.6431941986084,296.99591064453125,2019-06-28,0.0,0.0,2019-06-27,0.48945045471191406,1.0,"{""type"":""Point"",""coordinates"":[76.939204,9.850453]}"
268,10,0.11254661530256271,208.5592498779297,2020-06-27,841.3760375976562,1,2.0,2.2200000286102295,2020-06-27,2020-06-26,10.44715690612793,296.0760498046875,2020-06-28,54.54999923706055,27.08333396911621,2020-06-27,0.47088494896888733,1.0,"{""type"":""Point"",""coordinates"":[76.938568,9.846082]}"
269,10,0.03969571366906166,208.5592498779297,2021-11-14,841.3760375976562,1,2.0,8.65999984741211,2021-11-14,2021-11-13,10.44715690612793,295.1529235839844,2021-11-15,25.760000228881836,37.5,2021-11-14,0.48615774512290955,1.0,"{""type"":""Point"",""coordinates"":[76.938568,9.846082]}"
270,10,0.33726200461387634,55.38582992553711,2021-12-31,873.7422485351562,1,1.0,0.0,2021-12-31,2021-12-30,15.793937683105469,296.6577453613281,2022-01-01,0.0,0.0,2021-12-31,0.3439006805419922,1.0,"{""type"":""Point"",""coordinates"":[76.94079,9.847279999999998]}"
271,10,0.12667512893676758,55.38582992553711,2022-06-25,873.7422485351562,1,1.0,11.929999351501465,2022-06-25,2022-06-24,15.793937683105469,296.1390075683594,2022-06-26,11.049999237060547,18.75,2022-06-25,0.46359506249427795,1.0,"{""type"":""Point"",""coordinates"":[76.94079,9.847279999999998]}"
272,10,0.27137744426727295,49.020355224609375,2022-05-01,848.9876098632812,1,1.0,0.0,2022-05-01,2022-04-30,15.559659957885742,298.4364318847656,2022-05-02,0.3190000057220459,0.0,2022-05-01,0.47388777136802673,1.0,"{""type"":""Point"",""coordinates"":[76.943246,9.844834]}"
273,10,0.004586376715451479,49.020355224609375,2019-08-16,848.9876098632812,1,1.0,1.7899999618530273,2019-08-16,2019-08-15,15.559659957885742,295.2149658203125,2019-08-17,27.049999237060547,25.0,2019-08-16,0.47234535217285156,1.0,"{""type"":""Point"",""coordinates"":[76.943246,9.844834]}"
274,10,0.09374315291643143,12.02419662475586,2023-08-06,598.6463012695312,1,1.0,0.0,2023-08-06,2023-08-05,19.03676414489746,295.563232421875,2023-08-07,0.5,0.0,2023-08-06,0.45586904883384705,1.0,"{""type"":""Point"",""coordinates"":[76.971874,9.852045000000002]}"
275,10,0.1925850212574005,12.02419662475586,2023-10-24,598.6463012695312,1,1.0,21.849998474121094,2023-10-24,2023-10-23,19.03676414489746,295.3607482910156,2023-10-25,56.5,39.58333206176758,2023-10-24,0.4813880920410156,1.0,"{""type"":""Point"",""coordinates"":[76.971874,9.852045000000002]}"
276,10,0.03063042275607586,62.568965911865234,2020-06-29,578.4990234375,1,1.0,24.669998168945312,2020-06-29,2020-06-28,27.460134506225586,295.2772521972656,2020-06-30,63.03999710083008,41.66666793823242,2020-06-29,0.46422576904296875,1.0,"{""type"":""Point"",""coordinates"":[76.969604,9.859677999999999]}"
277,10,0.21850453317165375,62.568965911865234,2023-04-15,578.4990234375,1,1.0,0.019999999552965164,2023-04-15,2023-04-14,27.460134506225586,299.6272277832031,2023-04-16,0.0,0.0,2023-04-15,0.33694711327552795,1.0,"{""type"":""Point"",""coordinates"":[76.969604,9.859677999999999]}"
278,60,0.37417638301849365,152.9641876220703,2023-01-25,591.9349975585938,1,6144.0,18.610000610351562,2023-01-25,2023-01-24,30.236913681030273,294.6810607910156,2023-01-26,0.0,0.0,2023-01-25,0.41912269592285156,1.0,"{""type"":""Point"",""coordinates"":[76.968641,9.858681]}"
279,60,0.0849778801202774,152.9641876220703,2023-08-20,591.9349975585938,1,6144.0,0.35999998450279236,2023-08-20,2023-08-19,30.236913681030273,295.20196533203125,2023-08-21,0.0,0.0,2023-08-20,0.46061834692955017,1.0,"{""type"":""Point"",""coordinates"":[76.968641,9.858681]}"
280,10,0.27726614475250244,74.59442138671875,2022-10-17,592.2654418945312,1,1.0,41.06999969482422,2022-10-17,2022-10-16,25.168466567993164,295.0289001464844,2022-10-18,91.93000030517578,54.16666793823242,2022-10-17,0.479602187871933,1.0,"{""type"":""Point"",""coordinates"":[76.969244,9.860503000000001]}"
281,10,0.09534525871276855,74.59442138671875,2019-05-17,592.2654418945312,1,1.0,1.709999918937683,2019-05-17,2019-05-16,25.168466567993164,297.2717590332031,2019-05-18,13.619999885559082,14.583333015441895,2019-05-17,0.46272721886634827,1.0,"{""type"":""Point"",""coordinates"":[76.969244,9.860503000000001]}"
282,10,0.18997912108898163,155.37147521972656,2021-01-28,641.8685302734375,1,2.0,0.0,2021-01-28,2021-01-27,20.93541717529297,293.72760009765625,2021-01-29,0.5600000023841858,0.0,2021-01-28,0.41640663146972656,2.0,"{""type"":""Point"",""coordinates"":[76.96612,9.860874]}"
283,10,0.5797429084777832,155.37147521972656,2022-02-14,641.8685302734375,1,2.0,1.8999998569488525,2022-02-14,2022-02-13,20.93541717529297,295.6381530761719,2022-02-15,0.0,0.0,2022-02-14,0.426898330450058,2.0,"{""type"":""Point"",""coordinates"":[76.96612,9.860874]}"
284,10,0.24806860089302063,52.455474853515625,2022-10-26,612.2977294921875,1,2.0,0.28999999165534973,2022-10-26,2022-10-25,27.91131019592285,295.1938171386719,2022-10-27,9.00999927520752,4.166666507720947,2022-10-26,0.4648609161376953,1.0,"{""type"":""Point"",""coordinates"":[76.962091,9.860952000000001]}"
285,10,0.19108353555202484,52.455474853515625,2021-09-25,612.2977294921875,1,2.0,47.71999740600586,2021-09-25,2021-09-24,27.91131019592285,295.98626708984375,2021-09-26,10.979999542236328,14.583333015441895,2021-09-25,0.4622650146484375,1.0,"{""type"":""Point"",""coordinates"":[76.962091,9.860952000000001]}"
286,10,0.3541228473186493,125.39195251464844,2022-02-02,606.457763671875,1,2.0,0.014000000432133675,2022-02-02,2022-02-01,35.87614059448242,297.8507080078125,2022-02-03,0.0,0.0,2022-02-02,0.2855415344238281,1.0,"{""type"":""Point"",""coordinates"":[76.962467,9.859746999999999]}"
287,10,0.09309476613998413,125.39195251464844,2019-11-09,606.457763671875,1,2.0,17.100000381469727,2019-11-09,2019-11-08,35.87614059448242,295.1409912109375,2019-11-10,44.70000076293945,37.5,2019-11-09,0.4639472961425781,1.0,"{""type"":""Point"",""coordinates"":[76.962467,9.859746999999999]}"
288,10,0.017346182838082314,116.8210220336914,2022-06-09,616.1532592773438,1,2.0,7.549999713897705,2022-06-09,2022-06-08,29.872882843017578,295.4366455078125,2022-06-10,1.1100000143051147,2.0833332538604736,2022-06-09,0.49414190649986267,1.0,"{""type"":""Point"",""coordinates"":[76.962541,9.860072]}"
289,10,0.28824588656425476,116.8210220336914,2023-04-01,616.1532592773438,1,2.0,0.0,2023-04-01,2023-03-31,29.872882843017578,298.3741149902344,2023-04-02,1.6729999780654907,0.0,2023-04-01,0.3648446500301361,1.0,"{""type"":""Point"",""coordinates"":[76.962541,9.860072]}"
290,10,0.4064931273460388,4.587353229522705,2020-02-25,573.2860717773438,1,11.0,0.0,2020-02-25,2020-02-24,24.599519729614258,298.66497802734375,2020-02-26,0.0,0.0,2020-02-25,0.2829246520996094,2.0,"{""type"":""Point"",""coordinates"":[76.964138,9.858769999999998]}"
291,10,0.11093251407146454,4.587353229522705,2023-08-09,573.2860717773438,1,11.0,14.219999313354492,2023-08-09,2023-08-08,24.599519729614258,295.2113952636719,2023-08-10,11.6899995803833,10.416666984558105,2023-08-09,0.46821847558021545,2.0,"{""type"":""Point"",""coordinates"":[76.964138,9.858769999999998]}"
292,10,0.4431036114692688,11.924959182739258,2023-02-05,569.5054931640625,1,11.0,0.8199999928474426,2023-02-05,2023-02-04,24.775232315063477,295.0786437988281,2023-02-06,2.809999942779541,6.25,2023-02-05,0.4575277864933014,2.0,"{""type"":""Point"",""coordinates"":[76.964611,9.858641]}"
293,10,0.028115201741456985,11.924959182739258,2020-06-17,569.5054931640625,1,11.0,13.799999237060547,2020-06-17,2020-06-16,24.775232315063477,296.14984130859375,2020-06-18,4.069999694824219,4.166666507720947,2020-06-17,0.49394798278808594,2.0,"{""type"":""Point"",""coordinates"":[76.964611,9.858641]}"
294,10,0.35944464802742004,192.5586700439453,2022-12-11,558.4093017578125,1,2.0,63.019996643066406,2022-12-11,2022-12-10,12.05698299407959,293.3904113769531,2022-12-12,15.6899995803833,16.66666603088379,2022-12-11,0.48509153723716736,2.0,"{""type"":""Point"",""coordinates"":[76.964916,9.859217999999998]}"
295,10,0.028570223599672318,192.5586700439453,2022-06-12,558.4093017578125,1,2.0,36.07999801635742,2022-06-12,2022-06-11,12.05698299407959,295.66961669921875,2022-06-13,0.9799999594688416,2.0833332538604736,2022-06-12,0.48399224877357483,2.0,"{""type"":""Point"",""coordinates"":[76.964916,9.859217999999998]}"
296,30,0.5413140058517456,224.0394287109375,2021-02-19,574.4591674804688,1,11.0,0.0,2021-02-19,2021-02-18,28.57066535949707,296.8863830566406,2021-02-20,0.0,0.0,2021-02-19,0.3028189241886139,11.0,"{""type"":""Point"",""coordinates"":[76.964303,9.857385999999998]}"
297,30,0.15288178622722626,224.0394287109375,2019-12-25,574.4591674804688,1,11.0,0.0,2019-12-25,2019-12-24,28.57066535949707,295.6324462890625,2019-12-26,0.22999998927116394,0.0,2019-12-25,0.4381777346134186,11.0,"{""type"":""Point"",""coordinates"":[76.964303,9.857385999999998]}"
298,50,0.004178128205239773,22.34739112854004,2022-06-12,562.4282836914062,1,11.0,198.4399871826172,2022-06-12,2022-06-11,25.51055908203125,295.66961669921875,2022-06-13,0.9799999594688416,2.0833332538604736,2022-06-12,0.48399224877357483,11.0,"{""type"":""Point"",""coordinates"":[76.96338700000001,9.856677000000001]}"
299,50,0.08497540652751923,22.34739112854004,2021-06-02,562.4282836914062,1,11.0,3.5420002937316895,2021-06-02,2021-06-01,25.51055908203125,295.7623596191406,2021-06-03,1.9799998998641968,0.0,2021-06-02,0.4879690706729889,11.0,"{""type"":""Point"",""coordinates"":[76.96338700000001,9.856677000000001]}"
300,50,0.35456934571266174,352.9388122558594,2023-01-29,589.6071166992188,1,11.0,0.0,2023-01-29,2023-01-28,25.785249710083008,294.5272521972656,2023-01-30,0.0,0.0,2023-01-29,0.36987176537513733,11.0,"{""type"":""Point"",""coordinates"":[76.962904,9.856635]}"
301,50,0.2566130757331848,352.9388122558594,2019-05-31,589.6071166992188,1,11.0,31.56999969482422,2019-05-31,2019-05-30,25.785249710083008,297.34552001953125,2019-06-01,1.0699999332427979,0.0,2019-05-31,0.477917343378067,11.0,"{""type"":""Point"",""coordinates"":[76.962904,9.856635]}"
302,10,0.09737906605005264,261.8625183105469,2021-05-13,569.400390625,1,11.0,63.31999969482422,2021-05-13,2021-05-12,11.770262718200684,296.9023132324219,2021-05-14,66.0199966430664,37.5,2021-05-13,0.4793459475040436,2.0,"{""type"":""Point"",""coordinates"":[76.963114,9.858306]}"
303,10,0.03289078548550606,261.8625183105469,2022-08-02,569.400390625,1,11.0,94.56800079345703,2022-08-02,2022-08-01,11.770262718200684,294.47088623046875,2022-08-03,29.44999885559082,27.08333396911621,2022-08-02,0.46819815039634705,2.0,"{""type"":""Point"",""coordinates"":[76.963114,9.858306]}"
304,10,0.0876108780503273,37.864315032958984,2020-10-13,664.6376953125,1,7.0,125.3699951171875,2020-10-13,2020-10-12,14.809748649597168,294.061279296875,2020-10-14,4.389999866485596,12.5,2020-10-13,0.4865455627441406,7.0,"{""type"":""Point"",""coordinates"":[76.960293,9.855891]}"
305,10,-0.006891818251460791,37.864315032958984,2021-12-06,664.6376953125,1,7.0,151.1999969482422,2021-12-06,2021-12-05,14.809748649597168,295.4781188964844,2021-12-07,7.21999979019165,8.333333015441895,2021-12-06,0.487499862909317,7.0,"{""type"":""Point"",""coordinates"":[76.960293,9.855891]}"
306,10,0.23667091131210327,104.54608917236328,2023-04-03,596.8541870117188,1,7.0,1.46999990940094,2023-04-03,2023-04-02,29.297042846679688,296.870361328125,2023-04-04,34.25,27.08333396911621,2023-04-03,0.42546018958091736,7.0,"{""type"":""Point"",""coordinates"":[76.960933,9.854676]}"
307,10,0.13030417263507843,104.54608917236328,2019-11-11,596.8541870117188,1,7.0,23.239999771118164,2019-11-11,2019-11-10,29.297042846679688,295.4129943847656,2019-11-12,3.379999876022339,6.25,2019-11-11,0.46999040246009827,7.0,"{""type"":""Point"",""coordinates"":[76.960933,9.854676]}"
308,10,0.19363060593605042,169.89959716796875,2019-06-18,609.3285522460938,1,7.0,7.739999771118164,2019-06-18,2019-06-17,21.054956436157227,296.6236572265625,2019-06-19,6.980000019073486,10.416666984558105,2019-06-18,0.4715677797794342,2.0,"{""type"":""Point"",""coordinates"":[76.95987200000002,9.854149000000001]}"
309,10,0.5625436305999756,169.89959716796875,2022-02-08,609.3285522460938,1,7.0,0.0,2022-02-08,2022-02-07,21.054956436157227,297.27288818359375,2022-02-09,0.019999999552965164,0.0,2022-02-08,0.2891031801700592,2.0,"{""type"":""Point"",""coordinates"":[76.95987200000002,9.854149000000001]}"
310,10,0.028073705732822418,15.526447296142578,2022-08-30,616.3211669921875,1,2.0,44.52000045776367,2022-08-30,2022-08-29,30.5592041015625,295.27923583984375,2022-08-31,118.55999755859375,54.16666793823242,2022-08-30,0.4647299349308014,2.0,"{""type"":""Point"",""coordinates"":[76.962158,9.852183]}"
311,10,0.24559742212295532,15.526447296142578,2022-01-01,616.3211669921875,1,2.0,0.0,2022-01-01,2021-12-31,30.5592041015625,295.89642333984375,2022-01-02,1.0269999504089355,2.0833332538604736,2022-01-01,0.3420022428035736,2.0,"{""type"":""Point"",""coordinates"":[76.962158,9.852183]}"
312,10,0.38828280568122864,288.74481201171875,2020-12-04,601.82958984375,1,11.0,139.3000030517578,2020-12-04,2020-12-03,23.75014877319336,293.7724304199219,2020-12-05,40.84000015258789,33.33333206176758,2020-12-04,0.4802837371826172,7.0,"{""type"":""Point"",""coordinates"":[76.962183,9.855012]}"
313,10,0.09904873371124268,288.74481201171875,2022-10-03,601.82958984375,1,11.0,67.97000122070312,2022-10-03,2022-10-02,23.75014877319336,294.8138732910156,2022-10-04,3.3999998569488525,6.25,2022-10-03,0.47662606835365295,7.0,"{""type"":""Point"",""coordinates"":[76.962183,9.855012]}"
314,10,0.11046790331602097,219.00462341308594,2023-11-18,590.1361083984375,1,6144.0,0.0,2023-11-18,2023-11-17,31.13036346435547,295.8497619628906,2023-11-19,0.6299999952316284,0.0,2023-11-18,0.4936332702636719,6144.0,"{""type"":""Point"",""coordinates"":[76.966613,9.854932]}"
315,10,0.12771548330783844,219.00462341308594,2019-04-11,590.1361083984375,1,6144.0,0.0,2019-04-11,2019-04-10,31.13036346435547,300.34124755859375,2019-04-12,0.0,0.0,2019-04-11,0.3280912935733795,6144.0,"{""type"":""Point"",""coordinates"":[76.966613,9.854932]}"
316,50,0.18776172399520874,242.031005859375,2021-09-03,573.93798828125,1,11.0,290.07000732421875,2021-09-03,2021-09-02,28.97157859802246,294.52001953125,2021-09-04,10.469999313354492,14.583333015441895,2021-09-03,0.49575933814048767,11.0,"{""type"":""Point"",""coordinates"":[76.96555300000001,9.855986999999999]}"
317,50,0.02268228307366371,242.031005859375,2020-06-13,573.93798828125,1,11.0,174.67999267578125,2020-06-13,2020-06-12,28.97157859802246,295.27984619140625,2020-06-14,9.449999809265137,6.25,2020-06-13,0.5003306269645691,11.0,"{""type"":""Point"",""coordinates"":[76.96555300000001,9.855986999999999]}"
318,10,0.4342051148414612,238.138916015625,2023-09-03,566.9609985351562,1,11.0,407.989990234375,2023-09-03,2023-09-02,23.399900436401367,295.65228271484375,2023-09-04,14.359999656677246,18.75,2023-09-03,0.4879366457462311,11.0,"{""type"":""Point"",""coordinates"":[76.965492,9.856484]}"
319,10,0.1879883110523224,238.138916015625,2022-05-04,566.9609985351562,1,11.0,216.9199981689453,2022-05-04,2022-05-03,23.399900436401367,297.52911376953125,2022-05-05,28.979999542236328,16.66666603088379,2022-05-04,0.47922834753990173,11.0,"{""type"":""Point"",""coordinates"":[76.965492,9.856484]}"
320,10,0.5903897285461426,214.0904083251953,2020-02-03,568.0299072265625,1,11.0,0.0,2020-02-03,2020-02-02,23.656654357910156,297.7037658691406,2020-02-04,0.0,0.0,2020-02-03,0.28369012475013733,11.0,"{""type"":""Point"",""coordinates"":[76.965038,9.856794000000002]}"
321,10,0.566731870174408,214.0904083251953,2019-01-15,568.0299072265625,1,11.0,0.0,2019-01-15,2019-01-14,23.656654357910156,295.1764221191406,2019-01-16,0.0,0.0,2019-01-15,0.31069818139076233,11.0,"{""type"":""Point"",""coordinates"":[76.965038,9.856794000000002]}"
322,10,0.053749971091747284,39.044654846191406,2019-09-22,583.8323364257812,1,6144.0,255.63999938964844,2019-09-22,2019-09-21,29.87352180480957,295.9941101074219,2019-09-23,17.939998626708984,25.0,2019-09-22,0.45903587341308594,11.0,"{""type"":""Point"",""coordinates"":[76.966152,9.857204000000001]}"
323,10,0.3594784438610077,39.044654846191406,2022-03-27,583.8323364257812,1,6144.0,7.260000228881836,2022-03-27,2022-03-26,29.87352180480957,297.6973876953125,2022-03-28,0.0,0.0,2022-03-27,0.38571611046791077,11.0,"{""type"":""Point"",""coordinates"":[76.966152,9.857204000000001]}"
324,10,0.017180686816573143,33.776912689208984,2021-08-10,608.5628051757812,1,6144.0,102113.2734375,2021-08-10,2021-08-09,24.476341247558594,295.2080993652344,2021-08-11,8.979999542236328,10.416666984558105,2021-08-10,0.49254417419433594,6144.0,"{""type"":""Point"",""coordinates"":[76.96775800000002,9.85592]}"
325,10,0.24605557322502136,33.776912689208984,2022-06-30,608.5628051757812,1,6144.0,0.0,2022-06-30,2022-06-29,24.476341247558594,294.548583984375,2022-07-01,37.189998626708984,43.75,2022-06-30,0.4731680452823639,6144.0,"{""type"":""Point"",""coordinates"":[76.96775800000002,9.85592]}"
326,10,0.10933485627174377,1.402670979499817,2022-07-05,589.7318725585938,1,6144.0,98795.515625,2022-07-05,2022-07-04,20.989643096923828,294.2855224609375,2022-07-06,20.43000030517578,29.16666603088379,2022-07-05,0.4822915494441986,6144.0,"{""type"":""Point"",""coordinates"":[76.968706,9.855887]}"
327,10,0.5259382128715515,1.402670979499817,2022-12-04,589.7318725585938,1,6144.0,100884.4765625,2022-12-04,2022-12-03,20.989643096923828,295.4960632324219,2022-12-05,4.589999675750732,6.25,2022-12-04,0.4820626676082611,6144.0,"{""type"":""Point"",""coordinates"":[76.968706,9.855887]}"
328,10,0.5225812792778015,95.53804016113281,2023-04-27,584.190673828125,1,6144.0,72806.3984375,2023-04-27,2023-04-26,27.486082077026367,297.64361572265625,2023-04-28,26.260000228881836,20.83333396911621,2023-04-27,0.4583161771297455,6144.0,"{""type"":""Point"",""coordinates"":[76.96903,9.855108]}"
329,10,0.7291788458824158,95.53804016113281,2021-02-23,584.190673828125,1,6144.0,368.6399841308594,2021-02-23,2021-02-22,27.486082077026367,296.830810546875,2021-02-24,0.0,0.0,2021-02-23,0.3165842592716217,6144.0,"{""type"":""Point"",""coordinates"":[76.96903,9.855108]}"
330,50,0.04016058146953583,223.48199462890625,2019-10-25,592.7772827148438,1,6144.0,189018.71875,2019-10-25,2019-10-24,26.298599243164062,294.20587158203125,2019-10-26,33.27000045776367,20.83333396911621,2019-10-25,0.4825763702392578,6131.0,"{""type"":""Point"",""coordinates"":[76.9681,9.8538]}"
331,10,0.2337089627981186,90.58206176757812,2023-04-16,759.792236328125,1,1.0,0.0,2023-04-16,2023-04-15,27.978378295898438,298.1747741699219,2023-04-17,0.0,0.0,2023-04-16,0.38078752160072327,1.0,"{""type"":""Point"",""coordinates"":[76.96507200000002,9.842521]}"
332,10,0.3748166859149933,90.58206176757812,2023-05-30,759.792236328125,1,1.0,11.089999198913574,2023-05-30,2023-05-29,27.978378295898438,296.7309875488281,2023-05-31,3.309999942779541,6.25,2023-05-30,0.4714546203613281,1.0,"{""type"":""Point"",""coordinates"":[76.96507200000002,9.842521]}"
333,10,0.21012786030769348,234.75074768066406,2019-11-27,658.0647583007812,1,2.0,0.0,2019-11-27,2019-11-26,4.727738857269287,295.7356262207031,2019-11-28,0.2800000011920929,0.0,2019-11-27,0.4540793001651764,2.0,"{""type"":""Point"",""coordinates"":[76.96103,9.849505000000002]}"
334,10,0.13222521543502808,234.75074768066406,2023-01-01,658.0647583007812,1,2.0,0.0,2023-01-01,2022-12-31,4.727738857269287,294.42279052734375,2023-01-02,0.017000000923871994,0.0,2023-01-01,0.3884468078613281,2.0,"{""type"":""Point"",""coordinates"":[76.96103,9.849505000000002]}"
335,10,0.45123639702796936,94.25582122802734,2023-05-02,659.451171875,1,2.0,34.663997650146484,2023-05-02,2023-05-01,25.39031982421875,296.6990661621094,2023-05-03,13.079999923706055,12.5,2023-05-02,0.4625307619571686,2.0,"{""type"":""Point"",""coordinates"":[76.96138,9.850162]}"
336,10,0.6395599246025085,94.25582122802734,2020-01-17,659.451171875,1,2.0,0.0,2020-01-17,2020-01-16,25.39031982421875,295.90289306640625,2020-01-18,0.0,0.0,2020-01-17,0.3063150942325592,2.0,"{""type"":""Point"",""coordinates"":[76.96138,9.850162]}"
337,10,0.30198606848716736,146.91412353515625,2021-06-07,672.8247680664062,1,2.0,0.0,2021-06-07,2021-06-06,24.816057205200195,294.8606262207031,2021-06-08,0.0,0.0,2021-06-07,0.4709860384464264,2.0,"{""type"":""Point"",""coordinates"":[76.960355,9.8494]}"
338,10,0.11801242083311081,146.91412353515625,2023-11-16,672.8247680664062,1,2.0,21.079999923706055,2023-11-16,2023-11-15,24.816057205200195,295.0498352050781,2023-11-17,15.300000190734863,18.75,2023-11-16,0.47900137305259705,2.0,"{""type"":""Point"",""coordinates"":[76.960355,9.8494]}"
339,10,0.29563137888908386,30.49894142150879,2022-04-10,715.4743041992188,1,2.0,98.22000122070312,2022-04-10,2022-04-09,25.26347541809082,296.45660400390625,2022-04-11,3.169999837875366,4.166666507720947,2022-04-10,0.4645169675350189,2.0,"{""type"":""Point"",""coordinates"":[76.959391,9.85143]}"
340,10,0.7080696821212769,30.49894142150879,2023-03-05,715.4743041992188,1,2.0,0.0,2023-03-05,2023-03-04,25.26347541809082,297.6006774902344,2023-03-06,0.0,0.0,2023-03-05,0.290142685174942,2.0,"{""type"":""Point"",""coordinates"":[76.959391,9.85143]}"
341,10,0.690173864364624,178.5985107421875,2022-02-14,808.9097290039062,1,1.0,0.9499999284744263,2022-02-14,2022-02-13,25.69808006286621,295.0473327636719,2022-02-15,0.0,0.0,2022-02-14,0.42520079016685486,1.0,"{""type"":""Point"",""coordinates"":[76.954074,9.847799999999998]}"
342,10,-0.015873895958065987,178.5985107421875,2022-06-04,808.9097290039062,1,1.0,7.559999942779541,2022-06-04,2022-06-03,25.69808006286621,295.3283996582031,2022-06-05,0.0,0.0,2022-06-04,0.4819997251033783,1.0,"{""type"":""Point"",""coordinates"":[76.954074,9.847799999999998]}"
343,10,0.5603011250495911,261.8345642089844,2022-03-07,826.2481689453125,1,1.0,0.0,2022-03-07,2022-03-06,20.572242736816406,297.5115661621094,2022-03-08,0.0,0.0,2022-03-07,0.2858072817325592,1.0,"{""type"":""Point"",""coordinates"":[76.952419,9.848542]}"
344,10,0.09140583872795105,261.8345642089844,2022-08-20,826.2481689453125,1,1.0,2.2799999713897705,2022-08-20,2022-08-19,20.572242736816406,294.923583984375,2022-08-21,0.0,0.0,2022-08-20,0.47172293066978455,1.0,"{""type"":""Point"",""coordinates"":[76.952419,9.848542]}"
345,10,0.04475393891334534,254.47425842285156,2020-10-08,838.6261596679688,1,1.0,10.130000114440918,2020-10-08,2020-10-07,32.04179000854492,296.6271057128906,2020-10-09,69.61000061035156,31.25,2020-10-08,0.46951547265052795,1.0,"{""type"":""Point"",""coordinates"":[76.949474,9.851416]}"
346,10,0.10361126065254211,254.47425842285156,2019-11-13,838.6261596679688,1,1.0,0.6899999976158142,2019-11-13,2019-11-12,32.04179000854492,296.742919921875,2019-11-14,0.8199999928474426,0.0,2019-11-13,0.4772256314754486,1.0,"{""type"":""Point"",""coordinates"":[76.949474,9.851416]}"
347,10,0.07043076306581497,21.04950523376465,2022-09-23,634.1771850585938,1,7.0,0.0,2022-09-23,2022-09-22,18.355688095092773,295.09716796875,2022-09-24,0.0,0.0,2022-09-23,0.4360421597957611,4.0,"{""type"":""Point"",""coordinates"":[76.958114,9.854267]}"
348,10,0.0182501170784235,21.04950523376465,2021-12-08,634.1771850585938,1,7.0,13.319999694824219,2021-12-08,2021-12-07,18.355688095092773,295.5738220214844,2021-12-09,7.360000133514404,6.25,2021-12-08,0.47288450598716736,4.0,"{""type"":""Point"",""coordinates"":[76.958114,9.854267]}"
349,10,0.5369144678115845,39.47097396850586,2020-03-14,629.995361328125,1,7.0,0.0,2020-03-14,2020-03-13,25.536130905151367,299.11920166015625,2020-03-15,0.0,0.0,2020-03-14,0.387713760137558,2.0,"{""type"":""Point"",""coordinates"":[76.958668,9.853965999999998]}"
350,10,0.6334807276725769,39.47097396850586,2019-02-18,629.995361328125,1,7.0,0.0,2019-02-18,2019-02-17,25.536130905151367,297.52764892578125,2019-02-19,0.0,0.0,2019-02-18,0.3191610872745514,2.0,"{""type"":""Point"",""coordinates"":[76.958668,9.853965999999998]}"
351,10,0.1748616248369217,30.42206382751465,2020-05-20,625.7180786132812,1,7.0,56.89999771118164,2020-05-20,2020-05-19,23.215721130371094,296.21234130859375,2020-05-21,1.96999990940094,4.166666507720947,2020-05-20,0.47951188683509827,2.0,"{""type"":""Point"",""coordinates"":[76.959077,9.853882]}"
352,10,0.23951861262321472,30.42206382751465,2021-07-01,625.7180786132812,1,7.0,6.659999847412109,2021-07-01,2021-06-30,23.215721130371094,296.4032287597656,2021-07-02,12.821000099182129,14.583333015441895,2021-07-01,0.45997491478919983,2.0,"{""type"":""Point"",""coordinates"":[76.959077,9.853882]}"
353,10,0.3427078127861023,205.56436157226562,2023-08-31,617.5626220703125,1,7.0,268.5899963378906,2023-08-31,2023-08-30,11.736474990844727,295.72552490234375,2023-09-01,26.850000381469727,18.75,2023-08-31,0.4545656740665436,7.0,"{""type"":""Point"",""coordinates"":[76.959153,9.854288]}"
354,10,0.4098537266254425,205.56436157226562,2022-12-10,617.5626220703125,1,7.0,110.31999969482422,2022-12-10,2022-12-09,11.736474990844727,292.8177185058594,2022-12-11,31.509998321533203,20.83333396911621,2022-12-10,0.4827963411808014,7.0,"{""type"":""Point"",""coordinates"":[76.959153,9.854288]}"
355,10,0.42391979694366455,83.6426773071289,2019-04-28,654.9935302734375,1,3.0,0.38999998569488525,2019-04-28,2019-04-27,31.143653869628906,299.29803466796875,2019-04-29,0.10999999940395355,0.0,2019-04-28,0.4312960207462311,3.0,"{""type"":""Point"",""coordinates"":[76.954255,9.859967]}"
356,10,0.09199460595846176,83.6426773071289,2021-08-27,654.9935302734375,1,3.0,156.08999633789062,2021-08-27,2021-08-26,31.143653869628906,295.2241516113281,2021-08-28,54.73999786376953,52.08333206176758,2021-08-27,0.48973211646080017,3.0,"{""type"":""Point"",""coordinates"":[76.954255,9.859967]}"
357,10,0.22257758677005768,19.355878829956055,2020-09-09,706.6968994140625,1,3.0,60.659996032714844,2020-09-09,2020-09-08,29.767728805541992,295.0718994140625,2020-09-10,11.949999809265137,14.583333015441895,2020-09-09,0.4888947904109955,3.0,"{""type"":""Point"",""coordinates"":[76.951665,9.864428999999998]}"
358,10,0.1493600308895111,19.355878829956055,2021-07-09,706.6968994140625,1,3.0,198.47999572753906,2021-07-09,2021-07-08,29.767728805541992,296.3249816894531,2021-07-10,53.80999755859375,50.0,2021-07-09,0.47521844506263733,3.0,"{""type"":""Point"",""coordinates"":[76.951665,9.864428999999998]}"
359,10,0.09122370183467865,335.91168212890625,2019-07-04,658.2717895507812,1,3.0,2.5199999809265137,2019-07-04,2019-07-03,24.27018165588379,295.4985046386719,2019-07-05,3.419999837875366,6.25,2019-07-04,0.504479706287384,2.0,"{""type"":""Point"",""coordinates"":[76.953318,9.861798]}"
360,10,0.37285909056663513,335.91168212890625,2023-06-17,658.2717895507812,1,3.0,0.0,2023-06-17,2023-06-16,24.27018165588379,296.30718994140625,2023-06-18,0.5299999713897705,0.0,2023-06-17,0.47128233313560486,2.0,"{""type"":""Point"",""coordinates"":[76.953318,9.861798]}"
361,10,0.019978055730462074,156.19593811035156,2019-09-08,690.4024658203125,1,2.0,0.0,2019-09-08,2019-09-07,23.712024688720703,294.8597412109375,2019-09-09,0.019999999552965164,0.0,2019-09-08,0.49812254309654236,2.0,"{""type"":""Point"",""coordinates"":[76.952998,9.858636]}"
362,10,0.08021540194749832,156.19593811035156,2023-07-14,690.4024658203125,1,2.0,15.460000038146973,2023-07-14,2023-07-13,23.712024688720703,294.60028076171875,2023-07-15,5.099999904632568,10.416666984558105,2023-07-14,0.5064494013786316,2.0,"{""type"":""Point"",""coordinates"":[76.952998,9.858636]}"
363,10,0.20953504741191864,134.63076782226562,2020-05-16,684.8578491210938,1,2.0,19.3799991607666,2020-05-16,2020-05-15,19.07383155822754,297.5287780761719,2020-05-17,1.4800000190734863,2.0833332538604736,2020-05-16,0.4598884582519531,2.0,"{""type"":""Point"",""coordinates"":[76.952642,9.858502]}"
364,10,0.04877941682934761,134.63076782226562,2019-09-24,684.8578491210938,1,2.0,132.13999938964844,2019-09-24,2019-09-23,19.07383155822754,295.35687255859375,2019-09-25,20.239999771118164,22.91666603088379,2019-09-24,0.46933236718177795,2.0,"{""type"":""Point"",""coordinates"":[76.952642,9.858502]}"
365,10,0.3712467849254608,139.14451599121094,2022-04-05,694.6417236328125,1,2.0,0.0,2022-04-05,2022-04-04,22.578651428222656,298.3736572265625,2022-04-06,0.0,0.0,2022-04-05,0.3781503140926361,2.0,"{""type"":""Point"",""coordinates"":[76.952313,9.858459]}"
366,10,0.7568203806877136,139.14451599121094,2019-01-22,694.6417236328125,1,2.0,0.07999999821186066,2019-01-22,2019-01-21,22.578651428222656,294.6128845214844,2019-01-23,0.0,0.0,2019-01-22,0.2920856475830078,2.0,"{""type"":""Point"",""coordinates"":[76.952313,9.858459]}"
367,10,0.7924959063529968,60.55802536010742,2022-02-14,680.7512817382812,1,2.0,1.8999998569488525,2022-02-14,2022-02-13,16.252851486206055,295.6381530761719,2022-02-15,0.0,0.0,2022-02-14,0.426898330450058,2.0,"{""type"":""Point"",""coordinates"":[76.951718,9.861039000000002]}"
368,10,0.0680132582783699,60.55802536010742,2019-10-30,680.7512817382812,1,2.0,33.0,2019-10-30,2019-10-29,16.252851486206055,295.0568542480469,2019-10-31,69.22999572753906,47.91666793823242,2019-10-30,0.48296165466308594,2.0,"{""type"":""Point"",""coordinates"":[76.951718,9.861039000000002]}"
369,10,0.3466542959213257,29.458280563354492,2022-01-12,753.2396850585938,1,5.0,0.0,2022-01-12,2022-01-11,24.49578094482422,297.7638244628906,2022-01-13,0.0,0.0,2022-01-12,0.31587982177734375,5.0,"{""type"":""Point"",""coordinates"":[76.948292,9.862858]}"
370,10,0.08903767913579941,29.458280563354492,2020-06-25,753.2396850585938,1,5.0,218.39999389648438,2020-06-25,2020-06-24,24.49578094482422,296.7245788574219,2020-06-26,18.369998931884766,16.66666603088379,2020-06-25,0.4738686978816986,5.0,"{""type"":""Point"",""coordinates"":[76.948292,9.862858]}"
371,10,0.46079012751579285,78.47158813476562,2020-05-10,614.236083984375,1,6.0,25.860000610351562,2020-05-10,2020-05-09,7.695590972900391,298.9877624511719,2020-05-11,34.93000030517578,33.33333206176758,2020-05-10,0.4249483644962311,6.0,"{""type"":""Point"",""coordinates"":[76.95024,9.868540999999999]}"
372,10,0.44923925399780273,78.47158813476562,2020-03-08,614.236083984375,1,6.0,0.0,2020-03-08,2020-03-07,7.695590972900391,297.52203369140625,2020-03-09,0.0,0.0,2020-03-08,0.4016806185245514,6.0,"{""type"":""Point"",""coordinates"":[76.95024,9.868540999999999]}"
373,10,0.22257819771766663,218.46189880371094,2023-12-09,640.2435913085938,1,6.0,23.639999389648438,2023-12-09,2023-12-08,18.89041519165039,296.39520263671875,2023-12-10,0.19999998807907104,0.0,2023-12-09,0.4466991424560547,6.0,"{""type"":""Point"",""coordinates"":[76.953272,9.869572]}"
374,10,0.2201133370399475,218.46189880371094,2023-10-11,640.2435913085938,1,6.0,76.37999725341797,2023-10-11,2023-10-10,18.89041519165039,295.6981506347656,2023-10-12,20.31999969482422,16.66666603088379,2023-10-11,0.4697704315185547,6.0,"{""type"":""Point"",""coordinates"":[76.953272,9.869572]}"
375,10,0.08006095886230469,244.77664184570312,2020-08-25,618.7310180664062,1,6.0,108.7199935913086,2020-08-25,2020-08-24,8.056367874145508,295.58740234375,2020-08-26,7.119999885559082,10.416666984558105,2020-08-25,0.4577198028564453,6.0,"{""type"":""Point"",""coordinates"":[76.953002,9.868634]}"
376,10,0.2119412124156952,244.77664184570312,2022-04-23,618.7310180664062,1,6.0,82.43999481201172,2022-04-23,2022-04-22,8.056367874145508,297.71307373046875,2022-04-24,11.639999389648438,18.75,2022-04-23,0.46506309509277344,6.0,"{""type"":""Point"",""coordinates"":[76.953002,9.868634]}"
377,10,0.13993825018405914,17.441600799560547,2021-01-21,671.7520141601562,1,3.0,0.0,2021-01-21,2021-01-20,22.458633422851562,294.8135070800781,2021-01-22,0.0,0.0,2021-01-21,0.44680342078208923,3.0,"{""type"":""Point"",""coordinates"":[76.951604,9.864936]}"
378,10,0.5809152722358704,17.441600799560547,2019-03-04,671.7520141601562,1,3.0,0.0,2019-03-04,2019-03-03,22.458633422851562,298.5513916015625,2019-03-05,0.009999999776482582,0.0,2019-03-04,0.31001853942871094,3.0,"{""type"":""Point"",""coordinates"":[76.951604,9.864936]}"
379,10,0.767096996307373,350.9857177734375,2022-03-05,657.9915771484375,1,3.0,0.0,2022-03-05,2022-03-04,34.62174987792969,297.8070373535156,2022-03-06,0.0,0.0,2022-03-05,0.28854498267173767,3.0,"{""type"":""Point"",""coordinates"":[76.952483,9.8655]}"
380,10,0.3940696120262146,350.9857177734375,2020-05-10,657.9915771484375,1,3.0,12.930000305175781,2020-05-10,2020-05-09,34.62174987792969,298.9877624511719,2020-05-11,34.93000030517578,33.33333206176758,2020-05-10,0.4249483644962311,3.0,"{""type"":""Point"",""coordinates"":[76.952483,9.8655]}"
381,10,0.13557802140712738,350.9368896484375,2022-09-10,640.835693359375,1,3.0,2.549999952316284,2022-09-10,2022-09-09,30.15712547302246,294.52239990234375,2022-09-11,1.0499999523162842,0.0,2022-09-10,0.47744813561439514,3.0,"{""type"":""Point"",""coordinates"":[76.952684,9.865725000000001]}"
382,10,0.31629693508148193,350.9368896484375,2021-02-11,640.835693359375,1,3.0,0.0,2021-02-11,2021-02-10,30.15712547302246,294.9790344238281,2021-02-12,0.0,0.0,2021-02-11,0.31951841711997986,3.0,"{""type"":""Point"",""coordinates"":[76.952684,9.865725000000001]}"
383,10,0.530390202999115,34.9268798828125,2023-05-23,581.6461791992188,1,46.0,21.899999618530273,2023-05-23,2023-05-22,32.25584030151367,296.6374206542969,2023-05-24,2.200000047683716,4.166666507720947,2023-05-23,0.48062705993652344,5.0,"{""type"":""Point"",""coordinates"":[76.957598,9.868878]}"
384,10,0.4187436103820801,34.9268798828125,2023-02-04,581.6461791992188,1,46.0,1.25,2023-02-04,2023-02-03,32.25584030151367,295.0915222167969,2023-02-05,0.4099999964237213,0.0,2023-02-04,0.451190322637558,5.0,"{""type"":""Point"",""coordinates"":[76.957598,9.868878]}"
385,10,0.7835911512374878,51.07679748535156,2022-02-15,638.9765014648438,1,39.0,0.0,2022-02-15,2022-02-14,24.26202392578125,296.3919677734375,2022-02-16,0.0,0.0,2022-02-15,0.40134239196777344,5.0,"{""type"":""Point"",""coordinates"":[76.955056,9.870638]}"
386,10,0.35611391067504883,51.07679748535156,2020-04-18,638.9765014648438,1,39.0,1.9999998807907104,2020-04-18,2020-04-17,24.26202392578125,299.69732666015625,2020-04-19,0.3199999928474426,0.0,2020-04-18,0.34444108605384827,5.0,"{""type"":""Point"",""coordinates"":[76.955056,9.870638]}"
387,10,0.7094055414199829,48.66266632080078,2019-01-26,583.2604370117188,1,39.0,0.0,2019-01-26,2019-01-25,21.729997634887695,295.65606689453125,2019-01-27,0.0,0.0,2019-01-26,0.2901573181152344,5.0,"{""type"":""Point"",""coordinates"":[76.956157,9.87027]}"
388,10,0.40191954374313354,48.66266632080078,2022-01-23,583.2604370117188,1,39.0,0.0,2022-01-23,2022-01-22,21.729997634887695,296.3687438964844,2022-01-24,0.0,0.0,2022-01-23,0.2891457974910736,5.0,"{""type"":""Point"",""coordinates"":[76.956157,9.87027]}"
389,10,0.4790137708187103,113.6274642944336,2022-10-15,593.697265625,1,39.0,1414.43994140625,2022-10-15,2022-10-14,28.70032501220703,295.0762634277344,2022-10-16,36.22999954223633,31.25,2022-10-15,0.47660383582115173,36.0,"{""type"":""Point"",""coordinates"":[76.95406,9.871783]}"
390,10,0.7345678806304932,113.6274642944336,2021-02-14,593.697265625,1,39.0,0.0,2021-02-14,2021-02-13,28.70032501220703,295.21551513671875,2021-02-15,0.0,0.0,2021-02-14,0.3059011995792389,36.0,"{""type"":""Point"",""coordinates"":[76.95406,9.871783]}"
391,10,0.31217172741889954,13.026920318603516,2019-05-24,583.4948120117188,1,39.0,696.5399780273438,2019-05-24,2019-05-23,27.59748077392578,297.4749755859375,2019-05-25,2.9099998474121094,4.166666507720947,2019-05-24,0.4867057800292969,39.0,"{""type"":""Point"",""coordinates"":[76.954687,9.871444000000002]}"
392,10,0.10308289527893066,2.625840187072754,2019-12-04,584.86181640625,1,39.0,283.5299987792969,2019-12-04,2019-12-03,30.239538192749023,294.7317199707031,2019-12-05,5.369999885559082,10.416666984558105,2019-12-04,0.49190840125083923,39.0,"{""type"":""Point"",""coordinates"":[76.954851,9.871462]}"
393,10,0.29658785462379456,2.625840187072754,2023-06-17,584.86181640625,1,39.0,0.0,2023-06-17,2023-06-16,30.239538192749023,296.30718994140625,2023-06-18,0.5299999713897705,0.0,2023-06-17,0.47128233313560486,39.0,"{""type"":""Point"",""coordinates"":[76.954851,9.871462]}"
394,10,0.44998955726623535,13.026920318603516,2023-02-25,583.4948120117188,1,39.0,0.0,2023-02-25,2023-02-24,27.59748077392578,296.3414611816406,2023-02-26,0.0,0.0,2023-02-25,0.30880674719810486,39.0,"{""type"":""Point"",""coordinates"":[76.954687,9.871444000000002]}"
395,10,0.1283438801765442,117.12220764160156,2019-11-10,590.5670776367188,1,39.0,1743.2999267578125,2019-11-10,2019-11-09,27.100526809692383,295.5955810546875,2019-11-11,3.319999933242798,2.0833332538604736,2019-11-10,0.476574569940567,39.0,"{""type"":""Point"",""coordinates"":[76.9544,9.872142]}"
396,10,0.16004055738449097,117.12220764160156,2019-12-16,590.5670776367188,1,39.0,108.80999755859375,2019-12-16,2019-12-15,27.100526809692383,295.56304931640625,2019-12-17,0.0,0.0,2019-12-16,0.4547087252140045,39.0,"{""type"":""Point"",""coordinates"":[76.9544,9.872142]}"
397,10,0.40690237283706665,358.58355712890625,2019-03-19,582.6399536132812,1,39.0,0.0,2019-03-19,2019-03-18,27.519983291625977,299.5470275878906,2019-03-20,0.0,0.0,2019-03-19,0.29418501257896423,36.0,"{""type"":""Point"",""coordinates"":[76.953947,9.872696000000001]}"
398,10,0.027236362919211388,358.58355712890625,2020-08-15,582.6399536132812,1,39.0,47.52000045776367,2020-08-15,2020-08-14,27.519983291625977,295.1893310546875,2020-08-16,4.25,4.166666507720947,2020-08-15,0.47299131751060486,36.0,"{""type"":""Point"",""coordinates"":[76.953947,9.872696000000001]}"
399,10,0.11545809358358383,14.686986923217773,2021-01-22,583.2950439453125,1,39.0,0.0,2021-01-22,2021-01-21,30.902578353881836,295.52838134765625,2021-01-23,0.0,0.0,2021-01-22,0.4445730745792389,36.0,"{""type"":""Point"",""coordinates"":[76.953501,9.872726000000002]}"
400,10,0.3497134745121002,14.686986923217773,2021-12-31,583.2950439453125,1,39.0,0.0,2021-12-31,2021-12-30,30.902578353881836,295.4884033203125,2022-01-01,0.0,0.0,2021-12-31,0.3444995880126953,36.0,"{""type"":""Point"",""coordinates"":[76.953501,9.872726000000002]}"
401,10,0.1358100324869156,203.9918670654297,2019-06-18,629.7050170898438,1,39.0,150.92999267578125,2019-06-18,2019-06-17,29.613903045654297,296.6236572265625,2019-06-19,6.980000019073486,10.416666984558105,2019-06-18,0.4715677797794342,39.0,"{""type"":""Point"",""coordinates"":[76.954503,9.874293]}"
402,10,0.7188909649848938,203.9918670654297,2019-01-31,629.7050170898438,1,39.0,0.0,2019-01-31,2019-01-30,29.613903045654297,296.64569091796875,2019-02-01,0.0,0.0,2019-01-31,0.29983773827552795,39.0,"{""type"":""Point"",""coordinates"":[76.954503,9.874293]}"
403,10,0.02043011412024498,19.195634841918945,2022-08-21,581.8694458007812,1,39.0,0.0,2022-08-21,2022-08-20,27.98980140686035,295.47991943359375,2022-08-22,13.59999942779541,10.416666984558105,2022-08-21,0.45561280846595764,39.0,"{""type"":""Point"",""coordinates"":[76.955397,9.871322999999999]}"
404,10,0.3943978250026703,19.195634841918945,2020-11-28,581.8694458007812,1,39.0,534.2999877929688,2020-11-28,2020-11-27,27.98980140686035,294.98956298828125,2020-11-29,1.2599999904632568,0.0,2020-11-28,0.4525044858455658,39.0,"{""type"":""Point"",""coordinates"":[76.955397,9.871322999999999]}"
405,10,0.21951676905155182,17.197450637817383,2022-05-10,597.4673461914062,1,36.0,2351.159912109375,2022-05-10,2022-05-09,30.15001106262207,295.9808044433594,2022-05-11,114.68999481201172,58.33333206176758,2022-05-10,0.47689881920814514,36.0,"{""type"":""Point"",""coordinates"":[76.953081,9.872755]}"
406,10,0.18640866875648499,17.197450637817383,2019-12-17,597.4673461914062,1,36.0,0.0,2019-12-17,2019-12-16,30.15001106262207,295.7172546386719,2019-12-18,0.0,0.0,2019-12-17,0.4373861849308014,36.0,"{""type"":""Point"",""coordinates"":[76.953081,9.872755]}"
407,10,0.40548521280288696,50.222599029541016,2023-09-23,589.0189819335938,1,36.0,534.5999755859375,2023-09-23,2023-09-22,21.38174819946289,295.3786315917969,2023-09-24,2.059999942779541,2.0833332538604736,2023-09-23,0.4840666353702545,36.0,"{""type"":""Point"",""coordinates"":[76.950827,9.873817]}"
408,10,0.5489547848701477,50.222599029541016,2021-03-29,589.0189819335938,1,36.0,472.67999267578125,2021-03-29,2021-03-28,21.38174819946289,299.24639892578125,2021-03-30,28.60999870300293,18.75,2021-03-29,0.3059844970703125,36.0,"{""type"":""Point"",""coordinates"":[76.950827,9.873817]}"
409,10,0.6671128273010254,43.44995880126953,2020-04-02,582.435546875,1,36.0,3.3480000495910645,2020-04-02,2020-04-01,18.497793197631836,300.470458984375,2020-04-03,0.0,0.0,2020-04-02,0.31125450134277344,36.0,"{""type"":""Point"",""coordinates"":[76.950421,9.874488]}"
410,10,0.16353069245815277,43.44995880126953,2022-11-26,582.435546875,1,36.0,0.0,2022-11-26,2022-11-25,18.497793197631836,295.22564697265625,2022-11-27,0.0,0.0,2022-11-26,0.42692437767982483,36.0,"{""type"":""Point"",""coordinates"":[76.950421,9.874488]}"
411,10,0.11949942260980606,216.2295379638672,2023-11-11,599.1353759765625,1,23.0,30.53999900817871,2023-11-11,2023-11-10,26.34748077392578,295.24493408203125,2023-11-12,10.989999771118164,12.5,2023-11-11,0.47240129113197327,3.0,"{""type"":""Point"",""coordinates"":[76.950328,9.875872000000001]}"
412,10,0.13251961767673492,216.2295379638672,2021-01-22,599.1353759765625,1,23.0,0.0,2021-01-22,2021-01-21,26.34748077392578,295.52838134765625,2021-01-23,0.0,0.0,2021-01-22,0.4445730745792389,3.0,"{""type"":""Point"",""coordinates"":[76.950328,9.875872000000001]}"
413,10,0.22484640777111053,219.31468200683594,2021-09-02,583.05078125,1,23.0,383.6860046386719,2021-09-02,2021-09-01,20.668336868286133,296.23284912109375,2021-09-03,26.369998931884766,27.08333396911621,2021-09-02,0.4764862060546875,23.0,"{""type"":""Point"",""coordinates"":[76.949611,9.876301000000002]}"
414,10,0.4507916271686554,225.67388916015625,2023-06-02,594.4532470703125,1,23.0,5.175000190734863,2023-06-02,2023-06-01,29.896488189697266,297.83087158203125,2023-06-03,1.149999976158142,2.0833332538604736,2023-06-02,0.472259521484375,23.0,"{""type"":""Point"",""coordinates"":[76.949719,9.876083000000001]}"
415,10,0.22969762980937958,225.67388916015625,2023-04-11,594.4532470703125,1,23.0,0.0,2023-04-11,2023-04-10,29.896488189697266,299.3681640625,2023-04-12,0.0,0.0,2023-04-11,0.4050363004207611,23.0,"{""type"":""Point"",""coordinates"":[76.949719,9.876083000000001]}"
416,10,0.06963521242141724,219.31468200683594,2021-01-16,583.05078125,1,23.0,2.989999771118164,2021-01-16,2021-01-15,20.668336868286133,296.23468017578125,2021-01-17,0.0,0.0,2021-01-16,0.46826043725013733,23.0,"{""type"":""Point"",""coordinates"":[76.949611,9.876301000000002]}"
417,10,0.5397354960441589,69.32868957519531,2019-03-01,680.4498291015625,1,1.0,0.0,2019-03-01,2019-02-28,23.808361053466797,298.7715759277344,2019-03-02,0.024000000208616257,0.0,2019-03-01,0.30158042907714844,1.0,"{""type"":""Point"",""coordinates"":[76.948368,9.880439]}"
418,10,0.1946907639503479,69.32868957519531,2023-12-14,680.4498291015625,1,1.0,0.0,2023-12-14,2023-12-13,23.808361053466797,297.2402648925781,2023-12-15,0.0,0.0,2023-12-14,0.47053781151771545,1.0,"{""type"":""Point"",""coordinates"":[76.948368,9.880439]}"
419,10,0.21654130518436432,78.5490951538086,2021-12-29,688.8853149414062,1,1.0,0.0,2021-12-29,2021-12-28,22.396997451782227,295.966552734375,2021-12-30,0.0,0.0,2021-12-29,0.368084579706192,1.0,"{""type"":""Point"",""coordinates"":[76.948171,9.881019]}"
420,10,0.6849431395530701,78.5490951538086,2021-03-25,688.8853149414062,1,1.0,0.009999999776482582,2021-03-25,2021-03-24,22.396997451782227,300.38104248046875,2021-03-26,0.8199999928474426,2.0833332538604736,2021-03-25,0.3152059018611908,1.0,"{""type"":""Point"",""coordinates"":[76.948171,9.881019]}"
421,10,0.41591840982437134,243.61529541015625,2020-04-28,680.3292846679688,1,17.0,9.079999923706055,2020-04-28,2020-04-27,25.51250457763672,298.7786560058594,2020-04-29,31.15999984741211,27.08333396911621,2020-04-28,0.3965644836425781,1.0,"{""type"":""Point"",""coordinates"":[76.950531,9.89009]}"
422,10,0.5769102573394775,243.61529541015625,2023-06-05,680.3292846679688,1,17.0,3.940000057220459,2023-06-05,2023-06-04,25.51250457763672,296.73291015625,2023-06-06,2.759999990463257,4.166666507720947,2023-06-05,0.48502159118652344,1.0,"{""type"":""Point"",""coordinates"":[76.950531,9.89009]}"
423,10,0.14475402235984802,226.1773681640625,2021-11-10,681.7049560546875,1,1.0,49.34000015258789,2021-11-10,2021-11-09,27.73679542541504,294.3748779296875,2021-11-11,2.5899999141693115,4.166666507720947,2021-11-10,0.48544439673423767,1.0,"{""type"":""Point"",""coordinates"":[76.950812,9.889817]}"
424,10,0.5135706663131714,226.1773681640625,2020-12-28,681.7049560546875,1,1.0,0.0,2020-12-28,2020-12-27,27.73679542541504,294.17864990234375,2020-12-29,0.0,0.0,2020-12-28,0.44207826256752014,1.0,"{""type"":""Point"",""coordinates"":[76.950812,9.889817]}"
425,10,0.109612837433815,250.71621704101562,2020-10-20,689.470458984375,1,20.0,5.739999771118164,2020-10-20,2020-10-19,20.5111083984375,295.33734130859375,2020-10-21,1.0899999141693115,2.0833332538604736,2020-10-20,0.4708188474178314,1.0,"{""type"":""Point"",""coordinates"":[76.952331,9.887748]}"
426,10,0.003897455520927906,250.71621704101562,2020-07-03,689.470458984375,1,20.0,43.84000015258789,2020-07-03,2020-07-02,20.5111083984375,295.76934814453125,2020-07-04,70.75,47.91666793823242,2020-07-03,0.4830385744571686,1.0,"{""type"":""Point"",""coordinates"":[76.952331,9.887748]}"
427,10,0.3024980127811432,225.233642578125,2022-10-28,632.27734375,1,20.0,0.0,2022-10-28,2022-10-27,23.867263793945312,294.7352294921875,2022-10-29,0.0,0.0,2022-10-28,0.4956429898738861,20.0,"{""type"":""Point"",""coordinates"":[76.951838,9.884432999999998]}"
428,10,0.23963837325572968,225.233642578125,2021-07-03,632.27734375,1,20.0,3.0,2021-07-03,2021-07-02,23.867263793945312,295.5916442871094,2021-07-04,7.449999809265137,12.5,2021-07-03,0.4783547818660736,20.0,"{""type"":""Point"",""coordinates"":[76.951838,9.884432999999998]}"
429,10,0.3654574453830719,259.5425720214844,2023-02-12,707.2005615234375,1,20.0,0.7999999523162842,2023-02-12,2023-02-11,26.725387573242188,294.9993591308594,2023-02-13,0.0,0.0,2023-02-12,0.37352117896080017,20.0,"{""type"":""Point"",""coordinates"":[76.953655,9.886474]}"
430,10,0.08488568663597107,259.5425720214844,2019-07-10,707.2005615234375,1,20.0,98.19999694824219,2019-07-10,2019-07-09,26.725387573242188,295.42083740234375,2019-07-11,11.800000190734863,8.333333015441895,2019-07-10,0.49300384521484375,20.0,"{""type"":""Point"",""coordinates"":[76.953655,9.886474]}"
431,10,0.2631811499595642,55.934906005859375,2022-10-27,583.70166015625,1,68.0,612.6799926757812,2022-10-27,2022-10-26,21.171489715576172,295.70465087890625,2022-10-28,0.0,0.0,2022-10-27,0.456134170293808,68.0,"{""type"":""Point"",""coordinates"":[76.956192,9.890075000000001]}"
432,10,0.7099058628082275,55.934906005859375,2023-04-21,583.70166015625,1,68.0,161.1599884033203,2023-04-21,2023-04-20,21.171489715576172,299.33551025390625,2023-04-22,30.6200008392334,16.66666603088379,2023-04-21,0.32997003197669983,68.0,"{""type"":""Point"",""coordinates"":[76.956192,9.890075000000001]}"
433,10,0.32101431488990784,46.60279083251953,2022-10-22,628.1552734375,1,68.0,2232.43994140625,2022-10-22,2022-10-21,24.375829696655273,294.4422912597656,2022-10-23,5.389999866485596,10.416666984558105,2022-10-22,0.4792308807373047,68.0,"{""type"":""Point"",""coordinates"":[76.957322,9.888496]}"
434,10,0.45563676953315735,46.60279083251953,2023-02-11,628.1552734375,1,68.0,0.0,2023-02-11,2023-02-10,24.375829696655273,295.0881042480469,2023-02-12,0.03999999910593033,0.0,2023-02-11,0.37938180565834045,68.0,"{""type"":""Point"",""coordinates"":[76.957322,9.888496]}"
435,10,0.001086776377633214,11.7985258102417,2020-09-25,575.7264404296875,1,71.0,971.989990234375,2020-09-25,2020-09-24,24.09543228149414,294.975341796875,2020-09-26,70.58999633789062,54.16666793823242,2020-09-25,0.4904734194278717,71.0,"{""type"":""Point"",""coordinates"":[76.958602,9.889013]}"
436,10,0.46146371960639954,11.7985258102417,2022-10-12,575.7264404296875,1,71.0,1218.3599853515625,2022-10-12,2022-10-11,24.09543228149414,295.3478088378906,2022-10-13,56.52000045776367,25.0,2022-10-12,0.47690072655677795,71.0,"{""type"":""Point"",""coordinates"":[76.958602,9.889013]}"
437,10,0.053367070853710175,14.497262954711914,2022-07-09,540.7053833007812,1,6370.0,147975.09375,2022-07-09,2022-07-08,25.742761611938477,294.62957763671875,2022-07-10,8.920000076293945,10.416666984558105,2022-07-09,0.4884757995605469,6370.0,"{""type"":""Point"",""coordinates"":[76.967088,9.885736]}"
438,10,0.0513392873108387,14.497262954711914,2021-05-23,540.7053833007812,1,6370.0,190590.40625,2021-05-23,2021-05-22,25.742761611938477,295.2366638183594,2021-05-24,21.849998474121094,12.5,2021-05-23,0.48414549231529236,6370.0,"{""type"":""Point"",""coordinates"":[76.967088,9.885736]}"
439,10,0.48243239521980286,262.831787109375,2023-09-06,552.7919311523438,1,73.0,2144.010009765625,2023-09-06,2023-09-05,20.786897659301758,294.3406677246094,2023-09-07,52.5,41.66666793823242,2023-09-06,0.5059096217155457,73.0,"{""type"":""Point"",""coordinates"":[76.965031,9.887827]}"
440,10,0.05443694442510605,262.831787109375,2019-07-08,552.7919311523438,1,73.0,273.75,2019-07-08,2019-07-07,20.786897659301758,295.4429931640625,2019-07-09,9.969999313354492,6.25,2019-07-08,0.495452880859375,73.0,"{""type"":""Point"",""coordinates"":[76.965031,9.887827]}"
441,10,0.719287633895874,255.5344696044922,2022-02-13,553.4088745117188,1,73.0,30.65999984741211,2022-02-13,2022-02-12,12.007424354553223,295.6121826171875,2022-02-14,0.9499999284744263,2.0833332538604736,2022-02-13,0.38935789465904236,73.0,"{""type"":""Point"",""coordinates"":[76.965218,9.888631]}"
442,10,0.32352447509765625,255.5344696044922,2023-03-04,553.4088745117188,1,73.0,0.0,2023-03-04,2023-03-03,12.007424354553223,297.0859375,2023-03-05,0.0,0.0,2023-03-04,0.29327520728111267,73.0,"{""type"":""Point"",""coordinates"":[76.965218,9.888631]}"
443,10,0.5832783579826355,59.75105667114258,2021-03-11,542.8973999023438,1,6370.0,48.58000183105469,2021-03-11,2021-03-10,26.546770095825195,298.3349304199219,2021-03-12,3.0199999809265137,4.166666507720947,2021-03-11,0.29996809363365173,2.0,"{""type"":""Point"",""coordinates"":[76.969697,9.883072000000002]}"
444,10,0.28133872151374817,59.75105667114258,2023-04-11,542.8973999023438,1,6370.0,0.0,2023-04-11,2023-04-10,26.546770095825195,298.4063415527344,2023-04-12,0.0,0.0,2023-04-11,0.3870309293270111,2.0,"{""type"":""Point"",""coordinates"":[76.969697,9.883072000000002]}"
445,10,0.31988444924354553,47.232234954833984,2022-02-06,551.2861328125,1,6370.0,0.0,2022-02-06,2022-02-05,30.213720321655273,296.5531005859375,2022-02-07,0.0,0.0,2022-02-06,0.2920621335506439,2.0,"{""type"":""Point"",""coordinates"":[76.969597,9.883046]}"
446,10,0.4899275302886963,47.232234954833984,2022-04-30,551.2861328125,1,6370.0,1.2399998903274536,2022-04-30,2022-04-29,30.213720321655273,297.82977294921875,2022-05-01,0.0,0.0,2022-04-30,0.4498964846134186,2.0,"{""type"":""Point"",""coordinates"":[76.969597,9.883046]}"
447,10,0.23646701872348785,69.31928253173828,2021-05-09,549.3720092773438,1,6290.0,34.099998474121094,2021-05-09,2021-05-08,22.52353858947754,297.7020263671875,2021-05-10,17.189998626708984,18.75,2021-05-09,0.464007705450058,2.0,"{""type"":""Point"",""coordinates"":[76.97013,9.882247]}"
448,10,0.15865221619606018,69.31928253173828,2021-09-24,549.3720092773438,1,6290.0,60.73999786376953,2021-09-24,2021-09-23,22.52353858947754,295.8587951660156,2021-09-25,47.71999740600586,41.66666793823242,2021-09-24,0.4624958038330078,2.0,"{""type"":""Point"",""coordinates"":[76.97013,9.882247]}"
449,10,-0.008184424601495266,93.81111145019531,2019-08-14,551.9776000976562,1,6290.0,90.39999389648438,2019-08-14,2019-08-13,20.395029067993164,293.91375732421875,2019-08-15,25.260000228881836,35.41666793823242,2019-08-14,0.487835556268692,2.0,"{""type"":""Point"",""coordinates"":[76.970328,9.881785]}"
450,10,0.33464592695236206,93.81111145019531,2022-02-06,551.9776000976562,1,6290.0,0.0,2022-02-06,2022-02-05,20.395029067993164,296.5531005859375,2022-02-07,0.0,0.0,2022-02-06,0.2920621335506439,2.0,"{""type"":""Point"",""coordinates"":[76.970328,9.881785]}"
451,10,0.038412678986787796,108.87952423095703,2020-08-12,544.448486328125,1,6290.0,0.0,2020-08-12,2020-08-11,25.55779266357422,294.5216064453125,2020-08-13,1.9399999380111694,4.166666507720947,2020-08-12,0.47801780700683594,2.0,"{""type"":""Point"",""coordinates"":[76.970152,9.881424000000003]}"
452,10,0.39965587854385376,108.87952423095703,2020-03-28,544.448486328125,1,6290.0,0.0,2020-03-28,2020-03-27,25.55779266357422,299.3703308105469,2020-03-29,0.0,0.0,2020-03-28,0.33137640357017517,2.0,"{""type"":""Point"",""coordinates"":[76.970152,9.881424000000003]}"
453,10,0.22219854593276978,148.78839111328125,2021-09-14,535.6407470703125,1,2.0,43.23999786376953,2021-09-14,2021-09-13,25.048236846923828,294.501708984375,2021-09-15,0.5499999523162842,0.0,2021-09-14,0.50916987657547,2.0,"{""type"":""Point"",""coordinates"":[76.969876,9.880875]}"
454,10,0.11147214472293854,148.78839111328125,2019-05-11,535.6407470703125,1,2.0,31.499998092651367,2019-05-11,2019-05-10,25.048236846923828,297.8124084472656,2019-05-12,5.369999885559082,8.333333015441895,2019-05-11,0.4458840787410736,2.0,"{""type"":""Point"",""coordinates"":[76.969876,9.880875]}"
455,10,0.4973013401031494,177.84886169433594,2020-12-16,570.8526611328125,1,2.0,8.859999656677246,2020-12-16,2020-12-15,22.334083557128906,294.7552185058594,2020-12-17,4.119999885559082,4.166666507720947,2020-12-16,0.42630133032798767,2.0,"{""type"":""Point"",""coordinates"":[76.968982,9.880789]}"
456,10,0.16509735584259033,177.84886169433594,2023-10-21,570.8526611328125,1,2.0,0.0,2023-10-21,2023-10-20,22.334083557128906,296.01019287109375,2023-10-22,8.9399995803833,12.5,2023-10-21,0.47394052147865295,2.0,"{""type"":""Point"",""coordinates"":[76.968982,9.880789]}"
457,10,0.07561864703893661,62.69732666015625,2020-08-19,551.9117431640625,1,1.0,0.009999999776482582,2020-08-19,2020-08-18,10.490943908691406,294.9275207519531,2020-08-20,0.0,0.0,2020-08-19,0.46125030517578125,1.0,"{""type"":""Point"",""coordinates"":[76.965276,9.873823000000002]}"
458,10,0.11778566986322403,62.69732666015625,2023-10-02,551.9117431640625,1,1.0,57.86000061035156,2023-10-02,2023-10-01,10.490943908691406,294.30877685546875,2023-10-03,8.239999771118164,16.66666603088379,2023-10-02,0.4797941744327545,1.0,"{""type"":""Point"",""coordinates"":[76.965276,9.873823000000002]}"
459,10,0.04990202561020851,107.12096405029297,2019-11-14,561.679931640625,1,6286.0,5154.52001953125,2019-11-14,2019-11-13,30.936573028564453,295.8985595703125,2019-11-15,0.0,0.0,2019-11-14,0.46427345275878906,6286.0,"{""type"":""Point"",""coordinates"":[76.966749,9.876283000000003]}"
460,10,0.2400830239057541,107.12096405029297,2021-06-13,561.679931640625,1,6286.0,187134.21875,2021-06-13,2021-06-12,30.936573028564453,295.2037048339844,2021-06-14,71.37999725341797,64.58333587646484,2021-06-13,0.489581435918808,6286.0,"{""type"":""Point"",""coordinates"":[76.966749,9.876283000000003]}"
461,10,0.3440462350845337,23.98398780822754,2020-12-30,602.3358154296875,1,1.0,0.0,2020-12-30,2020-12-29,23.511201858520508,294.8365173339844,2020-12-31,0.0,0.0,2020-12-30,0.44802093505859375,1.0,"{""type"":""Point"",""coordinates"":[76.962805,9.872202]}"
462,10,0.6806871891021729,23.98398780822754,2021-03-21,602.3358154296875,1,1.0,0.0,2021-03-21,2021-03-20,23.511201858520508,298.27984619140625,2021-03-22,46.56999969482422,27.08333396911621,2021-03-21,0.29255548119544983,1.0,"{""type"":""Point"",""coordinates"":[76.962805,9.872202]}"
463,10,0.46747151017189026,213.20947265625,2023-09-20,608.6536254882812,1,46.0,33.529998779296875,2023-09-20,2023-09-19,23.87657356262207,294.7989196777344,2023-09-21,9.279999732971191,10.416666984558105,2023-09-20,0.4761199951171875,1.0,"{""type"":""Point"",""coordinates"":[76.962613,9.867475]}"
464,10,0.09099822491407394,213.20947265625,2019-06-16,608.6536254882812,1,46.0,0.9900000095367432,2019-06-16,2019-06-15,23.87657356262207,296.1596374511719,2019-06-17,0.0,0.0,2019-06-16,0.4908561706542969,1.0,"{""type"":""Point"",""coordinates"":[76.962613,9.867475]}"
465,10,0.42240145802497864,209.3385009765625,2023-05-18,594.5068969726562,1,51.0,4.710000038146973,2023-05-18,2023-05-17,27.88443946838379,297.6787109375,2023-05-19,2.759999990463257,6.25,2023-05-18,0.4726289212703705,1.0,"{""type"":""Point"",""coordinates"":[76.962939,9.867157000000002]}"
466,10,0.14614494144916534,209.3385009765625,2019-05-13,594.5068969726562,1,51.0,0.0,2019-05-13,2019-05-12,27.88443946838379,297.7105407714844,2019-05-14,0.0,0.0,2019-05-13,0.47827085852622986,1.0,"{""type"":""Point"",""coordinates"":[76.962939,9.867157000000002]}"
467,10,0.441061794757843,44.900489807128906,2020-04-06,571.819580078125,1,51.0,1075.5899658203125,2020-04-06,2020-04-05,29.006393432617188,299.188720703125,2020-04-07,16.950000762939453,20.83333396911621,2020-04-06,0.3468678891658783,51.0,"{""type"":""Point"",""coordinates"":[76.964794,9.866414000000002]}"
468,10,0.4127849340438843,44.900489807128906,2022-03-18,571.819580078125,1,51.0,2.549999952316284,2022-03-18,2022-03-17,29.006393432617188,298.49261474609375,2022-03-19,0.0,0.0,2022-03-18,0.3034553527832031,51.0,"{""type"":""Point"",""coordinates"":[76.964794,9.866414000000002]}"
469,10,0.619866669178009,47.65238952636719,2023-09-12,582.7177124023438,1,51.0,146.3699951171875,2023-09-12,2023-09-11,22.869436264038086,294.2299499511719,2023-09-13,0.5099999904632568,0.0,2023-09-12,0.4870046079158783,51.0,"{""type"":""Point"",""coordinates"":[76.964658,9.866451]}"
470,10,0.5013429522514343,47.65238952636719,2019-03-13,582.7177124023438,1,51.0,0.0,2019-03-13,2019-03-12,22.869436264038086,298.8124694824219,2019-03-14,0.0,0.0,2019-03-13,0.32911428809165955,51.0,"{""type"":""Point"",""coordinates"":[76.964658,9.866451]}"
471,10,0.7108538746833801,62.428375244140625,2023-04-26,633.2265014648438,1,2.0,24.529998779296875,2023-04-26,2023-04-25,23.75196647644043,297.70849609375,2023-04-27,11.84999942779541,14.583333015441895,2023-04-26,0.4462827146053314,1.0,"{""type"":""Point"",""coordinates"":[76.977583,9.874508]}"
472,10,0.07294034957885742,85.8606948852539,2021-01-25,562.26806640625,1,6472.0,0.0,2021-01-25,2021-01-24,26.24395751953125,294.9913635253906,2021-01-26,0.0,0.0,2021-01-25,0.4591102600097656,6472.0,"{""type"":""Point"",""coordinates"":[76.971287,9.891325]}"
473,10,0.29417651891708374,85.8606948852539,2019-12-31,562.26806640625,1,6472.0,0.0,2019-12-31,2019-12-30,26.24395751953125,296.41943359375,2020-01-01,0.0,0.0,2019-12-31,0.39573416113853455,6472.0,"{""type"":""Point"",""coordinates"":[76.971287,9.891325]}"
474,50,0.18355582654476166,125.4156265258789,2020-02-15,561.8035888671875,1,6472.0,0.0,2020-02-15,2020-02-14,15.487236976623535,298.42169189453125,2020-02-16,0.0,0.0,2020-02-15,0.28259405493736267,2.0,"{""type"":""Point"",""coordinates"":[76.971822,9.892361999999999]}"
475,50,0.06639733910560608,125.4156265258789,2021-06-12,561.8035888671875,1,6472.0,0.19999998807907104,2021-06-12,2021-06-11,15.487236976623535,295.49560546875,2021-06-13,29.76999855041504,35.41666793823242,2021-06-12,0.4645118713378906,2.0,"{""type"":""Point"",""coordinates"":[76.971822,9.892361999999999]}"
476,10,0.1583341658115387,161.9773406982422,2021-11-05,545.6358032226562,1,2.0,75.91999816894531,2021-11-05,2021-11-04,28.848997116088867,295.1996765136719,2021-11-06,19.719999313354492,27.08333396911621,2021-11-05,0.4818115234375,2.0,"{""type"":""Point"",""coordinates"":[76.973641,9.893219000000002]}"
477,10,0.10111334919929504,161.9773406982422,2021-10-03,545.6358032226562,1,2.0,1.7999999523162842,2021-10-03,2021-10-02,28.848997116088867,295.1446228027344,2021-10-04,61.79999923706055,39.58333206176758,2021-10-03,0.4943580627441406,2.0,"{""type"":""Point"",""coordinates"":[76.973641,9.893219000000002]}"
478,10,0.3056081533432007,171.78636169433594,2023-02-12,555.291748046875,1,6475.0,0.07999999821186066,2023-02-12,2023-02-11,26.931983947753906,294.9993591308594,2023-02-13,0.0,0.0,2023-02-12,0.37352117896080017,2.0,"{""type"":""Point"",""coordinates"":[76.974746,9.893592]}"
479,10,0.01399196870625019,171.78636169433594,2020-09-03,555.291748046875,1,6475.0,19.68000030517578,2020-09-03,2020-09-02,26.931983947753906,295.45855712890625,2020-09-04,22.3799991607666,16.66666603088379,2020-09-03,0.4621753692626953,2.0,"{""type"":""Point"",""coordinates"":[76.974746,9.893592]}"
480,10,0.25919345021247864,136.75363159179688,2020-04-23,557.531982421875,1,2.0,0.11999999731779099,2020-04-23,2020-04-22,10.944589614868164,299.0215759277344,2020-04-24,0.11999999731779099,0.0,2020-04-23,0.35050392150878906,2.0,"{""type"":""Point"",""coordinates"":[76.97211,9.894891]}"
481,10,0.09960915148258209,136.75363159179688,2021-09-06,557.531982421875,1,2.0,96.54000091552734,2021-09-06,2021-09-05,10.944589614868164,294.32891845703125,2021-09-07,12.130000114440918,14.583333015441895,2021-09-06,0.4918022155761719,2.0,"{""type"":""Point"",""coordinates"":[76.97211,9.894891]}"
482,10,0.3071404993534088,54.71903991699219,2022-03-08,566.2371826171875,1,2.0,0.0,2022-03-08,2022-03-07,19.71417808532715,298.307373046875,2022-03-09,0.6599999666213989,2.0833332538604736,2022-03-08,0.2863833010196686,2.0,"{""type"":""Point"",""coordinates"":[76.971594,9.893845]}"
483,10,0.29334914684295654,59.048824310302734,2020-10-12,572.9022216796875,1,2.0,46.70000076293945,2020-10-12,2020-10-11,34.28252410888672,294.0998840332031,2020-10-13,17.90999984741211,18.75,2020-10-12,0.47698974609375,2.0,"{""type"":""Point"",""coordinates"":[76.971674,9.893601000000002]}"
484,10,0.03881523013114929,54.71903991699219,2021-07-26,566.2371826171875,1,2.0,43.0,2021-07-26,2021-07-25,19.71417808532715,294.11834716796875,2021-07-27,0.0,0.0,2021-07-26,0.48992347717285156,2.0,"{""type"":""Point"",""coordinates"":[76.971594,9.893845]}"
485,10,0.014145825058221817,59.048824310302734,2019-08-24,572.9022216796875,1,2.0,17.139999389648438,2019-08-24,2019-08-23,34.28252410888672,294.0487365722656,2019-08-25,9.420000076293945,14.583333015441895,2019-08-24,0.508276641368866,2.0,"{""type"":""Point"",""coordinates"":[76.971674,9.893601000000002]}"
486,10,0.051738444715738297,127.54631805419922,2020-06-11,573.8675537109375,1,2.0,38.78999710083008,2020-06-11,2020-06-10,23.2059268951416,295.9508361816406,2020-06-12,25.34000015258789,20.83333396911621,2020-06-11,0.49271583557128906,1.0,"{""type"":""Point"",""coordinates"":[76.972056,9.896373999999998]}"
487,10,0.4613715708255768,127.54631805419922,2023-04-19,573.8675537109375,1,2.0,0.0,2023-04-19,2023-04-18,23.2059268951416,299.9276123046875,2023-04-20,3.299999952316284,6.25,2023-04-19,0.3251749575138092,1.0,"{""type"":""Point"",""coordinates"":[76.972056,9.896373999999998]}"
488,10,0.0038878400810062885,58.746891021728516,2021-08-01,592.8584594726562,1,1.0,1.409999966621399,2021-08-01,2021-07-31,20.63484764099121,295.3952941894531,2021-08-02,1.2109999656677246,2.0833332538604736,2021-08-01,0.4709409177303314,1.0,"{""type"":""Point"",""coordinates"":[76.971763,9.897694999999999]}"
489,10,0.32930317521095276,58.746891021728516,2020-04-14,592.8584594726562,1,1.0,0.0,2020-04-14,2020-04-13,20.63484764099121,299.588623046875,2020-04-15,0.4899999797344208,0.0,2020-04-14,0.36455726623535156,1.0,"{""type"":""Point"",""coordinates"":[76.971763,9.897694999999999]}"
490,10,0.04351773113012314,58.64034652709961,2023-10-03,599.1265258789062,1,2.0,8.239999771118164,2023-10-03,2023-10-02,28.649503707885742,294.5421142578125,2023-10-04,0.0,0.0,2023-10-03,0.4816455841064453,1.0,"{""type"":""Point"",""coordinates"":[76.97142,9.898321]}"
491,10,0.6682158708572388,58.64034652709961,2023-05-19,599.1265258789062,1,2.0,2.759999990463257,2023-05-19,2023-05-18,28.649503707885742,297.58807373046875,2023-05-20,1.9299999475479126,4.166666507720947,2023-05-19,0.4758688509464264,1.0,"{""type"":""Point"",""coordinates"":[76.97142,9.898321]}"
492,10,0.11905615031719208,199.8126983642578,2019-10-23,576.55078125,1,2.0,56.679996490478516,2019-10-23,2019-10-22,24.806848526000977,294.11846923828125,2019-10-24,54.98999786376953,52.08333206176758,2019-10-23,0.4738330841064453,2.0,"{""type"":""Point"",""coordinates"":[76.977953,9.911372]}"
493,10,0.18845385313034058,208.41952514648438,2021-06-22,540.0961303710938,1,1.0,4.670000076293945,2021-06-22,2021-06-21,21.768882751464844,295.27960205078125,2021-06-23,5.849999904632568,10.416666984558105,2021-06-22,0.47764459252357483,1.0,"{""type"":""Point"",""coordinates"":[76.980742,9.909755]}"
494,10,0.06435307115316391,202.80569458007812,2019-07-30,457.17852783203125,1,6592.0,77192.3203125,2019-07-30,2019-07-29,35.87609100341797,295.23687744140625,2019-07-31,2.490000009536743,2.0833332538604736,2019-07-30,0.47056517004966736,6592.0,"{""type"":""Point"",""coordinates"":[76.976757,9.908188]}"
495,10,0.059547264128923416,209.53948974609375,2022-05-31,446.43426513671875,1,6592.0,197.75999450683594,2022-05-31,2022-05-30,36.71826934814453,295.6958923339844,2022-06-01,39.79999923706055,43.75,2022-05-31,0.47332000732421875,6592.0,"{""type"":""Point"",""coordinates"":[76.976366,9.908326]}"
496,10,0.5748786926269531,65.34001159667969,2023-05-15,439.7974853515625,1,6682.0,2806.43994140625,2023-05-15,2023-05-14,37.59507751464844,297.05157470703125,2023-05-16,0.0,0.0,2023-05-15,0.48655763268470764,6682.0,"{""type"":""Point"",""coordinates"":[76.974146,9.909008]}"
497,30,0.038651242852211,55.07133102416992,2022-07-09,469.9511413574219,1,6682.0,224582.015625,2022-07-09,2022-07-08,41.192440032958984,294.62957763671875,2022-07-10,10.34000015258789,12.5,2022-07-09,0.4884757995605469,6682.0,"{""type"":""Point"",""coordinates"":[76.974326,9.908645]}"
498,10,0.22510609030723572,134.59536743164062,2022-12-19,440.33319091796875,1,86.0,0.0,2022-12-19,2022-12-18,15.259641647338867,295.2011413574219,2022-12-20,0.20999999344348907,0.0,2022-12-19,0.4340445101261139,86.0,"{""type"":""Point"",""coordinates"":[76.969627,9.911005]}"
499,10,0.15579046308994293,185.2275848388672,2021-01-21,436.2040100097656,1,6682.0,0.0,2021-01-21,2021-01-20,20.68610382080078,294.8135070800781,2021-01-22,0.0,0.0,2021-01-21,0.44680342078208923,86.0,"{""type"":""Point"",""coordinates"":[76.970174,9.911038000000001]}"
500,10,0.24285872280597687,273.234619140625,2022-12-16,496.65966796875,1,2.0,0.14000000059604645,2022-12-16,2022-12-15,21.33932113647461,294.3659362792969,2022-12-17,0.0,0.0,2022-12-16,0.46724891662597656,2.0,"{""type"":""Point"",""coordinates"":[76.96421600000001,9.913324]}"
501,10,0.015638750046491623,66.47611236572266,2022-08-14,512.7255249023438,1,78.0,0.18000000715255737,2022-08-14,2022-08-13,22.30217933654785,295.3494567871094,2022-08-15,0.019999999552965164,0.0,2022-08-14,0.46325621008872986,2.0,"{""type"":""Point"",""coordinates"":[76.963041,9.914976000000001]}"
502,10,0.47917160391807556,211.09132385253906,2023-02-24,525.6858520507812,1,2.0,0.0,2023-02-24,2023-02-23,33.98322677612305,295.8835754394531,2023-02-25,0.0,0.0,2023-02-24,0.3139680325984955,2.0,"{""type"":""Point"",""coordinates"":[76.963416,9.915236]}"
503,10,0.10076890885829926,25.048675537109375,2019-10-23,561.2837524414062,1,81.0,2295.5400390625,2019-10-23,2019-10-22,27.104703903198242,294.11846923828125,2019-10-24,54.98999786376953,52.08333206176758,2019-10-23,0.4738330841064453,81.0,"{""type"":""Point"",""coordinates"":[76.963546,9.909522000000003]}"
504,10,0.2834017276763916,59.933250427246094,2021-10-16,604.4977416992188,1,1.0,0.4999999701976776,2021-10-16,2021-10-15,30.341533660888672,295.535888671875,2021-10-17,167.6699981689453,75.0,2021-10-16,0.4776039123535156,1.0,"{""type"":""Point"",""coordinates"":[76.965454,9.906980000000003]}"
505,10,0.10765505582094193,28.17023277282715,2022-06-26,580.0886840820312,1,81.0,541.0800170898438,2022-06-26,2022-06-25,40.478614807128906,294.57647705078125,2022-06-27,0.0,0.0,2022-06-26,0.49311700463294983,81.0,"{""type"":""Point"",""coordinates"":[76.965126,9.908482]}"
506,10,0.6528284549713135,31.167333602905273,2019-01-11,593.8480834960938,1,2.0,0.0,2019-01-11,2019-01-10,31.814645767211914,294.26129150390625,2019-01-12,0.0,0.0,2019-01-11,0.33047613501548767,1.0,"{""type"":""Point"",""coordinates"":[76.966553,9.906342]}"
507,10,0.6913840770721436,341.1152648925781,2021-03-06,583.9581298828125,1,2.0,0.2199999988079071,2021-03-06,2021-03-05,30.92266082763672,297.623291015625,2021-03-07,0.0,0.0,2021-03-06,0.29887261986732483,2.0,"{""type"":""Point"",""coordinates"":[76.967401,9.906263000000001]}"
508,10,0.17229098081588745,337.783447265625,2023-11-17,590.0510864257812,1,2.0,41.29999923706055,2023-11-17,2023-11-16,32.07798385620117,295.4988098144531,2023-11-18,0.0,0.0,2023-11-17,0.478649765253067,2.0,"{""type"":""Point"",""coordinates"":[76.96773,9.90637]}"
509,10,0.010118368081748486,22.098344802856445,2022-08-19,593.6221313476562,1,2.0,44.73999786376953,2022-08-19,2022-08-18,18.450984954833984,295.7076721191406,2022-08-20,2.2799999713897705,2.0833332538604736,2022-08-19,0.4670543670654297,2.0,"{""type"":""Point"",""coordinates"":[76.969515,9.899931999999998]}"
510,10,0.11218990385532379,22.098344802856445,2019-12-10,593.6221313476562,1,2.0,0.0,2019-12-10,2019-12-09,18.450984954833984,295.7563781738281,2019-12-11,0.0,0.0,2019-12-10,0.45611825585365295,2.0,"{""type"":""Point"",""coordinates"":[76.969515,9.899931999999998]}"
511,10,0.34077638387680054,110.4715805053711,2023-11-03,637.3157348632812,1,2.0,18.35999870300293,2023-11-03,2023-11-02,25.715347290039062,295.80010986328125,2023-11-04,37.869998931884766,33.33333206176758,2023-11-03,0.4606742858886719,2.0,"{""type"":""Point"",""coordinates"":[76.967131,9.897713000000001]}"
512,10,0.7412192225456238,110.4715805053711,2021-02-15,637.3157348632812,1,2.0,0.0,2021-02-15,2021-02-14,25.715347290039062,295.6885986328125,2021-02-16,0.0,0.0,2021-02-15,0.30270257592201233,2.0,"{""type"":""Point"",""coordinates"":[76.967131,9.897713000000001]}"
513,10,0.22613048553466797,247.54058837890625,2023-11-27,621.7552490234375,1,2.0,0.0,2023-11-27,2023-11-26,23.705612182617188,295.8119812011719,2023-11-28,0.0,0.0,2023-11-27,0.46488189697265625,2.0,"{""type"":""Point"",""coordinates"":[76.969752,9.898322000000002]}"
514,10,0.010787311010062695,247.54058837890625,2019-08-25,621.7552490234375,1,2.0,18.84000015258789,2019-08-25,2019-08-24,23.705612182617188,294.2716369628906,2019-08-26,25.709999084472656,31.25,2019-08-25,0.4987316131591797,2.0,"{""type"":""Point"",""coordinates"":[76.969752,9.898322000000002]}"
515,10,0.16584613919258118,252.7053985595703,2020-11-10,627.0294189453125,1,2.0,0.0,2020-11-10,2020-11-09,24.469907760620117,296.22918701171875,2020-11-11,0.0,0.0,2020-11-10,0.47976240515708923,2.0,"{""type"":""Point"",""coordinates"":[76.969932,9.898077000000002]}"
516,10,0.11096613854169846,252.7053985595703,2020-10-17,627.0294189453125,1,2.0,0.03999999910593033,2020-10-17,2020-10-16,24.469907760620117,294.7486877441406,2020-10-18,18.889999389648438,18.75,2020-10-17,0.4947001039981842,2.0,"{""type"":""Point"",""coordinates"":[76.969932,9.898077000000002]}"
517,10,0.8217873573303223,140.17420959472656,2020-02-23,628.3738403320312,1,73.0,0.0,2020-02-23,2020-02-22,23.408199310302734,298.35986328125,2020-02-24,0.029999999329447746,0.0,2020-02-23,0.28361573815345764,73.0,"{""type"":""Point"",""coordinates"":[76.965763,9.891448000000002]}"
518,10,0.07389403134584427,140.17420959472656,2021-11-19,628.3738403320312,1,73.0,37.959999084472656,2021-11-19,2021-11-18,23.408199310302734,294.5037841796875,2021-11-20,20.85999870300293,25.0,2021-11-19,0.4884001314640045,73.0,"{""type"":""Point"",""coordinates"":[76.965763,9.891448000000002]}"
519,10,0.1595298796892166,76.79007720947266,2023-06-27,608.21240234375,1,2.0,1.1999999284744263,2023-06-27,2023-06-26,27.5888614654541,294.92694091796875,2023-06-28,6.869999885559082,12.5,2023-06-27,0.4921875,2.0,"{""type"":""Point"",""coordinates"":[76.967872,9.896605999999998]}"
520,10,0.03469308093190193,76.79007720947266,2021-11-30,608.21240234375,1,2.0,114.0199966430664,2021-11-30,2021-11-29,27.5888614654541,294.43450927734375,2021-12-01,14.129999160766602,12.5,2021-11-30,0.4866924285888672,2.0,"{""type"":""Point"",""coordinates"":[76.967872,9.896605999999998]}"
521,10,0.2531759738922119,62.99834060668945,2021-04-23,657.11474609375,1,1.0,5.989999771118164,2021-04-23,2021-04-22,21.747541427612305,297.5156555175781,2021-04-24,0.0,0.0,2021-04-23,0.47004127502441406,1.0,"{""type"":""Point"",""coordinates"":[76.965499,9.896095999999998]}"
522,10,0.7085066437721252,62.99834060668945,2021-02-23,657.11474609375,1,1.0,0.05999999865889549,2021-02-23,2021-02-22,21.747541427612305,296.830810546875,2021-02-24,0.0,0.0,2021-02-23,0.3165842592716217,1.0,"{""type"":""Point"",""coordinates"":[76.965499,9.896095999999998]}"
523,10,0.2103533148765564,63.026668548583984,2023-12-03,674.546142578125,1,1.0,2.379999876022339,2023-12-03,2023-12-02,29.811262130737305,295.7793884277344,2023-12-04,10.90999984741211,8.333333015441895,2023-12-03,0.47362837195396423,1.0,"{""type"":""Point"",""coordinates"":[76.96488,9.896226000000002]}"
524,10,0.7286466956138611,63.026668548583984,2023-03-07,674.546142578125,1,1.0,0.0,2023-03-07,2023-03-06,29.811262130737305,297.51971435546875,2023-03-08,0.0,0.0,2023-03-07,0.2897319793701172,1.0,"{""type"":""Point"",""coordinates"":[76.96488,9.896226000000002]}"
525,10,0.42535144090652466,217.00503540039062,2020-12-15,567.8458862304688,1,73.0,0.0,2020-12-15,2020-12-14,20.387958526611328,294.3933410644531,2020-12-16,4.429999828338623,2.0833332538604736,2020-12-15,0.4341621398925781,73.0,"{""type"":""Point"",""coordinates"":[76.962593,9.890327]}"
526,10,0.004651162773370743,217.00503540039062,2021-11-27,567.8458862304688,1,73.0,116.06999969482422,2021-11-27,2021-11-26,20.387958526611328,294.76983642578125,2021-11-28,12.929999351501465,16.66666603088379,2021-11-27,0.4955730438232422,73.0,"{""type"":""Point"",""coordinates"":[76.962593,9.890327]}"
527,10,0.3886340260505676,12.609832763671875,2019-03-04,641.7803955078125,1,1.0,0.0,2019-03-04,2019-03-03,29.237518310546875,298.5513916015625,2019-03-05,0.009999999776482582,0.0,2019-03-04,0.31001853942871094,1.0,"{""type"":""Point"",""coordinates"":[76.951507,9.894803]}"
528,10,0.6755014061927795,12.609832763671875,2023-03-18,641.7803955078125,1,1.0,19.690000534057617,2023-03-18,2023-03-17,29.237518310546875,298.36822509765625,2023-03-19,2.369999885559082,6.25,2023-03-18,0.29946836829185486,1.0,"{""type"":""Point"",""coordinates"":[76.951507,9.894803]}"
529,10,0.08574109524488449,0.7206670641899109,2020-10-15,722.0343627929688,1,1.0,0.0,2020-10-15,2020-10-14,12.572973251342773,294.19512939453125,2020-10-16,0.0,0.0,2020-10-15,0.48448243737220764,1.0,"{""type"":""Point"",""coordinates"":[76.951052,9.893513]}"
530,10,0.44462379813194275,0.7206670641899109,2020-01-30,722.0343627929688,1,1.0,0.0,2020-01-30,2020-01-29,12.572973251342773,297.2134094238281,2020-01-31,0.0,0.0,2020-01-30,0.2865358889102936,1.0,"{""type"":""Point"",""coordinates"":[76.951052,9.893513]}"
531,10,0.6699363589286804,219.3200225830078,2019-03-27,680.5173950195312,1,17.0,0.0,2019-03-27,2019-03-26,21.473480224609375,300.4584045410156,2019-03-28,0.07999999821186066,0.0,2019-03-27,0.2910817563533783,1.0,"{""type"":""Point"",""coordinates"":[76.950352,9.890661000000001]}"
532,10,0.7746188640594482,219.3200225830078,2022-03-09,680.5173950195312,1,17.0,0.6599999666213989,2022-03-09,2022-03-08,21.473480224609375,298.3290100097656,2022-03-10,0.0,0.0,2022-03-09,0.2888641357421875,1.0,"{""type"":""Point"",""coordinates"":[76.950352,9.890661000000001]}"
533,10,0.25651031732559204,34.06897735595703,2023-10-23,677.0810546875,1,39.0,2.259999990463257,2023-10-23,2023-10-22,22.48233413696289,295.9051208496094,2023-10-24,21.849998474121094,25.0,2023-10-23,0.46854591369628906,1.0,"{""type"":""Point"",""coordinates"":[76.949922,9.895093]}"
534,10,0.2252262979745865,34.06897735595703,2021-06-03,677.0810546875,1,39.0,1.9799998998641968,2021-06-03,2021-06-02,22.48233413696289,296.4620056152344,2021-06-04,33.93000030517578,25.0,2021-06-03,0.4788227081298828,1.0,"{""type"":""Point"",""coordinates"":[76.949922,9.895093]}"
535,10,0.38291963934898376,90.17938995361328,2022-02-08,592.8932495117188,1,39.0,0.0,2022-02-08,2022-02-07,22.042020797729492,297.27288818359375,2022-02-09,0.019999999552965164,0.0,2022-02-08,0.2891031801700592,39.0,"{""type"":""Point"",""coordinates"":[76.951001,9.897220000000003]}"
536,10,0.05020405352115631,90.17938995361328,2019-10-04,592.8932495117188,1,39.0,4.679999828338623,2019-10-04,2019-10-03,22.042020797729492,296.0245056152344,2019-10-05,0.5900000333786011,0.0,2019-10-04,0.4669278562068939,39.0,"{""type"":""Point"",""coordinates"":[76.951001,9.897220000000003]}"
537,10,0.0341060608625412,221.34010314941406,2021-08-20,573.1408081054688,1,39.0,85.0199966430664,2021-08-20,2021-08-19,27.99854278564453,294.3694152832031,2021-08-21,14.170000076293945,20.83333396911621,2021-08-20,0.4922822415828705,39.0,"{""type"":""Point"",""coordinates"":[76.952945,9.897461999999999]}"
538,10,0.06241380423307419,221.34010314941406,2019-10-02,573.1408081054688,1,39.0,20.20199966430664,2019-10-02,2019-10-01,27.99854278564453,295.3779296875,2019-10-03,26.520000457763672,22.91666603088379,2019-10-02,0.4717801511287689,39.0,"{""type"":""Point"",""coordinates"":[76.952945,9.897461999999999]}"
539,10,0.5197917819023132,222.76235961914062,2023-03-13,581.4010009765625,1,31.0,0.0,2023-03-13,2023-03-12,24.01797103881836,298.45086669921875,2023-03-14,0.0,0.0,2023-03-13,0.28343644738197327,31.0,"{""type"":""Point"",""coordinates"":[76.95168900000002,9.900904000000002]}"
540,10,0.6514104008674622,222.76235961914062,2020-02-22,581.4010009765625,1,31.0,0.0,2020-02-22,2020-02-21,24.01797103881836,297.7786865234375,2020-02-23,0.0,0.0,2020-02-22,0.28112730383872986,31.0,"{""type"":""Point"",""coordinates"":[76.95168900000002,9.900904000000002]}"
541,10,0.29205456376075745,194.59295654296875,2019-12-26,649.8184814453125,1,31.0,0.0,2019-12-26,2019-12-25,25.8272647857666,296.0966491699219,2019-12-27,0.0,0.0,2019-12-26,0.43549981713294983,31.0,"{""type"":""Point"",""coordinates"":[76.952474,9.90259]}"
542,10,0.7001001834869385,194.59295654296875,2019-02-13,649.8184814453125,1,31.0,0.0,2019-02-13,2019-02-12,25.8272647857666,297.2503356933594,2019-02-14,0.0,0.0,2019-02-13,0.36140379309654236,31.0,"{""type"":""Point"",""coordinates"":[76.952474,9.90259]}"
543,10,0.03316561505198479,194.59295654296875,2021-08-03,649.8184814453125,1,31.0,0.0,2021-08-03,2021-08-02,25.8272647857666,295.4698486328125,2021-08-04,0.09999999403953552,0.0,2021-08-03,0.4604460299015045,31.0,"{""type"":""Point"",""coordinates"":[76.952455,9.902491]}"
544,10,0.5713061094284058,194.59295654296875,2022-02-10,649.8184814453125,1,31.0,0.0,2022-02-10,2022-02-09,25.8272647857666,297.05950927734375,2022-02-11,0.0,0.0,2022-02-10,0.2861417233943939,31.0,"{""type"":""Point"",""coordinates"":[76.952455,9.902491]}"
545,10,0.03901347145438194,203.82717895507812,2020-06-26,623.974853515625,1,29.0,22.270000457763672,2020-06-26,2020-06-25,17.984481811523438,295.1446228027344,2020-06-27,0.28999999165534973,0.0,2020-06-26,0.47676149010658264,1.0,"{""type"":""Point"",""coordinates"":[76.950155,9.905261000000001]}"
546,10,0.7603641152381897,203.82717895507812,2019-01-20,623.974853515625,1,29.0,0.0,2019-01-20,2019-01-19,17.984481811523438,294.5730285644531,2019-01-21,1.4499999284744263,2.0833332538604736,2019-01-20,0.2965303957462311,1.0,"{""type"":""Point"",""coordinates"":[76.950155,9.905261000000001]}"
547,10,0.45291200280189514,228.14810180664062,2021-01-02,623.29541015625,1,31.0,1.4490000009536743,2021-01-02,2021-01-01,23.891576766967773,294.63427734375,2021-01-03,0.0,0.0,2021-01-02,0.4550253450870514,1.0,"{""type"":""Point"",""coordinates"":[76.95069,9.904679000000002]}"
548,10,0.07304808497428894,228.14810180664062,2023-07-13,623.29541015625,1,31.0,2.4800000190734863,2023-07-13,2023-07-12,23.891576766967773,295.5871276855469,2023-07-14,7.569999694824219,14.583333015441895,2023-07-13,0.48383331298828125,1.0,"{""type"":""Point"",""coordinates"":[76.95069,9.904679000000002]}"
549,10,0.013585320673882961,261.9403381347656,2021-12-01,655.6296997070312,1,31.0,16.270000457763672,2021-12-01,2021-11-30,29.646509170532227,294.5429382324219,2021-12-02,0.06200000271201134,0.0,2021-12-01,0.4863548278808594,1.0,"{""type"":""Point"",""coordinates"":[76.951299,9.90445]}"
550,10,0.7596625089645386,261.9403381347656,2019-01-12,655.6296997070312,1,31.0,0.0,2019-01-12,2019-01-11,29.646509170532227,294.41607666015625,2019-01-13,0.0,0.0,2019-01-12,0.32463201880455017,1.0,"{""type"":""Point"",""coordinates"":[76.951299,9.90445]}"
551,10,0.08974387496709824,25.33342742919922,2022-05-21,675.2149658203125,1,2.0,19.10999870300293,2022-05-21,2022-05-20,22.984392166137695,295.32415771484375,2022-05-22,4.099999904632568,8.333333015441895,2022-05-21,0.50254887342453,1.0,"{""type"":""Point"",""coordinates"":[76.95475,9.91231]}"
552,10,0.2312387377023697,18.225311279296875,2022-01-29,677.9276123046875,1,2.0,0.0,2022-01-29,2022-01-28,19.325199127197266,296.06878662109375,2022-01-30,0.0,0.0,2022-01-29,0.290393203496933,1.0,"{""type"":""Point"",""coordinates"":[76.9547,9.9123]}"
553,10,0.10289963334798813,34.19593048095703,2021-08-30,546.521240234375,1,78.0,79.63999938964844,2021-08-30,2021-08-29,34.460975646972656,293.615966796875,2021-08-31,2.7199997901916504,2.0833332538604736,2021-08-30,0.4859364926815033,2.0,"{""type"":""Point"",""coordinates"":[76.95879300000001,9.912153]}"
554,10,0.33831313252449036,64.08624267578125,2023-08-25,532.037109375,1,78.0,0.0,2023-08-25,2023-08-24,26.934051513671875,296.1769104003906,2023-08-26,0.0,0.0,2023-08-25,0.4410794675350189,78.0,"{""type"":""Point"",""coordinates"":[76.958298,9.913159]}"
555,10,0.20877204835414886,41.17717361450195,2019-04-30,525.97119140625,1,78.0,884.5199584960938,2019-04-30,2019-04-29,23.087223052978516,298.2474060058594,2019-05-01,1.8199999332427979,4.166666507720947,2019-04-30,0.46952757239341736,78.0,"{""type"":""Point"",""coordinates"":[76.958369,9.915105999999998]}"
556,10,0.4079476296901703,242.66041564941406,2020-12-18,678.6260986328125,1,1.0,3.8399999141693115,2020-12-18,2020-12-17,23.331844329833984,296.0405578613281,2020-12-19,2.309999942779541,4.166666507720947,2020-12-18,0.480145126581192,1.0,"{""type"":""Point"",""coordinates"":[76.948599,9.910368000000002]}"
557,10,0.06408604979515076,242.66041564941406,2023-07-19,678.6260986328125,1,1.0,2.9700000286102295,2023-07-19,2023-07-18,23.331844329833984,296.3450012207031,2023-07-20,12.519999504089355,16.66666603088379,2023-07-19,0.4773292541503906,1.0,"{""type"":""Point"",""coordinates"":[76.948599,9.910368000000002]}"
558,10,0.05363960936665535,47.99789810180664,2021-07-14,698.7755737304688,1,1.0,46.119998931884766,2021-07-14,2021-07-13,24.498355865478516,295.8496398925781,2021-07-15,50.02000045776367,47.91666793823242,2021-07-14,0.5022099614143372,1.0,"{""type"":""Point"",""coordinates"":[76.948985,9.915510000000001]}"
559,10,0.09994402527809143,131.9224853515625,2021-09-11,667.549072265625,1,1.0,0.22999998927116394,2021-09-11,2021-09-10,16.345287322998047,296.400634765625,2021-09-12,11.25999927520752,14.583333015441895,2021-09-11,0.473766952753067,1.0,"{""type"":""Point"",""coordinates"":[76.947298,9.909308999999999]}"
560,10,0.4419684410095215,131.9224853515625,2022-11-30,667.549072265625,1,1.0,0.05999999865889549,2022-11-30,2022-11-29,16.345287322998047,296.2136535644531,2022-12-01,0.0,0.0,2022-11-30,0.48568281531333923,1.0,"{""type"":""Point"",""coordinates"":[76.947298,9.909308999999999]}"
561,10,0.33562710881233215,219.21530151367188,2020-05-07,763.4618530273438,1,27.0,107.45999908447266,2020-05-07,2020-05-06,29.091684341430664,299.544921875,2020-05-08,6.269999980926514,8.333333015441895,2020-05-07,0.47238922119140625,27.0,"{""type"":""Point"",""coordinates"":[76.942367,9.907864]}"
562,10,0.3649240732192993,219.21530151367188,2023-03-21,763.4618530273438,1,27.0,0.0,2023-03-21,2023-03-20,29.091684341430664,298.286865234375,2023-03-22,0.0,0.0,2023-03-21,0.3361116945743561,27.0,"{""type"":""Point"",""coordinates"":[76.942367,9.907864]}"
563,10,0.13996364176273346,51.252044677734375,2019-10-15,675.0664672851562,1,23.0,301.0699768066406,2019-10-15,2019-10-14,23.343564987182617,297.4375,2019-10-16,8.859999656677246,12.5,2019-10-15,0.4745820462703705,23.0,"{""type"":""Point"",""coordinates"":[76.940571,9.906410000000003]}"
564,10,0.18725144863128662,51.252044677734375,2021-06-19,675.0664672851562,1,23.0,183.76998901367188,2021-06-19,2021-06-18,23.343564987182617,296.12677001953125,2021-06-20,2.7799999713897705,6.25,2021-06-19,0.4997507631778717,23.0,"{""type"":""Point"",""coordinates"":[76.940571,9.906410000000003]}"
565,10,0.3767679035663605,57.871315002441406,2022-02-01,778.8157348632812,1,3.0,0.0,2022-02-01,2022-01-31,22.26970863342285,299.31707763671875,2022-02-02,0.013000000268220901,0.0,2022-02-01,0.2844950258731842,1.0,"{""type"":""Point"",""coordinates"":[76.941564,9.903223]}"
566,10,0.5285983681678772,57.871315002441406,2020-03-06,778.8157348632812,1,3.0,0.0,2020-03-06,2020-03-05,22.26970863342285,298.637939453125,2020-03-07,0.0,0.0,2020-03-06,0.39522743225097656,1.0,"{""type"":""Point"",""coordinates"":[76.941564,9.903223]}"
567,10,0.5534052848815918,216.862060546875,2023-05-09,781.8462524414062,1,23.0,17.229999542236328,2023-05-09,2023-05-08,25.22722816467285,297.9726257324219,2023-05-10,23.529998779296875,25.0,2023-05-09,0.46018409729003906,1.0,"{""type"":""Point"",""coordinates"":[76.940116,9.903484]}"
568,10,0.10246957838535309,216.862060546875,2023-07-20,781.8462524414062,1,23.0,12.519999504089355,2023-07-20,2023-07-19,25.22722816467285,296.1326904296875,2023-07-21,1.159999966621399,0.0,2023-07-20,0.48575082421302795,1.0,"{""type"":""Point"",""coordinates"":[76.940116,9.903484]}"
569,10,0.08873739093542099,70.20536041259766,2022-05-14,706.3096923828125,1,20.0,35.599998474121094,2022-05-14,2022-05-13,17.411426544189453,296.650634765625,2022-05-15,18.280000686645508,12.5,2022-05-14,0.4630603790283203,20.0,"{""type"":""Point"",""coordinates"":[76.93379,9.909894]}"
570,10,0.12842385470867157,70.20536041259766,2020-09-13,706.3096923828125,1,20.0,483.3999938964844,2020-09-13,2020-09-12,17.411426544189453,295.4785461425781,2020-09-14,28.18000030517578,31.25,2020-09-13,0.48561224341392517,20.0,"{""type"":""Point"",""coordinates"":[76.93379,9.909894]}"
571,10,0.2412308156490326,36.553741455078125,2023-11-02,710.1436157226562,1,2.0,23.239999771118164,2023-11-02,2023-11-01,24.511962890625,297.0339660644531,2023-11-03,12.089999198913574,12.5,2023-11-02,0.46475791931152344,2.0,"{""type"":""Point"",""coordinates"":[76.931874,9.911125]}"
572,10,0.31491973996162415,36.553741455078125,2023-09-15,710.1436157226562,1,2.0,77.31999969482422,2023-09-15,2023-09-14,24.511962890625,296.4271545410156,2023-09-16,10.519999504089355,10.416666984558105,2023-09-15,0.48910269141197205,2.0,"{""type"":""Point"",""coordinates"":[76.931874,9.911125]}"
573,10,0.02250618115067482,29.895462036132812,2019-08-21,775.839599609375,1,12.0,252.36000061035156,2019-08-21,2019-08-20,32.03813171386719,296.0006408691406,2019-08-22,19.010000228881836,27.08333396911621,2019-08-21,0.48404502868652344,12.0,"{""type"":""Point"",""coordinates"":[76.925932,9.913111999999998]}"
574,10,-8.617909625172615E-4,29.895462036132812,2022-04-28,775.839599609375,1,12.0,0.0,2022-04-28,2022-04-27,32.03813171386719,299.6254577636719,2022-04-29,3.1599998474121094,6.25,2022-04-28,0.45776239037513733,12.0,"{""type"":""Point"",""coordinates"":[76.925932,9.913111999999998]}"
575,30,0.0011162731098011136,33.572181701660156,2020-06-30,802.2366333007812,1,12.0,1071.239990234375,2020-06-30,2020-06-29,29.962553024291992,296.5827331542969,2020-07-01,0.0,0.0,2020-06-30,0.47405943274497986,12.0,"{""type"":""Point"",""coordinates"":[76.925793,9.912777999999998]}"
576,30,0.12023814767599106,33.572181701660156,2019-12-18,802.2366333007812,1,12.0,0.0,2019-12-18,2019-12-17,29.962553024291992,296.7841491699219,2019-12-19,2.6600000858306885,6.25,2019-12-18,0.4505767822265625,12.0,"{""type"":""Point"",""coordinates"":[76.925793,9.912777999999998]}"
577,30,0.5301331281661987,42.79367446899414,2023-01-11,815.2145385742188,1,2.0,0.0,2023-01-11,2023-01-10,34.10715103149414,295.9416198730469,2023-01-12,0.0,0.0,2023-01-11,0.3601773679256439,2.0,"{""type"":""Point"",""coordinates"":[76.930227,9.910149]}"
578,30,-0.009817473590373993,42.79367446899414,2022-08-30,815.2145385742188,1,2.0,42.7599983215332,2022-08-30,2022-08-29,34.10715103149414,296.51776123046875,2022-08-31,105.61000061035156,56.25,2022-08-30,0.4700164794921875,2.0,"{""type"":""Point"",""coordinates"":[76.930227,9.910149]}"
579,30,0.020653806626796722,241.24249267578125,2022-05-25,748.52099609375,1,8.0,13.920000076293945,2022-05-25,2022-05-24,11.859951972961426,296.54345703125,2022-05-26,23.029998779296875,14.583333015441895,2022-05-25,0.49027252197265625,8.0,"{""type"":""Point"",""coordinates"":[76.930077,9.898433999999998]}"
580,30,0.2868351340293884,241.24249267578125,2019-03-09,748.52099609375,1,8.0,0.0,2019-03-09,2019-03-08,11.859951972961426,299.1519470214844,2019-03-10,25.869998931884766,16.66666603088379,2019-03-09,0.32953962683677673,8.0,"{""type"":""Point"",""coordinates"":[76.930077,9.898433999999998]}"
581,10,0.44212332367897034,17.141132354736328,2020-01-11,749.1484375,1,8.0,0.0,2020-01-11,2020-01-10,23.94407081604004,297.15557861328125,2020-01-12,0.0,0.0,2020-01-11,0.3439553678035736,8.0,"{""type"":""Point"",""coordinates"":[76.929553,9.89775]}"
582,10,0.10031869262456894,17.141132354736328,2020-08-03,749.1484375,1,8.0,535.9199829101562,2020-08-03,2020-08-02,23.94407081604004,295.5457458496094,2020-08-04,9.6899995803833,8.333333015441895,2020-08-03,0.4767036437988281,8.0,"{""type"":""Point"",""coordinates"":[76.929553,9.89775]}"
583,10,0.06103990972042084,46.45601272583008,2022-08-22,750.2446899414062,1,5.0,34.82999801635742,2022-08-22,2022-08-21,11.605093955993652,296.3335876464844,2022-08-23,77.79000091552734,70.83333587646484,2022-08-22,0.46717071533203125,3.0,"{""type"":""Point"",""coordinates"":[76.945302,9.901601]}"
584,10,0.08655430376529694,46.45601272583008,2020-09-14,750.2446899414062,1,5.0,84.54000091552734,2020-09-14,2020-09-13,11.605093955993652,295.2795715332031,2020-09-15,19.510000228881836,20.83333396911621,2020-09-14,0.4777304232120514,3.0,"{""type"":""Point"",""coordinates"":[76.945302,9.901601]}"
585,10,0.11038485914468765,199.41212463378906,2022-05-19,677.3383178710938,1,2.0,64.68000030517578,2022-05-19,2022-05-18,18.500551223754883,296.2406005859375,2022-05-20,18.229999542236328,25.0,2022-05-19,0.48693719506263733,2.0,"{""type"":""Point"",""coordinates"":[76.94319700000001,9.894011000000003]}"
586,10,0.12655015289783478,199.41212463378906,2023-10-02,677.3383178710938,1,2.0,115.72000122070312,2023-10-02,2023-10-01,18.500551223754883,295.6914367675781,2023-10-03,8.239999771118164,16.66666603088379,2023-10-02,0.4844461977481842,2.0,"{""type"":""Point"",""coordinates"":[76.94319700000001,9.894011000000003]}"
587,10,0.1280142366886139,187.62762451171875,2020-08-06,665.9669189453125,1,2.0,29.279998779296875,2020-08-06,2020-08-05,17.816696166992188,295.68731689453125,2020-08-07,48.59000015258789,41.66666793823242,2020-08-06,0.47470855712890625,2.0,"{""type"":""Point"",""coordinates"":[76.944169,9.893499]}"
588,10,0.007712039165198803,187.62762451171875,2021-12-01,665.9669189453125,1,2.0,28.259998321533203,2021-12-01,2021-11-30,17.816696166992188,295.8354187011719,2021-12-02,0.06200000271201134,0.0,2021-12-01,0.4695962369441986,2.0,"{""type"":""Point"",""coordinates"":[76.944169,9.893499]}"
589,10,0.3573686182498932,66.39862060546875,2021-01-03,714.6102905273438,1,2.0,0.0,2021-01-03,2021-01-02,33.389625549316406,296.28448486328125,2021-01-04,0.0,0.0,2021-01-03,0.4414939880371094,2.0,"{""type"":""Point"",""coordinates"":[76.942487,9.892668]}"
590,10,0.4276506006717682,66.39862060546875,2019-04-11,714.6102905273438,1,2.0,0.0,2019-04-11,2019-04-10,33.389625549316406,300.99896240234375,2019-04-12,0.0,0.0,2019-04-11,0.3793811798095703,2.0,"{""type"":""Point"",""coordinates"":[76.942487,9.892668]}"
591,10,0.6518231630325317,26.04989242553711,2021-03-28,718.6103515625,1,14.0,6.599999904632568,2021-03-28,2021-03-27,22.196731567382812,300.2604064941406,2021-03-29,13.130000114440918,16.66666603088379,2021-03-28,0.3415934145450592,2.0,"{""type"":""Point"",""coordinates"":[76.942919,9.891689000000001]}"
592,10,0.12118551135063171,26.04989242553711,2020-06-03,718.6103515625,1,14.0,28.84000015258789,2020-06-03,2020-06-02,22.196731567382812,296.7922668457031,2020-06-04,1.4199999570846558,0.0,2020-06-03,0.4679088592529297,2.0,"{""type"":""Point"",""coordinates"":[76.942919,9.891689000000001]}"
593,10,0.7767155170440674,36.35117721557617,2021-03-09,691.5833740234375,1,14.0,0.0,2021-03-09,2021-03-08,31.20206642150879,299.9617919921875,2021-03-10,0.6200000047683716,2.0833332538604736,2021-03-09,0.3064708709716797,2.0,"{""type"":""Point"",""coordinates"":[76.943759,9.891847]}"
594,10,0.23741354048252106,36.35117721557617,2023-08-20,691.5833740234375,1,14.0,0.7199999690055847,2023-08-20,2023-08-19,31.20206642150879,296.78790283203125,2023-08-21,0.0,0.0,2023-08-20,0.4521878659725189,2.0,"{""type"":""Point"",""coordinates"":[76.943759,9.891847]}"
595,10,0.43996748328208923,239.47705078125,2023-02-23,665.040771484375,1,2.0,0.0,2023-02-23,2023-02-22,17.90843963623047,297.60809326171875,2023-02-24,0.0,0.0,2023-02-23,0.34693145751953125,2.0,"{""type"":""Point"",""coordinates"":[76.945297,9.893104]}"
596,10,0.0907905325293541,239.47705078125,2023-10-02,665.040771484375,1,2.0,115.72000122070312,2023-10-02,2023-10-01,17.90843963623047,295.6914367675781,2023-10-03,8.239999771118164,16.66666603088379,2023-10-02,0.4844461977481842,2.0,"{""type"":""Point"",""coordinates"":[76.945297,9.893104]}"
597,10,0.02095813676714897,248.72161865234375,2019-10-01,675.7699584960938,1,2.0,115.5199966430664,2019-10-01,2019-09-30,16.95626449584961,296.7488708496094,2019-10-02,0.5180000066757202,2.0833332538604736,2019-10-01,0.4780801236629486,2.0,"{""type"":""Point"",""coordinates"":[76.945534,9.893083999999998]}"
598,10,0.027877213433384895,248.72161865234375,2020-07-03,675.7699584960938,1,2.0,87.68000030517578,2020-07-03,2020-07-02,16.95626449584961,297.03125,2020-07-04,70.75,47.91666793823242,2020-07-03,0.48615074157714844,2.0,"{""type"":""Point"",""coordinates"":[76.945534,9.893083999999998]}"
599,10,0.20895083248615265,232.95721435546875,2023-09-29,686.1310424804688,1,17.0,43.459999084472656,2023-09-29,2023-09-28,23.98085594177246,296.1070556640625,2023-09-30,50.93000030517578,60.41666793823242,2023-09-29,0.49353155493736267,1.0,"{""type"":""Point"",""coordinates"":[76.947289,9.892251]}"
600,10,0.30267882347106934,232.95721435546875,2022-10-27,686.1310424804688,1,17.0,9.00999927520752,2022-10-27,2022-10-26,23.98085594177246,296.93145751953125,2022-10-28,0.0,0.0,2022-10-27,0.453167587518692,1.0,"{""type"":""Point"",""coordinates"":[76.947289,9.892251]}"
601,10,0.5369983911514282,45.045875549316406,2023-03-10,747.6278076171875,1,1.0,0.0,2023-03-10,2023-03-09,30.911705017089844,299.70526123046875,2023-03-11,0.0,0.0,2023-03-10,0.28793779015541077,1.0,"{""type"":""Point"",""coordinates"":[76.944573,9.886110999999998]}"
602,10,0.20027288794517517,45.045875549316406,2021-05-06,747.6278076171875,1,1.0,0.17000000178813934,2021-05-06,2021-05-05,30.911705017089844,298.70849609375,2021-05-07,8.170000076293945,4.166666507720947,2021-05-06,0.4431985318660736,1.0,"{""type"":""Point"",""coordinates"":[76.944573,9.886110999999998]}"
603,10,0.055259570479393005,235.49961853027344,2019-06-30,676.11572265625,1,1.0,0.0,2019-06-30,2019-06-29,19.461688995361328,297.4971008300781,2019-07-01,6.079999923706055,8.333333015441895,2019-06-30,0.4792461395263672,1.0,"{""type"":""Point"",""coordinates"":[76.942413,9.884641000000002]}"
604,10,0.26893311738967896,235.49961853027344,2022-01-11,676.11572265625,1,1.0,17.28999900817871,2022-01-11,2022-01-10,19.461688995361328,297.6894226074219,2022-01-12,0.0,0.0,2022-01-11,0.3185354769229889,1.0,"{""type"":""Point"",""coordinates"":[76.942413,9.884641000000002]}"
605,10,0.02563297748565674,10.485445976257324,2021-11-22,724.0768432617188,1,14.0,0.0,2021-11-22,2021-11-21,23.597375869750977,295.6899719238281,2021-11-23,23.84000015258789,20.83333396911621,2021-11-22,0.4794839322566986,14.0,"{""type"":""Point"",""coordinates"":[76.942609,9.888654]}"
606,10,0.06680287420749664,10.485445976257324,2021-08-01,724.0768432617188,1,14.0,19.739999771118164,2021-08-01,2021-07-31,23.597375869750977,296.6880187988281,2021-08-02,1.2109999656677246,2.0833332538604736,2021-08-01,0.47595787048339844,14.0,"{""type"":""Point"",""coordinates"":[76.942609,9.888654]}"
607,10,0.14321282505989075,65.99999237060547,2021-11-14,708.6663818359375,1,14.0,121.23999786376953,2021-11-14,2021-11-13,29.613094329833984,295.71533203125,2021-11-15,25.760000228881836,37.5,2021-11-14,0.4869728088378906,14.0,"{""type"":""Point"",""coordinates"":[76.942485,9.889151]}"
608,10,0.5180494785308838,65.99999237060547,2019-03-14,708.6663818359375,1,14.0,0.0,2019-03-14,2019-03-13,29.613094329833984,300.39947509765625,2019-03-15,1.0799999237060547,2.0833332538604736,2019-03-14,0.32519975304603577,14.0,"{""type"":""Point"",""coordinates"":[76.942485,9.889151]}"
609,10,0.7942665815353394,144.88717651367188,2023-03-13,713.9208374023438,1,14.0,0.0,2023-03-13,2023-03-12,19.415781021118164,300.0362243652344,2023-03-14,0.0,0.0,2023-03-13,0.2883949279785156,14.0,"{""type"":""Point"",""coordinates"":[76.942208,9.890111]}"
610,10,0.0911949947476387,144.88717651367188,2022-09-23,713.9208374023438,1,14.0,0.0,2022-09-23,2022-09-22,19.415781021118164,296.4730529785156,2022-09-24,0.0,0.0,2022-09-23,0.43179383873939514,14.0,"{""type"":""Point"",""coordinates"":[76.942208,9.890111]}"
611,10,0.2054140865802765,213.6377410888672,2021-07-09,764.095947265625,1,13.0,860.0799560546875,2021-07-09,2021-07-08,27.81024932861328,297.58538818359375,2021-07-10,53.80999755859375,50.0,2021-07-09,0.4757436215877533,13.0,"{""type"":""Point"",""coordinates"":[76.940489,9.889243999999998]}"
612,10,0.28747546672821045,213.6377410888672,2023-04-03,764.095947265625,1,13.0,2.7300000190734863,2023-04-03,2023-04-02,27.81024932861328,298.183349609375,2023-04-04,34.25,27.08333396911621,2023-04-03,0.4135793149471283,13.0,"{""type"":""Point"",""coordinates"":[76.940489,9.889243999999998]}"
613,10,0.6620398163795471,56.89731979370117,2021-03-15,682.8109741210938,1,13.0,0.0,2021-03-15,2021-03-14,19.61273765563965,300.17108154296875,2021-03-16,0.0,0.0,2021-03-15,0.3119468688964844,13.0,"{""type"":""Point"",""coordinates"":[76.939412,9.887515]}"
614,10,0.3837791681289673,56.89731979370117,2023-12-24,682.8109741210938,1,13.0,0.0,2023-12-24,2023-12-23,19.61273765563965,296.42425537109375,2023-12-25,0.0,0.0,2023-12-24,0.46241822838783264,13.0,"{""type"":""Point"",""coordinates"":[76.939412,9.887515]}"
615,10,0.6641027927398682,68.60818481445312,2020-03-22,686.7610473632812,1,13.0,167.30999755859375,2020-03-22,2020-03-21,25.898244857788086,300.7003173828125,2020-03-23,0.0,0.0,2020-03-22,0.32448577880859375,13.0,"{""type"":""Point"",""coordinates"":[76.93925,9.887905]}"
616,10,0.6494395732879639,68.60818481445312,2022-03-13,686.7610473632812,1,13.0,0.0,2022-03-13,2022-03-12,25.898244857788086,300.1978759765625,2022-03-14,0.0,0.0,2022-03-13,0.28595924377441406,13.0,"{""type"":""Point"",""coordinates"":[76.93925,9.887905]}"
617,10,0.33141443133354187,275.00213623046875,2019-04-17,732.5783081054688,1,13.0,131.3000030517578,2019-04-17,2019-04-16,29.76417350769043,301.0955810546875,2019-04-18,5.609999656677246,10.416666984558105,2019-04-17,0.32994651794433594,13.0,"{""type"":""Point"",""coordinates"":[76.939309,9.890173]}"
618,10,0.08620602637529373,275.00213623046875,2021-07-31,732.5783081054688,1,13.0,0.0,2021-07-31,2021-07-30,29.76417350769043,296.4253845214844,2021-08-01,1.409999966621399,0.0,2021-07-31,0.4800961911678314,13.0,"{""type"":""Point"",""coordinates"":[76.939309,9.890173]}"
619,10,0.07373389601707458,354.40594482421875,2020-08-17,705.4169311523438,1,13.0,67.20999908447266,2020-08-17,2020-08-16,33.2044677734375,296.7707824707031,2020-08-18,1.4499999284744263,4.166666507720947,2020-08-17,0.46007537841796875,13.0,"{""type"":""Point"",""coordinates"":[76.938295,9.888335000000001]}"
620,10,0.05115813389420509,354.40594482421875,2020-07-26,705.4169311523438,1,13.0,2.859999895095825,2020-07-26,2020-07-25,33.2044677734375,296.861572265625,2020-07-27,7.939999580383301,8.333333015441895,2020-07-26,0.4883003234863281,13.0,"{""type"":""Point"",""coordinates"":[76.938295,9.888335000000001]}"
621,10,0.6894798874855042,57.49128723144531,2020-03-18,698.1923828125,1,13.0,0.0,2020-03-18,2020-03-17,23.46198844909668,301.04730224609375,2020-03-19,0.0,0.0,2020-03-18,0.3299528658390045,13.0,"{""type"":""Point"",""coordinates"":[76.938879,9.888332]}"
622,10,0.35212481021881104,57.49128723144531,2022-01-10,698.1923828125,1,13.0,69.67999267578125,2022-01-10,2022-01-09,23.46198844909668,297.7607727050781,2022-01-11,17.28999900817871,16.66666603088379,2022-01-10,0.31656646728515625,13.0,"{""type"":""Point"",""coordinates"":[76.938879,9.888332]}"
623,10,0.3553626537322998,220.78668212890625,2023-12-30,679.155517578125,1,7.0,1.8899999856948853,2023-12-30,2023-12-29,15.213441848754883,297.7582702636719,2023-12-31,0.0,0.0,2023-12-30,0.40388360619544983,7.0,"{""type"":""Point"",""coordinates"":[76.936957,9.883958]}"
624,10,0.021792912855744362,220.78668212890625,2022-07-19,679.155517578125,1,7.0,115.00999450683594,2022-07-19,2022-07-18,15.213441848754883,295.74371337890625,2022-07-20,10.65999984741211,8.333333015441895,2022-07-19,0.49984678626060486,7.0,"{""type"":""Point"",""coordinates"":[76.936957,9.883958]}"
625,10,0.4573473632335663,31.68038558959961,2023-04-28,669.73388671875,1,13.0,26.260000228881836,2023-04-28,2023-04-27,17.179481506347656,299.42706298828125,2023-04-29,12.75999927520752,25.0,2023-04-28,0.43138566613197327,1.0,"{""type"":""Point"",""coordinates"":[76.94032,9.886859]}"
626,10,0.02672785148024559,31.68038558959961,2019-08-12,669.73388671875,1,13.0,15.59999942779541,2019-08-12,2019-08-11,17.179481506347656,295.1748046875,2019-08-13,4.989999771118164,8.333333015441895,2019-08-12,0.5015652775764465,1.0,"{""type"":""Point"",""coordinates"":[76.94032,9.886859]}"
627,10,0.17872674763202667,31.68038558959961,2021-01-25,669.73388671875,1,13.0,0.0,2021-01-25,2021-01-24,17.179481506347656,296.22222900390625,2021-01-26,0.0,0.0,2021-01-25,0.48089852929115295,1.0,"{""type"":""Point"",""coordinates"":[76.940321,9.887022]}"
628,10,0.02406337298452854,31.68038558959961,2021-11-24,669.73388671875,1,13.0,56.779998779296875,2021-11-24,2021-11-23,17.179481506347656,296.4304504394531,2021-11-25,12.229999542236328,18.75,2021-11-24,0.49346670508384705,1.0,"{""type"":""Point"",""coordinates"":[76.940321,9.887022]}"
629,10,0.016659576445817947,198.98251342773438,2019-09-29,676.5057983398438,1,11.0,4.199999809265137,2019-09-29,2019-09-28,14.08625602722168,296.7870788574219,2019-09-30,22.979999542236328,20.83333396911621,2019-09-29,0.48569169640541077,7.0,"{""type"":""Point"",""coordinates"":[76.937339,9.883748]}"
630,10,0.13548092544078827,198.98251342773438,2022-09-12,676.5057983398438,1,11.0,48.5099983215332,2022-09-12,2022-09-11,14.08625602722168,295.7526550292969,2022-09-13,0.0,0.0,2022-09-12,0.4942900240421295,7.0,"{""type"":""Point"",""coordinates"":[76.937339,9.883748]}"
631,10,0.17459695041179657,232.14817810058594,2023-04-18,665.6714477539062,1,19.0,0.0,2023-04-18,2023-04-17,28.572839736938477,300.4715270996094,2023-04-19,0.0,0.0,2023-04-18,0.33447709679603577,2.0,"{""type"":""Point"",""coordinates"":[76.941285,9.878944]}"
632,10,0.03314606472849846,232.14817810058594,2023-08-10,665.6714477539062,1,19.0,23.3799991607666,2023-08-10,2023-08-09,28.572839736938477,297.26226806640625,2023-08-11,0.6499999761581421,2.0833332538604736,2023-08-10,0.4548664093017578,2.0,"{""type"":""Point"",""coordinates"":[76.941285,9.878944]}"
633,10,0.1788700371980667,40.45282745361328,2023-10-14,647.9448852539062,1,11.0,26.479999542236328,2023-10-14,2023-10-13,9.346559524536133,296.960693359375,2023-10-15,47.29999923706055,33.33333206176758,2023-10-14,0.47425779700279236,2.0,"{""type"":""Point"",""coordinates"":[76.940757,9.878974000000001]}"
634,10,0.36457720398902893,40.45282745361328,2021-04-06,647.9448852539062,1,11.0,0.8600000143051147,2021-04-06,2021-04-05,9.346559524536133,299.5877685546875,2021-04-07,0.0,0.0,2021-04-06,0.3665975034236908,2.0,"{""type"":""Point"",""coordinates"":[76.940757,9.878974000000001]}"
635,10,0.31698691844940186,202.42813110351562,2022-01-13,711.81201171875,1,19.0,0.0,2022-01-13,2022-01-12,32.05804443359375,297.6532897949219,2022-01-14,0.0,0.0,2022-01-13,0.3104667663574219,19.0,"{""type"":""Point"",""coordinates"":[76.943437,9.879103]}"
636,10,0.5624547004699707,202.42813110351562,2019-04-20,711.81201171875,1,19.0,687.22998046875,2019-04-20,2019-04-19,32.05804443359375,299.4522705078125,2019-04-21,28.17999839782715,22.91666603088379,2019-04-20,0.4730497896671295,19.0,"{""type"":""Point"",""coordinates"":[76.943437,9.879103]}"
637,10,0.14336173236370087,214.68582153320312,2020-09-29,714.974609375,1,19.0,20.43000030517578,2020-09-29,2020-09-28,20.71872901916504,296.462158203125,2020-09-30,11.380000114440918,16.66666603088379,2020-09-29,0.487164169549942,1.0,"{""type"":""Point"",""coordinates"":[76.942803,9.879757000000001]}"
638,10,0.7413730025291443,214.68582153320312,2023-05-09,714.974609375,1,19.0,19.3799991607666,2023-05-09,2023-05-08,20.71872901916504,297.9726257324219,2023-05-10,33.029998779296875,27.08333396911621,2023-05-09,0.46018409729003906,1.0,"{""type"":""Point"",""coordinates"":[76.942803,9.879757000000001]}"
639,10,0.11794637143611908,211.50576782226562,2022-08-24,719.794189453125,1,11.0,45.59000015258789,2022-08-24,2022-08-23,19.50301170349121,295.0090026855469,2022-08-25,22.25,39.58333206176758,2022-08-24,0.4840475618839264,1.0,"{""type"":""Point"",""coordinates"":[76.942296,9.880267000000002]}"
640,10,0.23873266577720642,211.50576782226562,2021-02-07,719.794189453125,1,11.0,0.0,2021-02-07,2021-02-06,19.50301170349121,297.1230163574219,2021-02-08,0.18000000715255737,0.0,2021-02-07,0.36834844946861267,1.0,"{""type"":""Point"",""coordinates"":[76.942296,9.880267000000002]}"
641,10,0.11597613245248795,187.58966064453125,2021-01-29,672.5496215820312,1,1.0,0.5600000023841858,2021-01-29,2021-01-28,22.710702896118164,295.0044860839844,2021-01-30,0.0,0.0,2021-01-29,0.428112655878067,1.0,"{""type"":""Point"",""coordinates"":[76.943862,9.883159]}"
642,10,0.14376303553581238,187.58966064453125,2020-05-19,672.5496215820312,1,1.0,10.539999961853027,2020-05-19,2020-05-18,22.710702896118164,296.88751220703125,2020-05-20,28.44999885559082,16.66666603088379,2020-05-19,0.48192277550697327,1.0,"{""type"":""Point"",""coordinates"":[76.943862,9.883159]}"
643,10,0.17739149928092957,211.0531005859375,2023-08-24,684.0626220703125,1,1.0,2.009999990463257,2023-08-24,2023-08-23,19.61223602294922,297.8443908691406,2023-08-25,0.0,0.0,2023-08-24,0.44393983483314514,1.0,"{""type"":""Point"",""coordinates"":[76.944692,9.883218000000003]}"
644,10,0.37748363614082336,211.0531005859375,2022-01-25,684.0626220703125,1,1.0,0.0,2022-01-25,2022-01-24,19.61223602294922,296.8347473144531,2022-01-26,0.0,0.0,2022-01-25,0.2839927673339844,1.0,"{""type"":""Point"",""coordinates"":[76.944692,9.883218000000003]}"
645,10,0.12531344592571259,64.98316955566406,2019-07-18,657.9235229492188,1,23.0,0.06999999284744263,2019-07-18,2019-07-17,28.475299835205078,295.9460754394531,2019-07-19,202.09999084472656,64.58333587646484,2019-07-18,0.4733085632324219,1.0,"{""type"":""Point"",""coordinates"":[76.946448,9.879456000000001]}"
646,10,0.448296457529068,64.98316955566406,2023-02-27,657.9235229492188,1,23.0,0.0,2023-02-27,2023-02-26,28.475299835205078,297.5025939941406,2023-02-28,0.0,0.0,2023-02-27,0.32474327087402344,1.0,"{""type"":""Point"",""coordinates"":[76.946448,9.879456000000001]}"
647,10,0.5164839625358582,64.98316955566406,2019-02-28,657.9235229492188,1,23.0,0.14999999105930328,2019-02-28,2019-02-27,28.475299835205078,298.7477111816406,2019-03-01,0.0,0.0,2019-02-28,0.29566001892089844,1.0,"{""type"":""Point"",""coordinates"":[76.946448,9.879456000000001]}"
648,10,0.183374285697937,64.98316955566406,2023-10-15,657.9235229492188,1,23.0,47.29999923706055,2023-10-15,2023-10-14,28.475299835205078,296.873779296875,2023-10-16,57.709999084472656,37.5,2023-10-15,0.4835033416748047,1.0,"{""type"":""Point"",""coordinates"":[76.946448,9.879456000000001]}"
649,10,0.09406493604183197,70.37566375732422,2021-08-14,673.6082153320312,1,23.0,21.729999542236328,2021-08-14,2021-08-13,26.859268188476562,295.4962158203125,2021-08-15,18.56999969482422,22.91666603088379,2021-08-14,0.48051008582115173,1.0,"{""type"":""Point"",""coordinates"":[76.945965,9.879549]}"
650,10,0.22919528186321259,70.37566375732422,2020-11-13,673.6082153320312,1,23.0,12.479999542236328,2020-11-13,2020-11-12,26.859268188476562,297.47894287109375,2020-11-14,21.189998626708984,14.583333015441895,2020-11-13,0.4677378237247467,1.0,"{""type"":""Point"",""coordinates"":[76.945965,9.879549]}"
651,10,0.1254766434431076,221.28890991210938,2020-06-18,617.5975341796875,1,23.0,77.32999420166016,2020-06-18,2020-06-17,33.67634201049805,297.2928161621094,2020-06-19,0.4399999976158142,0.0,2020-06-18,0.4761403501033783,19.0,"{""type"":""Point"",""coordinates"":[76.94566800000001,9.876984000000002]}"
652,10,0.5999120473861694,221.28890991210938,2020-02-02,617.5975341796875,1,23.0,0.34200000762939453,2020-02-02,2020-02-01,33.67634201049805,299.3370056152344,2020-02-03,0.0,0.0,2020-02-02,0.2840849459171295,19.0,"{""type"":""Point"",""coordinates"":[76.94566800000001,9.876984000000002]}"
653,10,0.4770576059818268,346.8863830566406,2023-09-12,852.3912963867188,1,1.0,2.869999885559082,2023-09-12,2023-09-11,28.254880905151367,295.6070556640625,2023-09-13,0.5099999904632568,0.0,2023-09-12,0.4862886965274811,1.0,"{""type"":""Point"",""coordinates"":[76.942668,9.872228]}"
654,10,0.14912384748458862,346.8863830566406,2019-12-08,852.3912963867188,1,1.0,0.0,2019-12-08,2019-12-07,28.254880905151367,296.4873352050781,2019-12-09,0.0,0.0,2019-12-08,0.4750175476074219,1.0,"{""type"":""Point"",""coordinates"":[76.942668,9.872228]}"
655,10,0.05576692894101143,79.80342864990234,2019-09-25,817.317138671875,1,2.0,20.239999771118164,2019-09-25,2019-09-24,27.913846969604492,295.76287841796875,2019-09-26,7.789999961853027,14.583333015441895,2019-09-25,0.47698721289634705,1.0,"{""type"":""Point"",""coordinates"":[76.945512,9.869147]}"
656,10,0.10313466191291809,79.80342864990234,2020-10-02,817.317138671875,1,2.0,0.242000013589859,2020-10-02,2020-10-01,27.913846969604492,296.26641845703125,2020-10-03,0.5299999713897705,2.0833332538604736,2020-10-02,0.46916642785072327,1.0,"{""type"":""Point"",""coordinates"":[76.945512,9.869147]}"
657,10,0.10380686074495316,69.07642364501953,2021-01-13,799.2899169921875,1,2.0,11.679999351501465,2021-01-13,2021-01-12,29.18267822265625,295.2591857910156,2021-01-14,82.5199966430664,45.83333206176758,2021-01-13,0.4874483644962311,1.0,"{""type"":""Point"",""coordinates"":[76.945649,9.869201]}"
658,10,0.23569302260875702,69.07642364501953,2023-09-28,799.2899169921875,1,2.0,24.31999969482422,2023-09-28,2023-09-27,29.18267822265625,296.6005859375,2023-09-29,43.459999084472656,39.58333206176758,2023-09-28,0.47623634338378906,1.0,"{""type"":""Point"",""coordinates"":[76.945649,9.869201]}"
659,10,0.13503164052963257,57.9996337890625,2021-09-14,736.119384765625,1,5.0,108.0999984741211,2021-09-14,2021-09-13,32.1825065612793,295.6893615722656,2021-09-15,0.5499999523162842,0.0,2021-09-14,0.5045731663703918,5.0,"{""type"":""Point"",""coordinates"":[76.946557,9.865372]}"
660,10,0.6318110227584839,57.9996337890625,2019-02-25,736.119384765625,1,5.0,0.0,2019-02-25,2019-02-24,32.1825065612793,299.5617370605469,2019-02-26,0.0,0.0,2019-02-25,0.2891286313533783,5.0,"{""type"":""Point"",""coordinates"":[76.946557,9.865372]}"
661,10,0.5074607133865356,159.78323364257812,2023-09-01,729.4517211914062,1,5.0,53.70000076293945,2023-09-01,2023-08-31,21.3926944732666,297.4172058105469,2023-09-02,28.809999465942383,18.75,2023-09-01,0.4847348630428314,2.0,"{""type"":""Point"",""coordinates"":[76.946165,9.86692]}"
662,10,0.17155231535434723,159.78323364257812,2023-04-13,729.4517211914062,1,5.0,1.2400000095367432,2023-04-13,2023-04-12,21.3926944732666,300.2408752441406,2023-04-14,0.0,0.0,2023-04-13,0.37160491943359375,2.0,"{""type"":""Point"",""coordinates"":[76.946165,9.86692]}"
663,10,0.10245008021593094,247.341796875,2019-07-19,776.1234130859375,1,3.0,606.2999877929688,2019-07-19,2019-07-18,20.982877731323242,295.4843444824219,2019-07-20,81.63999938964844,72.91666412353516,2019-07-19,0.4880695343017578,3.0,"{""type"":""Point"",""coordinates"":[76.943504,9.865606]}"
664,10,0.7970713973045349,247.341796875,2021-03-15,776.1234130859375,1,3.0,0.0,2021-03-15,2021-03-14,20.982877731323242,300.17108154296875,2021-03-16,0.0,0.0,2021-03-15,0.3119468688964844,3.0,"{""type"":""Point"",""coordinates"":[76.943504,9.865606]}"
665,10,0.03329945728182793,246.9578399658203,2023-08-10,735.4815673828125,1,5.0,58.44999694824219,2023-08-10,2023-08-09,23.50982666015625,297.26226806640625,2023-08-11,0.6499999761581421,2.0833332538604736,2023-08-10,0.4548664093017578,5.0,"{""type"":""Point"",""coordinates"":[76.9405,9.870956999999999]}"
666,10,0.3352034091949463,246.9578399658203,2023-06-17,735.4815673828125,1,5.0,0.0,2023-06-17,2023-06-16,23.50982666015625,297.67364501953125,2023-06-18,0.5299999713897705,0.0,2023-06-17,0.46791139245033264,5.0,"{""type"":""Point"",""coordinates"":[76.9405,9.870956999999999]}"
667,10,0.8278277516365051,57.52948760986328,2023-01-29,766.8029174804688,1,5.0,0.0,2023-01-29,2023-01-28,29.270647048950195,295.92047119140625,2023-01-30,0.0,0.0,2023-01-29,0.37856802344322205,5.0,"{""type"":""Point"",""coordinates"":[76.939607,9.871007]}"
668,10,0.759785532951355,57.52948760986328,2022-03-14,766.8029174804688,1,5.0,0.0,2022-03-14,2022-03-13,29.270647048950195,300.58697509765625,2022-03-15,0.0,0.0,2022-03-14,0.283428817987442,5.0,"{""type"":""Point"",""coordinates"":[76.939607,9.871007]}"
669,10,0.06961482763290405,1.0487816333770752,2019-11-15,731.2489013671875,1,5.0,0.0,2019-11-15,2019-11-14,19.334957122802734,297.19647216796875,2019-11-16,11.769999504089355,12.5,2019-11-15,0.47372183203697205,5.0,"{""type"":""Point"",""coordinates"":[76.938318,9.871991000000001]}"
670,10,0.21313133835792542,1.0487816333770752,2021-04-16,731.2489013671875,1,5.0,146.59999084472656,2021-04-16,2021-04-15,19.334957122802734,297.17669677734375,2021-04-17,2.299999952316284,4.166666507720947,2021-04-16,0.47311973571777344,5.0,"{""type"":""Point"",""coordinates"":[76.938318,9.871991000000001]}"
671,10,-0.004720719531178474,145.66705322265625,2022-05-26,735.3690795898438,1,5.0,115.14999389648438,2022-05-26,2022-05-25,18.22060775756836,297.22637939453125,2022-05-27,9.630000114440918,4.166666507720947,2022-05-26,0.4885711669921875,5.0,"{""type"":""Point"",""coordinates"":[76.9381,9.872109999999997]}"
672,10,0.2711945176124573,145.66705322265625,2021-04-10,735.3690795898438,1,5.0,0.0,2021-04-10,2021-04-09,18.22060775756836,298.99212646484375,2021-04-11,6.149999618530273,8.333333015441895,2021-04-10,0.42307791113853455,5.0,"{""type"":""Point"",""coordinates"":[76.9381,9.872109999999997]}"
673,10,0.7373493313789368,60.52082824707031,2021-03-26,743.1012573242188,1,5.0,4.099999904632568,2021-03-26,2021-03-25,27.074050903320312,299.4831848144531,2021-03-27,0.019999999552965164,0.0,2021-03-26,0.35064443945884705,5.0,"{""type"":""Point"",""coordinates"":[76.939682,9.871423000000002]}"
674,10,0.24508468806743622,60.52082824707031,2023-04-01,743.1012573242188,1,5.0,0.0,2023-04-01,2023-03-31,27.074050903320312,299.5036926269531,2023-04-02,1.6729999780654907,0.0,2023-04-01,0.37583479285240173,5.0,"{""type"":""Point"",""coordinates"":[76.939682,9.871423000000002]}"
675,10,0.05665988475084305,313.8041076660156,2019-11-15,721.0752563476562,1,5.0,0.0,2019-11-15,2019-11-14,6.721625328063965,297.19647216796875,2019-11-16,11.769999504089355,12.5,2019-11-15,0.47372183203697205,5.0,"{""type"":""Point"",""coordinates"":[76.93986,9.872172]}"
676,10,0.1351119726896286,313.8041076660156,2022-04-23,721.0752563476562,1,5.0,68.69999694824219,2022-04-23,2022-04-22,6.721625328063965,298.6853942871094,2022-04-24,11.639999389648438,18.75,2022-04-23,0.4792143404483795,5.0,"{""type"":""Point"",""coordinates"":[76.93986,9.872172]}"
677,10,0.08398005366325378,240.32635498046875,2020-08-01,733.5494995117188,1,5.0,488.5,2020-08-01,2020-07-31,20.38416862487793,296.1492919921875,2020-08-02,17.656999588012695,22.91666603088379,2020-08-01,0.4800790250301361,5.0,"{""type"":""Point"",""coordinates"":[76.940195,9.871863000000001]}"
678,10,0.06624715030193329,237.77203369140625,2019-10-27,729.9688720703125,1,5.0,64.5,2019-10-27,2019-10-26,9.418423652648926,295.9709777832031,2019-10-28,31.189998626708984,25.0,2019-10-27,0.4920565187931061,5.0,"{""type"":""Point"",""coordinates"":[76.940285,9.871600000000003]}"
679,10,0.01154869981110096,237.77203369140625,2019-08-10,729.9688720703125,1,5.0,224.14999389648438,2019-08-10,2019-08-09,9.418423652648926,295.4529113769531,2019-08-11,70.3699951171875,81.25,2019-08-10,0.4873046875,5.0,"{""type"":""Point"",""coordinates"":[76.940285,9.871600000000003]}"
680,10,0.19873513281345367,240.32635498046875,2019-12-13,733.5494995117188,1,5.0,20.600000381469727,2019-12-13,2019-12-12,20.38416862487793,296.8136901855469,2019-12-14,0.0,0.0,2019-12-13,0.4877338409423828,5.0,"{""type"":""Point"",""coordinates"":[76.940195,9.871863000000001]}"
681,10,0.33774518966674805,119.76358795166016,2020-04-09,716.680908203125,1,5.0,11.550000190734863,2020-04-09,2020-04-08,31.22523307800293,299.275634765625,2020-04-10,3.5299999713897705,6.25,2020-04-09,0.4310722351074219,5.0,"{""type"":""Point"",""coordinates"":[76.940261,9.873797000000001]}"
682,10,0.08990815281867981,119.76358795166016,2019-06-06,716.680908203125,1,5.0,289.04998779296875,2019-06-06,2019-06-05,31.22523307800293,297.615966796875,2019-06-07,0.0,0.0,2019-06-06,0.4544931948184967,5.0,"{""type"":""Point"",""coordinates"":[76.940261,9.873797000000001]}"
683,10,0.1999226212501526,155.5251007080078,2019-11-28,729.1363525390625,1,5.0,1.399999976158142,2019-11-28,2019-11-27,22.760417938232422,297.7758483886719,2019-11-29,2.619999885559082,4.166666507720947,2019-11-28,0.4636726379394531,5.0,"{""type"":""Point"",""coordinates"":[76.939585,9.873421000000002]}"
684,10,0.07012178003787994,155.5251007080078,2023-07-22,729.1363525390625,1,5.0,8.649999618530273,2023-07-22,2023-07-21,22.760417938232422,296.66070556640625,2023-07-23,0.3799999952316284,0.0,2023-07-22,0.5091762542724609,5.0,"{""type"":""Point"",""coordinates"":[76.939585,9.873421000000002]}"
685,10,0.05603602156043053,154.66622924804688,2023-08-04,723.6114501953125,1,5.0,0.0,2023-08-04,2023-08-03,28.686546325683594,297.1533203125,2023-08-05,0.0,0.0,2023-08-04,0.4572061002254486,5.0,"{""type"":""Point"",""coordinates"":[76.939695,9.873529000000001]}"
686,10,0.7491190433502197,154.66622924804688,2023-01-24,723.6114501953125,1,5.0,17.049999237060547,2023-01-24,2023-01-23,28.686546325683594,297.2225341796875,2023-01-25,18.610000610351562,16.66666603088379,2023-01-24,0.2965240478515625,5.0,"{""type"":""Point"",""coordinates"":[76.939695,9.873529000000001]}"
687,10,0.7475606203079224,57.91434860229492,2020-01-24,662.4388427734375,1,19.0,0.0,2020-01-24,2020-01-23,22.750173568725586,299.38262939453125,2020-01-25,6.909999847412109,4.166666507720947,2020-01-24,0.29838690161705017,2.0,"{""type"":""Point"",""coordinates"":[76.941212,9.877425000000002]}"
688,10,0.2499123066663742,57.91434860229492,2019-06-10,662.4388427734375,1,19.0,114.0,2019-06-10,2019-06-09,22.750173568725586,297.2907409667969,2019-06-11,29.03999900817871,35.41666793823242,2019-06-10,0.4839935302734375,2.0,"{""type"":""Point"",""coordinates"":[76.941212,9.877425000000002]}"
689,10,0.16277313232421875,48.51766586303711,2020-05-14,682.8110961914062,1,2.0,54.20000076293945,2020-05-14,2020-05-13,15.111804008483887,298.7601013183594,2020-05-15,33.790000915527344,20.83333396911621,2020-05-14,0.47093072533607483,2.0,"{""type"":""Point"",""coordinates"":[76.94081800000001,9.876966999999999]}"
690,10,0.54294753074646,48.51766586303711,2020-11-15,682.8110961914062,1,2.0,0.6599999666213989,2020-11-15,2020-11-14,15.111804008483887,297.748291015625,2020-11-16,0.04999999701976776,0.0,2020-11-15,0.4602266848087311,2.0,"{""type"":""Point"",""coordinates"":[76.94081800000001,9.876966999999999]}"
691,10,0.029862970113754272,353.3283996582031,2020-08-15,785.31298828125,1,2.0,1.3199999332427979,2020-08-15,2020-08-14,20.425783157348633,296.46600341796875,2020-08-16,4.25,4.166666507720947,2020-08-15,0.4720497131347656,1.0,"{""type"":""Point"",""coordinates"":[76.933436,9.871133000000002]}"
692,10,0.07214880734682083,353.3283996582031,2020-08-26,785.31298828125,1,2.0,7.119999885559082,2020-08-26,2020-08-25,20.425783157348633,297.61968994140625,2020-08-27,19.389999389648438,27.08333396911621,2020-08-26,0.454791396856308,1.0,"{""type"":""Point"",""coordinates"":[76.933436,9.871133000000002]}"
693,10,0.27365222573280334,39.17129898071289,2023-04-06,838.9884033203125,1,1.0,0.009999999776482582,2023-04-06,2023-04-05,17.88129425048828,298.0931396484375,2023-04-07,6.149999618530273,10.416666984558105,2023-04-06,0.4514192044734955,1.0,"{""type"":""Point"",""coordinates"":[76.930808,9.870606]}"
694,10,0.023652588948607445,39.17129898071289,2020-08-28,838.9884033203125,1,1.0,0.4300000071525574,2020-08-28,2020-08-27,17.88129425048828,297.4328918457031,2020-08-29,0.0,0.0,2020-08-28,0.44566091895103455,1.0,"{""type"":""Point"",""coordinates"":[76.930808,9.870606]}"
695,10,0.7223483324050903,36.2889404296875,2020-03-02,714.8240966796875,1,7.0,0.3009999990463257,2020-03-02,2020-03-01,24.59613609313965,300.3834533691406,2020-03-03,0.0,0.0,2020-03-02,0.2852541506290436,7.0,"{""type"":""Point"",""coordinates"":[76.93565,9.883414]}"
696,10,0.14179933071136475,36.2889404296875,2020-08-01,714.8240966796875,1,7.0,683.8999633789062,2020-08-01,2020-07-31,24.59613609313965,296.1492919921875,2020-08-02,17.656999588012695,22.91666603088379,2020-08-01,0.4800790250301361,7.0,"{""type"":""Point"",""coordinates"":[76.93565,9.883414]}"
697,10,0.4337329566478729,16.607023239135742,2022-01-16,769.1802368164062,1,1.0,0.0,2022-01-16,2022-01-15,24.478439331054688,298.09710693359375,2022-01-17,0.0,0.0,2022-01-16,0.2988668978214264,1.0,"{""type"":""Point"",""coordinates"":[76.932596,9.886451000000001]}"
698,10,0.802349328994751,16.607023239135742,2019-02-14,769.1802368164062,1,1.0,0.0,2019-02-14,2019-02-13,24.478439331054688,298.5221252441406,2019-02-15,0.0,0.0,2019-02-14,0.3621559143066406,1.0,"{""type"":""Point"",""coordinates"":[76.932596,9.886451000000001]}"
699,10,0.5244008898735046,209.322265625,2023-05-25,695.12109375,1,7.0,45.220001220703125,2023-05-25,2023-05-24,23.385761260986328,298.3710632324219,2023-05-26,0.8700000047683716,2.0833332538604736,2023-05-25,0.48127302527427673,7.0,"{""type"":""Point"",""coordinates"":[76.935988,9.885022]}"
700,10,0.5536183714866638,209.322265625,2021-03-03,695.12109375,1,7.0,0.0,2021-03-03,2021-03-02,23.385761260986328,299.0494079589844,2021-03-04,0.0,0.0,2021-03-03,0.33496031165122986,7.0,"{""type"":""Point"",""coordinates"":[76.935988,9.885022]}"
701,30,0.55621337890625,209.72280883789062,2023-03-08,708.8905029296875,1,7.0,0.0,2023-03-08,2023-03-07,21.786991119384766,298.8097839355469,2023-03-09,0.0,0.0,2023-03-08,0.29474639892578125,7.0,"{""type"":""Point"",""coordinates"":[76.934955,9.886185]}"
702,30,0.30233094096183777,209.72280883789062,2021-01-05,708.8905029296875,1,7.0,1.8199999332427979,2021-01-05,2021-01-04,21.786991119384766,296.3138122558594,2021-01-06,0.949999988079071,0.0,2021-01-05,0.4690335690975189,7.0,"{""type"":""Point"",""coordinates"":[76.934955,9.886185]}"
703,10,0.1136675477027893,219.17311096191406,2019-11-17,714.9830932617188,1,7.0,45.779998779296875,2019-11-17,2019-11-16,26.835798263549805,296.70709228515625,2019-11-18,0.0,0.0,2019-11-17,0.47509002685546875,7.0,"{""type"":""Point"",""coordinates"":[76.935482,9.885829]}"
704,10,0.3497961461544037,219.17311096191406,2020-04-05,714.9830932617188,1,7.0,0.0,2020-04-05,2020-04-04,26.835798263549805,301.6850891113281,2020-04-06,21.09000015258789,20.83333396911621,2020-04-05,0.29704412817955017,7.0,"{""type"":""Point"",""coordinates"":[76.935482,9.885829]}"
705,10,0.8510867953300476,66.6654281616211,2023-01-21,712.3064575195312,1,7.0,0.0,2023-01-21,2023-01-20,17.71584129333496,296.12249755859375,2023-01-22,0.0,0.0,2023-01-21,0.2968222200870514,7.0,"{""type"":""Point"",""coordinates"":[76.934174,9.886722]}"
706,10,0.5920685529708862,66.6654281616211,2020-03-29,712.3064575195312,1,7.0,0.0,2020-03-29,2020-03-28,17.71584129333496,300.8931579589844,2020-03-30,0.5899999737739563,2.0833332538604736,2020-03-29,0.33456549048423767,7.0,"{""type"":""Point"",""coordinates"":[76.934174,9.886722]}"
707,10,0.34332188963890076,68.03791046142578,2020-12-22,720.2445678710938,1,7.0,0.9800000190734863,2020-12-22,2020-12-21,27.19254493713379,296.0232849121094,2020-12-23,4.429999828338623,4.166666507720947,2020-12-22,0.4517599642276764,7.0,"{""type"":""Point"",""coordinates"":[76.934128,9.886497000000002]}"
708,10,0.5478126406669617,68.03791046142578,2019-03-11,720.2445678710938,1,7.0,0.0,2019-03-11,2019-03-10,27.19254493713379,299.93731689453125,2019-03-12,0.0,0.0,2019-03-11,0.3702119290828705,7.0,"{""type"":""Point"",""coordinates"":[76.934128,9.886497000000002]}"
709,30,0.6973593831062317,98.08761596679688,2023-05-05,730.8571166992188,1,7.0,3.359999895095825,2023-05-05,2023-05-04,11.648250579833984,298.4624938964844,2023-05-06,5.009999752044678,0.0,2023-05-05,0.4498933255672455,7.0,"{""type"":""Point"",""coordinates"":[76.933776,9.885613]}"
710,30,0.2673875093460083,98.08761596679688,2021-11-06,730.8571166992188,1,7.0,138.0399932861328,2021-11-06,2021-11-05,11.648250579833984,296.3724670410156,2021-11-07,21.53999900817871,16.66666603088379,2021-11-06,0.4702364504337311,7.0,"{""type"":""Point"",""coordinates"":[76.933776,9.885613]}"
711,50,0.3627716898918152,225.07736206054688,2019-04-02,725.6134643554688,1,4.0,0.4400000274181366,2019-04-02,2019-04-01,23.777565002441406,300.835205078125,2019-04-03,0.0,0.0,2019-04-02,0.30982208251953125,4.0,"{""type"":""Point"",""coordinates"":[76.933217,9.888201]}"
712,50,-0.0016898541944101453,225.07736206054688,2019-09-14,725.6134643554688,1,4.0,98.55999755859375,2019-09-14,2019-09-13,23.777565002441406,296.0682067871094,2019-09-15,44.369998931884766,41.66666793823242,2019-09-14,0.49240174889564514,4.0,"{""type"":""Point"",""coordinates"":[76.933217,9.888201]}"
713,10,0.575482189655304,226.15753173828125,2020-04-05,741.4920043945312,1,4.0,0.0,2020-04-05,2020-04-04,24.640119552612305,301.6850891113281,2020-04-06,21.09000015258789,20.83333396911621,2020-04-05,0.29704412817955017,4.0,"{""type"":""Point"",""coordinates"":[76.932857,9.889026000000001]}"
714,10,0.19513514637947083,226.15753173828125,2019-06-02,741.4920043945312,1,4.0,96.3919906616211,2019-06-02,2019-06-01,24.640119552612305,298.4909362792969,2019-06-03,1.209999918937683,0.0,2019-06-02,0.4580739438533783,4.0,"{""type"":""Point"",""coordinates"":[76.932857,9.889026000000001]}"
715,10,0.1534544974565506,79.66414642333984,2021-01-24,762.8676147460938,1,4.0,0.0,2021-01-24,2021-01-23,29.425067901611328,296.3641662597656,2021-01-25,0.0,0.0,2021-01-24,0.4830055236816406,4.0,"{""type"":""Point"",""coordinates"":[76.931248,9.888258]}"
716,10,0.12696312367916107,79.66414642333984,2021-07-20,762.8676147460938,1,4.0,2.4800000190734863,2021-07-20,2021-07-19,29.425067901611328,296.09552001953125,2021-07-21,1.590000033378601,2.0833332538604736,2021-07-20,0.5003509521484375,4.0,"{""type"":""Point"",""coordinates"":[76.931248,9.888258]}"
717,10,0.03511764481663704,42.15096664428711,2020-10-06,740.36328125,1,4.0,0.0,2020-10-06,2020-10-05,18.695344924926758,296.3487243652344,2020-10-07,20.65999984741211,25.0,2020-10-06,0.4251791536808014,4.0,"{""type"":""Point"",""coordinates"":[76.930844,9.889363]}"
718,10,0.44714343547821045,42.15096664428711,2021-04-04,740.36328125,1,4.0,0.7599999904632568,2021-04-04,2021-04-03,18.695344924926758,298.61004638671875,2021-04-05,1.9199999570846558,2.0833332538604736,2021-04-04,0.3823108673095703,4.0,"{""type"":""Point"",""coordinates"":[76.930844,9.889363]}"
719,10,0.6810106635093689,58.839759826660156,2022-03-23,734.1177978515625,1,4.0,0.0,2022-03-23,2022-03-22,25.629825592041016,299.606201171875,2022-03-24,10.129999160766602,6.25,2022-03-23,0.35827764868736267,4.0,"{""type"":""Point"",""coordinates"":[76.931734,9.88877]}"
720,10,0.606456458568573,58.839759826660156,2020-05-10,734.1177978515625,1,4.0,17.239999771118164,2020-05-10,2020-05-09,25.629825592041016,299.7093811035156,2020-05-11,34.93000030517578,33.33333206176758,2020-05-10,0.4669405519962311,4.0,"{""type"":""Point"",""coordinates"":[76.931734,9.88877]}"
721,10,0.1510312706232071,51.389503479003906,2022-04-29,752.1055297851562,1,4.0,11.800000190734863,2022-04-29,2022-04-28,24.193016052246094,298.98504638671875,2022-04-30,0.6199999451637268,0.0,2022-04-29,0.4671764373779297,4.0,"{""type"":""Point"",""coordinates"":[76.93024400000002,9.889610999999999]}"
722,10,0.6031537652015686,51.389503479003906,2021-06-17,752.1055297851562,1,4.0,0.5600000023841858,2021-06-17,2021-06-16,24.193016052246094,295.96783447265625,2021-06-18,3.0999999046325684,2.0833332538604736,2021-06-17,0.4898954927921295,4.0,"{""type"":""Point"",""coordinates"":[76.93024400000002,9.889610999999999]}"
723,10,0.5688406825065613,334.7278137207031,2020-04-19,185.11961364746094,1,24.0,0.4000000059604645,2020-04-19,2020-04-18,12.323759078979492,300.6441650390625,2020-04-20,3.379999876022339,4.166666507720947,2020-04-19,0.35815367102622986,1.0,"{""type"":""Point"",""coordinates"":[76.867222,9.871944000000001]}"
724,10,0.2920185923576355,64.54979705810547,2019-04-02,202.88949584960938,1,107.0,13.375,2019-04-02,2019-04-01,24.149581909179688,300.835205078125,2019-04-03,0.0,0.0,2019-04-02,0.30982208251953125,107.0,"{""type"":""Point"",""coordinates"":[76.885008,9.867376000000002]}"
725,10,0.10087835043668747,51.502925872802734,2020-07-13,171.9619140625,1,107.0,2961.760009765625,2020-07-13,2020-07-12,21.32222557067871,296.8565979003906,2020-07-14,16.17999839782715,6.25,2020-07-13,0.4642721712589264,107.0,"{""type"":""Point"",""coordinates"":[76.885135,9.868820999999999]}"
726,10,0.10305508226156235,242.162841796875,2019-11-14,341.9063720703125,1,24.0,19.440000534057617,2019-11-14,2019-11-13,25.8737735748291,297.1870422363281,2019-11-15,0.0,0.0,2019-11-14,0.4754098355770111,24.0,"{""type"":""Point"",""coordinates"":[76.890384,9.858884000000002]}"
727,10,0.3977319896221161,287.1856384277344,2019-01-09,187.8374481201172,1,92.0,0.0,2019-01-09,2019-01-08,20.399259567260742,295.20849609375,2019-01-10,0.0,0.0,2019-01-09,0.3433748781681061,92.0,"{""type"":""Point"",""coordinates"":[76.88732,9.863503]}"
728,10,0.03358539566397667,239.4906005859375,2019-06-30,187.49957275390625,1,92.0,1.7799999713897705,2019-06-30,2019-06-29,2.8294589519500732,297.4971008300781,2019-07-01,4.079999923706055,8.333333015441895,2019-06-30,0.4792461395263672,89.0,"{""type"":""Point"",""coordinates"":[76.886944,9.861944000000001]}"
729,10,0.04613398015499115,276.07623291015625,2019-07-01,208.12747192382812,1,89.0,363.1199951171875,2019-07-01,2019-06-30,28.821561813354492,296.74761962890625,2019-07-02,1.0199999809265137,0.0,2019-07-01,0.486340194940567,89.0,"{""type"":""Point"",""coordinates"":[76.887365,9.861767000000002]}"
730,10,0.06491857022047043,63.04154586791992,2021-07-24,208.64561462402344,1,89.0,794.7699584960938,2021-07-24,2021-07-23,25.704343795776367,295.3443908691406,2021-07-25,72.43000030517578,58.33333206176758,2021-07-24,0.48220381140708923,89.0,"{""type"":""Point"",""coordinates"":[76.886985,9.860657000000002]}"
731,10,0.07209846377372742,273.62579345703125,2022-11-14,220.3450927734375,1,89.0,58.07999801635742,2022-11-14,2022-11-13,23.961345672607422,296.1730651855469,2022-11-15,10.719999313354492,16.66666603088379,2022-11-14,0.4727102816104889,24.0,"{""type"":""Point"",""coordinates"":[76.887968,9.860453]}"
732,10,0.2583252191543579,107.2964859008789,2020-09-12,231.80934143066406,1,89.0,3349.9599609375,2020-09-12,2020-09-11,31.4538516998291,295.5690612792969,2020-09-13,26.919998168945312,33.33333206176758,2020-09-12,0.4900728762149811,89.0,"{""type"":""Point"",""coordinates"":[76.886817,9.859943999999999]}"
733,10,0.15368248522281647,21.787113189697266,2023-10-14,243.543212890625,1,89.0,1100.0400390625,2023-10-14,2023-10-13,36.220001220703125,296.960693359375,2023-10-15,64.08999633789062,45.83333206176758,2023-10-14,0.47425779700279236,89.0,"{""type"":""Point"",""coordinates"":[76.886111,9.858889]}"
734,10,0.05072863772511482,316.047607421875,2019-06-26,232.36326599121094,1,89.0,1.7799999713897705,2019-06-26,2019-06-25,2.5690994262695312,297.1798095703125,2019-06-27,2.930000066757202,2.0833332538604736,2019-06-26,0.4922657012939453,89.0,"{""type"":""Point"",""coordinates"":[76.884858,9.859405000000002]}"
735,10,0.4333863854408264,118.77809143066406,2020-05-01,232.22286987304688,1,89.0,608.760009765625,2020-05-01,2020-04-30,3.912444829940796,299.13153076171875,2020-05-02,11.96399974822998,10.416666984558105,2020-05-01,0.45339012145996094,89.0,"{""type"":""Point"",""coordinates"":[76.884399,9.859549999999999]}"
736,10,0.46243318915367126,36.59710693359375,2020-05-01,399.0519104003906,1,57.0,6.839999675750732,2020-05-01,2020-04-30,35.327884674072266,299.13153076171875,2020-05-02,11.96399974822998,10.416666984558105,2020-05-01,0.45339012145996094,1.0,"{""type"":""Point"",""coordinates"":[76.888333,9.856389]}"
737,10,0.10367993265390396,34.30413055419922,2021-09-21,310.01800537109375,1,24.0,2.119999885559082,2021-09-21,2021-09-20,37.77912521362305,297.46923828125,2021-09-22,1.399999976158142,2.0833332538604736,2021-09-21,0.494769424200058,1.0,"{""type"":""Point"",""coordinates"":[76.888889,9.8575]}"
738,10,0.467138409614563,29.96080207824707,2023-02-26,598.9664916992188,1,1.0,0.0,2023-02-26,2023-02-25,26.464509963989258,297.4677734375,2023-02-27,0.0,0.0,2023-02-26,0.32826295495033264,1.0,"{""type"":""Point"",""coordinates"":[76.881117,9.846759]}"
739,10,0.01480995211750269,29.29500389099121,2020-10-14,793.82177734375,1,1.0,16.869998931884766,2020-10-14,2020-10-13,34.82278823852539,294.6723937988281,2020-10-15,0.35999998450279236,0.0,2020-10-14,0.493151992559433,1.0,"{""type"":""Point"",""coordinates"":[76.879387,9.840603]}"
740,10,0.1295090913772583,1.2291507720947266,2021-09-29,783.6099853515625,1,1.0,2.879999876022339,2021-09-29,2021-09-28,28.746150970458984,294.5091857910156,2021-09-30,12.639999389648438,10.416666984558105,2021-09-29,0.47925567626953125,1.0,"{""type"":""Point"",""coordinates"":[76.879006,9.840886000000001]}"
741,10,0.09797892719507217,33.847511291503906,2019-07-25,670.9984741210938,1,1.0,9.34999942779541,2019-07-25,2019-07-24,26.927156448364258,295.5110778808594,2019-07-26,41.88999938964844,39.58333206176758,2019-07-25,0.4975248873233795,1.0,"{""type"":""Point"",""coordinates"":[76.885914,9.840603]}"
742,10,0.08922500908374786,68.85794067382812,2019-07-01,615.071044921875,1,1.0,4.079999923706055,2019-07-01,2019-06-30,31.454769134521484,296.09332275390625,2019-07-02,1.0199999809265137,0.0,2019-07-01,0.4926319122314453,1.0,"{""type"":""Point"",""coordinates"":[76.885748,9.841969]}"
743,10,0.09811867773532867,187.87191772460938,2023-08-08,525.0556640625,1,5.0,25.099998474121094,2023-08-08,2023-08-07,18.93332290649414,296.7088928222656,2023-08-09,8.929999351501465,8.333333015441895,2023-08-08,0.4431559145450592,5.0,"{""type"":""Point"",""coordinates"":[76.88886700000002,9.843841000000001]}"
744,10,0.6926090121269226,291.07623291015625,2021-03-17,573.7393188476562,1,43.0,0.0,2021-03-17,2021-03-16,32.206478118896484,299.6026916503906,2021-03-18,0.0,0.0,2021-03-17,0.30048370361328125,43.0,"{""type"":""Point"",""coordinates"":[76.89423,9.842744]}"
745,10,0.008197305724024773,68.21581268310547,2022-07-12,639.3544311523438,1,2.0,69.41999816894531,2022-07-12,2022-07-11,29.470170974731445,294.3847351074219,2022-07-13,6.909999847412109,10.416666984558105,2022-07-12,0.4793325960636139,2.0,"{""type"":""Point"",""coordinates"":[76.888009,9.838783]}"
746,30,0.06284674257040024,282.8008117675781,2023-10-02,436.158447265625,1,30.0,325.7099914550781,2023-10-02,2023-10-01,29.516357421875,295.0655212402344,2023-10-03,7.230000019073486,10.416666984558105,2023-10-02,0.4843381345272064,7.0,"{""type"":""Point"",""coordinates"":[76.875696,9.814796000000001]}"
747,10,3.2061932142823935E-4,231.66180419921875,2023-07-03,379.2214660644531,1,8.0,310.0799865722656,2023-07-03,2023-07-02,29.52797508239746,295.97650146484375,2023-07-04,78.91999816894531,70.83333587646484,2023-07-03,0.48341307044029236,6.0,"{""type"":""Point"",""coordinates"":[76.871099,9.820805999999997]}"
748,10,0.24203535914421082,325.8175964355469,2019-11-28,191.8372344970703,1,1.0,0.0,2019-11-28,2019-11-27,21.837902069091797,297.2728271484375,2019-11-29,1.5,2.0833332538604736,2019-11-28,0.4621531069278717,1.0,"{""type"":""Point"",""coordinates"":[76.866473,9.828145000000001]}"
749,10,0.08328323066234589,312.97100830078125,2021-07-30,186.5879364013672,1,15.0,3.049999952316284,2021-07-30,2021-07-29,22.711898803710938,296.1347961425781,2021-07-31,0.019999999552965164,0.0,2021-07-30,0.4828726351261139,1.0,"{""type"":""Point"",""coordinates"":[76.866659,9.82866]}"
750,10,0.35426247119903564,203.90451049804688,2023-04-13,310.4427490234375,1,5.0,0.0,2023-04-13,2023-04-12,9.501876831054688,299.311279296875,2023-04-14,0.0,0.0,2023-04-13,0.4144878387451172,5.0,"{""type"":""Point"",""coordinates"":[76.864707,9.839808]}"
751,10,0.7481827735900879,206.97230529785156,2021-02-22,308.3511047363281,1,5.0,77.8499984741211,2021-02-22,2021-02-21,25.628456115722656,297.2063903808594,2021-02-23,0.0,0.0,2021-02-22,0.3288421630859375,5.0,"{""type"":""Point"",""coordinates"":[76.865554,9.839775999999999]}"
752,10,0.10312816500663757,48.36802291870117,2022-05-15,291.87115478515625,1,4.0,121.08000183105469,2022-05-15,2022-05-14,29.453100204467773,296.5348205566406,2022-05-16,12.179999351501465,16.66666603088379,2022-05-15,0.4837583005428314,4.0,"{""type"":""Point"",""coordinates"":[76.871813,9.856918]}"
753,10,0.33422577381134033,48.36802291870117,2022-02-19,291.87115478515625,1,4.0,0.0,2022-02-19,2022-02-18,29.453100204467773,297.8403015136719,2022-02-20,0.0,0.0,2022-02-19,0.39132627844810486,4.0,"{""type"":""Point"",""coordinates"":[76.871813,9.856918]}"
754,10,0.1927913874387741,252.7864990234375,2023-10-21,263.840576171875,1,5.0,1.5499999523162842,2023-10-21,2023-10-20,13.69581127166748,297.12567138671875,2023-10-22,14.09999942779541,14.583333015441895,2023-10-21,0.48098501563072205,5.0,"{""type"":""Point"",""coordinates"":[76.873099,9.858592000000002]}"
755,10,0.08746575564146042,35.680179595947266,2019-11-14,410.12579345703125,1,1.0,0.8100000023841858,2019-11-14,2019-11-13,24.805583953857422,297.1870422363281,2019-11-15,0.0,0.0,2019-11-14,0.4754098355770111,1.0,"{""type"":""Point"",""coordinates"":[76.861385,9.860247999999997]}"
756,10,0.5350862145423889,69.32183837890625,2020-04-29,284.0679016113281,1,1.0,44.57999801635742,2020-04-29,2020-04-28,25.452251434326172,299.7392272949219,2020-04-30,0.3799999952316284,0.0,2020-04-29,0.43623098731040955,1.0,"{""type"":""Point"",""coordinates"":[76.865667,9.861544]}"
757,10,0.24804089963436127,29.57708168029785,2022-12-10,501.5801696777344,1,1.0,18.809999465942383,2022-12-10,2022-12-09,18.10134506225586,294.3045959472656,2022-12-11,31.5,27.08333396911621,2022-12-10,0.47804513573646545,1.0,"{""type"":""Point"",""coordinates"":[76.863036,9.855591999999998]}"
758,10,0.08795872330665588,28.75925064086914,2019-12-10,532.6067504882812,1,1.0,0.0,2019-12-10,2019-12-09,25.333696365356445,297.1084289550781,2019-12-11,0.0,0.0,2019-12-10,0.4636910855770111,1.0,"{""type"":""Point"",""coordinates"":[76.855556,9.859167000000001]}"
759,10,0.04661371931433678,29.202007293701172,2020-10-29,592.5797729492188,1,1.0,33.040000915527344,2020-10-29,2020-10-28,35.77215576171875,296.9122314453125,2020-10-30,6.319999694824219,14.583333015441895,2020-10-29,0.4703642427921295,1.0,"{""type"":""Point"",""coordinates"":[76.85277800000001,9.861111000000001]}"
760,10,0.5091191530227661,199.62277221679688,2023-02-27,375.8945617675781,1,2.0,0.0,2023-02-27,2023-02-26,23.09438705444336,297.5025939941406,2023-02-28,0.0,0.0,2023-02-27,0.32474327087402344,2.0,"{""type"":""Point"",""coordinates"":[76.852807,9.855503999999998]}"
761,10,-0.02453511953353882,135.27178955078125,2022-08-31,499.26519775390625,1,1.0,111.79999542236328,2022-08-31,2022-08-30,22.401443481445312,297.7957458496094,2022-09-01,49.32999801635742,27.08333396911621,2022-08-31,0.46650442481040955,1.0,"{""type"":""Point"",""coordinates"":[76.847944,9.859525999999999]}"
762,10,0.04822438582777977,56.85188293457031,2020-09-27,667.6689453125,1,1.0,13.420000076293945,2020-09-27,2020-09-26,30.211437225341797,297.11962890625,2020-09-28,18.420000076293945,14.583333015441895,2020-09-27,0.48889604210853577,1.0,"{""type"":""Point"",""coordinates"":[76.84801800000001,9.864715000000002]}"
763,10,0.08224591612815857,250.77120971679688,2021-04-29,462.0081787109375,1,1.0,0.3400000035762787,2021-04-29,2021-04-28,19.85074806213379,299.4314880371094,2021-04-30,2.379999876022339,6.25,2021-04-29,0.4680429995059967,1.0,"{""type"":""Point"",""coordinates"":[76.842083,9.861430000000002]}"
764,10,0.3347124457359314,232.53855895996094,2020-05-18,85.66800689697266,1,150.0,54.23999786376953,2020-05-18,2020-05-17,16.4984073638916,298.8460693359375,2020-05-19,16.149999618530273,20.83333396911621,2020-05-18,0.4640769958496094,3.0,"{""type"":""Point"",""coordinates"":[76.832971,9.840678000000002]}"
765,10,0.18499109148979187,327.2045593261719,2022-06-24,436.6813049316406,1,1.0,24.84000015258789,2022-06-24,2022-06-23,22.192153930664062,297.46484375,2022-06-25,13.199999809265137,8.333333015441895,2022-06-24,0.4914398193359375,1.0,"{""type"":""Point"",""coordinates"":[76.83970000000001,9.823]}"
766,10,0.5953701734542847,22.613723754882812,2020-03-22,456.6260070800781,1,1.0,26.59000015258789,2020-03-22,2020-03-21,21.164554595947266,301.0426940917969,2020-03-23,0.0,0.0,2020-03-22,0.36543527245521545,1.0,"{""type"":""Point"",""coordinates"":[76.8433,9.822200000000002]}"
767,10,0.14490638673305511,258.0945739746094,2019-11-16,182.17425537109375,1,2.0,6.059999942779541,2019-11-16,2019-11-15,24.460529327392578,298.1488037109375,2019-11-17,3.129999876022339,6.25,2019-11-16,0.48153114318847656,1.0,"{""type"":""Point"",""coordinates"":[76.838889,9.816192]}"
768,10,0.511336624622345,347.3337097167969,2023-02-28,424.5321960449219,1,1.0,0.0,2023-02-28,2023-02-27,26.171045303344727,297.9366149902344,2023-03-01,0.0,0.0,2023-02-28,0.34242120385169983,1.0,"{""type"":""Point"",""coordinates"":[76.836263,9.872228]}"
769,10,0.5468224883079529,335.6729431152344,2019-04-11,441.0295104980469,1,1.0,0.0,2019-04-11,2019-04-10,23.21061134338379,301.2196044921875,2019-04-12,0.0,0.0,2019-04-11,0.41441407799720764,1.0,"{""type"":""Point"",""coordinates"":[76.837749,9.872102999999997]}"
770,10,-0.010661051608622074,101.73400115966797,2022-09-07,583.4783325195312,1,1.0,8.420000076293945,2022-09-07,2022-09-06,23.263132095336914,297.0361328125,2022-09-08,23.44999885559082,29.16666603088379,2022-09-07,0.4800752103328705,1.0,"{""type"":""Point"",""coordinates"":[76.846863,9.870136000000002]}"
771,10,0.0818241685628891,69.08216857910156,2019-12-01,569.1922607421875,1,1.0,30.78999900817871,2019-12-01,2019-11-30,25.263242721557617,297.3315734863281,2019-12-02,3.560999870300293,6.25,2019-12-01,0.46181678771972656,1.0,"{""type"":""Point"",""coordinates"":[76.84705,9.870912999999998]}"
772,10,0.0737699642777443,69.6739501953125,2019-08-11,536.895263671875,1,3.0,94.91999816894531,2019-08-11,2019-08-10,29.308988571166992,296.060791015625,2019-08-12,22.489999771118164,27.08333396911621,2019-08-11,0.4804318845272064,1.0,"{""type"":""Point"",""coordinates"":[76.849283,9.867655]}"
773,10,0.1525132656097412,62.72934341430664,2019-06-04,570.9509887695312,1,1.0,1.0499999523162842,2019-06-04,2019-06-03,30.701112747192383,299.0822448730469,2019-06-05,31.479999542236328,31.25,2019-06-04,0.49110159277915955,1.0,"{""type"":""Point"",""coordinates"":[76.848688,9.86717]}"
774,10,0.06079115718603134,51.468048095703125,2021-10-10,650.9019775390625,1,1.0,26.389999389648438,2021-10-10,2021-10-09,26.601953506469727,297.0544128417969,2021-10-11,11.389999389648438,14.583333015441895,2021-10-10,0.4723574221134186,1.0,"{""type"":""Point"",""coordinates"":[76.847577,9.865638999999998]}"
775,10,0.5844605565071106,50.30247497558594,2022-03-14,471.5401916503906,1,3.0,0.0,2022-03-14,2022-03-13,34.92134475708008,300.58697509765625,2022-03-15,0.0,0.0,2022-03-14,0.283428817987442,3.0,"{""type"":""Point"",""coordinates"":[76.85,9.868611]}"
776,10,0.17751650512218475,104.03168487548828,2020-05-27,481.3291015625,1,2.0,0.41999998688697815,2020-05-27,2020-05-26,21.595006942749023,298.6299743652344,2020-05-28,2.0399999618530273,0.0,2020-05-27,0.4804344177246094,2.0,"{""type"":""Point"",""coordinates"":[76.850017,9.873292]}"
777,10,0.3431042432785034,20.68235969543457,2023-03-27,473.9293212890625,1,1.0,4.409999847412109,2023-03-27,2023-03-26,28.536027908325195,299.1478576660156,2023-03-28,2.819999933242798,4.166666507720947,2023-03-27,0.4285856783390045,1.0,"{""type"":""Point"",""coordinates"":[76.84667300000001,9.876944999999997]}"
778,10,0.29436901211738586,100.22747802734375,2021-05-13,528.7742309570312,1,1.0,34.91999816894531,2021-05-13,2021-05-12,23.981739044189453,299.1017761230469,2021-05-14,67.76000213623047,39.58333206176758,2021-05-13,0.47619566321372986,1.0,"{""type"":""Point"",""coordinates"":[76.848531,9.874873]}"
779,10,0.4198426902294159,79.05965423583984,2023-02-19,512.6285400390625,1,1.0,0.0,2023-02-19,2023-02-18,25.32514190673828,296.91522216796875,2023-02-20,0.0,0.0,2023-02-19,0.45808282494544983,1.0,"{""type"":""Point"",""coordinates"":[76.848642,9.875297000000002]}"
780,10,0.7132171392440796,44.278404235839844,2019-04-20,508.8872985839844,1,1.0,33.369998931884766,2019-04-20,2019-04-19,21.320430755615234,299.9465637207031,2019-04-21,29.099998474121094,29.16666603088379,2019-04-20,0.48695120215415955,1.0,"{""type"":""Point"",""coordinates"":[76.848726,9.875604]}"
781,10,0.15098030865192413,14.150578498840332,2023-06-20,495.36651611328125,1,1.0,5.139999866485596,2023-06-20,2023-06-19,27.494802474975586,298.1383361816406,2023-06-21,10.0,14.583333015441895,2023-06-20,0.47809600830078125,1.0,"{""type"":""Point"",""coordinates"":[76.848728,9.875848000000001]}"
782,10,0.7788443565368652,4.533411502838135,2019-04-05,455.8017272949219,1,1.0,0.0,2019-04-05,2019-04-04,28.099090576171875,301.2933044433594,2019-04-06,0.0,0.0,2019-04-05,0.334057480096817,1.0,"{""type"":""Point"",""coordinates"":[76.845973,9.877183]}"
783,10,0.3073824942111969,356.9892578125,2019-12-30,461.9397277832031,1,1.0,0.0,2019-12-30,2019-12-29,27.17323875427246,298.2239990234375,2019-12-31,0.0,0.0,2019-12-30,0.4687156677246094,1.0,"{""type"":""Point"",""coordinates"":[76.845116,9.877324]}"
784,10,0.11260832846164703,194.1654052734375,2021-06-16,384.923828125,1,5.0,28.439998626708984,2021-06-16,2021-06-15,6.070574760437012,296.53778076171875,2021-06-17,3.129999876022339,4.166666507720947,2021-06-16,0.48487091064453125,2.0,"{""type"":""Point"",""coordinates"":[76.829891,9.974056]}"
785,10,0.7576190233230591,244.75387573242188,2020-03-09,94.79340362548828,1,100.0,0.0,2020-03-09,2020-03-08,27.68070411682129,301.1311340332031,2020-03-10,26.90999984741211,27.08333396911621,2020-03-09,0.33423104882240295,100.0,"{""type"":""Point"",""coordinates"":[76.812349,10.004410000000002]}"
786,10,0.07126867771148682,277.02032470703125,2020-07-04,100.29017639160156,1,100.0,6286.0,2020-07-04,2020-07-03,26.531171798706055,296.94879150390625,2020-07-05,34.57999801635742,16.66666603088379,2020-07-04,0.47902998328208923,100.0,"{""type"":""Point"",""coordinates"":[76.812215,10.004934999999998]}"
787,10,0.5075490474700928,180.81878662109375,2020-03-23,128.1264190673828,1,2.0,0.0,2020-03-23,2020-03-22,20.96013832092285,302.00164794921875,2020-03-24,3.919999837875366,4.166666507720947,2020-03-23,0.3112506866455078,2.0,"{""type"":""Point"",""coordinates"":[76.816667,10.009722]}"
788,10,0.3711070716381073,221.10581970214844,2020-05-23,152.73854064941406,1,4.0,9.0,2020-05-23,2020-05-22,18.28757667541504,299.0887451171875,2020-05-24,0.13999998569488525,0.0,2020-05-23,0.4859352111816406,4.0,"{""type"":""Point"",""coordinates"":[76.822382,10.007682000000003]}"
789,10,0.1643882691860199,150.45066833496094,2022-05-20,148.7608642578125,1,88.0,88.08000183105469,2022-05-20,2022-05-19,11.150046348571777,296.86090087890625,2022-05-21,76.70999908447266,64.58333587646484,2022-05-20,0.4695472717285156,4.0,"{""type"":""Point"",""coordinates"":[76.821519,10.008292000000003]}"
790,10,0.19826291501522064,203.39486694335938,2021-05-02,192.35757446289062,1,1.0,59.865997314453125,2021-05-02,2021-05-01,19.495227813720703,299.8018798828125,2021-05-03,0.0,0.0,2021-05-02,0.4697074890136719,1.0,"{""type"":""Point"",""coordinates"":[76.827638,10.004959]}"
791,10,0.3237307071685791,192.3059844970703,2020-01-06,153.86700439453125,1,62.0,147.55999755859375,2020-01-06,2020-01-05,20.076894760131836,299.0536804199219,2020-01-07,0.0,0.0,2020-01-06,0.41396141052246094,62.0,"{""type"":""Point"",""coordinates"":[76.830646,10.003116]}"
792,10,0.06637798249721527,239.75755310058594,2020-06-15,522.22509765625,1,3.0,5.799999713897705,2020-06-15,2020-06-14,20.790302276611328,297.7682189941406,2020-06-16,11.489999771118164,8.333333015441895,2020-06-15,0.5015131831169128,1.0,"{""type"":""Point"",""coordinates"":[76.843245,10.000597000000003]}"
793,10,0.16880136728286743,6.881882190704346,2019-06-13,197.24868774414062,1,47.0,15.579999923706055,2019-06-13,2019-06-12,30.525123596191406,297.8980407714844,2019-06-14,51.41999816894531,43.75,2019-06-13,0.4679037630558014,1.0,"{""type"":""Point"",""coordinates"":[76.832847,9.998656000000002]}"
794,10,0.1937163919210434,216.07611083984375,2021-06-04,166.1253662109375,1,62.0,2692.659912109375,2021-06-04,2021-06-03,15.567804336547852,299.0584411621094,2021-06-05,29.34000015258789,31.25,2021-06-04,0.4850412905216217,62.0,"{""type"":""Point"",""coordinates"":[76.833383,10.001636999999999]}"
795,10,0.3197478950023651,205.85400390625,2022-10-16,151.94821166992188,1,62.0,2972.89990234375,2022-10-16,2022-10-15,18.402507781982422,297.62237548828125,2022-10-17,61.71999740600586,33.33333206176758,2022-10-16,0.4839210510253906,62.0,"{""type"":""Point"",""coordinates"":[76.832146,10.002123]}"
796,10,0.03539822995662689,279.9367980957031,2020-07-24,593.60205078125,1,6.0,46.2599983215332,2020-07-24,2020-07-23,19.613277435302734,297.2276611328125,2020-07-25,5.759999752044678,10.416666984558105,2020-07-24,0.4839261472225189,1.0,"{""type"":""Point"",""coordinates"":[76.854317,10.00388]}"
797,10,0.17717024683952332,356.856689453125,2021-06-23,592.8993530273438,1,1.0,4.919999599456787,2021-06-23,2021-06-22,19.449556350708008,297.6178283691406,2021-06-24,194.8300018310547,41.66666793823242,2021-06-23,0.4786491394042969,1.0,"{""type"":""Point"",""coordinates"":[76.846591,10.003560999999998]}"
798,10,0.21095789968967438,202.91604614257812,2023-12-13,550.5617065429688,1,3.0,5.019999980926514,2023-12-13,2023-12-12,27.78507423400879,298.16802978515625,2023-12-14,0.3100000023841858,0.0,2023-12-13,0.48435911536216736,1.0,"{""type"":""Point"",""coordinates"":[76.844468,10.000635000000003]}"
799,10,0.21531923115253448,243.9521942138672,2021-10-11,658.6129150390625,1,2.0,10.239999771118164,2021-10-11,2021-10-10,19.159082412719727,296.7378234863281,2021-10-12,89.61000061035156,72.91666412353516,2021-10-11,0.4762967526912689,2.0,"{""type"":""Point"",""coordinates"":[76.852793,9.98918]}"
800,10,0.17310254275798798,185.4510955810547,2019-06-05,564.2611083984375,1,25.0,912.25,2019-06-05,2019-06-04,24.809038162231445,298.4530944824219,2019-06-06,70.91999816894531,29.16666603088379,2019-06-05,0.47172418236732483,25.0,"{""type"":""Point"",""coordinates"":[76.854122,9.982321]}"
801,10,0.5284988284111023,199.5795135498047,2019-01-24,543.4833984375,1,25.0,0.0,2019-01-24,2019-01-23,32.1049919128418,296.9647521972656,2019-01-25,0.0,0.0,2019-01-24,0.26391029357910156,25.0,"{""type"":""Point"",""coordinates"":[76.853757,9.982223]}"
802,10,0.2872936427593231,199.06556701660156,2021-02-11,495.5318603515625,1,25.0,0.0,2021-02-11,2021-02-10,39.38241195678711,295.7053527832031,2021-02-12,0.0,0.0,2021-02-11,0.3051261901855469,25.0,"{""type"":""Point"",""coordinates"":[76.851544,9.982850000000001]}"
803,10,0.1736646145582199,40.596824645996094,2023-09-28,366.6397705078125,1,30.0,65.8499984741211,2023-09-28,2023-09-27,12.340442657470703,298.0249938964844,2023-09-29,48.220001220703125,39.58333206176758,2023-09-28,0.47578874230384827,3.0,"{""type"":""Point"",""coordinates"":[76.846657,9.983004000000003]}"
804,10,0.10433361679315567,282.1028747558594,2022-05-20,362.4636535644531,1,35.0,713.2999877929688,2022-05-20,2022-05-19,19.898897171020508,296.86090087890625,2022-05-21,43.84000015258789,43.75,2022-05-20,0.4695472717285156,35.0,"{""type"":""Point"",""coordinates"":[76.845008,9.984948]}"
805,10,0.6407188177108765,203.89840698242188,2020-04-16,421.182373046875,1,3.0,1.559999942779541,2020-04-16,2020-04-15,20.14125633239746,301.3725280761719,2020-04-17,13.010000228881836,12.5,2020-04-16,0.3917814791202545,3.0,"{""type"":""Point"",""coordinates"":[76.844527,9.988458]}"
806,10,0.44513362646102905,179.24046325683594,2021-03-19,452.29022216796875,1,30.0,0.0,2021-03-19,2021-03-18,17.843881607055664,301.3394470214844,2021-03-20,0.3999999761581421,0.0,2021-03-19,0.2938652038574219,2.0,"{""type"":""Point"",""coordinates"":[76.84766,9.987717]}"
807,10,0.1768985390663147,63.31715393066406,2022-12-30,313.333740234375,1,39.0,0.0,2022-12-30,2022-12-29,8.81803035736084,298.1173095703125,2022-12-31,0.0,0.0,2022-12-30,0.4585895538330078,39.0,"{""type"":""Point"",""coordinates"":[76.83835300000001,9.990173]}"
808,10,-0.020498506724834442,210.95021057128906,2022-07-28,539.0783081054688,1,1.0,131.8800048828125,2022-07-28,2022-07-27,24.638118743896484,297.42041015625,2022-07-29,44.56999969482422,14.583333015441895,2022-07-28,0.48334503173828125,1.0,"{""type"":""Point"",""coordinates"":[76.835881,9.983651]}"
809,10,0.26600807905197144,200.5871124267578,2021-04-29,540.991455078125,1,1.0,0.009999999776482582,2021-04-29,2021-04-28,19.753618240356445,299.82537841796875,2021-04-30,5.789999961853027,10.416666984558105,2021-04-29,0.4609902799129486,1.0,"{""type"":""Point"",""coordinates"":[76.836163,9.983378]}"
810,10,0.14530453085899353,63.62980651855469,2023-10-15,597.3709716796875,1,1.0,68.3499984741211,2023-10-15,2023-10-14,32.47541809082031,298.01416015625,2023-10-16,60.32999801635742,33.33333206176758,2023-10-15,0.48812994360923767,1.0,"{""type"":""Point"",""coordinates"":[76.842868,9.979038]}"
811,10,0.0951848104596138,63.62980651855469,2020-10-22,597.3709716796875,1,1.0,22.489999771118164,2020-10-22,2020-10-21,32.47541809082031,297.5569152832031,2020-10-23,1.2999999523162842,2.0833332538604736,2020-10-22,0.43853631615638733,1.0,"{""type"":""Point"",""coordinates"":[76.842868,9.979038]}"
812,10,0.016716711223125458,102.30040740966797,2023-08-18,633.5784301757812,1,1.0,0.0,2023-08-18,2023-08-17,27.45951271057129,298.4629821777344,2023-08-19,0.07000000029802322,0.0,2023-08-18,0.4267946779727936,1.0,"{""type"":""Point"",""coordinates"":[76.838301,9.975963]}"
813,10,0.37220945954322815,87.01412963867188,2019-04-29,617.5413208007812,1,2.0,1.9199999570846558,2019-04-29,2019-04-28,20.297983169555664,300.5623474121094,2019-04-30,16.799999237060547,22.91666603088379,2019-04-29,0.4671122133731842,1.0,"{""type"":""Point"",""coordinates"":[76.838334,9.975411]}"
814,10,0.05182574316859245,251.05569458007812,2021-09-01,600.5938720703125,1,2.0,1.9799998998641968,2021-09-01,2021-08-31,17.393001556396484,296.0382080078125,2021-09-02,11.265999794006348,10.416666984558105,2021-09-01,0.49101129174232483,1.0,"{""type"":""Point"",""coordinates"":[76.858999,9.970695000000001]}"
815,10,0.7605774998664856,22.718345642089844,2019-04-06,518.880859375,1,1.0,0.0,2019-04-06,2019-04-05,33.863304138183594,302.220703125,2019-04-07,2.9700000286102295,6.25,2019-04-06,0.29068246483802795,1.0,"{""type"":""Point"",""coordinates"":[76.856105,9.973332999999998]}"
816,10,0.47061336040496826,29.45340919494629,2023-09-10,532.9552612304688,1,1.0,16.989999771118164,2023-09-10,2023-09-09,31.52888298034668,296.26507568359375,2023-09-11,23.760000228881836,29.16666603088379,2023-09-10,0.4784278869628906,1.0,"{""type"":""Point"",""coordinates"":[76.856386,9.973051]}"
817,10,0.20512725412845612,342.40740966796875,2021-06-02,457.2998962402344,1,2.0,9.734000205993652,2021-06-02,2021-06-01,20.223417282104492,297.48785400390625,2021-06-03,9.319999694824219,14.583333015441895,2021-06-02,0.48324838280677795,2.0,"{""type"":""Point"",""coordinates"":[76.85898,9.973705000000002]}"
818,10,0.15430694818496704,16.655105590820312,2019-05-04,697.6740112304688,1,2.0,0.05999999865889549,2019-05-04,2019-05-03,11.890291213989258,298.78460693359375,2019-05-05,0.0,0.0,2019-05-04,0.441058486700058,2.0,"{""type"":""Point"",""coordinates"":[76.87422300000001,9.984242]}"
819,30,0.22677595913410187,254.13406372070312,2021-12-24,727.6470947265625,1,3.0,0.0,2021-12-24,2021-12-23,24.62896728515625,295.8333740234375,2021-12-25,0.0,0.0,2021-12-24,0.42001089453697205,1.0,"{""type"":""Point"",""coordinates"":[76.871241,9.989086]}"
820,10,0.6881889700889587,38.45013427734375,2019-01-01,697.0270385742188,1,1.0,0.0,2019-01-01,2018-12-31,21.14274024963379,295.8214111328125,2019-01-02,0.0020000000949949026,0.0,2019-01-01,0.4286244809627533,1.0,"{""type"":""Point"",""coordinates"":[76.868536,9.986435]}"
821,10,0.7633146643638611,46.891727447509766,2020-03-04,682.7387084960938,1,3.0,0.0,2020-03-04,2020-03-03,17.045392990112305,299.7016296386719,2020-03-05,0.0,0.0,2020-03-04,0.30501237511634827,1.0,"{""type"":""Point"",""coordinates"":[76.868383,9.986824000000002]}"
822,30,0.041349735110998154,241.7974090576172,2022-04-24,665.50146484375,1,1.0,71.97999572753906,2022-04-24,2022-04-23,17.74041175842285,298.12176513671875,2022-04-25,1.1699999570846558,2.0833332538604736,2022-04-24,0.4659862518310547,1.0,"{""type"":""Point"",""coordinates"":[76.865278,9.985555999999999]}"
823,10,0.8361302018165588,234.02572631835938,2020-02-05,655.0109252929688,1,3.0,0.0,2020-02-05,2020-02-04,22.848487854003906,300.094970703125,2020-02-06,0.0,0.0,2020-02-05,0.2662995755672455,3.0,"{""type"":""Point"",""coordinates"":[76.857542,9.996838]}"
824,10,0.25047731399536133,3.371241569519043,2022-10-30,170.5634307861328,1,12272.0,0.0,2022-10-30,2022-10-29,23.93754768371582,297.0005187988281,2022-10-31,1.2300000190734863,0.0,2022-10-30,0.4814167022705078,12272.0,"{""type"":""Point"",""coordinates"":[76.888033,9.998092]}"
825,10,0.40068069100379944,41.35301971435547,2020-05-14,154.58583068847656,1,1.0,33.55999755859375,2020-05-14,2020-05-13,24.608549118041992,299.03369140625,2020-05-15,17.860000610351562,12.5,2020-05-14,0.47209611535072327,1.0,"{""type"":""Point"",""coordinates"":[76.886592,9.998817000000003]}"
826,10,0.05973925068974495,59.63919448852539,2019-08-23,140.8208465576172,1,12290.0,21.59000015258789,2019-08-23,2019-08-22,25.351945877075195,295.1391906738281,2019-08-24,10.789999961853027,18.75,2019-08-23,0.4784431457519531,1.0,"{""type"":""Point"",""coordinates"":[76.883772,9.999655999999998]}"
827,10,0.7392368912696838,17.45725440979004,2020-01-26,174.7134246826172,1,12272.0,0.0,2020-01-26,2020-01-25,33.34873962402344,298.4526062011719,2020-01-27,0.0,0.0,2020-01-26,0.27321624755859375,12272.0,"{""type"":""Point"",""coordinates"":[76.8906,9.996919000000002]}"
828,10,0.011156491003930569,15.275097846984863,2019-08-15,173.92872619628906,1,12267.0,87.36000061035156,2019-08-15,2019-08-14,39.056758880615234,295.44488525390625,2019-08-16,4.019999980926514,6.25,2019-08-15,0.4816093444824219,3.0,"{""type"":""Point"",""coordinates"":[76.895,9.995144]}"
829,10,0.07774771004915237,45.57075119018555,2021-05-21,736.4549560546875,1,4.0,49.279998779296875,2021-05-21,2021-05-20,20.07252311706543,297.62103271484375,2021-05-22,8.109999656677246,14.583333015441895,2021-05-21,0.48582586646080017,1.0,"{""type"":""Point"",""coordinates"":[76.894622,9.970847]}"
830,30,0.4311569631099701,56.62133026123047,2021-03-09,732.816650390625,1,4.0,0.0,2021-03-09,2021-03-08,20.081653594970703,300.8945617675781,2021-03-10,0.0,0.0,2021-03-09,0.28361764550209045,4.0,"{""type"":""Point"",""coordinates"":[76.894081,9.971439]}"
831,30,0.386175274848938,15.121679306030273,2022-12-30,723.0576171875,1,1.0,0.0,2022-12-30,2022-12-29,19.69028091430664,296.9946594238281,2022-12-31,0.0,0.0,2022-12-30,0.43174615502357483,1.0,"{""type"":""Point"",""coordinates"":[76.8991,9.969144]}"
832,10,0.36997753381729126,211.8538818359375,2020-12-11,584.1898803710938,1,79.0,0.0,2020-12-11,2020-12-10,15.529452323913574,297.1886291503906,2020-12-12,0.0,0.0,2020-12-11,0.47110429406166077,79.0,"{""type"":""Point"",""coordinates"":[76.877735,9.960537999999998]}"
833,10,0.7836903929710388,35.412437438964844,2023-01-20,747.2056884765625,1,4.0,0.0,2023-01-20,2023-01-19,16.36337661743164,296.4617919921875,2023-01-21,0.0,0.0,2023-01-20,0.3009452819824219,1.0,"{""type"":""Point"",""coordinates"":[76.918714,9.916688000000002]}"
834,10,0.28190022706985474,35.412437438964844,2020-11-16,747.2056884765625,1,4.0,1.75,2020-11-16,2020-11-15,16.36337661743164,297.2747497558594,2020-11-17,37.91999816894531,31.25,2020-11-16,0.452502578496933,1.0,"{""type"":""Point"",""coordinates"":[76.918714,9.916688000000002]}"
835,10,0.12694112956523895,25.89341926574707,2022-12-23,812.0173950195312,1,1.0,0.0,2022-12-23,2022-12-22,29.208316802978516,296.1054992675781,2022-12-24,0.0,0.0,2022-12-23,0.44972991943359375,1.0,"{""type"":""Point"",""coordinates"":[76.916651,9.922648]}"
836,10,0.004969667177647352,25.89341926574707,2019-09-30,812.0173950195312,1,1.0,15.209999084472656,2019-09-30,2019-09-29,29.208316802978516,297.2569274902344,2019-10-01,53.54999923706055,31.25,2019-09-30,0.4789975583553314,1.0,"{""type"":""Point"",""coordinates"":[76.916651,9.922648]}"
837,10,0.2762274742126465,304.83673095703125,2019-03-11,656.4769287109375,1,7.0,0.0,2019-03-11,2019-03-10,23.138635635375977,300.57501220703125,2019-03-12,5.989999771118164,10.416666984558105,2019-03-11,0.34931501746177673,7.0,"{""type"":""Point"",""coordinates"":[76.906191,9.966179999999998]}"
838,10,0.6845120191574097,43.75224685668945,2019-01-12,782.2603149414062,1,1.0,0.0,2019-01-12,2019-01-11,30.021697998046875,295.4145202636719,2019-01-13,0.0,0.0,2019-01-12,0.2962913513183594,1.0,"{""type"":""Point"",""coordinates"":[76.91057000000002,9.960342]}"
839,10,0.1780177652835846,322.3302307128906,2020-07-28,790.9315185546875,1,2.0,0.29999998211860657,2020-07-28,2020-07-27,20.875835418701172,297.2859802246094,2020-07-29,5.759999752044678,10.416666984558105,2020-07-28,0.47653451561927795,1.0,"{""type"":""Point"",""coordinates"":[76.908442,9.959757999999999]}"
840,10,0.04219628497958183,309.7678527832031,2022-11-05,800.9952392578125,1,1.0,39.71999740600586,2022-11-05,2022-11-04,16.98243522644043,296.4986267089844,2022-11-06,0.4300000071525574,0.0,2022-11-05,0.482983261346817,1.0,"{""type"":""Point"",""coordinates"":[76.908846,9.955435]}"
841,10,0.07681691646575928,49.45136642456055,2020-09-26,684.3509521484375,1,7.0,447.3699951171875,2020-09-26,2020-09-25,24.910154342651367,296.4496765136719,2020-09-27,15.139999389648438,18.75,2020-09-26,0.48944664001464844,7.0,"{""type"":""Point"",""coordinates"":[76.919921,9.950146]}"
842,10,0.1580181121826172,3.9225528240203857,2022-05-13,696.093017578125,1,7.0,0.5299999713897705,2022-05-13,2022-05-12,25.549415588378906,296.78582763671875,2022-05-14,1.7799999713897705,4.166666507720947,2022-05-13,0.5001646876335144,1.0,"{""type"":""Point"",""coordinates"":[76.917913,9.949778]}"
843,10,0.10050520300865173,29.04939842224121,2021-10-12,703.03173828125,1,7.0,57.839996337890625,2021-10-12,2021-10-11,25.394914627075195,295.90228271484375,2021-10-13,11.549999237060547,10.416666984558105,2021-10-12,0.49147161841392517,1.0,"{""type"":""Point"",""coordinates"":[76.91754,9.949888999999999]}"
844,10,0.22087885439395905,336.4969482421875,2023-09-24,682.895263671875,1,1.0,8.029999732971191,2023-09-24,2023-09-23,28.476335525512695,297.4069519042969,2023-09-25,0.0,0.0,2023-09-24,0.48890814185142517,1.0,"{""type"":""Point"",""coordinates"":[76.927282,9.956892999999999]}"
845,10,0.6174991130828857,25.695331573486328,2023-09-03,773.7265625,1,1.0,29.56999969482422,2023-09-03,2023-09-02,34.578102111816406,297.5586242675781,2023-09-04,18.189998626708984,22.91666603088379,2023-09-03,0.47717857360839844,1.0,"{""type"":""Point"",""coordinates"":[76.936058,9.956065]}"
846,10,0.10985090583562851,37.692649841308594,2020-05-14,778.9171142578125,1,1.0,28.020000457763672,2020-05-14,2020-05-13,21.85555648803711,299.03369140625,2020-05-15,33.84000015258789,25.0,2020-05-14,0.47209611535072327,1.0,"{""type"":""Point"",""coordinates"":[76.936375,9.955556]}"
847,10,0.19595301151275635,38.126888275146484,2021-01-16,755.3956909179688,1,2.0,1.2400000095367432,2021-01-16,2021-01-15,34.22391128540039,296.1966552734375,2021-01-17,0.38999998569488525,0.0,2021-01-16,0.4718545377254486,2.0,"{""type"":""Point"",""coordinates"":[76.938605,9.954855999999998]}"
848,10,0.0869339257478714,11.788981437683105,2020-09-27,222.79701232910156,1,12089.0,183027.453125,2020-09-27,2020-09-26,16.113067626953125,296.0730895996094,2020-09-28,13.029999732971191,10.416666984558105,2020-09-27,0.49001631140708923,12089.0,"{""type"":""Point"",""coordinates"":[76.947147,9.964275000000002]}"
849,10,0.712478756904602,0.34409525990486145,2021-03-27,726.5258178710938,1,3.0,0.0,2021-03-27,2021-03-26,39.453285217285156,301.1331787109375,2021-03-28,1.5499999523162842,4.166666507720947,2021-03-27,0.3232034146785736,1.0,"{""type"":""Point"",""coordinates"":[76.942736,9.953476]}"
850,10,0.09905984997749329,27.95594024658203,2019-06-05,747.1549072265625,1,3.0,32.25,2019-06-05,2019-06-04,26.240005493164062,298.4530944824219,2019-06-06,66.2699966430664,37.5,2019-06-05,0.47172418236732483,1.0,"{""type"":""Point"",""coordinates"":[76.941889,9.953572]}"
851,10,0.17656701803207397,229.56167602539062,2020-10-14,658.791748046875,1,3.0,8.50999927520752,2020-10-14,2020-10-13,26.40396499633789,295.2397766113281,2020-10-15,2.1599998474121094,2.0833332538604736,2020-10-14,0.48954010009765625,1.0,"{""type"":""Point"",""coordinates"":[76.942242,9.942423999999999]}"
852,10,0.7366593480110168,15.570882797241211,2022-03-11,641.6680297851562,1,39.0,1.9299999475479126,2022-03-11,2022-03-10,26.722930908203125,299.8173828125,2022-03-12,0.0,0.0,2022-03-11,0.2924919128417969,1.0,"{""type"":""Point"",""coordinates"":[76.9438,9.932914000000002]}"
853,10,0.22268705070018768,41.55437088012695,2023-06-15,718.7584228515625,1,1.0,12.170000076293945,2023-06-15,2023-06-14,21.860719680786133,296.59503173828125,2023-06-16,0.0,0.0,2023-06-15,0.47836366295814514,1.0,"{""type"":""Point"",""coordinates"":[76.937972,9.931077000000002]}"
854,10,0.21584545075893402,29.9539794921875,2020-05-27,748.1290283203125,1,3.0,5.340000152587891,2020-05-27,2020-05-26,25.927003860473633,298.6299743652344,2020-05-28,1.350000023841858,0.0,2020-05-27,0.4804344177246094,3.0,"{""type"":""Point"",""coordinates"":[76.938506,9.928786]}"
855,10,0.2828035354614258,5.310252666473389,2022-09-06,635.6755981445312,1,2.0,220.72000122070312,2022-09-06,2022-09-05,28.233375549316406,296.97503662109375,2022-09-07,16.969999313354492,18.75,2022-09-06,0.4746367037296295,2.0,"{""type"":""Point"",""coordinates"":[76.93293000000001,9.940398999999998]}"
856,10,0.06308014690876007,81.7522201538086,2020-06-17,725.5640258789062,1,3.0,15.029999732971191,2020-06-17,2020-06-16,18.913156509399414,297.5213317871094,2020-06-18,2.879999876022339,2.0833332538604736,2020-06-17,0.49656423926353455,3.0,"{""type"":""Point"",""coordinates"":[76.939113,9.928277]}"
857,10,0.6211059093475342,101.9527359008789,2020-04-04,708.0440673828125,1,4.0,0.0,2020-04-04,2020-04-03,14.867748260498047,301.53936767578125,2020-04-05,0.0,0.0,2020-04-04,0.30162301659584045,3.0,"{""type"":""Point"",""coordinates"":[76.941602,9.925144]}"
858,30,0.012127040885388851,66.2677993774414,2019-09-06,630.3526611328125,1,5.0,56.65999984741211,2019-09-06,2019-09-05,32.700469970703125,295.71502685546875,2019-09-07,2.049999952316284,4.166666507720947,2019-09-06,0.4972909390926361,2.0,"{""type"":""Point"",""coordinates"":[76.949252,9.920497999999998]}"
859,10,0.00811051670461893,77.11566925048828,2021-12-02,538.28173828125,1,4.0,0.24800001084804535,2021-12-02,2021-12-01,21.645715713500977,295.32305908203125,2021-12-03,11.25,12.5,2021-12-02,0.468066543340683,4.0,"{""type"":""Point"",""coordinates"":[76.951511,9.920187000000002]}"
860,10,0.6953332424163818,245.5076904296875,2023-04-25,553.4414672851562,1,1.0,7.37999963760376,2023-04-25,2023-04-24,30.7385311126709,298.2561340332031,2023-04-26,28.349998474121094,31.25,2023-04-25,0.43111228942871094,1.0,"{""type"":""Point"",""coordinates"":[76.951284,9.921815]}"
861,10,0.5720826387405396,65.74958801269531,2021-04-03,517.7867431640625,1,70.0,0.0,2021-04-03,2021-04-02,29.193042755126953,297.8926086425781,2021-04-04,0.27000001072883606,0.0,2021-04-03,0.4052378237247467,2.0,"{""type"":""Point"",""coordinates"":[76.957236,9.916531]}"
862,10,0.18017643690109253,227.56082153320312,2022-11-23,508.6622619628906,1,70.0,0.0,2022-11-23,2022-11-22,33.045372009277344,294.46563720703125,2022-11-24,0.0,0.0,2022-11-23,0.4558683931827545,70.0,"{""type"":""Point"",""coordinates"":[76.956101,9.919309999999998]}"
863,10,0.4791422188282013,63.054141998291016,2021-03-25,504.9443359375,1,70.0,4.199999809265137,2021-03-25,2021-03-24,30.35789680480957,299.58612060546875,2021-03-26,0.8399999737739563,2.0833332538604736,2021-03-25,0.29322686791419983,70.0,"{""type"":""Point"",""coordinates"":[76.955371,9.919152]}"
864,10,0.429749071598053,32.22076416015625,2020-12-29,494.56866455078125,1,70.0,0.0,2020-12-29,2020-12-28,15.523602485656738,294.4338073730469,2020-12-30,0.0,0.0,2020-12-29,0.4322185516357422,70.0,"{""type"":""Point"",""coordinates"":[76.95461,9.920033000000002]}"
865,10,0.13895392417907715,260.02142333984375,2022-08-29,578.2805786132812,1,64.0,50.519996643066406,2022-08-29,2022-08-28,32.39955139160156,294.3707580566406,2022-08-30,21.3799991607666,29.16666603088379,2022-08-29,0.4857063293457031,1.0,"{""type"":""Point"",""coordinates"":[76.954399,9.925901]}"
866,10,0.25391653180122375,238.95193481445312,2023-06-21,603.9466552734375,1,59.0,608.2899780273438,2023-06-21,2023-06-20,31.98457145690918,295.24822998046875,2023-06-22,10.029999732971191,8.333333015441895,2023-06-21,0.4916330873966217,59.0,"{""type"":""Point"",""coordinates"":[76.954112,9.92677]}"
867,10,0.036436084657907486,234.00389099121094,2020-06-14,616.9810180664062,1,59.0,552.239990234375,2020-06-14,2020-06-13,31.8092041015625,295.5111389160156,2020-06-15,5.269999980926514,10.416666984558105,2020-06-14,0.49534860253334045,59.0,"{""type"":""Point"",""coordinates"":[76.953977,9.927041999999998]}"
868,10,0.7534915804862976,235.7545623779297,2019-04-08,560.3688354492188,1,1.0,0.0,2019-04-08,2019-04-07,23.728111267089844,300.1713562011719,2019-04-09,28.849998474121094,16.66666603088379,2019-04-08,0.30389466881752014,1.0,"{""type"":""Point"",""coordinates"":[76.950735,9.923021]}"
869,10,0.8297020196914673,256.31365966796875,2021-03-04,620.7276611328125,1,3.0,0.0,2021-03-04,2021-03-03,32.01079559326172,297.6491394042969,2021-03-05,0.0,0.0,2021-03-04,0.30290794372558594,3.0,"{""type"":""Point"",""coordinates"":[76.953367,9.930246]}"
870,10,0.7538757920265198,242.7443389892578,2020-03-01,607.9569702148438,1,3.0,0.019999999552965164,2020-03-01,2020-02-29,29.038700103759766,298.92742919921875,2020-03-02,0.04200000315904617,0.0,2020-03-01,0.2802702486515045,1.0,"{""type"":""Point"",""coordinates"":[76.950753,9.933787]}"
871,10,0.23635327816009521,333.5625915527344,2022-11-16,490.8771057128906,1,7.0,57.91999816894531,2022-11-16,2022-11-15,19.27813720703125,294.8646545410156,2022-11-17,0.0,0.0,2022-11-16,0.47556114196777344,4.0,"{""type"":""Point"",""coordinates"":[76.962022,9.937797000000002]}"
872,50,0.03486534580588341,65.85021209716797,2021-11-20,472.411865234375,1,7.0,35.54999923706055,2021-11-20,2021-11-19,22.05251121520996,294.2895812988281,2021-11-21,0.18000000715255737,0.0,2021-11-20,0.49320411682128906,3.0,"{""type"":""Point"",""coordinates"":[76.964606,9.937800000000001]}"
873,10,0.3460509777069092,52.379417419433594,2021-02-12,556.4896850585938,1,2.0,0.0,2021-02-12,2021-02-11,36.84756851196289,294.8395690917969,2021-02-13,0.0,0.0,2021-02-12,0.31397882103919983,2.0,"{""type"":""Point"",""coordinates"":[76.966972,9.929028]}"
874,10,0.03945392742753029,74.55838012695312,2019-09-04,635.002685546875,1,1.0,8.470000267028809,2019-09-04,2019-09-03,25.643722534179688,294.3370361328125,2019-09-05,35.040000915527344,41.66666793823242,2019-09-04,0.4754270017147064,1.0,"{""type"":""Point"",""coordinates"":[76.96811000000001,9.92114]}"
875,10,0.5317410230636597,38.08362579345703,2020-03-03,370.64141845703125,1,6762.0,0.0,2020-03-03,2020-03-02,34.683807373046875,297.98553466796875,2020-03-04,0.0,0.0,2020-03-03,0.29329490661621094,6762.0,"{""type"":""Point"",""coordinates"":[76.975075,9.925703]}"
876,10,0.20495426654815674,13.575431823730469,2021-06-29,366.7066955566406,1,6762.0,0.0,2021-06-29,2021-06-28,37.182220458984375,294.5804748535156,2021-06-30,8.039999961853027,10.416666984558105,2021-06-29,0.470611572265625,6762.0,"{""type"":""Point"",""coordinates"":[76.975519,9.925442]}"
877,10,0.21033357083797455,24.409547805786133,2022-05-06,369.9977722167969,1,6762.0,0.0,2022-05-06,2022-05-05,29.89950180053711,296.560302734375,2022-05-07,1.4600000381469727,2.0833332538604736,2022-05-06,0.45919671654701233,6762.0,"{""type"":""Point"",""coordinates"":[76.976025,9.925294]}"
878,10,0.7741214036941528,145.66390991210938,2020-04-06,464.1752624511719,1,68.0,1218.5599365234375,2020-04-06,2020-04-05,27.721410751342773,299.188720703125,2020-04-07,9.529999732971191,12.5,2020-04-06,0.3468678891658783,68.0,"{""type"":""Point"",""coordinates"":[76.981761,9.923119]}"
879,10,0.4709753394126892,258.74212646484375,2020-11-25,445.619384765625,1,68.0,132.59999084472656,2020-11-25,2020-11-24,26.77951431274414,294.8086853027344,2020-11-26,1.46999990940094,0.0,2020-11-25,0.43885740637779236,68.0,"{""type"":""Point"",""coordinates"":[76.982294,9.922275]}"
880,10,0.0989086776971817,2.972485065460205,2022-07-04,442.3175354003906,1,68.0,2465.679931640625,2022-07-04,2022-07-03,14.294060707092285,294.3930358886719,2022-07-05,25.549999237060547,10.416666984558105,2022-07-04,0.48080572485923767,68.0,"{""type"":""Point"",""coordinates"":[76.98139,9.92086]}"
881,10,0.1601518988609314,2.972485065460205,2022-10-09,442.3175354003906,1,68.0,265.1999816894531,2022-10-09,2022-10-08,14.294060707092285,295.0826416015625,2022-10-10,6.210000038146973,14.583333015441895,2022-10-09,0.464001327753067,68.0,"{""type"":""Point"",""coordinates"":[76.9813,9.9208]}"
882,10,0.08095443248748779,233.2834014892578,2021-11-06,536.2651977539062,1,66.0,22.43000030517578,2021-11-06,2021-11-05,4.253574848175049,295.1708679199219,2021-11-07,23.81999969482422,18.75,2021-11-06,0.49497923254966736,1.0,"{""type"":""Point"",""coordinates"":[76.9861,9.9211]}"
883,10,0.10541187226772308,178.26402282714844,2020-08-11,471.54681396484375,1,68.0,448.79998779296875,2020-08-11,2020-08-10,22.75901985168457,293.9877624511719,2020-08-12,0.9099999666213989,0.0,2020-08-11,0.48861822485923767,68.0,"{""type"":""Point"",""coordinates"":[76.982603,9.923592999999999]}"
884,10,0.20864956080913544,12.18093204498291,2023-03-31,406.0806579589844,1,1885.0,15.9399995803833,2023-03-31,2023-03-30,33.79874801635742,298.29962158203125,2023-04-01,0.0,0.0,2023-03-31,0.3796933591365814,1.0,"{""type"":""Point"",""coordinates"":[76.979233,9.936412999999998]}"
885,10,0.2832831144332886,41.05485534667969,2023-10-22,501.0499267578125,1,1885.0,12.609999656677246,2023-10-22,2023-10-21,31.883577346801758,296.1951599121094,2023-10-23,5.869999885559082,8.333333015441895,2023-10-22,0.48297119140625,1.0,"{""type"":""Point"",""coordinates"":[76.97919,9.93528]}"
886,10,0.22173620760440826,41.05485534667969,2019-05-16,501.0499267578125,1,1885.0,1.649999976158142,2019-05-16,2019-05-15,31.883577346801758,297.0113830566406,2019-05-17,1.7899999618530273,4.166666507720947,2019-05-16,0.4639892578125,1.0,"{""type"":""Point"",""coordinates"":[76.9791,9.9352]}"
887,10,0.22841604053974152,23.249074935913086,2023-03-26,425.3103942871094,1,1885.0,0.0,2023-03-26,2023-03-25,21.860122680664062,297.6528625488281,2023-03-27,9.1899995803833,12.5,2023-03-26,0.38319650292396545,1885.0,"{""type"":""Point"",""coordinates"":[76.980959,9.935336000000001]}"
888,10,0.37226104736328125,16.592891693115234,2022-04-12,477.08343505859375,1,1885.0,153872.546875,2022-04-12,2022-04-11,34.50326919555664,296.0901794433594,2022-04-13,50.40999984741211,45.83333206176758,2022-04-12,0.47731781005859375,1885.0,"{""type"":""Point"",""coordinates"":[76.98117,9.93442]}"
889,10,0.06996852904558182,23.127031326293945,2020-08-27,483.1929931640625,1,1885.0,52120.25,2020-08-27,2020-08-26,38.14565658569336,295.8085021972656,2020-08-28,0.05999999865889549,0.0,2020-08-27,0.46445655822753906,1885.0,"{""type"":""Point"",""coordinates"":[76.9811,9.934400000000002]}"
890,10,0.519623339176178,101.57086181640625,2020-12-26,496.2721862792969,1,1885.0,0.0,2020-12-26,2020-12-25,30.6611270904541,295.3876647949219,2020-12-27,0.0,0.0,2020-12-26,0.46420159935951233,1.0,"{""type"":""Point"",""coordinates"":[76.982092,9.932653]}"
891,10,0.22754232585430145,124.70783996582031,2023-03-28,317.157470703125,1,6786.0,2985.83984375,2023-03-28,2023-03-27,20.69622039794922,297.9300537109375,2023-03-29,23.709999084472656,22.91666603088379,2023-03-28,0.39514732360839844,6786.0,"{""type"":""Point"",""coordinates"":[76.971294,9.934419]}"
892,10,0.6687160730361938,120.53568267822266,2021-03-14,328.7149658203125,1,6786.0,0.0,2021-03-14,2021-03-13,23.395231246948242,298.5682678222656,2021-03-15,0.0,0.0,2021-03-14,0.2960968017578125,3.0,"{""type"":""Point"",""coordinates"":[76.973592,9.937847]}"
893,10,0.4120660722255707,257.6578369140625,2020-06-02,381.9971923828125,1,6786.0,18362.916015625,2020-06-02,2020-06-01,29.07524871826172,296.6480407714844,2020-06-03,10.65999984741211,10.416666984558105,2020-06-02,0.48583856225013733,6786.0,"{""type"":""Point"",""coordinates"":[76.974861,9.935634000000002]}"
894,10,0.5977804064750671,262.8688659667969,2022-12-08,373.302978515625,1,6786.0,45873.359375,2022-12-08,2022-12-07,28.34109115600586,294.5987243652344,2022-12-09,28.369998931884766,31.25,2022-12-08,0.46419844031333923,6786.0,"{""type"":""Point"",""coordinates"":[76.97476,9.935453999999998]}"
895,10,0.08619999140501022,143.6898193359375,2021-12-19,407.7458190917969,1,3.0,0.5399999618530273,2021-12-19,2021-12-18,29.712900161743164,295.3586120605469,2021-12-20,0.0,0.0,2021-12-19,0.4191875457763672,3.0,"{""type"":""Point"",""coordinates"":[76.973256,9.939981]}"
896,10,0.7511403560638428,174.3225860595703,2019-04-10,404.1542663574219,1,1.0,5.659999847412109,2019-04-10,2019-04-09,20.72869300842285,300.7314758300781,2019-04-11,0.0,0.0,2019-04-10,0.3014627993106842,1.0,"{""type"":""Point"",""coordinates"":[76.982186,9.955812]}"
897,10,0.3768148422241211,248.8204803466797,2022-03-07,418.69232177734375,1,1.0,0.0,2022-03-07,2022-03-06,20.906064987182617,299.0840148925781,2022-03-08,0.0,0.0,2022-03-07,0.2584126889705658,1.0,"{""type"":""Point"",""coordinates"":[76.980757,9.9563]}"
898,10,0.33913978934288025,228.63685607910156,2022-09-14,422.4027404785156,1,1.0,0.0,2022-09-14,2022-09-13,20.677583694458008,295.0580749511719,2022-09-15,0.23999999463558197,0.0,2022-09-14,0.4875246584415436,1.0,"{""type"":""Point"",""coordinates"":[76.98074,9.956363]}"
899,10,0.15677154064178467,18.523496627807617,2020-07-31,258.5592956542969,1,12030.0,0.0,2020-07-31,2020-07-30,30.783233642578125,294.20001220703125,2020-08-01,92.06999969482422,45.83333206176758,2020-07-31,0.47845014929771423,1.0,"{""type"":""Point"",""coordinates"":[76.974239,9.953967]}"
900,80,0.0780707448720932,21.7793025970459,2020-09-27,249.4842071533203,1,12030.0,182134.203125,2020-09-27,2020-09-26,23.891921997070312,294.4697265625,2020-09-28,13.029999732971191,10.416666984558105,2020-09-27,0.4881693422794342,12030.0,"{""type"":""Point"",""coordinates"":[76.973072,9.954503]}"
901,10,0.3097739517688751,135.55575561523438,2021-02-09,604.1610107421875,1,2.0,0.0,2021-02-09,2021-02-08,6.724838733673096,295.5807800292969,2021-02-10,0.0,0.0,2021-02-09,0.3334890902042389,2.0,"{""type"":""Point"",""coordinates"":[76.95499,9.942178]}"
902,10,0.04849009960889816,24.09092903137207,2019-10-05,742.324951171875,1,1.0,3.2100000381469727,2019-10-05,2019-10-04,35.71307373046875,296.944091796875,2019-10-06,21.25,18.75,2019-10-05,0.4856173098087311,1.0,"{""type"":""Point"",""coordinates"":[76.949208,9.947447]}"
903,10,0.8084388971328735,29.68252182006836,2023-03-07,689.75732421875,1,1.0,0.3199999928474426,2023-03-07,2023-03-06,17.62250328063965,297.51971435546875,2023-03-08,0.0,0.0,2023-03-07,0.2897319793701172,1.0,"{""type"":""Point"",""coordinates"":[76.950003,9.947796999999998]}"
904,10,0.02914012037217617,19.37207794189453,2021-11-19,683.600830078125,1,1.0,1.0199999809265137,2021-11-19,2021-11-18,25.57309341430664,294.5037841796875,2021-11-20,11.84999942779541,20.83333396911621,2021-11-19,0.4884001314640045,1.0,"{""type"":""Point"",""coordinates"":[76.950583,9.947933000000003]}"
905,10,0.17720387876033783,32.32155990600586,2019-10-07,641.2117919921875,1,4.0,68.75999450683594,2019-10-07,2019-10-06,17.365516662597656,295.2174987792969,2019-10-08,2.049999952316284,4.166666507720947,2019-10-07,0.4783973693847656,4.0,"{""type"":""Point"",""coordinates"":[76.984058,9.966883]}"
906,10,0.04284505546092987,140.4910430908203,2020-06-28,608.22021484375,1,4.0,84.36000061035156,2020-06-28,2020-06-27,27.10562515258789,295.28436279296875,2020-06-29,37.36000061035156,18.75,2020-06-28,0.49109458923339844,4.0,"{""type"":""Point"",""coordinates"":[76.983945,9.969343]}"
907,10,0.4129261374473572,82.21246337890625,2019-03-02,733.8541870117188,1,1.0,0.01900000125169754,2019-03-02,2019-03-01,27.41482925415039,299.6136779785156,2019-03-03,0.0,0.0,2019-03-02,0.2847512662410736,1.0,"{""type"":""Point"",""coordinates"":[76.986111,9.979166999999999]}"
908,10,0.05771021172404289,32.35712814331055,2020-07-03,588.6527709960938,1,6.0,207.83999633789062,2020-07-03,2020-07-02,17.134483337402344,295.74517822265625,2020-07-04,47.89999771118164,41.66666793823242,2020-07-03,0.48347410559654236,6.0,"{""type"":""Point"",""coordinates"":[76.984941,9.984595]}"
909,10,0.2178545892238617,80.2221450805664,2019-06-09,732.20947265625,1,1.0,0.5799999833106995,2019-06-09,2019-06-08,30.298803329467773,296.6056823730469,2019-06-10,18.119998931884766,27.08333396911621,2019-06-09,0.4841632843017578,1.0,"{""type"":""Point"",""coordinates"":[76.986111,9.979443999999999]}"
910,10,0.13192202150821686,29.41176414489746,2021-11-02,616.0571899414062,1,3.0,72.25799560546875,2021-11-02,2021-11-01,38.21416473388672,294.3624572753906,2021-11-03,29.60999870300293,35.41666793823242,2021-11-02,0.47524070739746094,3.0,"{""type"":""Point"",""coordinates"":[76.988333,9.981667]}"
911,10,0.21997568011283875,49.68429946899414,2021-09-21,578.4046020507812,1,3.0,7.289999961853027,2021-09-21,2021-09-20,18.024215698242188,296.0162048339844,2021-09-22,0.3100000023841858,0.0,2021-09-21,0.45744386315345764,3.0,"{""type"":""Point"",""coordinates"":[76.988889,9.981944000000002]}"
912,10,0.1038554459810257,155.58738708496094,2020-08-19,578.0947875976562,1,1.0,0.7599999904632568,2020-08-19,2020-08-18,23.62856674194336,294.9620056152344,2020-08-20,0.0,0.0,2020-08-19,0.4402790069580078,1.0,"{""type"":""Point"",""coordinates"":[76.993645,9.981009]}"
913,30,0.03936002030968666,241.777099609375,2019-10-05,566.9088745117188,1,3.0,3.2100000381469727,2019-10-05,2019-10-04,25.527935028076172,295.731689453125,2019-10-06,21.25,18.75,2019-10-05,0.48362478613853455,1.0,"{""type"":""Point"",""coordinates"":[76.99182,9.982213]}"
914,10,0.3980749249458313,256.1365051269531,2021-04-20,588.2940063476562,1,1.0,11.09000015258789,2021-04-20,2021-04-19,28.598363876342773,296.8625183105469,2021-04-21,4.799999713897705,12.5,2021-04-20,0.47759947180747986,1.0,"{""type"":""Point"",""coordinates"":[76.99036,9.985087000000002]}"
915,10,0.4890100657939911,198.28292846679688,2020-11-16,593.1588745117188,1,1.0,1.75,2020-11-16,2020-11-15,19.921098709106445,295.61932373046875,2020-11-17,37.91999816894531,31.25,2020-11-16,0.47899436950683594,1.0,"{""type"":""Point"",""coordinates"":[76.989806,9.985506000000003]}"
916,10,0.11228011548519135,236.90951538085938,2019-11-05,664.5619506835938,1,2.0,0.0,2019-11-05,2019-11-04,30.34084701538086,295.2177734375,2019-11-06,0.0,0.0,2019-11-05,0.4586149752140045,2.0,"{""type"":""Point"",""coordinates"":[76.98,10.0]}"
917,10,0.05607074126601219,236.90951538085938,2021-12-11,664.5619506835938,1,2.0,0.6399999856948853,2021-12-11,2021-12-10,30.34084701538086,294.8307189941406,2021-12-12,0.0,0.0,2021-12-11,0.4682833254337311,2.0,"{""type"":""Point"",""coordinates"":[76.98,10.0]}"
918,10,0.23967203497886658,45.224266052246094,2019-03-18,548.6815185546875,1,5.0,0.0,2019-03-18,2019-03-17,18.945058822631836,300.55035400390625,2019-03-19,6.479999542236328,6.25,2019-03-18,0.2635612487792969,5.0,"{""type"":""Point"",""coordinates"":[76.986522,9.992667000000003]}"
919,10,0.18164007365703583,234.42564392089844,2019-07-25,501.68170166015625,1,20.0,82.80000305175781,2019-07-25,2019-07-24,27.684228897094727,294.76171875,2019-07-26,47.34000015258789,33.33333206176758,2019-07-25,0.48170343041419983,20.0,"{""type"":""Point"",""coordinates"":[76.990911,9.993229]}"
920,10,0.841809093952179,110.23048400878906,2020-02-12,672.397705078125,1,9.0,0.0,2020-02-12,2020-02-11,19.869401931762695,298.3511657714844,2020-02-13,0.0,0.0,2020-02-12,0.26624298095703125,9.0,"{""type"":""Point"",""coordinates"":[76.99,10.0]}"
921,10,0.171829491853714,110.23048400878906,2020-11-06,672.397705078125,1,9.0,59.939998626708984,2020-11-06,2020-11-05,19.869401931762695,295.6593322753906,2020-11-07,0.5,0.0,2020-11-06,0.48040899634361267,9.0,"{""type"":""Point"",""coordinates"":[76.99,10.0]}"
922,10,0.053724464029073715,113.69833374023438,2020-10-16,606.4664306640625,1,7.0,0.0,2020-10-16,2020-10-15,6.276845932006836,294.5008850097656,2020-10-17,0.7899999618530273,0.0,2020-10-16,0.48219045996665955,7.0,"{""type"":""Point"",""coordinates"":[76.992769,10.000277]}"
923,10,0.25345876812934875,208.86575317382812,2021-01-27,675.8639526367188,1,4.0,0.0,2021-01-27,2021-01-26,26.07978057861328,293.3106384277344,2021-01-28,0.0,0.0,2021-01-27,0.42668724060058594,4.0,"{""type"":""Point"",""coordinates"":[76.991651,10.005418000000002]}"
924,10,0.11796727031469345,219.47398376464844,2020-10-27,697.5374755859375,1,1.0,45.59000015258789,2020-10-27,2020-10-26,26.845081329345703,295.70654296875,2020-10-28,1.619999885559082,4.166666507720947,2020-10-27,0.39988455176353455,1.0,"{""type"":""Point"",""coordinates"":[76.992508,10.005377000000001]}"
925,10,0.24007906019687653,216.20303344726562,2021-07-12,691.1644897460938,1,12.0,64.05999755859375,2021-07-12,2021-07-11,28.579818725585938,293.2952575683594,2021-07-13,6.829999923706055,8.333333015441895,2021-07-12,0.5004017949104309,2.0,"{""type"":""Point"",""coordinates"":[76.9891,10.0172]}"
926,10,0.11602441221475601,131.3959503173828,2020-10-02,761.4873046875,1,1.0,0.25,2020-10-02,2020-10-01,29.62698745727539,294.91387939453125,2020-10-03,0.8299999833106995,2.0833332538604736,2020-10-02,0.46090760827064514,1.0,"{""type"":""Point"",""coordinates"":[76.982378,10.013121000000002]}"
927,10,0.8317962884902954,125.83396911621094,2022-01-04,759.1116943359375,1,5.0,0.0,2022-01-04,2022-01-03,19.127132415771484,295.39544677734375,2022-01-05,0.0,0.0,2022-01-04,0.3433602750301361,5.0,"{""type"":""Point"",""coordinates"":[76.983426,10.015962]}"
928,10,0.05601401999592781,67.83863830566406,2020-07-03,712.476318359375,1,5.0,145.75,2020-07-03,2020-07-02,18.20354461669922,295.74517822265625,2020-07-04,54.30999755859375,58.33333206176758,2020-07-03,0.48347410559654236,5.0,"{""type"":""Point"",""coordinates"":[76.984857,10.015845000000002]}"
929,10,0.4160839021205902,144.25149536132812,2022-02-28,734.6607055664062,1,5.0,1.4800000190734863,2022-02-28,2022-02-27,24.040964126586914,298.71148681640625,2022-03-01,0.0,0.0,2022-02-28,0.2753073275089264,4.0,"{""type"":""Point"",""coordinates"":[76.984647,10.017266]}"
930,10,0.512738823890686,241.77989196777344,2023-01-14,711.4359130859375,1,5.0,0.0,2023-01-14,2023-01-13,31.799083709716797,293.8741455078125,2023-01-15,0.0,0.0,2023-01-14,0.28295835852622986,1.0,"{""type"":""Point"",""coordinates"":[76.979942,10.011409000000002]}"
931,10,0.5453627109527588,187.28799438476562,2023-03-14,714.4713745117188,1,1.0,0.0,2023-03-14,2023-03-13,18.57862663269043,299.3318786621094,2023-03-15,0.0,0.0,2023-03-14,0.26042112708091736,1.0,"{""type"":""Point"",""coordinates"":[76.980621,10.012191000000001]}"
932,10,0.09373171627521515,132.95169067382812,2023-08-13,717.764404296875,1,1.0,11.930000305175781,2023-08-13,2023-08-12,14.711039543151855,295.3775939941406,2023-08-14,0.0,0.0,2023-08-13,0.4869149625301361,1.0,"{""type"":""Point"",""coordinates"":[76.98058600000002,10.012345000000002]}"
933,10,0.06750984489917755,145.81024169921875,2019-11-11,721.5780639648438,1,1.0,1.5399999618530273,2019-11-11,2019-11-10,34.03060531616211,295.126953125,2019-11-12,1.5699999332427979,2.0833332538604736,2019-11-11,0.4555988311767578,1.0,"{""type"":""Point"",""coordinates"":[76.98231,10.012398000000001]}"
934,10,0.4140631854534149,285.250732421875,2019-05-14,684.8377075195312,1,5.0,0.0,2019-05-14,2019-05-13,23.705081939697266,297.5631103515625,2019-05-15,0.0,0.0,2019-05-14,0.4504280090332031,1.0,"{""type"":""Point"",""coordinates"":[76.98,10.010000000000002]}"
935,10,0.7871310114860535,285.250732421875,2023-03-09,684.8377075195312,1,5.0,0.0,2023-03-09,2023-03-08,23.705081939697266,298.4412536621094,2023-03-10,0.8899999856948853,2.0833332538604736,2023-03-09,0.26943016052246094,1.0,"{""type"":""Point"",""coordinates"":[76.98,10.010000000000002]}"
936,10,0.18587477505207062,353.23388671875,2021-09-08,588.068359375,1,9.0,5.849999904632568,2021-09-08,2021-09-07,33.35231399536133,293.907958984375,2021-09-09,0.0,0.0,2021-09-08,0.4794820249080658,9.0,"{""type"":""Point"",""coordinates"":[76.965253,10.011894]}"
937,30,0.0308186337351799,203.29103088378906,2022-08-22,568.0481567382812,1,2.0,30.559999465942383,2022-08-22,2022-08-21,11.154434204101562,295.1916809082031,2022-08-23,34.279998779296875,39.58333206176758,2022-08-22,0.4705066680908203,2.0,"{""type"":""Point"",""coordinates"":[76.960455,10.013351]}"
938,10,0.10361143201589584,190.3138427734375,2020-09-07,634.9789428710938,1,8.0,296.32000732421875,2020-09-07,2020-09-06,28.93163299560547,294.635986328125,2020-09-08,0.6599999666213989,0.0,2020-09-07,0.47692808508872986,8.0,"{""type"":""Point"",""coordinates"":[76.964344,10.013924]}"
939,10,0.19740870594978333,316.460693359375,2023-10-12,616.9818115234375,1,9.0,158.30999755859375,2023-10-12,2023-10-11,15.219635009765625,295.4322814941406,2023-10-13,27.510000228881836,20.83333396911621,2023-10-12,0.48480287194252014,9.0,"{""type"":""Point"",""coordinates"":[76.964065,10.011485]}"
940,10,0.4327930212020874,353.22491455078125,2020-12-17,607.4906616210938,1,9.0,4.769999980926514,2020-12-17,2020-12-16,34.45154571533203,293.9315185546875,2020-12-18,5.029999732971191,4.166666507720947,2020-12-17,0.4885781705379486,9.0,"{""type"":""Point"",""coordinates"":[76.964605,10.011862000000002]}"
941,10,0.1331503987312317,357.7623596191406,2022-04-30,580.0341186523438,1,9.0,0.0,2022-04-30,2022-04-29,29.985748291015625,298.0586853027344,2022-05-01,0.0,0.0,2022-04-30,0.41796302795410156,9.0,"{""type"":""Point"",""coordinates"":[76.964396,10.011907999999998]}"
942,10,0.7647855877876282,355.204833984375,2020-04-16,584.30908203125,1,9.0,0.08999999612569809,2020-04-16,2020-04-15,30.099910736083984,300.0519714355469,2020-04-17,0.4300000071525574,0.0,2020-04-16,0.30993589758872986,9.0,"{""type"":""Point"",""coordinates"":[76.96486100000001,10.011914]}"
943,10,0.02656029537320137,257.1543273925781,2021-12-13,559.6587524414062,1,43.0,0.0,2021-12-13,2021-12-12,1.9885790348052979,295.47503662109375,2021-12-14,2.5,4.166666507720947,2021-12-13,0.4446627199649811,43.0,"{""type"":""Point"",""coordinates"":[76.96,10.01]}"
944,10,0.2903096675872803,257.1543273925781,2022-04-03,559.6587524414062,1,43.0,95.45999908447266,2022-04-03,2022-04-02,1.9885790348052979,298.16278076171875,2022-04-04,0.5799999833106995,0.0,2022-04-03,0.347637802362442,43.0,"{""type"":""Point"",""coordinates"":[76.96,10.01]}"
945,10,0.11941145360469818,257.1543273925781,2019-11-16,559.6587524414062,1,43.0,635.969970703125,2019-11-16,2019-11-15,1.9885790348052979,296.0439758300781,2019-11-17,15.399999618530273,10.416666984558105,2019-11-16,0.4791902005672455,43.0,"{""type"":""Point"",""coordinates"":[76.96,10.01]}"
946,10,0.5647216439247131,257.1543273925781,2023-03-10,559.6587524414062,1,43.0,38.27000045776367,2023-03-10,2023-03-09,1.9885790348052979,298.93865966796875,2023-03-11,0.14999999105930328,0.0,2023-03-10,0.26598548889160156,43.0,"{""type"":""Point"",""coordinates"":[76.96,10.01]}"
947,10,0.6611798405647278,199.29397583007812,2023-03-31,627.251953125,1,9.0,81.9000015258789,2023-03-31,2023-03-30,21.613018035888672,298.4361572265625,2023-04-01,0.44999998807907104,0.0,2023-03-31,0.36039862036705017,9.0,"{""type"":""Point"",""coordinates"":[76.965759,10.011132]}"
948,10,0.26594218611717224,21.72116470336914,2023-01-07,584.5850219726562,1,2.0,0.0,2023-01-07,2023-01-06,18.059280395507812,294.5949401855469,2023-01-08,0.0,0.0,2023-01-07,0.30205854773521423,2.0,"{""type"":""Point"",""coordinates"":[76.964767,9.997868]}"
949,10,0.6795035004615784,41.20079803466797,2019-04-25,602.1566162109375,1,4.0,64.04000091552734,2019-04-25,2019-04-24,24.574552536010742,298.22479248046875,2019-04-26,3.319999933242798,6.25,2019-04-25,0.47603607177734375,4.0,"{""type"":""Point"",""coordinates"":[76.959035,10.001608]}"
950,50,0.41608870029449463,244.7209014892578,2021-02-24,552.2888793945312,1,73.0,20.520000457763672,2021-02-24,2021-02-23,0.9357027411460876,297.38482666015625,2021-02-25,0.0,0.0,2021-02-24,0.29211553931236267,54.0,"{""type"":""Point"",""coordinates"":[76.95,10.010000000000002]}"
951,10,0.5009477734565735,332.9412841796875,2021-01-07,795.0206298828125,1,2.0,86.83999633789062,2021-01-07,2021-01-06,35.22624206542969,296.3902587890625,2021-01-08,5.480000019073486,8.333333015441895,2021-01-07,0.4843355715274811,2.0,"{""type"":""Point"",""coordinates"":[76.93,10.010000000000002]}"
952,10,0.5284185409545898,153.20162963867188,2019-04-24,751.814208984375,1,2.0,7.799999713897705,2019-04-24,2019-04-23,21.78536033630371,298.9809875488281,2019-04-25,16.010000228881836,14.583333015441895,2019-04-24,0.49555525183677673,2.0,"{""type"":""Point"",""coordinates"":[76.925216,10.007057]}"
953,10,0.13481326401233673,50.216529846191406,2021-09-21,789.6092529296875,1,2.0,2.0199999809265137,2021-09-21,2021-09-20,16.398109436035156,297.4031677246094,2021-09-22,0.03999999910593033,0.0,2021-09-21,0.46318626403808594,2.0,"{""type"":""Point"",""coordinates"":[76.932793,10.008478]}"
954,10,0.31736454367637634,12.571306228637695,2020-04-16,792.5885620117188,1,2.0,0.009999999776482582,2020-04-16,2020-04-15,26.565622329711914,301.1871337890625,2020-04-17,0.4300000071525574,0.0,2020-04-16,0.3336944580078125,1.0,"{""type"":""Point"",""coordinates"":[76.934999,10.008156999999999]}"
955,10,0.3518204689025879,351.0559387207031,2022-01-21,807.980712890625,1,2.0,0.0,2022-01-21,2022-01-20,23.28518295288086,298.4338684082031,2022-01-22,0.0,0.0,2022-01-21,0.2676359713077545,1.0,"{""type"":""Point"",""coordinates"":[76.934532,10.007979]}"
956,10,0.5671864748001099,6.8196187019348145,2019-04-09,796.6279907226562,1,1.0,28.849998474121094,2019-04-09,2019-04-08,16.705291748046875,302.19329833984375,2019-04-10,5.659999847412109,10.416666984558105,2019-04-09,0.29885992407798767,1.0,"{""type"":""Point"",""coordinates"":[76.942668,9.998928000000001]}"
957,10,0.6171805262565613,50.080631256103516,2020-01-09,779.2490844726562,1,1.0,0.0,2020-01-09,2020-01-08,16.455461502075195,297.4830627441406,2020-01-10,0.0,0.0,2020-01-09,0.34841981530189514,1.0,"{""type"":""Point"",""coordinates"":[76.946049,9.997010000000001]}"
958,10,0.34189721941947937,359.13104248046875,2021-02-10,771.1551513671875,1,1.0,0.0,2021-02-10,2021-02-09,14.153602600097656,295.95159912109375,2021-02-11,0.0,0.0,2021-02-10,0.3146108090877533,1.0,"{""type"":""Point"",""coordinates"":[76.944932,9.997695]}"
959,10,0.10914389044046402,48.42239761352539,2023-07-02,254.04937744140625,1,3.0,12.920999526977539,2023-07-02,2023-07-01,24.06581687927246,297.64581298828125,2023-07-03,57.75,39.58333206176758,2023-07-02,0.46947479248046875,3.0,"{""type"":""Point"",""coordinates"":[76.936361,9.972692]}"
960,10,0.18450812995433807,8.693985939025879,2023-09-27,236.69235229492188,1,4.0,21.360000610351562,2023-09-27,2023-09-26,19.73627471923828,296.9017639160156,2023-09-28,18.299999237060547,18.75,2023-09-27,0.48677125573158264,4.0,"{""type"":""Point"",""coordinates"":[76.92743300000001,9.976442]}"
961,10,0.10868511348962784,30.574800491333008,2022-05-17,244.18539428710938,1,12210.0,3.5899999141693115,2022-05-17,2022-05-16,25.74149513244629,296.4538269042969,2022-05-18,7.87999963760376,14.583333015441895,2022-05-17,0.5025895237922668,1.0,"{""type"":""Point"",""coordinates"":[76.917017,9.982730999999998]}"
962,10,0.5094895362854004,13.59375286102295,2020-12-01,251.875,1,12214.0,0.0,2020-12-01,2020-11-30,28.007112503051758,297.504638671875,2020-12-02,2.075000047683716,4.166666507720947,2020-12-01,0.43669891357421875,6.0,"{""type"":""Point"",""coordinates"":[76.912044,9.984653]}"
963,10,0.17824283242225647,44.515235900878906,2020-09-28,250.5568084716797,1,6.0,78.18000030517578,2020-09-28,2020-09-27,17.79414939880371,296.63720703125,2020-09-29,19.309999465942383,22.91666603088379,2020-09-28,0.48774275183677673,6.0,"{""type"":""Point"",""coordinates"":[76.911161,9.984906]}"
964,10,0.12532225251197815,22.4290828704834,2021-12-17,245.87110900878906,1,6.0,0.0,2021-12-17,2021-12-16,29.772306442260742,296.9452819824219,2021-12-18,0.0,0.0,2021-12-17,0.4578056335449219,6.0,"{""type"":""Point"",""coordinates"":[76.910708,9.985439]}"
965,10,0.19853921234607697,30.931272506713867,2021-07-20,228.33349609375,1,12232.0,0.41999998688697815,2021-07-20,2021-07-19,14.759942054748535,296.45269775390625,2021-07-21,3.6600000858306885,4.166666507720947,2021-07-20,0.48955854773521423,1.0,"{""type"":""Point"",""coordinates"":[76.908022,9.986955999999998]}"
966,10,0.1592191755771637,48.059349060058594,2022-04-23,203.93646240234375,1,12232.0,170758.71875,2022-04-23,2022-04-22,23.881864547729492,299.0419921875,2022-04-24,9.130000114440918,10.416666984558105,2022-04-23,0.47335752844810486,12232.0,"{""type"":""Point"",""coordinates"":[76.905247,9.988547000000002]}"
967,10,0.06533170491456985,29.185556411743164,2020-06-30,747.9789428710938,1,3.0,88.88999938964844,2020-06-30,2020-06-29,17.251428604125977,296.8320007324219,2020-07-01,0.0,0.0,2020-06-30,0.4814586639404297,1.0,"{""type"":""Point"",""coordinates"":[76.92,10.010000000000002]}"
968,10,0.07767277956008911,178.01605224609375,2023-07-30,560.252197265625,1,167.0,0.0,2023-07-30,2023-07-29,8.82335090637207,297.155029296875,2023-07-31,0.0,0.0,2023-07-30,0.4616304934024811,1.0,"{""type"":""Point"",""coordinates"":[76.91,10.02]}"
969,10,0.5301569700241089,298.8725280761719,2023-03-31,590.3865356445312,1,5.0,45.5,2023-03-31,2023-03-30,28.480154037475586,299.6971435546875,2023-04-01,0.44999998807907104,0.0,2023-03-31,0.38761648535728455,5.0,"{""type"":""Point"",""coordinates"":[76.914314,10.0236]}"
970,10,0.15592318773269653,167.9449920654297,2023-09-21,548.7886962890625,1,146.0,1752.0,2023-09-21,2023-09-20,9.084555625915527,296.59564208984375,2023-09-22,26.59000015258789,35.41666793823242,2023-09-21,0.46408018469810486,146.0,"{""type"":""Point"",""coordinates"":[76.92,10.02]}"
971,10,0.25177958607673645,167.9449920654297,2019-11-28,548.7886962890625,1,146.0,0.0,2019-11-28,2019-11-27,9.084555625915527,297.7931823730469,2019-11-29,3.069999933242798,2.0833332538604736,2019-11-28,0.4581928253173828,146.0,"{""type"":""Point"",""coordinates"":[76.92,10.02]}"
972,30,0.2375318706035614,222.4898681640625,2020-05-28,880.9323120117188,1,3.0,3.4499998092651367,2020-05-28,2020-05-27,19.499364852905273,298.75982666015625,2020-05-29,47.5099983215332,37.5,2020-05-28,0.4732952117919922,3.0,"{""type"":""Point"",""coordinates"":[76.92,10.03]}"
973,10,0.19099277257919312,152.83213806152344,2019-06-29,591.5377197265625,1,5.0,0.0,2019-06-29,2019-06-28,24.509429931640625,297.8712158203125,2019-06-30,0.3400000035762787,0.0,2019-06-29,0.4668547213077545,5.0,"{""type"":""Point"",""coordinates"":[76.914381,10.024114]}"
974,10,0.18102967739105225,321.93853759765625,2020-09-16,968.8392333984375,1,1.0,3.8999998569488525,2020-09-16,2020-09-15,20.268802642822266,296.02056884765625,2020-09-17,7.0,10.416666984558105,2020-09-16,0.5016066431999207,1.0,"{""type"":""Point"",""coordinates"":[76.924169,10.042933000000001]}"
975,10,0.6990996599197388,348.05682373046875,2020-02-21,960.6654663085938,1,1.0,0.0,2020-02-21,2020-02-20,12.184873580932617,299.99578857421875,2020-02-22,0.0,0.0,2020-02-21,0.2669149935245514,1.0,"{""type"":""Point"",""coordinates"":[76.919657,10.041955999999999]}"
976,10,0.0884617492556572,345.7996520996094,2021-07-07,942.0045166015625,1,1.0,44.66999816894531,2021-07-07,2021-07-06,19.73183250427246,297.9325866699219,2021-07-08,3.809999942779541,6.25,2021-07-07,0.47229257225990295,1.0,"{""type"":""Point"",""coordinates"":[76.914002,10.041862]}"
977,10,0.17628313601016998,1.4153205156326294,2021-06-03,929.514892578125,1,3.0,62.459999084472656,2021-06-03,2021-06-02,25.779632568359375,298.231689453125,2021-06-04,46.39999771118164,35.41666793823242,2021-06-03,0.47367095947265625,3.0,"{""type"":""Point"",""coordinates"":[76.912363,10.042278000000003]}"
978,10,0.05808015540242195,2.1226484775543213,2023-06-29,925.9660034179688,1,3.0,1.0099999904632568,2023-06-29,2023-06-28,26.137939453125,296.4883117675781,2023-06-30,17.260000228881836,14.583333015441895,2023-06-29,0.48898443579673767,1.0,"{""type"":""Point"",""coordinates"":[76.912845,10.042102999999997]}"
979,10,0.12499035149812698,215.23744201660156,2022-05-12,928.8978881835938,1,3.0,4.460000038146973,2022-05-12,2022-05-11,10.541738510131836,296.971435546875,2022-05-13,0.3799999952316284,0.0,2022-05-12,0.46742820739746094,1.0,"{""type"":""Point"",""coordinates"":[76.910918,10.04169]}"
980,10,0.48621299862861633,184.3756866455078,2023-02-28,746.0079345703125,1,5.0,0.0,2023-02-28,2023-02-27,24.526500701904297,297.2581481933594,2023-03-01,0.0,0.0,2023-02-28,0.28794923424720764,5.0,"{""type"":""Point"",""coordinates"":[76.912574,10.031718000000001]}"
981,10,0.23639553785324097,25.017927169799805,2022-10-03,908.8599243164062,1,5.0,5.5,2022-10-03,2022-10-02,24.261499404907227,296.3319396972656,2022-10-04,0.7400000095367432,0.0,2022-10-03,0.4801553189754486,2.0,"{""type"":""Point"",""coordinates"":[76.928721,10.060082]}"
982,10,0.38027501106262207,191.00926208496094,2020-01-02,928.2013549804688,1,5.0,0.06000000238418579,2020-01-02,2020-01-01,28.98802375793457,297.31365966796875,2020-01-03,0.0,0.0,2020-01-02,0.39713987708091736,5.0,"{""type"":""Point"",""coordinates"":[76.930063,10.060128]}"
983,10,0.7435436844825745,23.965900421142578,2023-01-22,904.1566162109375,1,5.0,2.8999998569488525,2023-01-22,2023-01-21,11.205479621887207,296.4246826171875,2023-01-23,0.7999999523162842,0.0,2023-01-22,0.26449140906333923,2.0,"{""type"":""Point"",""coordinates"":[76.928977,10.060098]}"
984,10,0.05722176656126976,62.54537582397461,2023-06-23,917.430419921875,1,2.0,26.81999969482422,2023-06-23,2023-06-22,15.314754486083984,296.6828918457031,2023-06-24,0.25999999046325684,0.0,2023-06-23,0.47361311316490173,2.0,"{""type"":""Point"",""coordinates"":[76.926327,10.060890999999998]}"
985,10,0.035763584077358246,62.33573532104492,2021-10-04,930.6302490234375,1,2.0,108.93999481201172,2021-10-04,2021-10-03,21.2667236328125,296.5730285644531,2021-10-05,32.779998779296875,22.91666603088379,2021-10-04,0.4802767336368561,2.0,"{""type"":""Point"",""coordinates"":[76.925942,10.060595]}"
986,10,0.05146950110793114,44.70280456542969,2020-06-09,982.2437744140625,1,5.0,25.119998931884766,2020-06-09,2020-06-08,21.37525749206543,296.8851013183594,2020-06-10,14.190000534057617,10.416666984558105,2020-06-09,0.48479971289634705,4.0,"{""type"":""Point"",""coordinates"":[76.931832,10.063173000000003]}"
987,30,0.021037830039858818,316.85992431640625,2023-11-01,977.146240234375,1,6.0,24.899999618530273,2023-11-01,2023-10-31,26.45317840576172,296.484619140625,2023-11-02,11.680000305175781,10.416666984558105,2023-11-01,0.4567909240722656,6.0,"{""type"":""Point"",""coordinates"":[76.941338,10.058896]}"
988,10,0.010818788781762123,184.83131408691406,2021-11-25,974.6427001953125,1,6.0,76.07999420166016,2021-11-25,2021-11-24,23.930849075317383,295.6549377441406,2021-11-26,78.20999908447266,45.83333206176758,2021-11-25,0.48524346947669983,6.0,"{""type"":""Point"",""coordinates"":[76.94,10.06]}"
989,10,0.03369717299938202,184.83131408691406,2019-09-05,974.6427001953125,1,6.0,479.3999938964844,2019-09-05,2019-09-04,23.930849075317383,295.4859924316406,2019-09-06,28.34000015258789,39.58333206176758,2019-09-05,0.4800148010253906,6.0,"{""type"":""Point"",""coordinates"":[76.94,10.06]}"
990,10,0.008347286842763424,240.3783721923828,2020-08-29,1045.7906494140625,1,1.0,1.2400000095367432,2020-08-29,2020-08-28,24.80251693725586,297.24053955078125,2020-08-30,4.900000095367432,6.25,2020-08-29,0.45444998145103455,1.0,"{""type"":""Point"",""coordinates"":[76.942389,10.053131999999998]}"
991,10,0.04016682505607605,94.4291000366211,2019-09-05,976.6658325195312,1,61.0,79.9000015258789,2019-09-05,2019-09-04,7.33698034286499,295.4859924316406,2019-09-06,28.34000015258789,39.58333206176758,2019-09-05,0.4800148010253906,1.0,"{""type"":""Point"",""coordinates"":[76.94,10.05]}"
992,10,0.10453943908214569,183.34963989257812,2023-10-25,974.0768432617188,1,59.0,4613.2099609375,2023-10-25,2023-10-24,16.360078811645508,296.5392150878906,2023-10-26,0.8299999237060547,2.0833332538604736,2023-10-25,0.4831167757511139,59.0,"{""type"":""Point"",""coordinates"":[76.945716,10.048140000000004]}"
993,10,0.5349702835083008,47.360511779785156,2019-02-19,994.8637084960938,1,1.0,0.0,2019-02-19,2019-02-18,18.73733901977539,299.7434997558594,2019-02-20,0.0,0.0,2019-02-19,0.29061952233314514,1.0,"{""type"":""Point"",""coordinates"":[76.945875,10.041179]}"
994,10,-0.013300583697855473,198.53807067871094,2022-05-31,851.280029296875,1,15.0,27.299999237060547,2022-05-31,2022-05-30,20.594764709472656,297.350830078125,2022-06-01,17.15999984741211,29.16666603088379,2022-05-31,0.48173967003822327,15.0,"{""type"":""Point"",""coordinates"":[76.942529,10.032249]}"
995,10,0.5180723071098328,181.5616455078125,2020-12-28,853.9697265625,1,15.0,0.0,2020-12-28,2020-12-27,19.343801498413086,295.34417724609375,2020-12-29,0.0,0.0,2020-12-28,0.4481029510498047,15.0,"{""type"":""Point"",""coordinates"":[76.942702,10.032274999999998]}"
996,10,0.11159568279981613,196.98471069335938,2019-06-29,931.8177490234375,1,1.0,0.0,2019-06-29,2019-06-28,28.87992286682129,297.8712158203125,2019-06-30,0.3400000035762787,0.0,2019-06-29,0.4668547213077545,1.0,"{""type"":""Point"",""coordinates"":[76.94120500000001,10.036551]}"
997,10,0.39108869433403015,22.733692169189453,2020-04-10,864.7698364257812,1,1.0,1.4700000286102295,2020-04-10,2020-04-09,30.337583541870117,300.3240661621094,2020-04-11,4.079999923706055,8.333333015441895,2020-04-10,0.43053627014160156,1.0,"{""type"":""Point"",""coordinates"":[76.94035,10.030843]}"
998,10,0.1684778481721878,336.4695129394531,2019-05-19,897.3466186523438,1,3.0,19.65999984741211,2019-05-19,2019-05-18,10.56406307220459,299.6195373535156,2019-05-20,1.8799999952316284,4.166666507720947,2019-05-19,0.4465465545654297,1.0,"{""type"":""Point"",""coordinates"":[76.936135,10.033634000000001]}"
999,10,0.015352294780313969,138.49676513671875,2023-08-02,901.0089111328125,1,3.0,6.663000106811523,2023-08-02,2023-08-01,18.135740280151367,297.4171447753906,2023-08-03,0.0,0.0,2023-08-02,0.44376564025878906,3.0,"{""type"":""Point"",""coordinates"":[76.935362,10.032608]}"
