system:index,Map,NDVI,aspect,current_date,elevation,is_landslide,max_water_accumulation,prev_day_water_accumulation,prev_end,prev_start,slope,soil_temperature,today_end,today_expected_rain,today_rain_probability,today_start,volumetric_soil_moisture,water_accumulation,.geo
0,30,0.03744528815150261,139.39230346679688,2022-11-18,4573.220703125,0,1.0,1.2799999713897705,2022-11-18,2022-11-17,25.903587341308594,273.519287109375,2022-11-19,2.5899999141693115,0.0,2022-11-18,0.3841908872127533,1.0,"{""type"":""Point"",""coordinates"":[90.83449224411714,27.84175363326044]}"
1,10,0.17670142650604248,318.43841552734375,2019-01-01,4090.23388671875,0,1.0,0.0,2019-01-01,2018-12-31,37.649658203125,271.2442626953125,2019-01-02,0.004000000189989805,0.0,2019-01-01,0.3479054868221283,1.0,"{""type"":""Point"",""coordinates"":[93.1436761219901,28.960782633081458]}"
2,40,0.11682609468698502,263.6781005859375,2023-04-28,110.42666625976562,0,7.0,26.779998779296875,2023-04-28,2023-04-27,0.11046673357486725,298.14599609375,2023-04-29,1.059999942779541,2.0833332538604736,2023-04-28,0.440539687871933,2.0,"{""type"":""Point"",""coordinates"":[95.1926464144721,27.275108075955064]}"
3,10,0.3574466109275818,148.0652313232422,2022-11-17,2329.832763671875,0,1.0,0.0,2022-11-17,2022-11-16,30.47477149963379,291.9545593261719,2022-11-18,0.019999999552965164,0.0,2022-11-17,0.31954002380371094,1.0,"{""type"":""Point"",""coordinates"":[97.05943235862067,25.63658677445272]}"
4,40,0.6044303774833679,346.4925842285156,2019-11-06,236.18527221679688,0,2.0,29.35999870300293,2019-11-06,2019-11-05,1.7389320135116577,299.9389953613281,2019-11-07,0.0,0.0,2019-11-06,0.4852027893066406,2.0,"{""type"":""Point"",""coordinates"":[95.79331937744757,21.563107151309364]}"
5,60,-0.016300346702337265,47.06340026855469,2020-02-09,3512.426025390625,0,250.0,0.0,2020-02-09,2020-02-08,19.26352882385254,271.6243896484375,2020-02-10,0.0,0.0,2020-02-09,0.28303781151771545,250.0,"{""type"":""Point"",""coordinates"":[96.08140295081726,29.414775253101617]}"
6,80,-0.13483145833015442,-0.0,2021-12-15,5010.0,0,50.0,0.0,2021-12-15,2021-12-14,0.0,272.04217529296875,2021-12-16,0.0,0.0,2021-12-15,0.17486190795898438,50.0,"{""type"":""Point"",""coordinates"":[90.31737120630963,28.5254746663959]}"
7,40,0.5667162537574768,0.48848527669906616,2019-06-14,103.62206268310547,0,5.0,60.53999710083008,2019-06-14,2019-06-13,0.15478992462158203,302.046142578125,2019-06-15,4.759999752044678,10.416666984558105,2019-06-14,0.4843686521053314,2.0,"{""type"":""Point"",""coordinates"":[95.39951187767886,22.73887672612122]}"
8,10,0.004792447201907635,359.9483947753906,2020-07-16,2363.786376953125,0,20.0,3.940000057220459,2020-07-16,2020-07-15,52.0583610534668,287.68060302734375,2020-07-17,12.529999732971191,14.583333015441895,2020-07-16,0.4261830747127533,1.0,"{""type"":""Point"",""coordinates"":[96.55225845708713,28.445512456937752]}"
9,10,0.269316703081131,297.7543029785156,2020-09-09,2762.871826171875,0,2.0,1.4399999380111694,2020-09-09,2020-09-08,59.519004821777344,288.5345458984375,2020-09-10,5.979999542236328,6.25,2020-09-09,0.3908977508544922,2.0,"{""type"":""Point"",""coordinates"":[97.07605971223694,28.59200698615553]}"
10,10,0.3736567199230194,200.0563507080078,2023-04-26,925.1537475585938,0,3.0,1.2200000286102295,2023-04-26,2023-04-25,28.115644454956055,297.77783203125,2023-04-27,0.0,0.0,2023-04-26,0.2777029573917389,1.0,"{""type"":""Point"",""coordinates"":[96.48400391175845,22.62529873221692]}"
11,10,0.16520379483699799,157.9908447265625,2020-03-16,25.814603805541992,0,9.0,2.430000066757202,2020-03-16,2020-03-15,3.403496026992798,295.5522766113281,2020-03-17,0.009999999776482582,0.0,2020-03-16,0.20941543579101562,9.0,"{""type"":""Point"",""coordinates"":[88.90539119749495,24.964950171743336]}"
12,40,0.08561169356107712,268.3591613769531,2020-02-17,49.47336959838867,0,2.0,0.0,2020-02-17,2020-02-16,0.6139585971832275,294.744140625,2020-02-18,0.0,0.0,2020-02-17,0.15372784435749054,2.0,"{""type"":""Point"",""coordinates"":[89.90570404616675,26.320478483202113]}"
13,80,-0.027978260070085526,-0.0,2020-10-13,0.0,0,0.0,0.0,2020-10-13,2020-10-12,0.0,0.0,2020-10-14,1.0399999618530273,0.0,2020-10-13,0.0,0.0,"{""type"":""Point"",""coordinates"":[91.23568643913167,22.03215844907126]}"
14,10,0.15115880966186523,268.193359375,2022-09-06,136.3770751953125,0,17922.0,7.699999809265137,2022-09-06,2022-09-05,2.0268352031707764,299.46826171875,2022-09-07,6.649999618530273,8.333333015441895,2022-09-06,0.4813181459903717,1.0,"{""type"":""Point"",""coordinates"":[95.4883724303505,27.24155942108187]}"
15,10,0.17705745995044708,19.315471649169922,2022-05-22,289.83624267578125,0,1.0,13.379999160766602,2022-05-22,2022-05-21,16.636049270629883,298.77880859375,2022-05-23,0.5799999833106995,0.0,2022-05-22,0.4859809875488281,1.0,"{""type"":""Point"",""coordinates"":[93.26112008959369,25.819195052067467]}"
16,10,0.25306615233421326,71.68065643310547,2019-07-02,56.340370178222656,0,1.0,1.3240000009536743,2019-07-02,2019-07-01,9.779621124267578,302.3216857910156,2019-07-03,0.0,0.0,2019-07-02,0.43508657813072205,1.0,"{""type"":""Point"",""coordinates"":[91.94327079515242,23.180125837710683]}"
17,30,0.02515992522239685,335.5057678222656,2022-09-02,989.2990112304688,0,3.0,18.819000244140625,2022-09-02,2022-09-01,2.400324583053589,296.72088623046875,2022-09-03,0.0,0.0,2022-09-02,0.45585885643959045,3.0,"{""type"":""Point"",""coordinates"":[96.40624608559817,22.018582970505882]}"
18,10,0.038086000829935074,262.72979736328125,2019-07-25,3048.810302734375,0,3.0,106.79999542236328,2019-07-25,2019-07-24,25.709400177001953,285.7596740722656,2019-07-26,40.2599983215332,60.41666793823242,2019-07-25,0.4273529052734375,1.0,"{""type"":""Point"",""coordinates"":[90.33758816734615,27.522163135184755]}"
19,30,0.2074485570192337,93.56526947021484,2019-05-15,661.7163696289062,0,1.0,30.450000762939453,2019-05-15,2019-05-14,1.9573639631271362,299.40594482421875,2019-05-16,2.109999895095825,6.25,2019-05-15,0.41820016503334045,1.0,"{""type"":""Point"",""coordinates"":[96.88329158481781,21.621364503450387]}"
20,80,0.06924884766340256,-0.0,2019-05-16,1.0,0,42866.0,243.29998779296875,2019-05-16,2019-05-15,7.155048370361328,299.89312744140625,2019-05-17,7.159999847412109,6.25,2019-05-16,0.4239845275878906,10.0,"{""type"":""Point"",""coordinates"":[91.2837961064937,24.984068242040827]}"
21,10,0.09097535908222198,180.5509033203125,2020-05-27,82.6380386352539,0,1.0,76.37999725341797,2020-05-27,2020-05-26,5.235802173614502,298.1636047363281,2020-05-28,60.77000045776367,29.16666603088379,2020-05-27,0.40207353234291077,1.0,"{""type"":""Point"",""coordinates"":[92.98642512162104,24.95525324581443]}"
22,30,0.0336386077105999,56.45094299316406,2021-06-04,111.41480255126953,0,1.0,0.9399999976158142,2021-06-04,2021-06-03,15.370535850524902,301.401611328125,2021-06-05,0.4399999976158142,0.0,2021-06-04,0.3947772979736328,1.0,"{""type"":""Point"",""coordinates"":[90.21855247518366,25.838073525173993]}"
23,60,-7.367516518570483E-4,224.3916778564453,2023-07-26,5429.54248046875,0,5.0,72.8499984741211,2023-07-26,2023-07-25,37.277610778808594,282.3021240234375,2023-07-27,23.899999618530273,35.41666793823242,2023-07-26,0.4119027554988861,5.0,"{""type"":""Point"",""coordinates"":[90.16543429442893,28.974385439535453]}"
24,40,0.08207777887582779,275.22021484375,2023-01-15,16.074859619140625,0,2.0,0.0,2023-01-15,2023-01-14,3.7629048824310303,293.5428466796875,2023-01-16,0.0,0.0,2023-01-15,0.14577166736125946,2.0,"{""type"":""Point"",""coordinates"":[89.98569159841985,24.84637743345756]}"
25,10,0.030030740424990654,275.59454345703125,2019-04-07,1016.8936157226562,0,2.0,0.0,2019-04-07,2019-04-06,39.25182342529297,290.7088623046875,2019-04-08,8.269999504089355,4.166666507720947,2019-04-07,0.4042581021785736,2.0,"{""type"":""Point"",""coordinates"":[95.37912863121278,28.206420219146505]}"
26,100,-0.010010876692831516,45.86764144897461,2022-08-03,5302.54638671875,0,10.0,170.39999389648438,2022-08-03,2022-08-02,18.977609634399414,281.0632019042969,2022-08-04,3.2799999713897705,4.166666507720947,2022-08-03,0.4246349334716797,6.0,"{""type"":""Point"",""coordinates"":[91.47757945466039,28.158260003636894]}"
27,10,0.23483620584011078,303.77239990234375,2019-10-17,105.97799682617188,0,5.0,0.0,2019-10-17,2019-10-16,1.546420931816101,299.2431945800781,2019-10-18,0.0,0.0,2019-10-17,0.43334898352622986,3.0,"{""type"":""Point"",""coordinates"":[94.89909137617418,27.125532114788072]}"
28,10,0.2841390371322632,66.59822082519531,2022-11-14,8.506123542785645,0,41.0,0.0,2022-11-14,2022-11-13,0.5464835166931152,297.38677978515625,2022-11-15,0.0,0.0,2022-11-14,0.1935253143310547,1.0,"{""type"":""Point"",""coordinates"":[91.11992680561359,22.998501689268984]}"
29,80,-0.0026389039121568203,-0.0,2023-10-15,67.0,0,1.0,0.0,2023-10-15,2023-10-14,0.0,299.8544921875,2023-10-16,0.0,0.0,2023-10-15,0.43321099877357483,1.0,"{""type"":""Point"",""coordinates"":[95.98826525361754,22.358349208273015]}"
30,40,0.43259385228157043,269.9039306640625,2023-02-06,130.67446899414062,0,2.0,0.0,2023-02-06,2023-02-05,6.920522212982178,292.85101318359375,2023-02-07,0.0,0.0,2023-02-06,0.22314198315143585,1.0,"{""type"":""Point"",""coordinates"":[94.51496258408822,23.867083578210806]}"
31,80,-0.04394245520234108,-0.0,2019-07-09,2.0,0,1.0,38.5,2019-07-09,2019-07-08,0.0,301.751953125,2019-07-10,34.21999740600586,45.83333206176758,2019-07-09,0.41575050354003906,1.0,"{""type"":""Point"",""coordinates"":[89.71560288745765,23.821607721212185]}"
32,60,0.07079322636127472,54.76913833618164,2023-09-07,5.118011951446533,0,3.0,26.459999084472656,2023-09-07,2023-09-06,0.9232441782951355,302.07080078125,2023-09-08,33.96999740600586,54.16666793823242,2023-09-07,0.4729728698730469,2.0,"{""type"":""Point"",""coordinates"":[88.69501776075622,22.41989937549606]}"
33,10,0.2337569147348404,312.02606201171875,2019-07-12,20.330533981323242,0,22.0,714.3399658203125,2019-07-12,2019-07-11,5.285725116729736,302.2928161621094,2019-07-13,6.339999675750732,4.166666507720947,2019-07-12,0.42148590087890625,22.0,"{""type"":""Point"",""coordinates"":[88.23559157342098,24.995911598984417]}"
34,10,0.24922950565814972,52.15281677246094,2022-09-29,215.07371520996094,0,6.0,0.0,2022-09-29,2022-09-28,11.195197105407715,300.3034362792969,2022-09-30,0.0,0.0,2022-09-29,0.4529355466365814,6.0,"{""type"":""Point"",""coordinates"":[96.91377956835156,25.104492083206267]}"
35,10,0.17760145664215088,86.09321594238281,2020-10-02,90.68296813964844,0,18.0,1231.073974609375,2020-10-02,2020-10-01,28.01232147216797,299.41363525390625,2020-10-03,15.969999313354492,20.83333396911621,2020-10-02,0.41845956444740295,18.0,"{""type"":""Point"",""coordinates"":[92.5283800411861,22.743062523459088]}"
36,40,0.008656946010887623,-0.0,2021-10-07,129.0,0,11.0,0.0,2021-10-07,2021-10-06,0.0,299.1977844238281,2021-10-08,0.0,0.0,2021-10-07,0.4706999361515045,11.0,"{""type"":""Point"",""coordinates"":[95.03875365732948,25.13289055559169]}"
37,10,0.024741943925619125,269.9015808105469,2019-07-15,741.7196044921875,0,1.0,46.66999816894531,2019-07-15,2019-07-14,40.65264892578125,293.9035949707031,2019-07-16,44.849998474121094,64.58333587646484,2019-07-15,0.4262866973876953,1.0,"{""type"":""Point"",""coordinates"":[93.90217975405935,27.398397754078967]}"
38,10,0.21361424028873444,43.786643981933594,2020-04-04,10.935336112976074,0,1.0,3.9099998474121094,2020-04-04,2020-04-03,2.6978511810302734,305.8324279785156,2020-04-05,0.550000011920929,0.0,2020-04-04,0.1386381834745407,1.0,"{""type"":""Point"",""coordinates"":[90.47322336223328,22.666835501288325]}"
39,40,0.17825369536876678,-0.0,2020-04-04,0.0,0,8.0,712.0799560546875,2020-04-04,2020-04-03,0.0,305.0573425292969,2020-04-05,0.0,0.0,2020-04-04,0.15304119884967804,8.0,"{""type"":""Point"",""coordinates"":[90.60386281252102,23.25121554078383]}"
40,10,0.24685201048851013,203.69752502441406,2022-05-05,295.91705322265625,0,6.0,4.619999885559082,2022-05-05,2022-05-04,10.424253463745117,293.90728759765625,2022-05-06,0.0,0.0,2022-05-05,0.3777027130126953,6.0,"{""type"":""Point"",""coordinates"":[94.55742532856056,24.424100222019895]}"
41,30,-0.04340087249875069,267.8869323730469,2023-05-21,4578.7431640625,0,4.0,7.559999942779541,2023-05-21,2023-05-20,0.6386662721633911,276.87530517578125,2023-05-22,3.739999771118164,2.0833332538604736,2023-05-21,0.41930899024009705,4.0,"{""type"":""Point"",""coordinates"":[94.02855234944374,29.46948002815036]}"
42,40,0.10314217209815979,195.3257293701172,2022-09-24,43.96754837036133,0,1.0,57.78999710083008,2022-09-24,2022-09-23,0.4854336380958557,300.4454345703125,2022-09-25,137.30999755859375,41.66666793823242,2022-09-24,0.4265371859073639,1.0,"{""type"":""Point"",""coordinates"":[89.43573010495447,26.372557225206286]}"
43,30,0.24001258611679077,68.40331268310547,2022-03-10,1578.458984375,0,10.0,0.0,2022-03-10,2022-03-09,25.44247055053711,290.4189453125,2022-03-11,0.0,0.0,2022-03-10,0.17262332141399384,10.0,"{""type"":""Point"",""coordinates"":[94.4386897417771,25.139171917998706]}"
44,20,0.15875613689422607,99.60710144042969,2023-10-21,139.60667419433594,0,1.0,0.0,2023-10-21,2023-10-20,1.0733604431152344,297.7514953613281,2023-10-22,0.0,0.0,2023-10-21,0.3947512209415436,1.0,"{""type"":""Point"",""coordinates"":[95.65098674406956,27.93150843624164]}"
45,40,0.32682427763938904,185.5106658935547,2022-03-30,3.7540812492370605,0,6.0,18.489999771118164,2022-03-30,2022-03-29,1.5610225200653076,302.4795227050781,2022-03-31,0.0,0.0,2022-03-30,0.18921534717082977,1.0,"{""type"":""Point"",""coordinates"":[90.97881133519016,23.164656564565895]}"
46,10,0.011475691571831703,251.7926025390625,2022-09-15,779.4546508789062,0,3.0,120.05999755859375,2022-09-15,2022-09-14,12.162500381469727,297.839111328125,2022-09-16,18.119998931884766,25.0,2022-09-15,0.5050163269042969,3.0,"{""type"":""Point"",""coordinates"":[96.40214598390986,26.271554943025166]}"
47,10,0.40784475207328796,51.53815460205078,2019-12-28,182.35557556152344,0,4.0,12.889999389648438,2019-12-28,2019-12-27,12.224417686462402,288.83197021484375,2019-12-29,0.0,0.0,2019-12-28,0.34992218017578125,1.0,"{""type"":""Point"",""coordinates"":[95.3084609300216,25.295071431314415]}"
48,10,0.38554689288139343,184.5879669189453,2021-04-18,6.210508346557617,0,184.0,3788.559814453125,2021-04-18,2021-04-17,1.9820764064788818,305.36669921875,2021-04-19,0.0,0.0,2021-04-18,0.16025161743164062,184.0,"{""type"":""Point"",""coordinates"":[90.96611280746568,23.79813546560685]}"
49,40,0.03468656912446022,159.55319213867188,2021-08-14,168.27626037597656,0,1.0,1.5499999523162842,2021-08-14,2021-08-13,1.8808730840682983,300.99273681640625,2021-08-15,1.9799998998641968,0.0,2021-08-14,0.46302032470703125,1.0,"{""type"":""Point"",""coordinates"":[95.8687768563126,23.101156751894603]}"
50,80,-0.08896651118993759,-0.0,2023-01-11,0.0,0,0.0,0.0,2023-01-11,2023-01-10,0.0,0.0,2023-01-12,0.0,0.0,2023-01-11,0.0,0.0,"{""type"":""Point"",""coordinates"":[91.73669993876607,22.053939552940772]}"
51,40,0.116634801030159,296.2116394042969,2020-01-17,133.39547729492188,0,2.0,0.0,2020-01-17,2020-01-16,0.6366403102874756,295.79937744140625,2020-01-18,0.0,0.0,2020-01-17,0.30870309472084045,1.0,"{""type"":""Point"",""coordinates"":[95.52541611602852,23.036288286033415]}"
52,10,0.15291760861873627,40.190086364746094,2019-07-14,312.59100341796875,0,410.0,5157.7998046875,2019-07-14,2019-07-13,12.230417251586914,299.2757568359375,2019-07-15,3.5799999237060547,8.333333015441895,2019-07-14,0.45921769738197327,410.0,"{""type"":""Point"",""coordinates"":[94.52140628223046,22.405262522951116]}"
53,10,0.28132957220077515,284.7962951660156,2022-09-27,1150.0557861328125,0,3.0,24.53999900817871,2022-09-27,2022-09-26,32.823429107666016,294.9346923828125,2022-09-28,45.290000915527344,31.25,2022-09-27,0.41826120018959045,3.0,"{""type"":""Point"",""coordinates"":[93.83580851898837,25.399111461964313]}"
54,80,-0.015537050552666187,-0.0,2020-03-06,4438.0,0,15123.0,0.0,2020-03-06,2020-03-05,0.0,272.864013671875,2020-03-07,0.0,0.0,2020-03-06,0.296337753534317,1.0,"{""type"":""Point"",""coordinates"":[90.62498878519995,28.878162398087817]}"
55,10,0.08415257185697556,227.72242736816406,2023-04-09,493.57855224609375,0,1356.0,17.649999618530273,2023-04-09,2023-04-08,26.7694149017334,291.6951599121094,2023-04-10,0.0,0.0,2023-04-09,0.3938058316707611,5.0,"{""type"":""Point"",""coordinates"":[94.5422771509489,28.036917207779982]}"
56,40,0.16429877281188965,19.073925018310547,2023-10-17,2.100311279296875,0,8.0,0.0,2023-10-17,2023-10-16,2.318711042404175,301.0715026855469,2023-10-18,0.0,0.0,2023-10-17,0.28970909118652344,8.0,"{""type"":""Point"",""coordinates"":[90.07965553731127,22.368162132458295]}"
57,30,0.002091114642098546,271.9056091308594,2019-06-08,4302.67724609375,0,12.0,0.0,2019-06-08,2019-06-07,11.90578556060791,279.3821716308594,2019-06-09,0.2800000011920929,0.0,2019-06-08,0.4105294644832611,10.0,"{""type"":""Point"",""coordinates"":[92.17961593768793,27.7149119670077]}"
58,90,0.5548833012580872,108.65895080566406,2021-04-09,3.2793331146240234,0,4.0,82.72000122070312,2021-04-09,2021-04-08,0.19166254997253418,297.27862548828125,2021-04-10,0.0,0.0,2021-04-09,0.4133758544921875,4.0,"{""type"":""Point"",""coordinates"":[91.11473584366784,25.17178044304208]}"
59,30,0.031243683770298958,81.0843276977539,2022-05-30,4622.9130859375,0,2.0,0.0,2022-05-30,2022-05-29,33.37411117553711,278.9093017578125,2022-05-31,0.0,0.0,2022-05-30,0.41526857018470764,1.0,"{""type"":""Point"",""coordinates"":[89.19555191699813,27.70243349044191]}"
60,40,0.10810849070549011,43.73416519165039,2023-06-27,15.993545532226562,0,1.0,9.559999465942383,2023-06-27,2023-06-26,0.4416467845439911,303.3652648925781,2023-06-28,33.07999801635742,18.75,2023-06-27,0.4786446988582611,1.0,"{""type"":""Point"",""coordinates"":[92.6941949287426,24.91810680955934]}"
61,10,0.050259754061698914,155.578369140625,2019-11-09,3165.563232421875,0,2.0,3.6999998092651367,2019-11-09,2019-11-08,45.414485931396484,282.4844970703125,2019-11-10,2.369999885559082,2.0833332538604736,2019-11-09,0.34587669372558594,2.0,"{""type"":""Point"",""coordinates"":[96.41358349520763,28.159159266288313]}"
62,40,0.6513990163803101,7.331833839416504,2020-03-09,65.70530700683594,0,1.0,0.0,2020-03-09,2020-03-08,0.5143357515335083,304.0257568359375,2020-03-10,0.0,0.0,2020-03-09,0.2567253112792969,1.0,"{""type"":""Point"",""coordinates"":[95.57616948750834,21.894391855272488]}"
63,10,0.021321715787053108,278.0478210449219,2020-08-17,103.85627746582031,0,43.0,9.399999618530273,2020-08-17,2020-08-16,23.826826095581055,300.5281066894531,2020-08-18,1.5999999046325684,0.0,2020-08-17,0.47954878211021423,2.0,"{""type"":""Point"",""coordinates"":[92.66950448912021,25.01272071654245]}"
64,30,0.5869791507720947,353.1865234375,2020-11-30,228.15931701660156,0,2.0,0.0,2020-11-30,2020-11-29,10.585041999816895,294.6180419921875,2020-12-01,0.0,0.0,2020-11-30,0.3091157376766205,1.0,"{""type"":""Point"",""coordinates"":[95.94647901058131,23.255213298766993]}"
65,30,0.17086388170719147,41.89656066894531,2019-11-29,4560.82421875,0,1.0,0.4699999988079071,2019-11-29,2019-11-28,9.034804344177246,273.6125793457031,2019-11-30,0.0,0.0,2019-11-29,0.3703899383544922,1.0,"{""type"":""Point"",""coordinates"":[90.34538359734955,27.765864312182305]}"
66,40,-0.05556132644414902,98.62383270263672,2022-04-24,60.76526641845703,0,7.0,0.0,2022-04-24,2022-04-23,0.3037211298942566,300.5120544433594,2022-04-25,0.0,0.0,2022-04-24,0.27987417578697205,1.0,"{""type"":""Point"",""coordinates"":[88.13806092042243,26.28447113904335]}"
67,40,0.15326069295406342,303.9695739746094,2021-05-08,64.60601806640625,0,1.0,3.9700000286102295,2021-05-08,2021-05-07,0.20683205127716064,307.66851806640625,2021-05-09,0.0,0.0,2021-05-08,0.31005987524986267,1.0,"{""type"":""Point"",""coordinates"":[95.41374809211084,21.642803167315908]}"
68,80,0.033421605825424194,252.8671875,2020-02-20,6.680726051330566,0,2.0,0.0,2020-02-20,2020-02-19,9.506650924682617,0.0,2020-02-21,0.0,0.0,2020-02-20,0.0,2.0,"{""type"":""Point"",""coordinates"":[88.71009791521881,21.60538380486437]}"
69,40,0.18028073012828827,57.00262451171875,2022-03-12,58.99732971191406,0,1.0,0.0,2022-03-12,2022-03-11,1.1032016277313232,300.2589416503906,2022-03-13,0.0,0.0,2022-03-12,0.2680085599422455,1.0,"{""type"":""Point"",""coordinates"":[92.5502392865398,26.32804146974474]}"
70,10,0.40727144479751587,197.25018310546875,2021-11-23,1578.841796875,0,20.0,11.279999732971191,2021-11-23,2021-11-22,29.23710823059082,283.9817199707031,2021-11-24,10.399999618530273,22.91666603088379,2021-11-23,0.3828175961971283,4.0,"{""type"":""Point"",""coordinates"":[96.50861187602257,27.949900410926396]}"
71,10,0.44807523488998413,84.4923095703125,2019-05-20,210.3829803466797,0,1.0,0.0,2019-05-20,2019-05-19,0.7854301929473877,304.5865173339844,2019-05-21,0.0,0.0,2019-05-20,0.3332977294921875,1.0,"{""type"":""Point"",""coordinates"":[96.08421803500514,24.015411105744597]}"
72,70,-0.08742494881153107,147.9202423095703,2021-08-20,5384.3525390625,0,12.0,108.2199935913086,2021-08-20,2021-08-19,20.961650848388672,275.4882507324219,2021-08-21,8.179999351501465,12.5,2021-08-20,0.3868846893310547,7.0,"{""type"":""Point"",""coordinates"":[89.97615599477199,28.179642359810725]}"
73,10,0.0528767965734005,269.4022521972656,2022-07-13,58.318511962890625,0,1.0,9.09000015258789,2022-07-13,2022-07-12,11.329126358032227,303.59759521484375,2022-07-14,34.23999786376953,25.0,2022-07-13,0.34346961975097656,1.0,"{""type"":""Point"",""coordinates"":[91.44108992397612,24.121697040862966]}"
74,10,0.30786368250846863,111.54731750488281,2022-10-27,925.7826538085938,0,1.0,0.0,2022-10-27,2022-10-26,19.024250030517578,292.0999755859375,2022-10-28,0.0,0.0,2022-10-27,0.3962167203426361,1.0,"{""type"":""Point"",""coordinates"":[93.10336272981121,23.650200454090687]}"
75,10,0.23070894181728363,75.90519714355469,2021-04-16,394.6745910644531,0,1.0,0.07999999821186066,2021-04-16,2021-04-15,3.255537986755371,303.27117919921875,2021-04-17,2.2200000286102295,2.0833332538604736,2021-04-16,0.28084754943847656,1.0,"{""type"":""Point"",""coordinates"":[94.64947547331329,23.38605744458035]}"
76,80,-0.12725768983364105,328.51641845703125,2023-12-21,63.857398986816406,0,3.0,0.0,2023-12-21,2023-12-20,0.08884754031896591,291.830810546875,2023-12-22,0.0,0.0,2023-12-21,0.18646304309368134,3.0,"{""type"":""Point"",""coordinates"":[92.65339394400702,26.58580092533583]}"
77,10,7.535637123510242E-4,294.6803283691406,2021-04-29,4030.6025390625,0,2.0,24.76999855041504,2021-04-29,2021-04-28,21.908063888549805,275.39910888671875,2021-04-30,0.0,0.0,2021-04-29,0.4211355745792389,1.0,"{""type"":""Point"",""coordinates"":[93.7917600035797,28.66640521318671]}"
78,10,0.5528863072395325,10.329108238220215,2020-04-04,24.393394470214844,0,244.0,0.0,2020-04-04,2020-04-03,3.923823356628418,298.1205139160156,2020-04-05,0.0,0.0,2020-04-04,0.15521176159381866,244.0,"{""type"":""Point"",""coordinates"":[93.1109898950602,24.678329537151768]}"
79,10,0.38874372839927673,203.13037109375,2022-04-20,18.065521240234375,0,203.0,0.0,2022-04-20,2022-04-19,1.151669979095459,302.2578430175781,2022-04-21,133.1199951171875,41.66666793823242,2022-04-20,0.3740876615047455,203.0,"{""type"":""Point"",""coordinates"":[91.32282999272223,23.72553496584194]}"
80,10,0.07541529089212418,204.8083038330078,2023-07-29,95.09969329833984,0,1.0,34.47999954223633,2023-07-29,2023-07-28,4.844317436218262,301.2122497558594,2023-07-30,10.769999504089355,18.75,2023-07-29,0.4899209439754486,1.0,"{""type"":""Point"",""coordinates"":[94.15715343125805,26.594456532254807]}"
81,10,0.05427251756191254,255.4198760986328,2021-03-28,3135.470947265625,0,1.0,0.0,2021-03-28,2021-03-27,14.045498847961426,289.11553955078125,2021-03-29,0.0,0.0,2021-03-28,0.3629824221134186,1.0,"{""type"":""Point"",""coordinates"":[95.17216661245713,26.06056649221256]}"
82,10,0.7433589696884155,183.03363037109375,2022-03-06,562.614501953125,0,2.0,0.0,2022-03-06,2022-03-05,36.38978576660156,291.36834716796875,2022-03-07,0.0,0.0,2022-03-06,0.17998695373535156,2.0,"{""type"":""Point"",""coordinates"":[92.65196674265644,23.73065579938978]}"
83,10,0.817980170249939,281.1038818359375,2021-01-13,370.9100646972656,0,1.0,0.0,2021-01-13,2021-01-12,3.739629030227661,291.9315490722656,2021-01-14,0.0,0.0,2021-01-13,0.26189103722572327,1.0,"{""type"":""Point"",""coordinates"":[95.48068943011013,25.18416689237215]}"
84,20,0.08693363517522812,199.76351928710938,2022-06-02,132.5160369873047,0,8.0,282.0480041503906,2022-06-02,2022-06-01,1.4856059551239014,299.6087951660156,2022-06-03,44.90999984741211,37.5,2022-06-02,0.38571295142173767,8.0,"{""type"":""Point"",""coordinates"":[97.3343683770258,24.548388063529114]}"
85,10,0.07539929449558258,275.6807861328125,2023-12-27,3481.441650390625,0,6.0,3.8399999141693115,2023-12-27,2023-12-26,17.641069412231445,273.29071044921875,2023-12-28,0.17999999225139618,0.0,2023-12-27,0.3652076721191406,6.0,"{""type"":""Point"",""coordinates"":[93.28630236779289,28.39822539274214]}"
86,10,0.6594200134277344,144.8524169921875,2023-01-23,1423.5755615234375,0,3.0,0.6100000143051147,2023-01-23,2023-01-22,32.41556167602539,282.98162841796875,2023-01-24,0.5299999713897705,0.0,2023-01-23,0.35951995849609375,1.0,"{""type"":""Point"",""coordinates"":[88.58747266446065,27.087908830176072]}"
87,10,0.1829441487789154,137.8109893798828,2022-07-21,214.18853759765625,0,7.0,26.489999771118164,2022-07-21,2022-07-20,16.397520065307617,301.13800048828125,2022-07-22,19.779998779296875,22.91666603088379,2022-07-21,0.46659597754478455,3.0,"{""type"":""Point"",""coordinates"":[92.5037668244773,26.062383639904603]}"
88,40,0.1735740602016449,311.2204284667969,2021-09-30,40.34343338012695,0,443.0,332.25,2021-09-30,2021-09-29,0.2150474339723587,300.87384033203125,2021-10-01,9.0,16.66666603088379,2021-09-30,0.39845213294029236,443.0,"{""type"":""Point"",""coordinates"":[89.24147121499108,26.109041207145616]}"
89,10,0.406594455242157,117.03851318359375,2022-03-02,9.767020225524902,0,1.0,0.007000000216066837,2022-03-02,2022-03-01,5.441196441650391,299.3677673339844,2022-03-03,0.0,0.0,2022-03-02,0.14854685962200165,1.0,"{""type"":""Point"",""coordinates"":[91.37964742710501,22.889404653995065]}"
90,10,0.08858784288167953,58.27178955078125,2020-07-24,1432.060791015625,0,4.0,71.4000015258789,2020-07-24,2020-07-23,19.560327529907227,291.1608581542969,2020-07-25,17.06999969482422,18.75,2020-07-24,0.4279263913631439,4.0,"{""type"":""Point"",""coordinates"":[88.3264688835523,27.290190847380448]}"
91,40,0.8077332377433777,301.20745849609375,2023-11-10,1.6342639923095703,0,2.0,0.0,2023-11-10,2023-11-09,0.12802928686141968,298.67401123046875,2023-11-11,0.0,0.0,2023-11-10,0.3218250274658203,1.0,"{""type"":""Point"",""coordinates"":[88.85212043530167,22.271520411098738]}"
92,80,-0.027872305363416672,-0.0,2019-10-31,0.0,0,0.0,0.0,2019-10-31,2019-10-30,0.0,0.0,2019-11-01,0.0,0.0,2019-10-31,0.0,0.0,"{""type"":""Point"",""coordinates"":[90.73217334052381,21.985945920769204]}"
93,40,0.20896250009536743,210.6376190185547,2020-10-01,128.10400390625,0,1.0,29.369998931884766,2020-10-01,2020-09-30,1.8380613327026367,303.8504638671875,2020-10-02,14.423999786376953,4.166666507720947,2020-10-01,0.36566734313964844,1.0,"{""type"":""Point"",""coordinates"":[95.02017565939991,21.90274697730917]}"
94,10,0.21668118238449097,23.039121627807617,2019-03-22,106.57777404785156,0,28.0,0.0,2019-03-22,2019-03-21,14.07684326171875,297.504150390625,2019-03-23,0.0,0.0,2019-03-22,0.32595887780189514,2.0,"{""type"":""Point"",""coordinates"":[90.50835210571762,25.828122464429367]}"
95,40,0.05976894125342369,218.89816284179688,2023-05-26,11.265159606933594,0,180.0,15062.3994140625,2023-05-26,2023-05-25,3.962918519973755,298.97216796875,2023-05-27,39.02000045776367,4.166666507720947,2023-05-26,0.47438302636146545,180.0,"{""type"":""Point"",""coordinates"":[91.22387124966933,25.191889643063163]}"
96,80,-0.14118273556232452,-0.0,2021-02-14,5010.0,0,5372.0,0.0,2021-02-14,2021-02-13,0.0,272.6507568359375,2021-02-15,0.0,0.0,2021-02-14,0.3005352020263672,5372.0,"{""type"":""Point"",""coordinates"":[90.32167483968507,28.60383802139409]}"
97,30,0.030583010986447334,103.51402282714844,2020-05-18,4658.009765625,0,9.0,17.65999984741211,2020-05-18,2020-05-17,21.133743286132812,272.1552429199219,2020-05-19,1.0499999523162842,2.0833332538604736,2020-05-18,0.42378363013267517,2.0,"{""type"":""Point"",""coordinates"":[93.62043573731461,29.26991150820471]}"
98,30,0.08439945429563522,77.71585845947266,2023-01-28,4736.169921875,0,330.0,0.0,2023-01-28,2023-01-27,6.533936500549316,270.703857421875,2023-01-29,0.0,0.0,2023-01-28,0.2411060333251953,89.0,"{""type"":""Point"",""coordinates"":[90.41615989753983,28.354797183953842]}"
99,10,0.029125289991497993,344.61419677734375,2023-08-29,649.6905517578125,0,1.0,11.649999618530273,2023-08-29,2023-08-28,12.28663444519043,298.3684387207031,2023-08-30,1.399999976158142,0.0,2023-08-29,0.45219293236732483,1.0,"{""type"":""Point"",""coordinates"":[97.05862084557486,23.54773536036403]}"
100,10,0.06323033571243286,223.34075927734375,2020-12-10,2295.538330078125,0,3.0,0.0,2020-12-10,2020-12-09,46.07401657104492,276.6025695800781,2020-12-11,0.23999999463558197,0.0,2020-12-10,0.3716907501220703,3.0,"{""type"":""Point"",""coordinates"":[92.245634016077,27.395841811948838]}"
101,80,-0.041065849363803864,-0.0,2021-12-20,69.0,0,1.0,0.0,2021-12-20,2021-12-19,0.0,291.6155700683594,2021-12-21,0.0,0.0,2021-12-20,0.27574220299720764,1.0,"{""type"":""Point"",""coordinates"":[93.76158235102965,26.78893101786755]}"
102,40,0.22130943834781647,353.0648498535156,2023-10-04,55.24124526977539,0,5.0,199.5,2023-10-04,2023-10-03,1.96857750415802,300.2764587402344,2023-10-05,103.08000183105469,85.41666412353516,2023-10-04,0.42310142517089844,5.0,"{""type"":""Point"",""coordinates"":[88.58512606787528,26.069550001590006]}"
103,40,0.08366855978965759,31.84425926208496,2021-08-20,1.608522653579712,0,35.0,1125.5999755859375,2021-08-20,2021-08-19,0.19113075733184814,299.8549499511719,2021-08-21,47.07999801635742,50.0,2021-08-20,0.4760468900203705,35.0,"{""type"":""Point"",""coordinates"":[90.13827973188063,22.133083684597416]}"
104,10,0.4403097629547119,285.4237976074219,2021-11-08,133.849609375,0,1.0,0.0,2021-11-08,2021-11-07,16.01534652709961,295.6572570800781,2021-11-09,0.0,0.0,2021-11-08,0.2568086087703705,1.0,"{""type"":""Point"",""coordinates"":[90.03245497396507,25.622863284414237]}"
105,10,0.16038993000984192,131.44509887695312,2023-08-04,215.26622009277344,0,47.0,2828.929931640625,2023-08-04,2023-08-03,4.047614097595215,298.8710021972656,2023-08-05,38.30999755859375,37.5,2023-08-04,0.4777202606201172,47.0,"{""type"":""Point"",""coordinates"":[96.37116236567768,25.411243628580216]}"
106,10,0.03507254645228386,79.32125854492188,2020-09-06,236.1376953125,0,2.0,14.079999923706055,2020-09-06,2020-09-05,7.220040321350098,298.3507385253906,2020-09-07,6.079999923706055,8.333333015441895,2020-09-06,0.43686866760253906,2.0,"{""type"":""Point"",""coordinates"":[95.80141635845528,26.24078930421633]}"
107,10,0.01755562238395214,248.9801483154297,2019-05-19,1428.423095703125,0,4.0,43.81999969482422,2019-05-19,2019-05-18,25.14682388305664,286.5848693847656,2019-05-20,12.5,25.0,2019-05-19,0.4218381345272064,1.0,"{""type"":""Point"",""coordinates"":[93.79828142411542,28.15881880350426]}"
108,60,0.19671788811683655,340.1731262207031,2021-12-10,75.2876968383789,0,105.0,0.0,2021-12-10,2021-12-09,4.051469326019287,294.49853515625,2021-12-11,0.0,0.0,2021-12-10,0.14512188732624054,105.0,"{""type"":""Point"",""coordinates"":[92.4818208882698,26.67623337504562]}"
109,40,0.2733099162578583,359.3314514160156,2023-06-05,10.751983642578125,0,1.0,0.0,2023-06-05,2023-06-04,1.7214617729187012,305.947509765625,2023-06-06,0.0,0.0,2023-06-05,0.23180007934570312,1.0,"{""type"":""Point"",""coordinates"":[89.21923236774307,23.72419622554483]}"
110,10,0.26172390580177307,206.54978942871094,2022-04-13,1216.034423828125,0,3.0,0.0,2022-04-13,2022-04-12,23.2430419921875,294.9419250488281,2022-04-14,0.0,0.0,2022-04-13,0.18528683483600616,3.0,"{""type"":""Point"",""coordinates"":[93.14449707823778,23.533700854104087]}"
111,10,0.42383578419685364,235.09825134277344,2023-10-22,632.8392944335938,0,1108.0,0.0,2023-10-22,2023-10-21,27.488798141479492,292.5779724121094,2023-10-23,3.009999990463257,0.0,2023-10-22,0.39267030358314514,1108.0,"{""type"":""Point"",""coordinates"":[94.82919865973028,25.7678083530899]}"
112,40,0.2936910092830658,36.95366668701172,2023-01-15,1.6331290006637573,0,11.0,0.0,2023-01-15,2023-01-14,0.23439590632915497,296.6475830078125,2023-01-16,0.0,0.0,2023-01-15,0.12367502599954605,1.0,"{""type"":""Point"",""coordinates"":[90.58009787335888,22.609460666196995]}"
113,40,0.03588138148188591,335.70147705078125,2023-06-11,92.6760482788086,0,3.0,119.90999603271484,2023-06-11,2023-06-10,0.7673453092575073,302.7164001464844,2023-06-12,137.91000366210938,79.16666412353516,2023-06-11,0.4770660400390625,3.0,"{""type"":""Point"",""coordinates"":[94.69963968359433,27.09345209983147]}"
114,10,0.17100904881954193,20.74635124206543,2022-08-12,201.54745483398438,0,1.0,5.230000019073486,2022-08-12,2022-08-11,12.027263641357422,301.0332336425781,2022-08-13,35.650001525878906,27.08333396911621,2022-08-12,0.4736245572566986,1.0,"{""type"":""Point"",""coordinates"":[94.53997161804446,22.98607616620914]}"
115,40,0.20090797543525696,349.8170471191406,2021-03-25,61.74560546875,0,4.0,0.0,2021-03-25,2021-03-24,1.1784814596176147,300.5479431152344,2021-03-26,0.0,0.0,2021-03-25,0.2908395230770111,4.0,"{""type"":""Point"",""coordinates"":[92.77983432228562,26.414751014911094]}"
116,80,-0.009876674041152,-0.0,2021-07-04,3011.5,0,954976.0,2.9279564E7,2021-07-04,2021-07-03,0.0,283.269775390625,2021-07-05,6.269999980926514,10.416666984558105,2021-07-04,0.3098716735839844,954976.0,"{""type"":""Point"",""coordinates"":[93.35682437433638,29.048706411230782]}"
117,40,-0.04083440080285072,-0.0,2023-11-14,58.5,0,1.0,0.0,2023-11-14,2023-11-13,0.0,296.4283752441406,2023-11-15,0.0,0.0,2023-11-14,0.293682724237442,1.0,"{""type"":""Point"",""coordinates"":[92.70659633131089,26.3900521594706]}"
118,40,-0.009290635585784912,344.57421875,2023-08-12,25.981340408325195,0,4.0,102.5199966430664,2023-08-12,2023-08-11,0.49608418345451355,302.779052734375,2023-08-13,60.75,33.33333206176758,2023-08-12,0.41471990942955017,4.0,"{""type"":""Point"",""coordinates"":[88.90878136164098,25.314683801251796]}"
119,10,0.8971105813980103,7.378937721252441,2022-12-14,771.5077514648438,0,132.0,0.0,2022-12-14,2022-12-13,32.8853645324707,286.1277160644531,2022-12-15,0.0,0.0,2022-12-14,0.28656578063964844,4.0,"{""type"":""Point"",""coordinates"":[94.84063342667841,25.391379317992225]}"
120,40,0.22555793821811676,177.58541870117188,2020-02-21,119.94583129882812,0,4.0,4.159999847412109,2020-02-21,2020-02-20,0.16960372030735016,292.0660400390625,2020-02-22,0.0,0.0,2020-02-21,0.4018821716308594,4.0,"{""type"":""Point"",""coordinates"":[95.51257819845601,27.706777494034817]}"
121,30,0.04658163711428642,18.814970016479492,2022-01-21,5011.9697265625,0,2.0,0.0,2022-01-21,2022-01-20,16.647226333618164,270.2481384277344,2022-01-22,0.0,0.0,2022-01-21,0.3530019223690033,1.0,"{""type"":""Point"",""coordinates"":[92.5107375984087,28.862036779860762]}"
122,40,0.33860376477241516,9.475885391235352,2023-05-23,51.063297271728516,0,334.0,1282.0499267578125,2023-05-23,2023-05-22,0.40416330099105835,298.7904968261719,2023-05-24,51.15999984741211,31.25,2023-05-23,0.46350035071372986,315.0,"{""type"":""Point"",""coordinates"":[91.60033583722286,26.06428066418381]}"
123,10,0.1843850016593933,196.2910919189453,2019-05-16,148.1168670654297,0,2.0,33.84000015258789,2019-05-16,2019-05-15,29.621234893798828,301.5722351074219,2019-05-17,0.8700000047683716,2.0833332538604736,2019-05-16,0.20640499889850616,2.0,"{""type"":""Point"",""coordinates"":[92.86515886482083,21.93532062605929]}"
124,40,0.029517147690057755,255.47264099121094,2021-04-29,139.428955078125,0,1.0,0.0,2021-04-29,2021-04-28,0.6266825795173645,301.60174560546875,2021-04-30,0.0,0.0,2021-04-29,0.1450481414794922,1.0,"{""type"":""Point"",""coordinates"":[97.31399239641935,25.307098343944432]}"
125,10,0.6278273463249207,99.47966766357422,2023-02-10,262.7840881347656,0,6.0,0.0,2023-02-10,2023-02-09,26.620569229125977,292.4876708984375,2023-02-11,0.0,0.0,2023-02-10,0.13800621032714844,6.0,"{""type"":""Point"",""coordinates"":[94.54277011798382,24.158165611513816]}"
126,100,-0.005365352146327496,81.32537841796875,2021-09-19,5029.96044921875,0,150.0,0.0,2021-09-19,2021-09-18,42.18687057495117,279.3512268066406,2021-09-20,0.0,0.0,2021-09-19,0.36089959740638733,1.0,"{""type"":""Point"",""coordinates"":[88.94973030183776,27.913046449806796]}"
127,10,0.08658397942781448,280.21722412109375,2022-10-05,1782.74609375,0,6.0,123.36000061035156,2022-10-05,2022-10-04,31.025571823120117,292.0235595703125,2022-10-06,67.51000213623047,41.66666793823242,2022-10-05,0.38812255859375,6.0,"{""type"":""Point"",""coordinates"":[95.55119092143256,28.406792168082458]}"
128,30,0.12764661014080048,1.9999791383743286,2019-02-09,4618.48388671875,0,5.0,0.0,2019-02-09,2019-02-08,16.946096420288086,271.1786804199219,2019-02-10,0.0,0.0,2019-02-09,0.3370819091796875,5.0,"{""type"":""Point"",""coordinates"":[93.08871771344975,29.14583681956756]}"
129,10,-0.005069405306130648,267.72369384765625,2022-07-10,180.65234375,0,3439.0,17882.80078125,2022-07-10,2022-07-09,3.7491254806518555,300.75433349609375,2022-07-11,36.43000030517578,22.91666603088379,2022-07-10,0.4706268310546875,3439.0,"{""type"":""Point"",""coordinates"":[95.59348829504724,25.6756998836518]}"
130,10,0.0016911601414903998,333.42340087890625,2021-04-21,3500.97900390625,0,5.0,10.649999618530273,2021-04-21,2021-04-20,25.635778427124023,274.2020568847656,2021-04-22,6.569999694824219,10.416666984558105,2021-04-21,0.4200859069824219,5.0,"{""type"":""Point"",""coordinates"":[96.37999955888797,28.623576527570595]}"
131,10,0.4191388189792633,10.688304901123047,2019-02-15,909.9027709960938,0,7.0,0.0,2019-02-15,2019-02-14,16.608097076416016,292.9071960449219,2019-02-16,0.25999999046325684,0.0,2019-02-15,0.27198919653892517,7.0,"{""type"":""Point"",""coordinates"":[96.12420032102942,25.89835437179707]}"
132,30,0.06501477211713791,264.6888122558594,2019-09-26,5130.39404296875,0,2.0,0.0,2019-09-26,2019-09-25,11.285574913024902,279.0691223144531,2019-09-27,0.3700000047683716,0.0,2019-09-26,0.40891966223716736,2.0,"{""type"":""Point"",""coordinates"":[91.36388453672438,28.530444532422013]}"
133,40,0.3981294631958008,144.30630493164062,2021-11-20,25.103164672851562,0,1.0,0.0,2021-11-20,2021-11-19,0.1144334226846695,295.8269348144531,2021-11-21,0.0,0.0,2021-11-20,0.17755953967571259,1.0,"{""type"":""Point"",""coordinates"":[89.36481178717189,25.50647300651608]}"
134,10,0.015319560654461384,292.85723876953125,2020-05-11,2315.881103515625,0,1.0,0.8699999451637268,2020-05-11,2020-05-10,11.42241096496582,289.96820068359375,2020-05-12,0.8299999833106995,0.0,2020-05-11,0.43562254309654236,1.0,"{""type"":""Point"",""coordinates"":[91.69306279815747,27.021453696378146]}"
135,10,0.04097048193216324,58.43571472167969,2020-05-18,2978.267822265625,0,1.0,0.8700000047683716,2020-05-18,2020-05-17,16.08013343811035,285.5174560546875,2020-05-19,0.1899999976158142,0.0,2020-05-18,0.4150428771972656,1.0,"{""type"":""Point"",""coordinates"":[91.3974871735148,27.424833546029102]}"
136,10,0.6914732456207275,171.2152862548828,2021-02-12,619.4617309570312,0,1.0,0.0,2021-02-12,2021-02-11,18.408945083618164,290.9613037109375,2021-02-13,0.0,0.0,2021-02-12,0.34280142188072205,1.0,"{""type"":""Point"",""coordinates"":[97.27885667154878,22.510045816762684]}"
137,30,0.16625231504440308,110.85492706298828,2020-12-25,2554.650390625,0,1.0,0.0,2020-12-25,2020-12-24,26.164318084716797,279.9800720214844,2020-12-26,0.0,0.0,2020-12-25,0.25532594323158264,1.0,"{""type"":""Point"",""coordinates"":[89.46867108042304,27.327572192235095]}"
138,10,0.0015536454739049077,91.00032806396484,2021-07-22,151.0947265625,0,2.0,31.600000381469727,2021-07-22,2021-07-21,5.059820652008057,300.7445373535156,2021-07-23,66.6500015258789,41.66666793823242,2021-07-22,0.4162680208683014,2.0,"{""type"":""Point"",""coordinates"":[97.05778611758629,24.885155925363534]}"
139,10,0.9100079536437988,3.772068738937378,2022-12-01,1196.712158203125,0,4.0,0.0,2022-12-01,2022-11-30,11.137237548828125,285.863525390625,2022-12-02,0.020000001415610313,0.0,2022-12-01,0.2466583251953125,4.0,"{""type"":""Point"",""coordinates"":[93.99243626500206,27.70075375395099]}"
140,10,0.026432422921061516,356.0793762207031,2022-09-29,308.0188903808594,0,702.0,2716.56005859375,2022-09-29,2022-09-28,16.419340133666992,298.76031494140625,2022-09-30,0.0,0.0,2022-09-29,0.477917343378067,693.0,"{""type"":""Point"",""coordinates"":[96.02507262935346,25.86253843246551]}"
141,20,0.36599674820899963,107.61600494384766,2020-11-24,6.303879261016846,0,1.0,0.0,2020-11-24,2020-11-23,0.304407000541687,0.0,2020-11-25,0.009999999776482582,0.0,2020-11-24,0.0,1.0,"{""type"":""Point"",""coordinates"":[91.28691936598807,22.529133425477927]}"
142,40,0.17179690301418304,103.84489440917969,2023-12-16,37.701568603515625,0,1.0,0.0,2023-12-16,2023-12-15,0.3160969614982605,292.4991149902344,2023-12-17,0.0,0.0,2023-12-16,0.3578542172908783,1.0,"{""type"":""Point"",""coordinates"":[90.61822709256342,26.08707414886842]}"
143,60,0.4401719868183136,338.67608642578125,2021-01-21,11.5444917678833,0,2.0,0.0,2021-01-21,2021-01-20,1.7916052341461182,293.7927551269531,2021-01-22,0.0,0.0,2021-01-21,0.1582489013671875,1.0,"{""type"":""Point"",""coordinates"":[90.90756401448657,24.150323115890963]}"
144,10,0.05562567710876465,302.05755615234375,2019-09-07,1507.7147216796875,0,26.0,0.25999999046325684,2019-09-07,2019-09-06,25.29097557067871,295.6915283203125,2019-09-08,8.34000015258789,10.416666984558105,2019-09-07,0.4150594174861908,26.0,"{""type"":""Point"",""coordinates"":[93.61242598981417,23.89595882819924]}"
145,50,0.02324446104466915,207.81698608398438,2021-08-11,10.333235740661621,0,1.0,21.809999465942383,2021-08-11,2021-08-10,2.8409340381622314,303.5334167480469,2021-08-12,5.849999904632568,8.333333015441895,2021-08-11,0.4068756103515625,1.0,"{""type"":""Point"",""coordinates"":[88.38809620532447,22.701483421675846]}"
146,30,0.512664258480072,249.89927673339844,2020-02-17,322.0980529785156,0,75.0,0.0,2020-02-17,2020-02-16,9.880675315856934,292.63720703125,2020-02-18,0.0,0.0,2020-02-17,0.3360360562801361,75.0,"{""type"":""Point"",""coordinates"":[90.67448798512237,25.62126258597022]}"
147,10,0.10407765954732895,236.96932983398438,2019-07-28,11.61812973022461,0,1.0,25.360000610351562,2019-07-28,2019-07-27,3.2624030113220215,302.10186767578125,2019-07-29,3.5899999141693115,4.166666507720947,2019-07-28,0.39301490783691406,1.0,"{""type"":""Point"",""coordinates"":[88.31069301950232,23.095784821119313]}"
148,40,0.16081024706363678,155.25405883789062,2019-09-13,63.727027893066406,0,8.0,39.619998931884766,2019-09-13,2019-09-12,0.5496941208839417,300.2695617675781,2019-09-14,25.139999389648438,31.25,2019-09-13,0.4787985384464264,1.0,"{""type"":""Point"",""coordinates"":[92.50498740257048,26.63525093213216]}"
149,10,-0.004137025680392981,174.04269409179688,2023-08-19,1195.220458984375,0,3.0,11.460000038146973,2023-08-19,2023-08-18,19.02983856201172,296.4136657714844,2023-08-20,0.4599999785423279,0.0,2023-08-19,0.49344444274902344,3.0,"{""type"":""Point"",""coordinates"":[97.37465768243962,23.269966687063153]}"
150,10,0.04718805104494095,347.43634033203125,2021-02-02,53.02357864379883,0,1.0,0.014000000432133675,2021-02-02,2021-02-01,5.111656188964844,291.4191589355469,2021-02-03,0.0,0.0,2021-02-02,0.3117758333683014,1.0,"{""type"":""Point"",""coordinates"":[91.66284943056903,26.319462277563673]}"
151,10,0.12863008677959442,303.10247802734375,2023-06-01,501.1665954589844,0,1.0,3.6700000762939453,2023-06-01,2023-05-31,17.3474063873291,302.67291259765625,2023-06-02,8.208000183105469,10.416666984558105,2023-06-01,0.4127591550350189,1.0,"{""type"":""Point"",""coordinates"":[93.02136060523686,26.355394965330426]}"
152,40,0.14516015350818634,112.52223205566406,2022-03-05,71.72327423095703,0,2.0,0.0,2022-03-05,2022-03-04,1.7042489051818848,293.5433654785156,2022-03-06,0.0,0.0,2022-03-05,0.3376242220401764,2.0,"{""type"":""Point"",""coordinates"":[92.89725732558125,26.7311289625229]}"
153,10,0.16905376315116882,184.7651824951172,2023-11-20,3236.481689453125,0,3.0,0.0,2023-11-20,2023-11-19,38.06909942626953,280.890380859375,2023-11-21,0.03999999910593033,0.0,2023-11-20,0.35690879821777344,3.0,"{""type"":""Point"",""coordinates"":[95.31097503485992,28.6981046589132]}"
154,30,0.04060100391507149,334.5219421386719,2022-06-27,4567.7607421875,0,2.0,140.27999877929688,2022-06-27,2022-06-26,6.17255163192749,284.1591491699219,2022-06-28,41.43000030517578,41.66666793823242,2022-06-27,0.42316755652427673,2.0,"{""type"":""Point"",""coordinates"":[92.02198845633349,28.490318901078545]}"
155,10,0.30876222252845764,147.5931854248047,2022-10-19,12.38917350769043,0,4.0,0.0,2022-10-19,2022-10-18,0.646775484085083,300.9994812011719,2022-10-20,0.0,0.0,2022-10-19,0.42158254981040955,1.0,"{""type"":""Point"",""coordinates"":[90.19231244687572,24.113827343502717]}"
156,10,-0.013941610231995583,159.82936096191406,2021-08-27,1822.0970458984375,0,1.0,141.0399932861328,2021-08-27,2021-08-26,12.977669715881348,293.79461669921875,2021-08-28,53.91999816894531,31.25,2021-08-27,0.4824810028076172,1.0,"{""type"":""Point"",""coordinates"":[91.7460892642982,25.437439663518226]}"
157,40,0.39442259073257446,234.04580688476562,2023-01-03,8.566398620605469,0,24.0,0.0,2023-01-03,2023-01-02,0.2848619222640991,293.5948486328125,2023-01-04,0.0,0.0,2023-01-03,0.12685267627239227,24.0,"{""type"":""Point"",""coordinates"":[88.64109958661754,23.55272838173732]}"
158,95,0.0298566035926342,305.70751953125,2022-07-19,2.92856764793396,0,1.0,13.09000015258789,2022-07-19,2022-07-18,0.08919529616832733,0.0,2022-07-20,15.499999046325684,14.583333015441895,2022-07-19,0.0,1.0,"{""type"":""Point"",""coordinates"":[88.58927065234671,21.725994141442783]}"
159,100,0.03220924362540245,220.09596252441406,2019-09-26,4166.20947265625,0,1.0,4.130000114440918,2019-09-26,2019-09-25,9.8731050491333,281.8176574707031,2019-09-27,13.15999984741211,12.5,2019-09-26,0.4071267545223236,1.0,"{""type"":""Point"",""coordinates"":[96.0802037994813,29.230751907972262]}"
160,10,0.08152218163013458,318.61602783203125,2022-09-21,9.281302452087402,0,1.0,0.0,2022-09-21,2022-09-20,5.332818508148193,302.2224426269531,2022-09-22,0.7299999594688416,2.0833332538604736,2022-09-21,0.3908627927303314,1.0,"{""type"":""Point"",""coordinates"":[90.75384863155345,23.27275958526318]}"
161,100,0.015675300732254982,328.7290344238281,2022-04-28,5158.08984375,0,1.0,2.1500000953674316,2022-04-28,2022-04-27,16.34002113342285,274.3551940917969,2022-04-29,3.1399998664855957,2.0833332538604736,2022-04-28,0.3724149167537689,1.0,"{""type"":""Point"",""coordinates"":[90.8638573002158,28.552978050441247]}"
162,10,0.11490832269191742,217.57923889160156,2022-06-04,1462.8194580078125,0,61.0,0.0,2022-06-04,2022-06-03,23.17030143737793,289.4311828613281,2022-06-05,12.569999694824219,12.5,2022-06-04,0.4241555631160736,61.0,"{""type"":""Point"",""coordinates"":[88.51099446999191,27.548070918806992]}"
163,10,0.14002150297164917,320.9784240722656,2019-08-10,1835.1060791015625,0,16868.0,37784.3203125,2019-08-10,2019-08-09,33.5782470703125,286.4975891113281,2019-08-11,69.22999572753906,29.16666603088379,2019-08-10,0.4142220914363861,16868.0,"{""type"":""Point"",""coordinates"":[91.91939675598269,27.555512204340747]}"
164,30,0.029480773955583572,285.05975341796875,2020-06-11,4523.33203125,0,135.0,0.0,2020-06-11,2020-06-10,8.713421821594238,286.1961975097656,2020-06-12,0.0,0.0,2020-06-11,0.3459866940975189,1.0,"{""type"":""Point"",""coordinates"":[88.5752876021187,28.850117192853872]}"
165,40,0.23460893332958221,295.8025817871094,2023-10-25,5.948780059814453,0,1.0,12.329999923706055,2023-10-25,2023-10-24,0.16311581432819366,298.7047424316406,2023-10-26,2.6399998664855957,4.166666507720947,2023-10-25,0.3460305631160736,1.0,"{""type"":""Point"",""coordinates"":[91.39404089964852,24.32148950970076]}"
166,10,0.36373409628868103,241.5849609375,2023-12-11,42.11517333984375,0,2.0,0.0,2023-12-11,2023-12-10,6.41217565536499,293.19677734375,2023-12-12,0.0,0.0,2023-12-11,0.26951727271080017,2.0,"{""type"":""Point"",""coordinates"":[88.55319907734727,25.70342206272618]}"
167,40,-0.026304837316274643,209.30905151367188,2022-05-23,145.60873413085938,0,13.0,3.379999876022339,2022-05-23,2022-05-22,0.18213193118572235,299.99774169921875,2022-05-24,7.989999771118164,12.5,2022-05-23,0.4347635805606842,13.0,"{""type"":""Point"",""coordinates"":[96.84059902470199,25.31216125405066]}"
168,10,0.20844940841197968,205.7089080810547,2023-01-06,2447.380615234375,0,2.0,0.0,2023-01-06,2023-01-05,28.249677658081055,283.52001953125,2023-01-07,0.0,0.0,2023-01-06,0.2405261993408203,2.0,"{""type"":""Point"",""coordinates"":[95.02714343720689,25.87312462016568]}"
169,40,0.34757739305496216,115.97274780273438,2021-01-30,778.9404907226562,0,2.0,0.0,2021-01-30,2021-01-29,0.20332856476306915,290.69482421875,2021-01-31,0.0,0.0,2021-01-30,0.2793070375919342,2.0,"{""type"":""Point"",""coordinates"":[96.61818574885217,22.277681446394137]}"
170,10,-0.006907893810421228,185.9219207763672,2022-06-06,1884.5352783203125,0,8.0,133.0399932861328,2022-06-06,2022-06-05,36.13507843017578,291.3912048339844,2022-06-07,14.369999885559082,16.66666603088379,2022-06-06,0.42234864830970764,8.0,"{""type"":""Point"",""coordinates"":[90.55447678657588,27.094006429320025]}"
171,100,-0.00554318493232131,349.8609313964844,2022-01-06,5062.31640625,0,2.0,0.0,2022-01-06,2022-01-05,19.748672485351562,265.7100830078125,2022-01-07,0.0,0.0,2022-01-06,0.34893035888671875,1.0,"{""type"":""Point"",""coordinates"":[93.24875697971247,29.486917564706825]}"
172,10,0.20161013305187225,191.9597625732422,2020-12-26,1271.761474609375,0,1.0,0.0,2020-12-26,2020-12-25,42.46684646606445,285.8731689453125,2020-12-27,0.0,0.0,2020-12-26,0.30713972449302673,1.0,"{""type"":""Point"",""coordinates"":[89.13977944207105,26.894898678689035]}"
173,10,0.19063128530979156,269.136474609375,2019-03-12,401.25128173828125,0,1.0,0.0,2019-03-12,2019-03-11,27.80826187133789,294.4801940917969,2019-03-13,0.0,0.0,2019-03-12,0.2592430114746094,1.0,"{""type"":""Point"",""coordinates"":[92.40495755044807,23.56318536668252]}"
174,10,0.27707144618034363,346.04583740234375,2022-07-08,346.0063171386719,0,4.0,0.0,2022-07-08,2022-07-07,15.162712097167969,301.4215393066406,2022-07-09,0.0,0.0,2022-07-08,0.46385636925697327,3.0,"{""type"":""Point"",""coordinates"":[94.60905090169666,22.715849116278473]}"
175,10,0.8712645173072815,91.43157958984375,2022-12-14,633.0042114257812,0,2.0,0.0,2022-12-14,2022-12-13,17.58102798461914,291.66766357421875,2022-12-15,0.0,0.0,2022-12-14,0.19083277881145477,2.0,"{""type"":""Point"",""coordinates"":[96.58640664842054,24.888111154352053]}"
176,10,0.22959928214550018,323.1297607421875,2022-08-17,583.574951171875,0,1.0,3.3899998664855957,2022-08-17,2022-08-16,25.489604949951172,297.78271484375,2022-08-18,1.190000057220459,0.0,2022-08-17,0.399005264043808,1.0,"{""type"":""Point"",""coordinates"":[93.07430612849774,24.132354952773927]}"
177,100,-0.009228534996509552,246.18263244628906,2019-08-15,3993.250732421875,0,125.0,702.2699584960938,2019-08-15,2019-08-14,28.512598037719727,285.75201416015625,2019-08-16,0.7899999618530273,0.0,2019-08-15,0.4151439666748047,17.0,"{""type"":""Point"",""coordinates"":[92.89942060937449,28.1625632172802]}"
178,10,0.27798396348953247,298.12548828125,2021-11-19,268.79486083984375,0,1.0,0.0,2021-11-19,2021-11-18,12.301645278930664,294.7513427734375,2021-11-20,0.0,0.0,2021-11-19,0.42749086022377014,1.0,"{""type"":""Point"",""coordinates"":[95.13855041937974,24.51254228264772]}"
179,100,0.11045512557029724,85.0281982421875,2020-12-11,5394.82373046875,0,1.0,0.0,2020-12-11,2020-12-10,5.335504055023193,269.4627990722656,2020-12-12,0.0,0.0,2020-12-11,0.2915261685848236,1.0,"{""type"":""Point"",""coordinates"":[88.90140092180623,28.023336197949288]}"
180,40,0.6628655791282654,56.7255859375,2023-04-22,7.87831974029541,0,1.0,3.7300000190734863,2023-04-22,2023-04-21,1.1192755699157715,306.60394287109375,2023-04-23,2.059999942779541,4.166666507720947,2023-04-22,0.14455795288085938,1.0,"{""type"":""Point"",""coordinates"":[89.08653550975507,23.623421904761127]}"
181,30,0.04347975552082062,152.28057861328125,2020-06-09,5187.8603515625,0,3.0,0.0,2020-06-09,2020-06-08,8.226134300231934,279.6013488769531,2020-06-10,1.0199999809265137,0.0,2020-06-09,0.33701005578041077,2.0,"{""type"":""Point"",""coordinates"":[90.13083868873666,28.63385888522604]}"
182,40,0.12914398312568665,109.6799545288086,2023-11-11,118.16737365722656,0,3.0,0.0,2023-11-11,2023-11-10,0.31335192918777466,296.9615478515625,2023-11-12,0.0,0.0,2023-11-11,0.3533477783203125,3.0,"{""type"":""Point"",""coordinates"":[96.2535925187617,21.619654438481685]}"
183,10,0.07885299623012543,213.23741149902344,2019-05-18,746.1842041015625,0,2.0,13.760000228881836,2019-05-18,2019-05-17,1.7175893783569336,292.930419921875,2019-05-19,14.779999732971191,14.583333015441895,2019-05-18,0.4818960726261139,2.0,"{""type"":""Point"",""coordinates"":[96.00687814567893,26.764112537958706]}"
184,10,0.043217726051807404,4.653200149536133,2021-10-22,1273.1087646484375,0,155.0,9288.7197265625,2021-10-22,2021-10-21,36.9307861328125,293.6161804199219,2021-10-23,0.12999999523162842,0.0,2021-10-22,0.47537359595298767,152.0,"{""type"":""Point"",""coordinates"":[97.10775550653884,25.819649675144483]}"
185,10,-1.4770685811527073E-4,55.31498336791992,2019-07-07,1469.00146484375,0,1.0,13.019999504089355,2019-07-07,2019-07-06,26.336244583129883,295.5629577636719,2019-07-08,3.5399999618530273,4.166666507720947,2019-07-07,0.43433061242103577,1.0,"{""type"":""Point"",""coordinates"":[94.07720709624981,24.221454530757345]}"
186,100,-0.011165942065417767,262.3112487792969,2020-03-05,4045.608642578125,0,2.0,4.949999809265137,2020-03-05,2020-03-04,7.756252765655518,275.38836669921875,2020-03-06,5.369999885559082,4.166666507720947,2020-03-05,0.4149894714355469,1.0,"{""type"":""Point"",""coordinates"":[93.95314207563176,28.550343931065623]}"
187,40,0.004532308783382177,200.69837951660156,2020-09-25,20.57172203063965,0,1.0,92.47999572753906,2020-09-25,2020-09-24,1.207597017288208,300.1277770996094,2020-09-26,69.54999542236328,37.5,2020-09-25,0.47110429406166077,1.0,"{""type"":""Point"",""coordinates"":[89.7223681238424,25.46332480639464]}"
188,60,-0.005996637977659702,121.46404266357422,2019-10-31,5247.3310546875,0,1.0,4.949999809265137,2019-10-31,2019-10-30,19.892467498779297,272.3629150390625,2019-11-01,0.7099999785423279,0.0,2019-10-31,0.36305108666419983,1.0,"{""type"":""Point"",""coordinates"":[90.74712120651806,28.213266270057158]}"
189,10,0.2729707658290863,351.36358642578125,2022-03-30,266.9997863769531,0,77.0,0.0,2022-03-30,2022-03-29,2.44669771194458,299.1668395996094,2022-03-31,0.0,0.0,2022-03-30,0.26683172583580017,77.0,"{""type"":""Point"",""coordinates"":[95.56224095699939,24.741364165653792]}"
190,10,0.3187309205532074,79.82202911376953,2020-10-15,249.4703369140625,0,35.0,0.0,2020-10-15,2020-10-14,14.537505149841309,298.7713928222656,2020-10-16,2.9599997997283936,6.25,2020-10-15,0.4737224578857422,1.0,"{""type"":""Point"",""coordinates"":[93.80442912203196,25.76908145085006]}"
191,10,0.23536396026611328,176.51046752929688,2023-05-21,471.8605651855469,0,2.0,0.0,2023-05-21,2023-05-20,16.52669906616211,299.9950256347656,2023-05-22,0.10999999940395355,0.0,2023-05-21,0.4254118502140045,2.0,"{""type"":""Point"",""coordinates"":[96.00095522003251,24.65347874833206]}"
192,10,0.8013124465942383,282.5377197265625,2019-12-02,399.4212646484375,0,8.0,0.08800000697374344,2019-12-02,2019-12-01,29.78297996520996,292.0810546875,2019-12-03,0.019999999552965164,0.0,2019-12-02,0.35025596618652344,8.0,"{""type"":""Point"",""coordinates"":[96.33868356034489,25.530336345603423]}"
193,40,0.1722699999809265,290.31689453125,2020-03-26,19.395437240600586,0,2.0,0.0,2020-03-26,2020-03-25,2.648634910583496,299.46990966796875,2020-03-27,0.0,0.0,2020-03-26,0.2097320556640625,1.0,"{""type"":""Point"",""coordinates"":[90.00441839583107,25.177562093436936]}"
194,10,0.14511564373970032,72.07576751708984,2020-06-07,331.8407287597656,0,4.0,27.67999839782715,2020-06-07,2020-06-06,25.915584564208984,298.1834716796875,2020-06-08,17.440000534057617,16.66666603088379,2020-06-07,0.47134336829185486,4.0,"{""type"":""Point"",""coordinates"":[96.95552485727313,26.2029373010593]}"
195,10,0.7062477469444275,204.64295959472656,2022-12-06,366.2668762207031,0,3.0,0.0,2022-12-06,2022-12-05,3.3434815406799316,288.2349548339844,2022-12-07,0.0,0.0,2022-12-06,0.28445497155189514,3.0,"{""type"":""Point"",""coordinates"":[95.91063518820985,28.08066968737364]}"
196,10,-0.012298600748181343,135.92872619628906,2023-08-02,840.5908813476562,0,1.0,10.661999702453613,2023-08-02,2023-08-01,43.17144775390625,299.3573303222656,2023-08-03,20.919998168945312,8.333333015441895,2023-08-02,0.4113273620605469,1.0,"{""type"":""Point"",""coordinates"":[92.49167226506302,27.00137906392109]}"
197,10,0.27337080240249634,159.19528198242188,2023-12-25,28.350921630859375,0,1.0,0.0,2023-12-25,2023-12-24,10.555319786071777,293.81536865234375,2023-12-26,0.0,0.0,2023-12-25,0.3268178403377533,1.0,"{""type"":""Point"",""coordinates"":[90.64879536247348,25.20931068938677]}"
198,10,-0.018400100991129875,263.7489318847656,2023-07-20,1637.1075439453125,0,2.0,3.179999828338623,2023-07-20,2023-07-19,27.120222091674805,296.1067199707031,2023-07-21,17.479999542236328,10.416666984558105,2023-07-20,0.46591758728027344,2.0,"{""type"":""Point"",""coordinates"":[92.60625120943001,27.23756149324893]}"
199,30,0.28416284918785095,145.19662475585938,2020-01-20,677.2133178710938,0,282.0,0.0,2020-01-20,2020-01-19,12.834328651428223,288.68756103515625,2020-01-21,0.0,0.0,2020-01-20,0.3846231997013092,279.0,"{""type"":""Point"",""coordinates"":[96.92010556650368,22.504184996531436]}"
200,40,0.13583198189735413,85.06255340576172,2021-05-28,66.7645034790039,0,5.0,1.5999999046325684,2021-05-28,2021-05-27,2.025212049484253,302.0541687011719,2021-05-29,0.2800000011920929,0.0,2021-05-28,0.45822015404701233,5.0,"{""type"":""Point"",""coordinates"":[92.98447255205782,26.60058110992538]}"
201,10,0.3780966103076935,291.5008239746094,2020-03-02,133.0461883544922,0,7.0,0.023000001907348633,2020-03-02,2020-03-01,12.160401344299316,294.84796142578125,2020-03-03,0.019999999552965164,0.0,2020-03-02,0.3649221956729889,1.0,"{""type"":""Point"",""coordinates"":[94.88595262794122,24.8958682562244]}"
202,10,0.08834425359964371,96.65241241455078,2022-07-09,102.52876281738281,0,155.0,1.9199999570846558,2022-07-09,2022-07-08,10.173249244689941,301.46185302734375,2022-07-10,34.77000045776367,29.16666603088379,2022-07-09,0.3823127746582031,1.0,"{""type"":""Point"",""coordinates"":[91.87497054591817,23.928636002560843]}"
203,10,0.24143454432487488,212.93223571777344,2019-10-10,333.5339660644531,0,5.0,53.5,2019-10-10,2019-10-09,11.376251220703125,298.12835693359375,2019-10-11,25.939998626708984,33.33333206176758,2019-10-10,0.4145558774471283,1.0,"{""type"":""Point"",""coordinates"":[92.25101547456016,23.712899366359544]}"
204,10,0.19303202629089355,108.54441833496094,2020-06-24,241.04441833496094,0,1.0,1.2799999713897705,2020-06-24,2020-06-23,2.4345321655273438,302.34771728515625,2020-06-25,30.139999389648438,35.41666793823242,2020-06-24,0.38117027282714844,1.0,"{""type"":""Point"",""coordinates"":[95.86509024337414,23.3359128108285]}"
205,60,-0.018661607056856155,307.5296630859375,2023-10-19,6218.6005859375,0,3.0,0.0,2023-10-19,2023-10-18,43.483062744140625,269.51055908203125,2023-10-20,0.0,0.0,2023-10-19,0.27371343970298767,1.0,"{""type"":""Point"",""coordinates"":[90.47278962470821,28.19506614040627]}"
206,60,0.024108057841658592,280.13909912109375,2019-05-02,4509.01025390625,0,42.0,1.3020000457763672,2019-05-02,2019-05-01,1.8953137397766113,281.4060974121094,2019-05-03,0.0,0.0,2019-05-02,0.0394490547478199,42.0,"{""type"":""Point"",""coordinates"":[89.88642273307659,28.551837062458098]}"
207,10,0.14841285347938538,252.17462158203125,2019-03-04,60.562278747558594,0,1.0,0.0,2019-03-04,2019-03-03,0.9560574889183044,294.3235168457031,2019-03-05,0.0,0.0,2019-03-04,0.26590093970298767,1.0,"{""type"":""Point"",""coordinates"":[88.23522235196855,26.213174654190503]}"
208,10,0.4248628318309784,61.4388542175293,2023-01-02,744.664306640625,0,16.0,0.03200000151991844,2023-01-02,2023-01-01,32.99508285522461,284.7988586425781,2023-01-03,0.0,0.0,2023-01-02,0.29678282141685486,16.0,"{""type"":""Point"",""coordinates"":[93.7638369416425,25.53363839527332]}"
209,10,0.10742475092411041,198.5659942626953,2019-12-23,45.36234664916992,0,1.0,0.0,2019-12-23,2019-12-22,1.8771601915359497,291.3891296386719,2019-12-24,0.0,0.0,2019-12-23,0.1915028840303421,1.0,"{""type"":""Point"",""coordinates"":[88.64071932270434,25.215094134395773]}"
210,10,-0.011488573625683784,171.81704711914062,2021-08-24,3532.759765625,0,11.0,59.13999938964844,2021-08-24,2021-08-23,41.52664566040039,287.8711853027344,2021-08-25,10.949999809265137,8.333333015441895,2021-08-24,0.4261830747127533,2.0,"{""type"":""Point"",""coordinates"":[88.0000416778365,27.409052926482268]}"
211,10,0.046531058847904205,251.8310089111328,2021-10-08,4.961162090301514,0,1.0,5.869999885559082,2021-10-08,2021-10-07,3.043484687805176,302.5520324707031,2021-10-09,7.399999618530273,12.5,2021-10-08,0.3228537142276764,1.0,"{""type"":""Point"",""coordinates"":[91.0705968337733,22.234768200689718]}"
212,10,0.1054529994726181,98.98363494873047,2019-08-15,1947.4332275390625,0,1.0,26.719999313354492,2019-08-15,2019-08-14,24.61176300048828,296.4897155761719,2019-08-16,6.729999542236328,6.25,2019-08-15,0.49267515540122986,1.0,"{""type"":""Point"",""coordinates"":[94.52179996159266,26.038790778822026]}"
213,10,0.11791741847991943,91.06216430664062,2022-10-31,295.247802734375,0,1.0,0.0,2022-10-31,2022-10-30,14.909509658813477,294.45001220703125,2022-11-01,0.0,0.0,2022-10-31,0.43728384375572205,1.0,"{""type"":""Point"",""coordinates"":[96.40103643710783,25.467367593226687]}"
214,40,0.428058385848999,132.7655792236328,2022-03-11,3.4697446823120117,0,1.0,0.0,2022-03-11,2022-03-10,0.12013189494609833,302.24359130859375,2022-03-12,0.0,0.0,2022-03-11,0.10677846521139145,1.0,"{""type"":""Point"",""coordinates"":[90.53849585012328,23.407986414258975]}"
215,10,0.1150159239768982,338.1813049316406,2022-08-20,1699.20458984375,0,35.0,142.55999755859375,2022-08-20,2022-08-19,48.83417510986328,284.824951171875,2022-08-21,21.34000015258789,29.16666603088379,2022-08-20,0.42479071021080017,11.0,"{""type"":""Point"",""coordinates"":[88.66121410430993,27.58734763012448]}"
216,10,0.16484898328781128,95.15896606445312,2020-03-06,84.77833557128906,0,101.0,0.0,2020-03-06,2020-03-05,1.3868850469589233,292.2669982910156,2020-03-07,0.0,0.0,2020-03-06,0.2020619660615921,101.0,"{""type"":""Point"",""coordinates"":[91.10891469535427,26.779222815303626]}"
217,10,0.22412945330142975,165.9010467529297,2021-09-04,2698.9765625,0,2683.0,0.0,2021-09-04,2021-09-03,22.439897537231445,285.2850036621094,2021-09-05,0.3400000035762787,0.0,2021-09-04,0.41879144310951233,2683.0,"{""type"":""Point"",""coordinates"":[90.82677997360031,27.54961780131748]}"
218,10,0.30349278450012207,2.3132989406585693,2021-03-12,64.4859619140625,0,1.0,4.37999963760376,2021-03-12,2021-03-11,2.9934442043304443,297.43011474609375,2021-03-13,0.0,0.0,2021-03-12,0.391681045293808,1.0,"{""type"":""Point"",""coordinates"":[92.3635063241377,26.303687915655722]}"
219,10,0.27532798051834106,304.5423583984375,2022-02-26,250.76712036132812,0,1.0,0.2800000011920929,2022-02-26,2022-02-25,4.420956134796143,287.75335693359375,2022-02-27,0.0,0.0,2022-02-26,0.3643124997615814,1.0,"{""type"":""Point"",""coordinates"":[96.10216928079376,26.16891915449697]}"
220,10,0.21277663111686707,47.273468017578125,2022-07-29,1341.950439453125,0,2.0,17.809999465942383,2022-07-29,2022-07-28,35.811004638671875,293.5290832519531,2022-07-30,12.109999656677246,18.75,2022-07-29,0.4750569760799408,1.0,"{""type"":""Point"",""coordinates"":[95.19850546028528,26.271197104565907]}"
221,10,0.02949872426688671,351.3548278808594,2020-07-24,3345.366455078125,0,1.0,11.219999313354492,2020-07-24,2020-07-23,28.75086784362793,284.6908874511719,2020-07-25,6.339999675750732,8.333333015441895,2020-07-24,0.4279670715332031,1.0,"{""type"":""Point"",""coordinates"":[89.02301510165773,27.406641904064077]}"
222,10,0.09765253216028214,230.8651580810547,2022-07-16,4170.58056640625,0,1.0,0.5,2022-07-16,2022-07-15,19.828773498535156,286.2908935546875,2022-07-17,0.0,0.0,2022-07-16,0.3758646547794342,1.0,"{""type"":""Point"",""coordinates"":[91.20658073447278,27.892044461511038]}"
223,10,0.07039087265729904,216.3105010986328,2020-01-13,3.150921583175659,0,424.0,0.0,2020-01-13,2020-01-12,0.5776024460792542,291.4190368652344,2020-01-14,0.0,0.0,2020-01-13,0.33083853125572205,1.0,"{""type"":""Point"",""coordinates"":[89.7668786568564,22.309856667584175]}"
224,10,0.053068384528160095,353.03021240234375,2019-09-05,2970.46484375,0,6.0,24.420000076293945,2019-09-05,2019-09-04,26.29296875,287.3857421875,2019-09-06,0.3399999737739563,0.0,2019-09-05,0.4253018796443939,3.0,"{""type"":""Point"",""coordinates"":[94.01582625097444,28.491624998754812]}"
225,30,0.11096803098917007,85.02753448486328,2023-11-02,3182.261474609375,0,1.0,0.0,2023-11-02,2023-11-01,51.0654296875,278.1486511230469,2023-11-03,2.0999999046325684,0.0,2023-11-02,0.3758493959903717,1.0,"{""type"":""Point"",""coordinates"":[93.25347936263674,28.44703993280048]}"
226,30,0.06654204428195953,192.03187561035156,2020-09-17,4684.5869140625,0,1246.0,0.0,2020-09-17,2020-09-16,12.598562240600586,281.79339599609375,2020-09-18,0.0,0.0,2020-09-17,0.4159914553165436,1246.0,"{""type"":""Point"",""coordinates"":[89.12163141079367,27.945931162255526]}"
227,100,-0.01883891597390175,215.9562530517578,2022-02-04,4772.84912109375,0,1.0,0.0,2022-02-04,2022-02-03,0.6998694539070129,267.7067565917969,2022-02-05,0.0,0.0,2022-02-04,0.3565654754638672,1.0,"{""type"":""Point"",""coordinates"":[93.97700214010344,29.474455211551877]}"
228,80,-0.025591261684894562,34.24498748779297,2023-08-12,72.21585845947266,0,176.0,1006.719970703125,2023-08-12,2023-08-11,0.39816269278526306,301.369384765625,2023-08-13,5.139999866485596,4.166666507720947,2023-08-12,0.46338972449302673,176.0,"{""type"":""Point"",""coordinates"":[96.00132059620724,22.300475637474282]}"
229,10,0.3086772859096527,251.81564331054688,2019-04-12,9.095367431640625,0,1.0,0.0,2019-04-12,2019-04-11,4.107052803039551,301.69384765625,2019-04-13,0.0,0.0,2019-04-12,0.35359063744544983,1.0,"{""type"":""Point"",""coordinates"":[88.89693781170523,22.710225332523635]}"
230,10,-0.05470632389187813,85.22891235351562,2022-06-08,909.8848266601562,0,3.0,13.649999618530273,2022-06-08,2022-06-07,50.119041442871094,295.6458435058594,2022-06-09,11.289999961853027,8.333333015441895,2022-06-08,0.473724365234375,3.0,"{""type"":""Point"",""coordinates"":[93.48660475029168,25.154094897897757]}"
231,60,-0.008018366992473602,193.5849609375,2020-08-15,4545.685546875,0,3.0,79.40999603271484,2020-08-15,2020-08-14,41.56690979003906,278.25335693359375,2020-08-16,4.769999980926514,8.333333015441895,2020-08-15,0.2900460660457611,3.0,"{""type"":""Point"",""coordinates"":[90.30184107502009,28.094441174390063]}"
232,30,0.1619531810283661,48.38353729248047,2023-03-04,4378.5673828125,0,3.0,0.0,2023-03-04,2023-03-03,29.668899536132812,272.51092529296875,2023-03-05,0.0,0.0,2023-03-04,0.2909984588623047,3.0,"{""type"":""Point"",""coordinates"":[89.26747921076249,29.47227604958846]}"
233,60,0.08682116866111755,112.17542266845703,2020-03-22,83.15863037109375,0,1.0,12.799999237060547,2020-03-22,2020-03-21,0.2301453799009323,296.9146728515625,2020-03-23,12.399999618530273,14.583333015441895,2020-03-22,0.29510751366615295,1.0,"{""type"":""Point"",""coordinates"":[90.20327904087488,26.618826414436455]}"
234,80,-0.04723266512155533,-0.0,2021-03-26,0.0,0,1.0,0.0,2021-03-26,2021-03-25,0.0,0.0,2021-03-27,0.0,0.0,2021-03-26,0.0,0.0,"{""type"":""Point"",""coordinates"":[88.70783233395758,21.805272253797323]}"
235,30,0.031127076596021652,66.93380737304688,2022-05-16,4397.54296875,0,589.0,0.0,2022-05-16,2022-05-15,4.257431507110596,281.7386779785156,2022-05-17,1.1899999380111694,2.0833332538604736,2022-05-16,0.39389482140541077,1.0,"{""type"":""Point"",""coordinates"":[91.89536942039109,28.54373875156789]}"
236,30,0.3817501962184906,356.4873352050781,2021-11-04,4688.1708984375,0,3.0,0.0,2021-11-04,2021-11-03,10.066810607910156,272.76837158203125,2021-11-05,0.0,0.0,2021-11-04,0.3151480257511139,2.0,"{""type"":""Point"",""coordinates"":[89.66148643699644,29.05004301372374]}"
237,10,0.07397982478141785,203.04879760742188,2022-10-12,2516.390380859375,0,20.0,553.7999877929688,2022-10-12,2022-10-11,41.968528747558594,283.7178649902344,2022-10-13,6.53000020980835,8.333333015441895,2022-10-12,0.4356721341609955,20.0,"{""type"":""Point"",""coordinates"":[96.77218983057604,27.705325038729647]}"
238,10,0.6543493270874023,92.46163940429688,2021-11-30,312.8541259765625,0,4.0,0.0,2021-11-30,2021-11-29,13.409603118896484,291.79827880859375,2021-12-01,0.0,0.0,2021-11-30,0.27881813049316406,4.0,"{""type"":""Point"",""coordinates"":[92.47317614335819,26.044657309161114]}"
239,60,0.008735706098377705,141.4578399658203,2021-06-26,4136.14208984375,0,24.0,28.31999969482422,2021-06-26,2021-06-25,10.198533058166504,289.33026123046875,2021-06-27,2.0199999809265137,2.0833332538604736,2021-06-26,0.3663520812988281,24.0,"{""type"":""Point"",""coordinates"":[88.55684208889285,29.046989874919166]}"
240,30,0.10919710993766785,117.76190948486328,2020-09-21,4361.912109375,0,1.0,0.0,2020-09-21,2020-09-20,31.010652542114258,285.9618835449219,2020-09-22,0.0,0.0,2020-09-21,0.34176063537597656,1.0,"{""type"":""Point"",""coordinates"":[88.78205801478038,29.39851823553761]}"
241,30,0.07940001040697098,14.630119323730469,2021-02-08,4444.16748046875,0,2.0,0.019999999552965164,2021-02-08,2021-02-07,15.263649940490723,269.8981018066406,2021-02-09,0.0,0.0,2021-02-08,0.07659530639648438,1.0,"{""type"":""Point"",""coordinates"":[92.30400298057711,28.22853643913221]}"
242,10,0.0023319253232330084,350.5544128417969,2023-05-09,654.0394287109375,0,2.0,0.0,2023-05-09,2023-05-08,25.89870834350586,303.24737548828125,2023-05-10,0.0,0.0,2023-05-09,0.13758213818073273,2.0,"{""type"":""Point"",""coordinates"":[92.90537953585903,22.16185533870138]}"
243,80,-0.05642133206129074,-0.0,2022-04-23,0.0,0,47192.0,290.1000061035156,2022-04-23,2022-04-22,0.0,299.38226318359375,2022-04-24,0.0,0.0,2022-04-23,0.40907034277915955,3.0,"{""type"":""Point"",""coordinates"":[90.99610757469358,24.398032539912837]}"
244,40,0.061949223279953,190.05514526367188,2021-08-23,71.43363952636719,0,421.0,11282.7998046875,2021-08-23,2021-08-22,0.9159663915634155,300.09027099609375,2021-08-24,44.11000061035156,33.33333206176758,2021-08-23,0.4207191467285156,421.0,"{""type"":""Point"",""coordinates"":[89.41120876723251,26.5991272776598]}"
245,60,0.021737979725003242,347.2505187988281,2020-01-19,4862.546875,0,1.0,0.0,2020-01-19,2020-01-18,5.4969282150268555,268.1265563964844,2020-01-20,0.0,0.0,2020-01-19,0.23066265881061554,1.0,"{""type"":""Point"",""coordinates"":[91.95306474931229,28.244934643602253]}"
246,30,0.01739637739956379,265.85888671875,2023-10-11,3569.822265625,0,3.0,6.0,2023-10-11,2023-10-10,44.91032028198242,269.9306640625,2023-10-12,2.559999942779541,0.0,2023-10-11,0.40577444434165955,3.0,"{""type"":""Point"",""coordinates"":[96.55210438969766,29.269042220393995]}"
247,10,0.19634109735488892,131.67477416992188,2023-04-29,1832.2459716796875,0,131.0,129.69000244140625,2023-04-29,2023-04-28,26.34525489807129,295.20599365234375,2023-04-30,0.0,0.0,2023-04-29,0.12474314123392105,131.0,"{""type"":""Point"",""coordinates"":[93.7379027657439,21.57694536352804]}"
248,80,8.888656739145517E-4,-0.0,2021-11-01,0.0,0,46.0,0.0,2021-11-01,2021-10-31,0.0,298.9317626953125,2021-11-02,0.014000000432133675,0.0,2021-11-01,0.4303537905216217,0.0,"{""type"":""Point"",""coordinates"":[89.51703970381193,22.075641001858784]}"
249,10,0.3001425266265869,79.14093780517578,2022-03-18,12.2720308303833,0,9.0,0.0,2022-03-18,2022-03-17,9.58377742767334,302.40618896484375,2022-03-19,0.0,0.0,2022-03-18,0.2505760192871094,9.0,"{""type"":""Point"",""coordinates"":[90.41036283449444,24.18974420280378]}"
250,10,0.2598906457424164,323.07763671875,2020-11-04,115.82286071777344,0,2.0,0.0,2020-11-04,2020-11-03,13.506041526794434,297.02276611328125,2020-11-05,0.0,0.0,2020-11-04,0.49717140197753906,2.0,"{""type"":""Point"",""coordinates"":[94.85724647610436,26.9255200483727]}"
251,100,0.006953837815672159,174.05447387695312,2019-12-23,4781.50244140625,0,1.0,0.0,2019-12-23,2019-12-22,33.01920700073242,270.9381103515625,2019-12-24,0.0,0.0,2019-12-23,0.34835052490234375,1.0,"{""type"":""Point"",""coordinates"":[97.462380998753,29.25988637737647]}"
252,10,0.06359691172838211,271.1241760253906,2022-03-24,3337.56298828125,0,1.0,9.329999923706055,2022-03-24,2022-03-23,32.38802719116211,277.4485778808594,2022-03-25,3.4499998092651367,6.25,2022-03-24,0.4263744354248047,1.0,"{""type"":""Point"",""coordinates"":[93.97204252659836,28.594430666001163]}"
253,30,0.057458892464637756,26.21864891052246,2023-05-11,5352.10888671875,0,3.0,0.0,2023-05-11,2023-05-10,9.14205551147461,278.3052673339844,2023-05-12,0.0,0.0,2023-05-11,0.04999987408518791,3.0,"{""type"":""Point"",""coordinates"":[88.82742019618209,28.498051160330732]}"
254,10,0.059440113604068756,237.34890747070312,2020-08-04,2607.71337890625,0,61.0,143.95999145507812,2020-08-04,2020-08-03,30.24013900756836,291.0081481933594,2020-08-05,2.4700000286102295,0.0,2020-08-04,0.41180548071861267,61.0,"{""type"":""Point"",""coordinates"":[95.4734915843648,28.750893294410353]}"
255,40,0.04785315319895744,94.02069091796875,2022-07-10,1.8349790573120117,0,4.0,48.68000030517578,2022-07-10,2022-07-09,2.0169827938079834,302.4046325683594,2022-07-11,2.919999837875366,4.166666507720947,2022-07-10,0.48187193274497986,4.0,"{""type"":""Point"",""coordinates"":[88.78182954026813,22.20379162757398]}"
256,40,0.18682116270065308,93.651123046875,2021-09-28,18.311635971069336,0,528.0,8335.599609375,2021-09-28,2021-09-27,0.29463016986846924,301.41021728515625,2021-09-29,15.579999923706055,22.91666603088379,2021-09-28,0.3933817446231842,520.0,"{""type"":""Point"",""coordinates"":[88.08738716145814,23.245482088787224]}"
257,30,0.06278327852487564,216.90902709960938,2022-12-31,4236.74267578125,0,8.0,0.0,2022-12-31,2022-12-30,28.49143409729004,271.7724304199219,2023-01-01,0.0,0.0,2022-12-31,0.33160400390625,8.0,"{""type"":""Point"",""coordinates"":[91.94476824491697,28.898627871056444]}"
258,10,0.041497036814689636,139.64476013183594,2020-08-06,2831.917724609375,0,80.0,187.34999084472656,2020-08-06,2020-08-05,47.88722229003906,287.46490478515625,2020-08-07,9.289999961853027,4.166666507720947,2020-08-06,0.42602285742759705,5.0,"{""type"":""Point"",""coordinates"":[90.30795142536617,27.476671861519954]}"
259,30,0.07280555367469788,126.05552673339844,2021-09-27,4604.4443359375,0,2.0,0.0,2021-09-27,2021-09-26,19.042875289916992,279.87066650390625,2021-09-28,13.219999313354492,14.583333015441895,2021-09-27,0.3912639617919922,2.0,"{""type"":""Point"",""coordinates"":[89.06817280369393,27.719927295085803]}"
260,40,0.4484065771102905,179.2020263671875,2019-11-27,1.542411208152771,0,8.0,0.0,2019-11-27,2019-11-26,0.3770275413990021,297.6802062988281,2019-11-28,0.0,0.0,2019-11-27,0.309417724609375,1.0,"{""type"":""Point"",""coordinates"":[88.71707977816679,22.39900379080854]}"
261,10,0.09938666224479675,79.70848083496094,2019-06-18,55.6551628112793,0,2.0,4.059999942779541,2019-06-18,2019-06-17,10.754440307617188,302.7379150390625,2019-06-19,3.419999837875366,6.25,2019-06-18,0.39032235741615295,1.0,"{""type"":""Point"",""coordinates"":[91.77597670555417,24.274489827112394]}"
262,10,0.23233340680599213,273.1518859863281,2020-06-05,617.7064208984375,0,14.0,0.5299999713897705,2020-06-05,2020-06-04,7.229190826416016,299.87353515625,2020-06-06,2.119999885559082,2.0833332538604736,2020-06-05,0.4127311706542969,1.0,"{""type"":""Point"",""coordinates"":[94.2034333168301,22.837065261717058]}"
263,10,0.9023339748382568,16.212627410888672,2020-12-27,1734.984130859375,0,1.0,0.0,2020-12-27,2020-12-26,31.82731819152832,285.4163818359375,2020-12-28,0.0,0.0,2020-12-27,0.21232478320598602,1.0,"{""type"":""Point"",""coordinates"":[93.303448711209,23.636081497784872]}"
264,10,0.07344135642051697,236.2323760986328,2022-02-17,1765.43359375,0,3.0,3.569999933242798,2022-02-17,2022-02-16,32.14575958251953,276.68328857421875,2022-02-18,0.10999999940395355,0.0,2022-02-17,0.4130439758300781,3.0,"{""type"":""Point"",""coordinates"":[94.93470506358574,28.851987139042663]}"
265,10,0.16993601620197296,246.17613220214844,2020-08-12,19.45033836364746,0,1.0,24.369998931884766,2020-08-12,2020-08-11,4.568788528442383,302.4696960449219,2020-08-13,12.309999465942383,14.583333015441895,2020-08-12,0.4028053283691406,1.0,"{""type"":""Point"",""coordinates"":[89.54601603127597,24.702082463766803]}"
266,30,0.0630439892411232,350.6378173828125,2019-12-27,5071.5947265625,0,1.0,0.0,2019-12-27,2019-12-26,13.614930152893066,268.3690490722656,2019-12-28,0.0,0.0,2019-12-27,0.24126625061035156,1.0,"{""type"":""Point"",""coordinates"":[89.07623592505489,28.152307301610804]}"
267,10,0.3442838490009308,119.91526794433594,2022-02-22,1.7018920183181763,0,1.0,0.0,2022-02-22,2022-02-21,4.992197036743164,296.1823425292969,2022-02-23,0.0,0.0,2022-02-22,0.31331825256347656,1.0,"{""type"":""Point"",""coordinates"":[90.45193106679248,22.166399051610828]}"
268,10,0.5067319273948669,153.5263214111328,2022-01-07,938.4947509765625,0,15.0,0.0,2022-01-07,2022-01-06,6.450266361236572,286.5390930175781,2022-01-08,0.0,0.0,2022-01-07,0.3590850830078125,14.0,"{""type"":""Point"",""coordinates"":[91.96182168019011,25.666265095378108]}"
269,10,0.5635067224502563,316.47857666015625,2023-02-15,113.30532836914062,0,4.0,0.0,2023-02-15,2023-02-14,15.54321575164795,291.40594482421875,2023-02-16,0.0,0.0,2023-02-15,0.14989598095417023,4.0,"{""type"":""Point"",""coordinates"":[93.26349839462229,25.030495749089567]}"
270,80,0.04209025576710701,-0.0,2019-02-27,59.5,0,2.0,0.0,2019-02-27,2019-02-26,0.0,293.7444763183594,2019-02-28,4.710000038146973,8.333333015441895,2019-02-27,0.3868764340877533,2.0,"{""type"":""Point"",""coordinates"":[92.77653138722015,26.586587147127933]}"
271,50,0.17958320677280426,236.83392333984375,2022-08-27,772.2305297851562,0,44.0,295.239990234375,2022-08-27,2022-08-26,0.8484587669372559,298.6642150878906,2022-08-28,45.89999771118164,43.75,2022-08-27,0.30863508582115173,44.0,"{""type"":""Point"",""coordinates"":[93.76098892870127,24.548270589128755]}"
272,60,-0.015429581515491009,88.458740234375,2020-01-04,4390.37158203125,0,2.0,30.999998092651367,2020-01-04,2020-01-03,21.450111389160156,273.7170104980469,2020-01-05,3.0399999618530273,2.0833332538604736,2020-01-04,0.3562838137149811,1.0,"{""type"":""Point"",""coordinates"":[97.29608332681964,27.983036754290723]}"
273,10,0.012560240924358368,336.4232482910156,2019-06-20,1949.15625,0,1.0,21.969999313354492,2019-06-20,2019-06-19,30.377920150756836,294.7218933105469,2019-06-21,0.0,0.0,2019-06-20,0.4867788851261139,1.0,"{""type"":""Point"",""coordinates"":[97.28033264319167,23.29110030427252]}"
274,40,0.4257030785083771,28.15243911743164,2021-02-27,7.730014801025391,0,1.0,0.0,2021-02-27,2021-02-26,0.6464641690254211,300.81671142578125,2021-02-28,0.0,0.0,2021-02-27,0.1354522705078125,1.0,"{""type"":""Point"",""coordinates"":[88.90937204497907,23.359167935628342]}"
275,80,-0.0034977025352418423,-0.0,2019-01-07,2.0,0,1.0,0.0,2019-01-07,2019-01-06,0.0,293.4256591796875,2019-01-08,0.0,0.0,2019-01-07,0.2827676236629486,1.0,"{""type"":""Point"",""coordinates"":[89.63050365148767,22.618548172352895]}"
276,40,0.047584060579538345,278.0776062011719,2021-06-13,177.1239471435547,0,2.0,0.14000000059604645,2021-06-13,2021-06-12,0.10434439778327942,301.39569091796875,2021-06-14,0.8699999451637268,2.0833332538604736,2021-06-13,0.4574699401855469,1.0,"{""type"":""Point"",""coordinates"":[95.6614181003073,23.682997865466426]}"
277,10,-0.02254507876932621,175.5023956298828,2021-08-25,2143.718994140625,0,1.0,22.28999900817871,2021-08-25,2021-08-24,27.598072052001953,296.2740173339844,2021-08-26,84.58999633789062,43.75,2021-08-25,0.48745664954185486,1.0,"{""type"":""Point"",""coordinates"":[96.94992717683678,26.863140136011484]}"
278,10,0.3958808183670044,105.05641174316406,2023-01-25,1058.9801025390625,0,11.0,1.9199999570846558,2023-01-25,2023-01-24,22.05915069580078,286.0409240722656,2023-01-26,0.0,0.0,2023-01-25,0.3402322232723236,1.0,"{""type"":""Point"",""coordinates"":[96.07854160566627,26.867858068789825]}"
279,10,0.028719570487737656,300.9165954589844,2022-07-11,280.3245849609375,0,30.0,4.149999618530273,2022-07-11,2022-07-10,15.289510726928711,300.7998352050781,2022-07-12,11.09999942779541,12.5,2022-07-11,0.491748183965683,1.0,"{""type"":""Point"",""coordinates"":[94.72451701421355,23.974653689557606]}"
280,10,0.44421955943107605,305.7781677246094,2020-12-24,260.89593505859375,0,12.0,0.0,2020-12-24,2020-12-23,18.82001495361328,289.3675537109375,2020-12-25,1.350000023841858,2.0833332538604736,2020-12-24,0.30572953820228577,1.0,"{""type"":""Point"",""coordinates"":[93.34929890009474,25.66597050173873]}"
281,10,0.10353118926286697,234.13201904296875,2021-07-10,280.5313415527344,0,1.0,52.84000015258789,2021-07-10,2021-07-09,40.314002990722656,299.23272705078125,2021-07-11,69.77999877929688,31.25,2021-07-10,0.41101011633872986,1.0,"{""type"":""Point"",""coordinates"":[92.82579553722151,24.21585958238647]}"
282,40,0.11070793867111206,219.75787353515625,2023-09-25,112.46209716796875,0,6.0,35.64999771118164,2023-09-25,2023-09-24,0.2230577915906906,300.839111328125,2023-09-26,0.8799999952316284,0.0,2023-09-25,0.4755471646785736,5.0,"{""type"":""Point"",""coordinates"":[95.12268592197508,27.73396808987673]}"
283,30,0.14329640567302704,16.64266586303711,2022-04-13,3962.632080078125,0,1.0,1.399999976158142,2022-04-13,2022-04-12,30.52056884765625,285.5837707519531,2022-04-14,0.0,0.0,2022-04-13,0.05695533752441406,1.0,"{""type"":""Point"",""coordinates"":[89.30923218180887,29.28546631592577]}"
284,40,-0.05551646277308464,41.78329086303711,2021-02-16,40.92793655395508,0,3.0,0.0,2021-02-16,2021-02-15,1.4502205848693848,295.37579345703125,2021-02-17,0.0,0.0,2021-02-16,0.22052955627441406,1.0,"{""type"":""Point"",""coordinates"":[91.11105673517538,26.24606245891473]}"
285,40,-0.06129557639360428,113.36124420166016,2020-09-27,11.305885314941406,0,810.0,294.9100036621094,2020-09-27,2020-09-26,0.34531378746032715,299.5821228027344,2020-09-28,21.420000076293945,18.75,2020-09-27,0.4842618405818939,7.0,"{""type"":""Point"",""coordinates"":[91.31308836798172,23.50942146311861]}"
286,30,0.008873198181390762,335.6587219238281,2019-04-14,4749.08544921875,0,4.0,3.8999998569488525,2019-04-14,2019-04-13,34.329463958740234,271.352294921875,2019-04-15,1.8199999332427979,2.0833332538604736,2019-04-14,0.3753744661808014,2.0,"{""type"":""Point"",""coordinates"":[93.48697161827874,29.05625179382048]}"
287,30,0.5754541754722595,59.58634567260742,2020-01-30,1108.467041015625,0,16.0,0.0,2020-01-30,2020-01-29,4.516129493713379,291.2109680175781,2020-01-31,0.0,0.0,2020-01-30,0.14111709594726562,16.0,"{""type"":""Point"",""coordinates"":[96.50655835235418,22.185183582250737]}"
288,70,-0.028731416910886765,325.8138427734375,2020-08-13,6410.7978515625,0,3.0,88.0999984741211,2020-08-13,2020-08-12,45.15274429321289,274.160400390625,2020-08-14,49.80999755859375,29.16666603088379,2020-08-13,0.38477006554603577,1.0,"{""type"":""Point"",""coordinates"":[92.52536464948011,27.882838371898995]}"
289,30,0.12234198302030563,146.4403076171875,2021-12-09,2744.827392578125,0,1.0,1.9199999570846558,2021-12-09,2021-12-08,13.59648323059082,279.8301086425781,2021-12-10,1.8799999952316284,0.0,2021-12-09,0.36280378699302673,1.0,"{""type"":""Point"",""coordinates"":[90.50122002495179,27.52230011175746]}"
290,10,0.04469254985451698,331.5748291015625,2021-09-28,186.4440155029297,0,4.0,112.39999389648438,2021-09-28,2021-09-27,33.393619537353516,299.5196533203125,2021-09-29,2.8399999141693115,2.0833332538604736,2021-09-28,0.49041303992271423,4.0,"{""type"":""Point"",""coordinates"":[94.5826343846102,23.808326156709626]}"
291,80,-0.10291793942451477,-0.0,2020-07-25,0.0,0,0.0,0.0,2020-07-25,2020-07-24,0.0,0.0,2020-07-26,0.0,0.0,2020-07-25,0.0,0.0,"{""type"":""Point"",""coordinates"":[89.70460019141937,21.648197289399548]}"
292,10,0.0498754121363163,270.1668395996094,2020-07-26,42.029666900634766,0,5.0,0.0,2020-07-26,2020-07-25,11.226873397827148,301.66937255859375,2020-07-27,16.229999542236328,22.91666603088379,2020-07-26,0.4786020815372467,2.0,"{""type"":""Point"",""coordinates"":[92.75657992953789,24.937606383845367]}"
293,40,0.08107694983482361,298.5377197265625,2019-09-08,4.040543556213379,0,490.0,8300.599609375,2019-09-08,2019-09-07,0.6018970608711243,300.8719482421875,2019-09-09,63.57999801635742,56.25,2019-09-08,0.40092596411705017,490.0,"{""type"":""Point"",""coordinates"":[91.15533769214687,23.041034021740796]}"
294,30,0.05960174649953842,8.201899528503418,2021-04-28,4048.29052734375,0,1.0,0.6100000143051147,2021-04-28,2021-04-27,5.880599498748779,280.4499206542969,2021-04-29,2.309999942779541,4.166666507720947,2021-04-28,0.16467158496379852,1.0,"{""type"":""Point"",""coordinates"":[88.49267055587903,29.08975496558091]}"
295,10,0.24370180070400238,99.7561264038086,2019-09-06,976.8971557617188,0,1.0,5.449999809265137,2019-09-06,2019-09-05,26.36063575744629,292.236083984375,2019-09-07,14.059999465942383,16.66666603088379,2019-09-06,0.418414443731308,1.0,"{""type"":""Point"",""coordinates"":[94.5988647781129,28.555637319130895]}"
296,60,0.19336554408073425,332.14385986328125,2019-03-25,19.909147262573242,0,83.0,0.0,2019-03-25,2019-03-24,1.1803616285324097,299.2865295410156,2019-03-26,0.0,0.0,2019-03-25,0.24016189575195312,83.0,"{""type"":""Point"",""coordinates"":[88.20214668499544,23.02387629594959]}"
297,10,0.5010700225830078,202.52056884765625,2023-11-12,361.00787353515625,0,2.0,0.0,2023-11-12,2023-11-11,30.433616638183594,294.25714111328125,2023-11-13,0.0,0.0,2023-11-12,0.2537027895450592,2.0,"{""type"":""Point"",""coordinates"":[92.9223054537075,22.25918356662146]}"
298,40,0.1670132428407669,42.88901138305664,2023-02-09,2.7837252616882324,0,2.0,0.0,2023-02-09,2023-02-08,0.22697076201438904,298.7798156738281,2023-02-10,0.0,0.0,2023-02-09,0.24710781872272491,2.0,"{""type"":""Point"",""coordinates"":[88.2942530239445,21.909953052922923]}"
299,10,0.6979597210884094,291.07342529296875,2021-01-20,136.2998809814453,0,2.0,0.0,2021-01-20,2021-01-19,24.0146427154541,290.459228515625,2021-01-21,0.14999999105930328,0.0,2021-01-20,0.16935603320598602,2.0,"{""type"":""Point"",""coordinates"":[92.28506805654892,23.649037551349114]}"
300,40,0.1983095109462738,32.23252487182617,2019-12-23,81.65077209472656,0,1.0,0.0,2019-12-23,2019-12-22,2.4229166507720947,290.4963684082031,2019-12-24,0.17000000178813934,0.0,2019-12-23,0.17986233532428741,1.0,"{""type"":""Point"",""coordinates"":[92.52214953062912,26.72937260400406]}"
301,40,0.014299037866294384,173.96978759765625,2020-10-25,50.6783447265625,0,10.0,47.099998474121094,2020-10-25,2020-10-24,0.07714693248271942,297.05291748046875,2020-10-26,0.0,0.0,2020-10-25,0.4677174985408783,10.0,"{""type"":""Point"",""coordinates"":[92.09500216437866,26.159999074646862]}"
302,40,0.35086801648139954,304.49896240234375,2022-11-07,10.05093765258789,0,2.0,0.0,2022-11-07,2022-11-06,0.4665818512439728,298.4382019042969,2022-11-08,0.0,0.0,2022-11-07,0.2678241729736328,1.0,"{""type"":""Point"",""coordinates"":[89.95543805476915,23.882558291081143]}"
303,60,0.19788618385791779,205.3560791015625,2021-05-02,1206.3203125,0,130.0,2.9000000953674316,2021-05-02,2021-05-01,10.614153861999512,295.6120910644531,2021-05-03,6.059999942779541,4.166666507720947,2021-05-02,0.4463787078857422,4.0,"{""type"":""Point"",""coordinates"":[92.30179089275163,25.367320955832664]}"
304,95,0.2896203398704529,314.63519287109375,2019-05-16,9.029007911682129,0,1.0,0.0,2019-05-16,2019-05-15,1.1631377935409546,303.5365295410156,2019-05-17,0.0,0.0,2019-05-16,0.34396234154701233,1.0,"{""type"":""Point"",""coordinates"":[89.70002601843113,22.12321535828486]}"
305,10,-0.009663711301982403,77.28694915771484,2019-05-01,3707.886474609375,0,4.0,148.75999450683594,2019-05-01,2019-04-30,30.02532196044922,282.8922424316406,2019-05-02,1.7109999656677246,0.0,2019-05-01,0.4206625521183014,4.0,"{""type"":""Point"",""coordinates"":[90.41028677722201,27.275714978406914]}"
306,40,0.0649670660495758,121.63411712646484,2023-05-01,1.5124118328094482,0,1.0,5.62999963760376,2023-05-01,2023-04-30,0.5097036361694336,304.5241394042969,2023-05-02,6.770999908447266,12.5,2023-05-01,0.2508258819580078,1.0,"{""type"":""Point"",""coordinates"":[89.81906063905845,22.32822710812456]}"
307,30,0.09649931639432907,246.88694763183594,2019-10-23,4754.18896484375,0,3.0,0.5399999618530273,2019-10-23,2019-10-22,20.144624710083008,276.76641845703125,2019-10-24,0.29999998211860657,0.0,2019-10-23,0.3221791684627533,3.0,"{""type"":""Point"",""coordinates"":[92.21842127087382,28.843647912230498]}"
308,10,0.313865065574646,338.0090637207031,2022-10-29,303.20513916015625,0,3.0,0.0,2022-10-29,2022-10-28,27.657115936279297,298.5546569824219,2022-10-30,0.0,0.0,2022-10-29,0.4465414583683014,2.0,"{""type"":""Point"",""coordinates"":[96.12987174555106,23.58443030048715]}"
309,10,0.6057458519935608,336.4702453613281,2022-12-10,1209.332763671875,0,2.0,0.0,2022-12-10,2022-12-09,33.908504486083984,288.1976013183594,2022-12-11,0.0,0.0,2022-12-10,0.19722683727741241,2.0,"{""type"":""Point"",""coordinates"":[89.17122936081043,26.929232547540433]}"
310,10,0.4815838634967804,80.90122985839844,2022-01-02,682.54638671875,0,772.0,6.948000431060791,2022-01-02,2022-01-01,32.607696533203125,290.5633850097656,2022-01-03,0.0,0.0,2022-01-02,0.2948538362979889,772.0,"{""type"":""Point"",""coordinates"":[96.4290824090392,22.66229051502515]}"
311,10,0.5200600028038025,119.27230072021484,2019-01-05,810.0438842773438,0,306.0,0.0,2019-01-05,2019-01-04,6.4245147705078125,282.7326354980469,2019-01-06,0.0,0.0,2019-01-05,0.2775459289550781,150.0,"{""type"":""Point"",""coordinates"":[93.7954759807551,25.07786332523061]}"
312,40,0.27444350719451904,212.03927612304688,2019-05-07,10.63730239868164,0,8473.0,0.0,2019-05-07,2019-05-06,0.5016050934791565,302.501220703125,2019-05-08,0.0,0.0,2019-05-07,0.3052031099796295,8473.0,"{""type"":""Point"",""coordinates"":[91.50378024344863,24.261015801247275]}"
313,60,-0.01651708409190178,27.612552642822266,2019-01-20,4565.798828125,0,4.0,0.0,2019-01-20,2019-01-19,2.4001991748809814,268.6682434082031,2019-01-21,0.0,0.0,2019-01-20,0.3297576904296875,2.0,"{""type"":""Point"",""coordinates"":[90.92086465247918,28.745182751945396]}"
314,60,0.04827027767896652,137.9137420654297,2022-11-22,3961.432861328125,0,7.0,0.0,2022-11-22,2022-11-21,18.943531036376953,273.37738037109375,2022-11-23,0.0,0.0,2022-11-22,0.35693803429603577,3.0,"{""type"":""Point"",""coordinates"":[90.8293030744666,28.203305880270115]}"
315,30,0.018350232392549515,337.5738220214844,2023-03-26,4293.87939453125,0,21300.0,0.0,2023-03-26,2023-03-25,1.0752675533294678,272.0261535644531,2023-03-27,0.0,0.0,2023-03-26,0.2562497556209564,21300.0,"{""type"":""Point"",""coordinates"":[89.6596202252695,28.51454832433916]}"
316,10,0.3843182325363159,294.4809265136719,2020-01-29,131.904296875,0,4.0,0.0,2020-01-29,2020-01-28,6.004441738128662,289.5445556640625,2020-01-30,0.0,0.0,2020-01-29,0.20121128857135773,4.0,"{""type"":""Point"",""coordinates"":[88.56532024350234,26.7422019610108]}"
317,70,-0.05264287814497948,90.85464477539062,2023-08-11,5804.638671875,0,1.0,7.170000076293945,2023-08-11,2023-08-10,39.47123336791992,285.4674072265625,2023-08-12,3.179999828338623,4.166666507720947,2023-08-11,0.4017314910888672,1.0,"{""type"":""Point"",""coordinates"":[96.76366836659349,29.254929768052143]}"
318,80,-0.01977793499827385,-0.0,2023-10-27,0.0,0,0.0,0.0,2023-10-27,2023-10-26,0.0,0.0,2023-10-28,0.0,0.0,2023-10-27,0.0,0.0,"{""type"":""Point"",""coordinates"":[90.31242719970687,21.78368186868497]}"
319,80,-0.0856252908706665,-0.0,2019-12-31,0.0,0,0.0,0.0,2019-12-31,2019-12-30,0.0,0.0,2020-01-01,0.0,0.0,2019-12-31,0.0,0.0,"{""type"":""Point"",""coordinates"":[90.01402136586792,21.873985828625266]}"
320,10,0.10486917197704315,99.62467956542969,2019-05-31,422.7567138671875,0,6.0,0.0,2019-05-31,2019-05-30,30.669809341430664,302.53619384765625,2019-06-01,1.5299999713897705,0.0,2019-05-31,0.28685250878334045,6.0,"{""type"":""Point"",""coordinates"":[94.35529175166033,24.523519364392293]}"
321,10,0.141783207654953,267.9015808105469,2020-03-09,1845.7093505859375,0,3.0,2.5799999237060547,2020-03-09,2020-03-08,18.171005249023438,282.9230651855469,2020-03-10,1.9299999475479126,0.0,2020-03-09,0.4272956848144531,3.0,"{""type"":""Point"",""coordinates"":[93.86635594428398,27.52862612054891]}"
322,30,0.06709872931241989,354.10723876953125,2019-12-23,4695.896484375,0,12.0,0.0,2019-12-23,2019-12-22,25.75950813293457,271.8484191894531,2019-12-24,0.0,0.0,2019-12-23,0.32676634192466736,1.0,"{""type"":""Point"",""coordinates"":[91.62847093260193,28.866300593848933]}"
323,10,0.12111066281795502,145.78469848632812,2023-04-09,437.2510070800781,0,45.0,0.0,2023-04-09,2023-04-08,29.920202255249023,297.7666015625,2023-04-10,0.0,0.0,2023-04-09,0.12497520446777344,3.0,"{""type"":""Point"",""coordinates"":[93.92024828985679,23.394614655918623]}"
324,100,-0.021385997533798218,10.859454154968262,2020-02-13,5139.62451171875,0,1.0,0.17999999225139618,2020-02-13,2020-02-12,34.46352005004883,270.5357666015625,2020-02-14,3.5199999809265137,4.166666507720947,2020-02-13,0.3343149721622467,1.0,"{""type"":""Point"",""coordinates"":[93.29842358538528,29.145731561833117]}"
325,10,0.1975191831588745,192.82022094726562,2021-10-15,112.97869873046875,0,283.0,0.0,2021-10-15,2021-10-14,1.9433677196502686,299.44232177734375,2021-10-16,0.0,0.0,2021-10-15,0.19064395129680634,1.0,"{""type"":""Point"",""coordinates"":[90.07975440400841,26.65460801108541]}"
326,30,-0.005662812851369381,166.05076599121094,2023-05-29,4771.99267578125,0,1.0,0.5699999928474426,2023-05-29,2023-05-28,26.55603790283203,272.58453369140625,2023-05-30,0.7099999785423279,0.0,2023-05-29,0.4116738736629486,1.0,"{""type"":""Point"",""coordinates"":[90.00801682747978,28.038189080253872]}"
327,80,-0.04273237660527229,-0.0,2021-12-24,0.0,0,340.0,0.0,2021-12-24,2021-12-23,0.0,292.7991943359375,2021-12-25,0.0,0.0,2021-12-24,0.3530661165714264,1.0,"{""type"":""Point"",""coordinates"":[89.20370176683952,22.341819639793677]}"
328,40,0.022003158926963806,66.8426513671875,2020-08-08,13.511734008789062,0,6.0,7.170000076293945,2020-08-08,2020-08-07,6.082913875579834,303.083251953125,2020-08-09,1.8999998569488525,2.0833332538604736,2020-08-08,0.4460773468017578,1.0,"{""type"":""Point"",""coordinates"":[90.29108728972007,24.598740556636457]}"
329,40,0.036401454359292984,274.5920715332031,2021-06-14,13.969501495361328,0,4.0,29.84000015258789,2021-06-14,2021-06-13,1.2541567087173462,302.5488586425781,2021-06-15,5.599999904632568,8.333333015441895,2021-06-14,0.40627798438072205,4.0,"{""type"":""Point"",""coordinates"":[90.27443688001429,24.945817837200686]}"
330,40,0.14175085723400116,309.61614990234375,2020-04-07,1568.726806640625,0,2.0,0.0,2020-04-07,2020-04-06,3.7574398517608643,292.16510009765625,2020-04-08,0.0,0.0,2020-04-07,0.3060823976993561,1.0,"{""type"":""Point"",""coordinates"":[91.48811647546701,25.37510919699715]}"
331,10,0.2747703194618225,206.7812957763672,2023-07-29,2522.4755859375,0,7.0,26.739999771118164,2023-07-29,2023-07-28,47.08869552612305,286.5074157714844,2023-07-30,5.779999732971191,12.5,2023-07-29,0.41471418738365173,7.0,"{""type"":""Point"",""coordinates"":[91.86918157960046,27.56920570275801]}"
332,10,0.6531351208686829,122.83306884765625,2021-11-16,408.29144287109375,0,51.0,0.0,2021-11-16,2021-11-15,15.29603385925293,293.3495178222656,2021-11-17,0.0,0.0,2021-11-16,0.3084329068660736,51.0,"{""type"":""Point"",""coordinates"":[94.91865112226505,26.76936293026381]}"
333,10,0.424358069896698,173.17787170410156,2019-11-18,1767.1246337890625,0,2.0,0.0,2019-11-18,2019-11-17,40.60501480102539,291.3165283203125,2019-11-19,0.0,0.0,2019-11-18,0.3304634094238281,2.0,"{""type"":""Point"",""coordinates"":[90.7584250669893,26.92402075050138]}"
334,30,0.14228422939777374,328.0902404785156,2019-05-17,4297.328125,0,1.0,1.7699999809265137,2019-05-17,2019-05-16,21.4475154876709,283.5788879394531,2019-05-18,0.0,0.0,2019-05-17,0.15604336559772491,1.0,"{""type"":""Point"",""coordinates"":[91.18290333590834,29.449601213188313]}"
335,30,0.19960430264472961,128.92861938476562,2021-12-28,460.1307678222656,0,114.0,0.0,2021-12-28,2021-12-27,5.882575511932373,290.7643737792969,2021-12-29,0.0,0.0,2021-12-28,0.2878481447696686,114.0,"{""type"":""Point"",""coordinates"":[94.27747218257517,21.934947082787147]}"
336,10,0.11913680285215378,196.0011749267578,2019-10-27,66.47234344482422,0,1.0,2.740000009536743,2019-10-27,2019-10-26,2.450176954269409,294.5017395019531,2019-10-28,0.03999999910593033,0.0,2019-10-27,0.48236021399497986,1.0,"{""type"":""Point"",""coordinates"":[91.9395350493714,26.23516612173525]}"
337,30,0.6909767985343933,21.686681747436523,2019-12-27,1629.5015869140625,0,2.0,2.8499999046325684,2019-12-27,2019-12-26,32.2270622253418,286.3595275878906,2019-12-28,4.46999979019165,6.25,2019-12-27,0.2892538607120514,1.0,"{""type"":""Point"",""coordinates"":[93.93832224453529,24.01644817847259]}"
338,10,0.061486683785915375,180.10289001464844,2023-07-15,32.710418701171875,0,1.0,4.819999694824219,2023-07-15,2023-07-14,5.085795879364014,301.70654296875,2023-07-16,0.0,0.0,2023-07-15,0.4243685305118561,1.0,"{""type"":""Point"",""coordinates"":[89.12422351626151,25.5522741723659]}"
339,40,0.04953797161579132,320.1718444824219,2023-07-11,24.47589683532715,0,16.0,24.299999237060547,2023-07-11,2023-07-10,0.24804159998893738,302.2626647949219,2023-07-12,41.77000045776367,20.83333396911621,2023-07-11,0.4187075197696686,1.0,"{""type"":""Point"",""coordinates"":[89.30904875026236,25.42589649373237]}"
340,10,0.3912201523780823,91.47796630859375,2020-04-21,1883.1453857421875,0,1.0,10.489999771118164,2020-04-21,2020-04-20,23.291309356689453,285.43597412109375,2020-04-22,10.039999961853027,10.416666984558105,2020-04-21,0.41797828674316406,1.0,"{""type"":""Point"",""coordinates"":[88.5813429611843,27.41589780995746]}"
341,10,0.17763443291187286,88.53520202636719,2023-04-26,767.0147094726562,0,1.0,12.829999923706055,2023-04-26,2023-04-25,14.530855178833008,294.7786560058594,2023-04-27,0.0,0.0,2023-04-26,0.45893415808677673,1.0,"{""type"":""Point"",""coordinates"":[91.85161120128755,25.79067346572621]}"
342,10,0.36945250630378723,275.0078430175781,2023-03-11,91.34221649169922,0,1.0,4.21999979019165,2023-03-11,2023-03-10,5.42381477355957,299.0345764160156,2023-03-12,0.11999999731779099,0.0,2023-03-11,0.25962576270103455,1.0,"{""type"":""Point"",""coordinates"":[93.13909540118499,26.167753433701627]}"
343,10,0.6876916885375977,251.00108337402344,2019-02-20,669.312744140625,0,110.0,102.29999542236328,2019-02-20,2019-02-19,33.71516418457031,286.8009033203125,2019-02-21,2.109999895095825,2.0833332538604736,2019-02-20,0.47456106543540955,110.0,"{""type"":""Point"",""coordinates"":[95.79434126316829,26.6622197298217]}"
344,80,0.37635859847068787,-0.0,2022-04-20,0.0,0,0.0,0.0,2022-04-20,2022-04-19,0.0,0.0,2022-04-21,12.059999465942383,8.333333015441895,2022-04-20,0.0,0.0,"{""type"":""Point"",""coordinates"":[91.71203805634345,21.845230822268487]}"
345,10,0.17363132536411285,149.0685272216797,2021-03-21,53.17208480834961,0,1.0,0.0,2021-03-21,2021-03-20,5.536015510559082,301.4979553222656,2021-03-22,0.0,0.0,2021-03-21,0.14995892345905304,1.0,"{""type"":""Point"",""coordinates"":[91.90759740693717,24.330723132664474]}"
346,10,0.4610362946987152,112.81820678710938,2022-07-22,266.2688903808594,0,264.0,11586.9599609375,2022-07-22,2022-07-21,20.935779571533203,296.94671630859375,2022-07-23,16.369998931884766,25.0,2022-07-22,0.44755300879478455,264.0,"{""type"":""Point"",""coordinates"":[93.20260597615292,21.644040830373765]}"
347,80,-0.0355522558093071,-0.0,2020-11-02,0.0,0,0.0,0.0,2020-11-02,2020-11-01,0.0,0.0,2020-11-03,0.0,0.0,2020-11-02,0.0,0.0,"{""type"":""Point"",""coordinates"":[89.6322898812836,21.521627689314162]}"
348,10,0.2112848460674286,122.65200805664062,2022-10-11,377.42352294921875,0,3.0,78.94999694824219,2022-10-11,2022-10-10,7.152500152587891,297.03082275390625,2022-10-12,9.869999885559082,6.25,2022-10-11,0.46986961364746094,1.0,"{""type"":""Point"",""coordinates"":[96.3590747460935,25.836635927317204]}"
349,10,-0.018211284652352333,260.8814697265625,2019-07-15,314.9378967285156,0,73.0,33.80999755859375,2019-07-15,2019-07-14,18.760723114013672,299.0689697265625,2019-07-16,18.579999923706055,20.83333396911621,2019-07-15,0.4663626253604889,69.0,"{""type"":""Point"",""coordinates"":[95.79917617957219,24.834001706403093]}"
350,40,0.1933470219373703,277.23614501953125,2019-05-25,222.3086700439453,0,104.0,6909.759765625,2019-05-25,2019-05-24,1.914414405822754,304.6593017578125,2019-05-26,4.509999752044678,6.25,2019-05-25,0.4260781705379486,104.0,"{""type"":""Point"",""coordinates"":[95.71164158108857,23.442989410311846]}"
351,60,0.007753551471978426,118.3534927368164,2023-01-12,5195.80712890625,0,2.0,0.0,2023-01-12,2023-01-11,23.850337982177734,271.5877990722656,2023-01-13,0.0,0.0,2023-01-12,0.34843507409095764,2.0,"{""type"":""Point"",""coordinates"":[91.34139478521823,28.222512739817486]}"
352,40,0.6051006317138672,355.3403015136719,2022-11-09,3.4632575511932373,0,1.0,0.0,2022-11-09,2022-11-08,2.4971492290496826,298.9829406738281,2022-11-10,0.0,0.0,2022-11-09,0.3292185366153717,1.0,"{""type"":""Point"",""coordinates"":[88.14433994501424,21.6883682056042]}"
353,100,0.024763386696577072,3.2915751934051514,2021-08-13,5161.6806640625,0,1.0,14.75999927520752,2021-08-13,2021-08-12,19.27174186706543,284.53887939453125,2021-08-14,8.300000190734863,14.583333015441895,2021-08-13,0.42487654089927673,1.0,"{""type"":""Point"",""coordinates"":[92.85387323013873,29.388646253698568]}"
354,70,-0.007848997600376606,242.34878540039062,2021-10-14,5070.59619140625,0,2.0,0.0,2021-10-14,2021-10-13,26.987300872802734,283.4288635253906,2021-10-15,0.3499999940395355,0.0,2021-10-14,0.3218313753604889,2.0,"{""type"":""Point"",""coordinates"":[96.38267649469499,29.100882482911747]}"
355,10,0.049721717834472656,19.316543579101562,2022-08-04,64.32714080810547,0,1.0,5.670000076293945,2022-08-04,2022-08-03,0.7733809947967529,303.1822204589844,2022-08-05,13.379999160766602,8.333333015441895,2022-08-04,0.48616790771484375,1.0,"{""type"":""Point"",""coordinates"":[92.43126447214489,26.33006107670982]}"
356,80,0.1189001277089119,-0.0,2020-11-10,80.5,0,3.0,0.0,2020-11-10,2020-11-09,0.0,295.4178161621094,2020-11-11,0.0,0.0,2020-11-10,0.4188575744628906,3.0,"{""type"":""Point"",""coordinates"":[94.1025580655395,26.883281670918322]}"
357,10,0.7963342070579529,130.6709747314453,2023-02-04,362.2142028808594,0,4.0,0.0,2023-02-04,2023-02-03,7.951803207397461,295.79571533203125,2023-02-05,0.0,0.0,2023-02-04,0.25918516516685486,4.0,"{""type"":""Point"",""coordinates"":[94.80794832159668,23.184925715970103]}"
358,10,0.4764694273471832,324.7223205566406,2020-12-04,11.552666664123535,0,1.0,0.0,2020-12-04,2020-12-03,0.5448641777038574,295.7503967285156,2020-12-05,0.0,0.0,2020-12-04,0.14554469287395477,1.0,"{""type"":""Point"",""coordinates"":[89.59597760495893,23.6393942884626]}"
359,40,0.14458297193050385,352.0157775878906,2019-09-22,17.066408157348633,0,2.0,0.0,2019-09-22,2019-09-21,0.6780046224594116,303.5491943359375,2019-09-23,26.53999900817871,31.25,2019-09-22,0.3687203824520111,2.0,"{""type"":""Point"",""coordinates"":[88.73187456933212,24.89673332705257]}"
360,10,0.3755762279033661,358.7076416015625,2022-03-13,1181.64990234375,0,2.0,0.0,2022-03-13,2022-03-12,31.323999404907227,294.6014404296875,2022-03-14,0.0,0.0,2022-03-13,0.2927907407283783,2.0,"{""type"":""Point"",""coordinates"":[92.68509075102318,25.278388250471558]}"
361,10,0.8718529343605042,85.27880859375,2020-12-19,179.56370544433594,0,2.0,0.0,2020-12-19,2020-12-18,18.18758773803711,291.29058837890625,2020-12-20,0.0,0.0,2020-12-19,0.24165789783000946,2.0,"{""type"":""Point"",""coordinates"":[97.11021776467284,25.148039464776833]}"
362,10,0.7011703848838806,152.57980346679688,2021-11-16,143.87510681152344,0,1.0,0.0,2021-11-16,2021-11-15,13.413578033447266,293.2274475097656,2021-11-17,0.0,0.0,2021-11-16,0.18253643810749054,1.0,"{""type"":""Point"",""coordinates"":[88.9198782759992,26.831908596661766]}"
363,10,0.09992611408233643,157.78536987304688,2021-10-01,10.51980972290039,0,3.0,1.409999966621399,2021-10-01,2021-09-30,2.3615283966064453,301.177734375,2021-10-02,4.2739996910095215,6.25,2021-10-01,0.39555931091308594,1.0,"{""type"":""Point"",""coordinates"":[89.34624683353242,23.096869344696135]}"
364,60,0.05268637835979462,39.906368255615234,2022-06-27,66.70488739013672,0,1.0,6.769999980926514,2022-06-27,2022-06-26,2.8414523601531982,300.3365478515625,2022-06-28,19.549999237060547,16.66666603088379,2022-06-27,0.49944305419921875,1.0,"{""type"":""Point"",""coordinates"":[92.83941793032845,26.660520179452543]}"
365,40,-0.04860316962003708,21.0626277923584,2022-09-17,18.394859313964844,0,4.0,11.600000381469727,2022-09-17,2022-09-16,0.6252731680870056,302.36285400390625,2022-09-18,13.59999942779541,14.583333015441895,2022-09-17,0.41378656029701233,4.0,"{""type"":""Point"",""coordinates"":[88.19350489597207,24.41039682374118]}"
366,60,-0.02942458540201187,5.786465167999268,2022-05-11,4579.48291015625,0,1.0,27.459999084472656,2022-05-11,2022-05-10,12.699928283691406,274.44390869140625,2022-05-12,73.12999725341797,31.25,2022-05-11,0.4277680814266205,1.0,"{""type"":""Point"",""coordinates"":[94.65698772863695,29.16959934117332]}"
367,40,0.09646417200565338,126.38565063476562,2019-07-08,618.4649658203125,0,3.0,16.350000381469727,2019-07-08,2019-07-07,2.0045063495635986,298.2939758300781,2019-07-09,1.9800000190734863,0.0,2019-07-08,0.4882303774356842,3.0,"{""type"":""Point"",""coordinates"":[96.70559874318609,22.155528384189438]}"
368,10,0.0661231279373169,100.66607666015625,2020-07-02,6.772109508514404,0,3.0,1.5720000267028809,2020-07-02,2020-07-01,0.29391929507255554,303.6351623535156,2020-07-03,0.4399999976158142,0.0,2020-07-02,0.3887246549129486,3.0,"{""type"":""Point"",""coordinates"":[88.94984262173388,22.961731897193122]}"
369,40,-0.10657303035259247,166.53988647460938,2022-04-13,3.2012181282043457,0,4.0,0.0,2022-04-13,2022-04-12,0.9742823839187622,304.5572509765625,2022-04-14,0.0,0.0,2022-04-13,0.2588157653808594,4.0,"{""type"":""Point"",""coordinates"":[88.01397550145221,21.947827382860503]}"
370,10,0.13567839562892914,107.98112487792969,2019-10-03,7.423164367675781,0,1.0,0.0,2019-10-03,2019-10-02,1.132773518562317,301.1830139160156,2019-10-04,9.019999504089355,12.5,2019-10-03,0.40442466735839844,1.0,"{""type"":""Point"",""coordinates"":[88.8498543932716,22.954048162418182]}"
371,70,-0.029775269329547882,313.84246826171875,2019-11-18,4252.595703125,0,2.0,5.359999656677246,2019-11-18,2019-11-17,30.87444496154785,278.99749755859375,2019-11-19,2.0199999809265137,0.0,2019-11-18,0.4123605191707611,2.0,"{""type"":""Point"",""coordinates"":[96.60502941318195,28.46413086611344]}"
372,10,0.12023741006851196,330.4475402832031,2019-01-20,4472.0234375,0,2.0,0.0,2019-01-20,2019-01-19,31.01322364807129,270.9525146484375,2019-01-21,0.0,0.0,2019-01-20,0.3442789614200592,2.0,"{""type"":""Point"",""coordinates"":[93.39407822930697,29.159641560961646]}"
373,10,0.890140950679779,66.6533432006836,2023-12-14,212.7069854736328,0,2.0,0.8399999737739563,2023-12-14,2023-12-13,24.724477767944336,291.2675476074219,2023-12-15,0.07999999821186066,0.0,2023-12-14,0.2345294952392578,2.0,"{""type"":""Point"",""coordinates"":[93.72463609147701,27.11237376882802]}"
374,70,-0.03175107762217522,39.628326416015625,2022-07-27,5686.2568359375,0,2.0,18.619998931884766,2022-07-27,2022-07-26,28.35330581665039,278.30841064453125,2022-07-28,9.479999542236328,18.75,2022-07-27,0.27389779686927795,1.0,"{""type"":""Point"",""coordinates"":[90.34502770497016,28.10918110770912]}"
375,60,0.004496139008551836,123.92362976074219,2023-03-15,5080.83544921875,0,2.0,2.4800000190734863,2023-03-15,2023-03-14,20.733366012573242,275.1578369140625,2023-03-16,0.0,0.0,2023-03-15,0.0677693709731102,2.0,"{""type"":""Point"",""coordinates"":[88.95265394471446,28.3451445139546]}"
376,60,0.08331122994422913,38.29273986816406,2019-06-13,3863.4228515625,0,7.0,0.0,2019-06-13,2019-06-12,0.5175722241401672,291.9566345214844,2019-06-14,0.0,0.0,2019-06-13,0.1289946287870407,7.0,"{""type"":""Point"",""coordinates"":[88.98869946281688,29.154197547004376]}"
377,10,0.8427926301956177,174.01072692871094,2021-01-23,680.0418090820312,0,11.0,0.0,2021-01-23,2021-01-22,31.698013305664062,287.8100280761719,2021-01-24,0.03999999910593033,0.0,2021-01-23,0.37122663855552673,2.0,"{""type"":""Point"",""coordinates"":[96.13502853746246,25.925080901955056]}"
378,10,0.11020340770483017,263.5306396484375,2021-07-26,3735.841796875,0,2.0,2.059999942779541,2021-07-26,2021-07-25,27.678308486938477,288.613525390625,2021-07-27,20.26999855041504,31.25,2021-07-26,0.39461198449134827,2.0,"{""type"":""Point"",""coordinates"":[93.15181258971819,29.13949354494791]}"
379,95,0.2575632631778717,202.5641326904297,2023-11-21,6.943191051483154,0,1.0,6.71999979019165,2023-11-21,2023-11-20,1.4063998460769653,297.7950744628906,2023-11-22,5.679999828338623,12.5,2023-11-21,0.431164413690567,1.0,"{""type"":""Point"",""coordinates"":[89.28988418739623,21.973437687081063]}"
380,10,0.2698041796684265,214.9760284423828,2020-01-16,674.9722290039062,0,38.0,0.0,2020-01-16,2020-01-15,22.222257614135742,290.9312744140625,2020-01-17,0.0,0.0,2020-01-16,0.3565635681152344,38.0,"{""type"":""Point"",""coordinates"":[95.98853666914664,24.740679301417448]}"
381,10,0.06994832307100296,295.68310546875,2020-09-11,217.54966735839844,0,20.0,157.59999084472656,2020-09-11,2020-09-10,2.9945931434631348,299.89544677734375,2020-09-12,88.00999450683594,27.08333396911621,2020-09-11,0.4018643796443939,20.0,"{""type"":""Point"",""coordinates"":[94.44457788713146,24.24325636446032]}"
382,10,0.2623297870159149,342.5423889160156,2019-07-12,109.48339080810547,0,1.0,143.489990234375,2019-07-12,2019-07-11,8.967238426208496,299.3753356933594,2019-07-13,87.37999725341797,62.5,2019-07-12,0.4270884096622467,1.0,"{""type"":""Point"",""coordinates"":[92.22625528759006,24.331437933570157]}"
383,60,0.13360276818275452,344.7170715332031,2023-12-12,3063.590087890625,0,954968.0,0.0,2023-12-12,2023-12-11,7.215533256530762,272.24383544921875,2023-12-13,0.429999977350235,0.0,2023-12-12,0.23198699951171875,1.0,"{""type"":""Point"",""coordinates"":[93.35300962699334,29.045300436634673]}"
384,40,0.08527275919914246,276.8815002441406,2023-08-01,167.67263793945312,0,195.0,4391.39990234375,2023-08-01,2023-07-31,2.623676061630249,297.1233215332031,2023-08-02,55.74300003051758,25.0,2023-08-01,0.4447599947452545,195.0,"{""type"":""Point"",""coordinates"":[97.25262732822736,23.867094914876294]}"
385,30,0.11037927865982056,32.44302749633789,2023-05-21,545.639892578125,0,2.0,0.29999998211860657,2023-05-21,2023-05-20,13.17683219909668,295.4513244628906,2023-05-22,0.0,0.0,2023-05-21,0.3296527862548828,2.0,"{""type"":""Point"",""coordinates"":[93.21156340930516,22.146356441041238]}"
386,10,0.02547920122742653,334.6600036621094,2020-01-17,2834.518798828125,0,2.0,0.8799999952316284,2020-01-17,2020-01-16,28.595157623291016,277.3700866699219,2020-01-18,0.029999999329447746,0.0,2020-01-17,0.40181732177734375,1.0,"{""type"":""Point"",""coordinates"":[94.86262353238784,29.09920585611313]}"
387,10,0.6906891465187073,227.4873809814453,2020-02-01,632.3541259765625,0,3.0,0.0,2020-02-01,2020-01-31,14.202638626098633,288.4862060546875,2020-02-02,0.04000000283122063,0.0,2020-02-01,0.370098739862442,1.0,"{""type"":""Point"",""coordinates"":[96.15865185802838,25.599073364319505]}"
388,10,0.8205113410949707,299.413330078125,2022-11-18,20.86716651916504,0,1.0,0.0,2022-11-18,2022-11-17,2.9044928550720215,295.6332092285156,2022-11-19,0.0,0.0,2022-11-18,0.22165553271770477,1.0,"{""type"":""Point"",""coordinates"":[88.46811676419932,23.386434153314305]}"
389,10,0.0201604962348938,122.34010314941406,2021-08-31,1047.125,0,1.0,1.0699999332427979,2021-08-31,2021-08-30,25.533599853515625,295.8458251953125,2021-09-01,16.219999313354492,14.583333015441895,2021-08-31,0.4955120086669922,1.0,"{""type"":""Point"",""coordinates"":[96.84180886402874,22.77585529580109]}"
390,40,0.44564342498779297,229.97238159179688,2022-01-13,2.181889533996582,0,47.0,278.239990234375,2022-01-13,2022-01-12,1.378063440322876,293.94366455078125,2022-01-14,0.30000001192092896,0.0,2022-01-13,0.1991017609834671,47.0,"{""type"":""Point"",""coordinates"":[89.97173832725886,22.39166921649056]}"
391,30,0.327738881111145,237.93939208984375,2019-01-31,985.4755859375,0,4.0,0.0,2019-01-31,2019-01-30,27.747894287109375,286.23870849609375,2019-02-01,0.0,0.0,2019-01-31,0.17369143664836884,2.0,"{""type"":""Point"",""coordinates"":[93.29724552114571,23.20337929372465]}"
392,10,0.14131468534469604,338.4004821777344,2021-09-24,106.08506774902344,0,58.0,0.0,2021-09-24,2021-09-23,4.621776580810547,301.16339111328125,2021-09-25,0.0,0.0,2021-09-24,0.40977033972740173,58.0,"{""type"":""Point"",""coordinates"":[90.13990996503045,25.82583658856222]}"
393,10,0.6056166887283325,193.3213348388672,2020-03-29,1154.9991455078125,0,88.0,0.0,2020-03-29,2020-03-28,34.99981689453125,295.775634765625,2020-03-30,0.0,0.0,2020-03-29,0.15622520446777344,88.0,"{""type"":""Point"",""coordinates"":[93.69115196119715,21.806906946252788]}"
394,10,0.008239232935011387,357.5956726074219,2019-02-25,95.72913360595703,0,2.0,0.0,2019-02-25,2019-02-24,3.263216257095337,292.9158935546875,2019-02-26,1.0299999713897705,0.0,2019-02-25,0.486981064081192,1.0,"{""type"":""Point"",""coordinates"":[94.49970391002506,26.862684279938986]}"
395,10,0.18041016161441803,297.4669189453125,2023-04-10,1223.013671875,0,2.0,0.0,2023-04-10,2023-04-09,20.81254005432129,299.4690246582031,2023-04-11,0.0,0.0,2023-04-10,0.2431233674287796,2.0,"{""type"":""Point"",""coordinates"":[96.61151967823132,21.975425377708493]}"
396,10,0.17611150443553925,155.80123901367188,2021-07-07,395.7459716796875,0,1.0,16.149999618530273,2021-07-07,2021-07-06,9.106389045715332,301.7279052734375,2021-07-08,13.34999942779541,16.66666603088379,2021-07-07,0.4565366208553314,1.0,"{""type"":""Point"",""coordinates"":[94.55648718253451,23.28138033829233]}"
397,10,0.060627177357673645,250.2589874267578,2019-08-08,334.2621765136719,0,1.0,0.0,2019-08-08,2019-08-07,19.8671875,298.66290283203125,2019-08-09,1.1100000143051147,2.0833332538604736,2019-08-08,0.48628363013267517,1.0,"{""type"":""Point"",""coordinates"":[94.69402100300181,23.460796440430634]}"
398,10,0.07617023587226868,292.6683044433594,2021-12-03,3092.09423828125,0,47.0,4.230000019073486,2021-12-03,2021-12-02,34.89301681518555,277.8948669433594,2021-12-04,3.75,4.166666507720947,2021-12-03,0.35452207922935486,47.0,"{""type"":""Point"",""coordinates"":[97.12015296289968,27.885861630336514]}"
399,40,0.6499821543693542,39.1295280456543,2023-03-07,8.485235214233398,0,9.0,0.0,2023-03-07,2023-03-06,0.4632503390312195,300.1536560058594,2023-03-08,0.0,0.0,2023-03-07,0.14005215466022491,9.0,"{""type"":""Point"",""coordinates"":[90.43714401574063,25.047892901851462]}"
400,30,0.0690026581287384,72.00743865966797,2020-10-05,4959.70849609375,0,3.0,0.0,2020-10-05,2020-10-04,15.26179027557373,283.13006591796875,2020-10-06,0.0,0.0,2020-10-05,0.39124616980552673,3.0,"{""type"":""Point"",""coordinates"":[91.21941509341379,28.99421963572079]}"
401,10,0.07580430060625076,72.6935806274414,2019-02-27,724.44775390625,0,1.0,0.15000000596046448,2019-02-27,2019-02-26,33.26132583618164,289.8062438964844,2019-02-28,9.670000076293945,14.583333015441895,2019-02-27,0.2989482879638672,1.0,"{""type"":""Point"",""coordinates"":[88.16481172126062,26.804179553095477]}"
402,30,0.10977739840745926,342.4729919433594,2021-12-04,4837.4619140625,0,1.0,0.0,2021-12-04,2021-12-03,16.763036727905273,272.5741882324219,2021-12-05,0.0,0.0,2021-12-04,0.37155595421791077,1.0,"{""type"":""Point"",""coordinates"":[93.22831168021828,28.77820546741444]}"
403,30,0.2156381607055664,89.73280334472656,2021-02-27,251.76119995117188,0,1.0,0.0,2021-02-27,2021-02-26,2.574769973754883,296.75665283203125,2021-02-28,0.0,0.0,2021-02-27,0.2601388394832611,1.0,"{""type"":""Point"",""coordinates"":[96.11695959103892,24.055123447144204]}"
404,10,0.020318923518061638,241.94403076171875,2019-08-17,1142.67041015625,0,2.0,0.0,2019-08-17,2019-08-16,46.151119232177734,296.29217529296875,2019-08-18,4.150000095367432,2.0833332538604736,2019-08-17,0.42475828528404236,1.0,"{""type"":""Point"",""coordinates"":[88.49616709949667,26.98021256028945]}"
405,10,-3.7589273415505886E-4,323.9056091308594,2022-10-07,481.0699462890625,0,4.0,4.099999904632568,2022-10-07,2022-10-06,29.612476348876953,298.40203857421875,2022-10-08,0.14000000059604645,0.0,2022-10-07,0.45592179894447327,1.0,"{""type"":""Point"",""coordinates"":[95.6738662395253,24.42488565916617]}"
406,10,0.12453442811965942,55.20579147338867,2022-09-01,217.2670135498047,0,3.0,13.34999942779541,2022-09-01,2022-08-31,9.912590026855469,299.502197265625,2022-09-02,2.6519999504089355,4.166666507720947,2022-09-01,0.4273719787597656,3.0,"{""type"":""Point"",""coordinates"":[96.45631769767277,26.388266115457604]}"
407,30,0.11074838787317276,83.11395263671875,2019-09-15,4312.6181640625,0,3.0,0.429999977350235,2019-09-15,2019-09-14,33.37942123413086,281.4752502441406,2019-09-16,1.1100000143051147,0.0,2019-09-15,0.4262676239013672,1.0,"{""type"":""Point"",""coordinates"":[89.26657942444479,27.7263949134107]}"
408,30,0.044700395315885544,28.952449798583984,2022-10-18,4861.71630859375,0,1.0,0.9999999403953552,2022-10-18,2022-10-17,14.429200172424316,275.170166015625,2022-10-19,0.0,0.0,2022-10-18,0.39996400475502014,1.0,"{""type"":""Point"",""coordinates"":[90.8111038459088,28.212705608437922]}"
409,10,0.0024458824191242456,98.83052825927734,2023-07-27,4201.6640625,0,4.0,101.47999572753906,2023-07-27,2023-07-26,42.246124267578125,283.29656982421875,2023-07-28,13.149999618530273,20.83333396911621,2023-07-27,0.41690507531166077,4.0,"{""type"":""Point"",""coordinates"":[93.29314351587,28.474248391583075]}"
410,80,0.01646285504102707,230.41607666015625,2022-08-07,12.347970962524414,0,293.0,10876.16015625,2022-08-07,2022-08-06,7.1640214920043945,302.01678466796875,2022-08-08,10.90999984741211,16.66666603088379,2022-08-07,0.47336578369140625,293.0,"{""type"":""Point"",""coordinates"":[89.53157604800974,22.381181685523487]}"
411,60,0.030178766697645187,338.5753173828125,2019-08-27,4672.3544921875,0,10.0,16.399999618530273,2019-08-27,2019-08-26,6.257582664489746,282.9188232421875,2019-08-28,0.0,0.0,2019-08-27,0.26526451110839844,10.0,"{""type"":""Point"",""coordinates"":[88.53658465451139,28.221284124714852]}"
412,10,0.3536125123500824,209.8755645751953,2019-10-01,559.4055786132812,0,1.0,17.690000534057617,2019-10-01,2019-09-30,19.688854217529297,295.2174377441406,2019-10-02,24.057998657226562,29.16666603088379,2019-10-01,0.4746309816837311,1.0,"{""type"":""Point"",""coordinates"":[93.07606994937744,25.185033745919185]}"
413,10,0.11125224083662033,175.09861755371094,2019-09-07,2616.264404296875,0,1.0,51.849998474121094,2019-09-07,2019-09-06,31.828739166259766,289.08050537109375,2019-09-08,6.259999752044678,6.25,2019-09-07,0.4272003173828125,1.0,"{""type"":""Point"",""coordinates"":[93.03604293185221,27.814723241905092]}"
414,40,0.3029889166355133,13.37627124786377,2021-05-02,10.359622955322266,0,2.0,0.6040000319480896,2021-05-02,2021-05-01,0.12914007902145386,301.6597900390625,2021-05-03,35.720001220703125,31.25,2021-05-02,0.21643193066120148,1.0,"{""type"":""Point"",""coordinates"":[91.79046208136086,24.95473113427453]}"
415,10,0.22168080508708954,145.6487579345703,2022-07-12,857.6882934570312,0,10.0,17.0,2022-07-12,2022-07-11,24.062978744506836,296.3307189941406,2022-07-13,2.75,6.25,2022-07-12,0.4240163266658783,10.0,"{""type"":""Point"",""coordinates"":[93.11145692876435,22.452398565695965]}"
416,30,0.10518620908260345,138.33935546875,2019-08-08,1233.7421875,0,1.0,41.15999984741211,2019-08-08,2019-08-07,23.60659408569336,297.40289306640625,2019-08-09,30.059999465942383,31.25,2019-08-08,0.4772885739803314,1.0,"{""type"":""Point"",""coordinates"":[91.99676620322577,25.564481019620178]}"
417,10,0.1904614418745041,132.49603271484375,2019-06-26,8.481525421142578,0,1.0,0.22999998927116394,2019-06-26,2019-06-25,1.4484890699386597,304.6274719238281,2019-06-27,0.14999999105930328,0.0,2019-06-26,0.41166242957115173,1.0,"{""type"":""Point"",""coordinates"":[88.41753829148062,22.161362491017147]}"
418,10,0.13624262809753418,316.3236999511719,2020-07-30,208.8386993408203,0,2.0,95.37999725341797,2020-07-30,2020-07-29,12.030088424682617,299.18756103515625,2020-07-31,61.46999740600586,29.16666603088379,2020-07-30,0.3826497495174408,2.0,"{""type"":""Point"",""coordinates"":[92.12693870161996,23.66832156744996]}"
419,10,0.5964795351028442,345.3025817871094,2021-12-23,1243.0687255859375,0,27.0,0.9599999785423279,2021-12-23,2021-12-22,41.98740005493164,279.6190185546875,2021-12-24,0.0,0.0,2021-12-23,0.34013494849205017,4.0,"{""type"":""Point"",""coordinates"":[94.7197525921885,28.512389843619673]}"
420,10,0.4026603102684021,105.8850326538086,2022-04-02,62.58231735229492,0,51.0,12.432000160217285,2022-04-02,2022-04-01,5.764605522155762,298.034912109375,2022-04-03,24.09000015258789,22.91666603088379,2022-04-02,0.3144887387752533,48.0,"{""type"":""Point"",""coordinates"":[88.73591134094532,26.254184233446257]}"
421,10,0.550092875957489,48.982975006103516,2021-04-23,525.3064575195312,0,5.0,84.5999984741211,2021-04-23,2021-04-22,13.565911293029785,297.4071044921875,2021-04-24,0.3100000023841858,0.0,2021-04-23,0.3850778043270111,5.0,"{""type"":""Point"",""coordinates"":[91.85583697933815,25.939809121436873]}"
422,40,0.01676313951611519,290.27197265625,2022-09-05,13.186141014099121,0,4.0,2.739999771118164,2022-09-05,2022-09-04,0.9218936562538147,302.9598693847656,2022-09-06,31.1299991607666,31.25,2022-09-05,0.38925933837890625,2.0,"{""type"":""Point"",""coordinates"":[88.76734635522608,23.82999928825474]}"
423,10,0.06830564141273499,161.47637939453125,2021-01-18,3258.87646484375,0,630.0,0.47999998927116394,2021-01-18,2021-01-17,43.20235061645508,274.5444641113281,2021-01-19,5.899999618530273,10.416666984558105,2021-01-18,0.40345636010169983,2.0,"{""type"":""Point"",""coordinates"":[93.89532709776557,28.691505347992514]}"
424,40,0.16948145627975464,207.1854248046875,2023-04-05,15.798929214477539,0,1.0,0.0,2023-04-05,2023-04-04,0.3543878495693207,298.6813049316406,2023-04-06,0.0,0.0,2023-04-05,0.3384056091308594,1.0,"{""type"":""Point"",""coordinates"":[90.12714068695048,25.104391925170415]}"
425,60,-0.006513669155538082,312.12652587890625,2020-06-20,1.652182936668396,0,0.0,0.0,2020-06-20,2020-06-19,0.16245783865451813,0.0,2020-06-21,12.84999942779541,20.83333396911621,2020-06-20,0.0,0.0,"{""type"":""Point"",""coordinates"":[91.12805779917785,22.10493814104167]}"
426,30,0.6049451231956482,245.2396697998047,2019-02-06,228.21682739257812,0,1.0,0.0,2019-02-06,2019-02-05,0.7736276984214783,292.15411376953125,2019-02-07,0.0,0.0,2019-02-06,0.2817166745662689,1.0,"{""type"":""Point"",""coordinates"":[96.03571245099276,25.376156028850968]}"
427,10,0.5347065925598145,191.87571716308594,2022-03-18,310.1072082519531,0,1.0,0.0,2022-03-18,2022-03-17,2.070451259613037,296.61273193359375,2022-03-19,0.0,0.0,2022-03-18,0.17395146191120148,1.0,"{""type"":""Point"",""coordinates"":[88.06861838138813,26.750337738391508]}"
428,10,0.20297563076019287,48.72189712524414,2023-01-14,62.70321273803711,0,3.0,0.0,2023-01-14,2023-01-13,22.24168586730957,291.8168640136719,2023-01-15,0.0,0.0,2023-01-14,0.16150474548339844,3.0,"{""type"":""Point"",""coordinates"":[92.13128813656861,23.26993268384347]}"
429,10,0.07813883572816849,125.36857604980469,2021-08-14,13.364412307739258,0,1.0,48.55999755859375,2021-08-14,2021-08-13,7.045650005340576,301.40655517578125,2021-08-15,14.789999961853027,20.83333396911621,2021-08-14,0.4185079038143158,1.0,"{""type"":""Point"",""coordinates"":[90.06653585712004,23.263271423695755]}"
430,40,0.07041400671005249,258.7204284667969,2022-01-18,24.018674850463867,0,1.0,0.0,2022-01-18,2022-01-17,0.3457624316215515,291.8351745605469,2022-01-19,0.009999999776482582,0.0,2022-01-18,0.25679078698158264,1.0,"{""type"":""Point"",""coordinates"":[91.83658650170622,24.289196580951952]}"
431,10,-0.02065865881741047,163.00656127929688,2022-09-13,3.1448333263397217,0,1.0,109.73999786376953,2022-09-13,2022-09-12,0.5308668613433838,299.7950134277344,2022-09-14,131.52000427246094,85.41666412353516,2022-09-13,0.42376455664634705,1.0,"{""type"":""Point"",""coordinates"":[88.16698713889791,21.74459819520046]}"
432,10,0.6519513130187988,313.197998046875,2020-11-26,1703.0233154296875,0,1.0,0.0,2020-11-26,2020-11-25,36.79452896118164,286.6981506347656,2020-11-27,1.909999966621399,4.166666507720947,2020-11-26,0.43744468688964844,1.0,"{""type"":""Point"",""coordinates"":[95.38830363351701,26.589122425265362]}"
433,80,-0.02430494874715805,-0.0,2023-09-03,0.0,0,3.0,399.0899963378906,2023-09-03,2023-09-02,0.0,305.0332946777344,2023-09-04,15.399999618530273,22.91666603088379,2023-09-03,0.24211947619915009,3.0,"{""type"":""Point"",""coordinates"":[90.61168533699501,23.34971949695838]}"
434,10,0.0508313924074173,330.0607604980469,2020-02-27,3323.712646484375,0,1.0,11.149999618530273,2020-02-27,2020-02-26,32.674163818359375,274.6861572265625,2020-02-28,0.8399999737739563,0.0,2020-02-27,0.42261314392089844,1.0,"{""type"":""Point"",""coordinates"":[89.80948739776403,27.316236896708222]}"
435,10,0.39086171984672546,299.5723571777344,2020-05-27,21.990880966186523,0,1.0,73.79999542236328,2020-05-27,2020-05-26,6.578786373138428,300.5825500488281,2020-05-28,100.0999984741211,43.75,2020-05-27,0.4840901792049408,1.0,"{""type"":""Point"",""coordinates"":[92.73627422265041,24.697917516432486]}"
436,30,0.038916412740945816,228.4529266357422,2020-07-05,4414.8857421875,0,2495.0,3193.599853515625,2020-07-05,2020-07-04,16.02547264099121,276.7660217285156,2020-07-06,5.380000114440918,12.5,2020-07-05,0.33774057030677795,2495.0,"{""type"":""Point"",""coordinates"":[92.42888259082808,28.008023029357144]}"
437,40,0.12563146650791168,311.2482604980469,2019-10-02,30.728736877441406,0,6.0,0.6899999976158142,2019-10-02,2019-10-01,6.665103435516357,298.44464111328125,2019-10-03,0.0,0.0,2019-10-02,0.4061857759952545,6.0,"{""type"":""Point"",""coordinates"":[88.58445615267631,25.534728238138275]}"
438,40,0.11752703040838242,77.47753143310547,2020-12-29,8.923434257507324,0,248.0,0.0,2020-12-29,2020-12-28,1.2880768775939941,293.0798645019531,2020-12-30,0.0,0.0,2020-12-29,0.2611306607723236,248.0,"{""type"":""Point"",""coordinates"":[90.27728285862749,24.39826514384707]}"
439,60,0.16153711080551147,199.78805541992188,2021-08-27,234.07742309570312,0,2.0,4.699999809265137,2021-08-27,2021-08-26,18.365530014038086,302.8923645019531,2021-08-28,24.329998016357422,16.66666603088379,2021-08-27,0.4047628939151764,1.0,"{""type"":""Point"",""coordinates"":[95.99528995330627,21.920734470213645]}"
440,10,0.3714660406112671,38.05635070800781,2019-02-19,11.870062828063965,0,2.0,0.0,2019-02-19,2019-02-18,7.753930568695068,296.29925537109375,2019-02-20,0.0,0.0,2019-02-19,0.17093467712402344,1.0,"{""type"":""Point"",""coordinates"":[89.00905157873473,22.949915392368556]}"
441,40,0.2455616444349289,262.819580078125,2023-04-23,9.4988431930542,0,2.0,0.0,2023-04-23,2023-04-22,0.20642133057117462,301.82904052734375,2023-04-24,6.380000114440918,8.333333015441895,2023-04-23,0.29277291893959045,2.0,"{""type"":""Point"",""coordinates"":[90.5789523707467,24.89910003541402]}"
442,10,0.13511072099208832,231.20887756347656,2019-09-30,5.012180328369141,0,2.0,55.15999984741211,2019-09-30,2019-09-29,6.116196632385254,0.0,2019-10-01,43.36000061035156,31.25,2019-09-30,0.0,2.0,"{""type"":""Point"",""coordinates"":[89.9310557366014,22.04386074311165]}"
443,10,0.053264979273080826,304.42724609375,2022-09-21,509.47833251953125,0,7.0,0.0,2022-09-21,2022-09-20,13.333063125610352,299.58441162109375,2022-09-22,25.0,27.08333396911621,2022-09-21,0.42495599389076233,1.0,"{""type"":""Point"",""coordinates"":[94.50773103848223,24.04513078326565]}"
444,40,-0.016937987878918648,36.39725112915039,2022-07-06,1.6201545000076294,0,4.0,8.199999809265137,2022-07-06,2022-07-05,0.6584221124649048,303.2072448730469,2022-07-07,15.699999809265137,16.66666603088379,2022-07-06,0.3937886655330658,4.0,"{""type"":""Point"",""coordinates"":[89.78043553386762,23.126415984162257]}"
445,10,0.4111553430557251,6.691889762878418,2019-01-25,1127.728271484375,0,1.0,0.0,2019-01-25,2019-01-24,8.850462913513184,289.275146484375,2019-01-26,0.0,0.0,2019-01-25,0.2936026155948639,1.0,"{""type"":""Point"",""coordinates"":[92.25191924632529,25.309793173272407]}"
446,10,0.14002154767513275,25.815826416015625,2019-01-22,2367.25830078125,0,1.0,0.0,2019-01-22,2019-01-21,29.465036392211914,279.6125793457031,2019-01-23,0.699999988079071,0.0,2019-01-22,0.26852545142173767,1.0,"{""type"":""Point"",""coordinates"":[94.25095718216843,28.187060267426684]}"
447,40,0.19897915422916412,2.210608959197998,2022-01-21,32.70265579223633,0,5.0,0.04999999701976776,2022-01-21,2022-01-20,0.5537143349647522,290.7759094238281,2022-01-22,0.0,0.0,2022-01-21,0.1444212645292282,5.0,"{""type"":""Point"",""coordinates"":[90.38960889456963,26.084116941506768]}"
448,10,0.4603896737098694,63.918785095214844,2022-11-11,6.9239115715026855,0,2.0,0.0,2022-11-11,2022-11-10,3.226923704147339,297.9504089355469,2022-11-12,0.0,0.0,2022-11-11,0.25660577416419983,2.0,"{""type"":""Point"",""coordinates"":[90.74096212459204,23.133187488612744]}"
449,80,-0.0424218513071537,-0.0,2019-08-20,0.0,0,0.0,0.0,2019-08-20,2019-08-19,0.0,0.0,2019-08-21,0.6399999856948853,0.0,2019-08-20,0.0,0.0,"{""type"":""Point"",""coordinates"":[91.57897443266825,22.525986752564652]}"
450,60,0.14065948128700256,79.68753051757812,2019-07-05,32.06767654418945,0,26923.0,33645.0,2019-07-05,2019-07-04,0.7491946816444397,303.531982421875,2019-07-06,6.9599995613098145,8.333333015441895,2019-07-05,0.39766374230384827,26916.0,"{""type"":""Point"",""coordinates"":[89.43492115295248,26.046016199439116]}"
451,40,0.23827609419822693,257.5000915527344,2023-09-13,9.233141899108887,0,1.0,32.06999969482422,2023-09-13,2023-09-12,1.158894419670105,302.4872741699219,2023-09-14,2.309999942779541,2.0833332538604736,2023-09-13,0.39588865637779236,1.0,"{""type"":""Point"",""coordinates"":[88.20307187583403,22.866560289561704]}"
452,30,0.11408472061157227,96.8238754272461,2021-04-15,3144.12109375,0,3.0,11.779999732971191,2021-04-15,2021-04-14,37.558353424072266,274.71221923828125,2021-04-16,2.3399999141693115,2.0833332538604736,2021-04-15,0.4043292999267578,2.0,"{""type"":""Point"",""coordinates"":[92.05760950714782,27.451213478539227]}"
453,40,0.0874333456158638,242.87916564941406,2023-12-16,108.54428100585938,0,452.0,0.0,2023-12-16,2023-12-15,0.7434058785438538,290.4248962402344,2023-12-17,0.0,0.0,2023-12-16,0.3433399200439453,1.0,"{""type"":""Point"",""coordinates"":[92.11145717378024,26.75898445568013]}"
454,10,0.2054596245288849,211.54022216796875,2021-02-26,3300.19775390625,0,7.0,34.15999984741211,2021-02-26,2021-02-25,13.312891960144043,276.0699768066406,2021-02-27,6.079999923706055,0.0,2021-02-26,0.4001808166503906,7.0,"{""type"":""Point"",""coordinates"":[90.19026917903942,27.508496426327504]}"
455,10,0.05377265810966492,315.94622802734375,2021-05-15,3716.19189453125,0,59.0,625.8200073242188,2021-05-15,2021-05-14,22.045730590820312,280.7082824707031,2021-05-16,8.40999984741211,16.66666603088379,2021-05-15,0.4160855710506439,58.0,"{""type"":""Point"",""coordinates"":[97.23474522037105,28.128609462080618]}"
456,40,0.07660272717475891,2.1130120754241943,2020-10-30,1.911835789680481,0,14.0,0.0,2020-10-30,2020-10-29,1.407015323638916,301.5080261230469,2020-10-31,14.40999984741211,6.25,2020-10-30,0.3308645784854889,14.0,"{""type"":""Point"",""coordinates"":[90.20701957007401,23.778538183786925]}"
457,40,0.13201846182346344,165.1636962890625,2023-04-27,157.27883911132812,0,2170.0,0.0,2023-04-27,2023-04-26,0.20984110236167908,303.682373046875,2023-04-28,0.0,0.0,2023-04-27,0.2682221829891205,2170.0,"{""type"":""Point"",""coordinates"":[94.69532827093569,23.071055695798588]}"
458,40,0.3661006987094879,27.188804626464844,2020-04-11,28.231096267700195,0,1.0,0.07999999821186066,2020-04-11,2020-04-10,1.1904692649841309,303.3377990722656,2020-04-12,3.119999885559082,2.0833332538604736,2020-04-11,0.15393893420696259,1.0,"{""type"":""Point"",""coordinates"":[88.46566399478064,24.771584608341303]}"
459,30,0.12790751457214355,92.994873046875,2022-01-30,4343.5361328125,0,3.0,0.0,2022-01-30,2022-01-29,40.557762145996094,271.1567077636719,2022-01-31,0.0,0.0,2022-01-30,0.32197508215904236,2.0,"{""type"":""Point"",""coordinates"":[91.54793345055334,29.007931901181678]}"
460,10,-0.0026723905466496944,238.5876007080078,2023-07-26,3344.584716796875,0,1.0,17.5,2023-07-26,2023-07-25,22.296598434448242,286.00262451171875,2023-07-27,27.44999885559082,27.08333396911621,2023-07-26,0.4277973175048828,1.0,"{""type"":""Point"",""coordinates"":[94.40528292749713,28.829319023633662]}"
461,40,0.5273162722587585,105.14978790283203,2022-10-21,21.587778091430664,0,1.0,0.0,2022-10-21,2022-10-20,1.8979178667068481,299.2493591308594,2022-10-22,0.0,0.0,2022-10-21,0.3064943850040436,1.0,"{""type"":""Point"",""coordinates"":[89.3039170493015,25.240217199195797]}"
462,10,0.6998680830001831,312.85992431640625,2022-12-25,1371.480224609375,0,2.0,0.0,2022-12-25,2022-12-24,37.16899490356445,286.2915344238281,2022-12-26,0.0,0.0,2022-12-25,0.19733619689941406,2.0,"{""type"":""Point"",""coordinates"":[93.03535719195192,27.200000233329636]}"
463,40,0.06908794492483139,104.42078399658203,2022-07-08,61.26548385620117,0,4.0,15.119998931884766,2022-07-08,2022-07-07,0.0729948878288269,304.4383850097656,2022-07-09,5.5,10.416666984558105,2022-07-08,0.4017270505428314,4.0,"{""type"":""Point"",""coordinates"":[95.30441889850414,21.529390740188358]}"
464,10,0.3904561996459961,336.2628173828125,2021-11-10,272.6973876953125,0,5.0,0.0,2021-11-10,2021-11-09,6.238417625427246,295.1588134765625,2021-11-11,0.0,0.0,2021-11-10,0.3276233673095703,2.0,"{""type"":""Point"",""coordinates"":[93.25439314866311,25.80329346398068]}"
465,10,0.44637876749038696,291.76556396484375,2023-12-18,104.79391479492188,0,24685.0,0.0,2023-12-18,2023-12-17,19.522117614746094,289.4084777832031,2023-12-19,0.0,0.0,2023-12-18,0.3575337827205658,24685.0,"{""type"":""Point"",""coordinates"":[93.00708365505086,24.167182424733717]}"
466,60,0.1466745138168335,22.099716186523438,2020-06-03,93.36785125732422,0,1.0,11.339999198913574,2020-06-03,2020-06-02,0.7554458975791931,304.6081237792969,2020-06-04,16.259998321533203,4.166666507720947,2020-06-03,0.44855180382728577,1.0,"{""type"":""Point"",""coordinates"":[95.50469628920486,21.99726556032292]}"
467,40,0.05660910904407501,342.9595642089844,2021-05-03,828.0198364257812,0,17.0,9.6899995803833,2021-05-03,2021-05-02,1.4227350950241089,297.2868957519531,2021-05-04,20.40999984741211,16.66666603088379,2021-05-03,0.21850521862506866,17.0,"{""type"":""Point"",""coordinates"":[94.07289530890824,24.52257168762326]}"
468,10,0.33131852746009827,192.6675567626953,2020-10-19,231.0675048828125,0,14.0,73.73999786376953,2020-10-19,2020-10-18,27.092100143432617,299.0254821777344,2020-10-20,10.510000228881836,14.583333015441895,2020-10-19,0.41621270775794983,2.0,"{""type"":""Point"",""coordinates"":[92.35064951629644,21.535287072328078]}"
469,30,0.05512627586722374,16.816783905029297,2023-05-28,4112.33154296875,0,3.0,0.0,2023-05-28,2023-05-27,33.46428298950195,281.5757751464844,2023-05-29,0.0,0.0,2023-05-28,0.3033345639705658,2.0,"{""type"":""Point"",""coordinates"":[90.91667402901808,29.14795359806239]}"
470,60,0.0319281704723835,180.0,2019-04-05,48.0,0,4.0,0.0,2019-04-05,2019-04-04,2.9147820472717285,298.5908203125,2019-04-06,2.950000047683716,2.0833332538604736,2019-04-05,0.23762257397174835,4.0,"{""type"":""Point"",""coordinates"":[88.73883243156915,26.086364225114973]}"
471,40,0.10444556176662445,226.5438232421875,2021-07-14,29.775590896606445,0,3.0,37.95000076293945,2021-07-14,2021-07-13,0.21254989504814148,302.3827819824219,2021-07-15,36.39999771118164,56.25,2021-07-14,0.4899533689022064,3.0,"{""type"":""Point"",""coordinates"":[90.01082693552948,26.08982791969645]}"
472,40,0.4295814335346222,204.7245330810547,2022-01-08,137.4971160888672,0,42.0,0.0,2022-01-08,2022-01-07,0.8445053100585938,288.7146911621094,2022-01-09,0.0,0.0,2022-01-08,0.10600598901510239,42.0,"{""type"":""Point"",""coordinates"":[92.18533398041066,26.856233939165545]}"
473,100,0.004169200547039509,279.412841796875,2022-10-13,5204.0302734375,0,2.0,2.0,2022-10-13,2022-10-12,10.89334774017334,277.41162109375,2022-10-14,0.0,0.0,2022-10-13,0.4161466062068939,2.0,"{""type"":""Point"",""coordinates"":[90.55471630824009,28.032434425948832]}"
474,10,0.46220332384109497,22.8177547454834,2022-02-02,1739.17578125,0,3.0,0.19200000166893005,2022-02-02,2022-02-01,17.210655212402344,278.5810241699219,2022-02-03,0.0,0.0,2022-02-02,0.29168829321861267,2.0,"{""type"":""Point"",""coordinates"":[90.71225986003384,26.96928310795678]}"
475,30,0.12910233438014984,280.6925354003906,2020-08-28,227.43202209472656,0,1.0,28.439998626708984,2020-08-28,2020-08-27,1.2625651359558105,299.8886413574219,2020-08-29,23.229999542236328,18.75,2020-08-28,0.4834505617618561,1.0,"{""type"":""Point"",""coordinates"":[96.72773291450288,26.16761256759277]}"
476,40,0.44585561752319336,304.220947265625,2019-11-10,7.761971950531006,0,90.0,94.00999450683594,2019-11-10,2019-11-09,3.142754077911377,297.0961608886719,2019-11-11,1.8199999332427979,2.0833332538604736,2019-11-10,0.42336782813072205,1.0,"{""type"":""Point"",""coordinates"":[89.15033978171836,23.48927029169073]}"
477,30,0.11255586892366409,99.56441497802734,2023-09-21,4602.98095703125,0,6.0,0.0,2023-09-21,2023-09-20,35.02509307861328,280.8457946777344,2023-09-22,3.109999895095825,4.166666507720947,2023-09-21,0.3666400909423828,1.0,"{""type"":""Point"",""coordinates"":[91.71086359922263,28.042243967423964]}"
478,0,-0.17414702475070953,-0.0,2022-02-01,0.0,0,0.0,0.0,2022-02-01,2022-01-31,0.0,0.0,2022-02-02,0.017000000923871994,0.0,2022-02-01,0.0,0.0,"{""type"":""Point"",""coordinates"":[91.3731440583291,21.848168824946935]}"
479,80,-0.07191511243581772,-0.0,2021-05-12,0.0,0,0.0,0.0,2021-05-12,2021-05-11,0.0,0.0,2021-05-13,0.08999999612569809,0.0,2021-05-12,0.0,0.0,"{""type"":""Point"",""coordinates"":[91.72815202333912,21.596851679612552]}"
480,80,-0.016197821125388145,278.1431884765625,2021-09-23,6.826605796813965,0,4.0,82.91999816894531,2021-09-23,2021-09-22,0.9353755712509155,300.4066162109375,2021-09-24,2.359999895095825,0.0,2021-09-23,0.3194986879825592,4.0,"{""type"":""Point"",""coordinates"":[89.88302545480748,23.64093792194761]}"
481,80,-0.08212006092071533,-0.0,2020-01-20,0.0,0,0.0,0.0,2020-01-20,2020-01-19,0.0,0.0,2020-01-21,0.0,0.0,2020-01-20,0.0,0.0,"{""type"":""Point"",""coordinates"":[91.7465728920416,21.80458736177048]}"
482,10,0.4713051915168762,154.30252075195312,2022-11-12,926.5466918945312,0,52.0,0.0,2022-11-12,2022-11-11,14.040689468383789,292.41973876953125,2022-11-13,0.0,0.0,2022-11-12,0.3021647036075592,2.0,"{""type"":""Point"",""coordinates"":[93.52570195152086,24.59170079021072]}"
483,10,-0.0067641702480614185,129.2653350830078,2020-06-28,3492.651123046875,0,2.0,30.81999969482422,2020-06-28,2020-06-27,34.87556076049805,273.6722106933594,2020-06-29,8.069999694824219,12.5,2020-06-28,0.4287516176700592,2.0,"{""type"":""Point"",""coordinates"":[93.13101222462615,28.302252818873622]}"
484,10,0.6838623881340027,55.96293258666992,2023-01-05,59.13839340209961,0,21.0,0.0,2023-01-05,2023-01-04,24.500917434692383,293.7069091796875,2023-01-06,0.0,0.0,2023-01-05,0.09554227441549301,18.0,"{""type"":""Point"",""coordinates"":[92.13881221573233,22.52135257225638]}"
485,30,0.015168149024248123,267.31494140625,2023-05-16,5342.7216796875,0,1.0,0.0,2023-05-16,2023-05-15,14.764715194702148,278.0595397949219,2023-05-17,0.0,0.0,2023-05-16,0.32717451453208923,1.0,"{""type"":""Point"",""coordinates"":[91.12490222251733,28.99218464201661]}"
486,60,0.0884656310081482,251.4886932373047,2022-01-07,4752.8798828125,0,3.0,0.0,2022-01-07,2022-01-06,4.067009925842285,270.6802673339844,2022-01-08,0.0,0.0,2022-01-07,0.3474356234073639,2.0,"{""type"":""Point"",""coordinates"":[88.8043680118466,28.251225125904423]}"
487,30,0.12802767753601074,299.5232238769531,2022-08-31,5009.54833984375,0,1.0,5.369999885559082,2022-08-31,2022-08-30,16.05706787109375,284.82568359375,2022-09-01,2.2699999809265137,4.166666507720947,2022-08-31,0.4064362943172455,1.0,"{""type"":""Point"",""coordinates"":[91.77430273719929,28.59886831591361]}"
488,30,0.018558528274297714,244.2440185546875,2020-05-15,4815.74609375,0,11.0,84.47999572753906,2020-05-15,2020-05-14,16.675567626953125,278.00140380859375,2020-05-16,1.71999990940094,2.0833332538604736,2020-05-15,0.27125421166419983,11.0,"{""type"":""Point"",""coordinates"":[89.41471051953674,28.455217490417116]}"
489,30,0.3414822220802307,57.004905700683594,2021-02-13,286.31256103515625,0,1.0,0.0,2021-02-13,2021-02-12,2.636523962020874,291.2071533203125,2021-02-14,0.0,0.0,2021-02-13,0.17260996997356415,1.0,"{""type"":""Point"",""coordinates"":[94.0488900490989,22.004107468791048]}"
490,40,0.10427135974168777,276.4909362792969,2019-11-21,7.841768264770508,0,3.0,0.0,2019-11-21,2019-11-20,2.200434684753418,295.668212890625,2019-11-22,0.0,0.0,2019-11-21,0.31504568457603455,3.0,"{""type"":""Point"",""coordinates"":[91.6919051477827,24.451669476198315]}"
491,30,0.1505250185728073,253.32980346679688,2023-11-04,4721.30712890625,0,7.0,0.0,2023-11-04,2023-11-03,28.553396224975586,272.9774475097656,2023-11-05,0.0,0.0,2023-11-04,0.35502877831459045,1.0,"{""type"":""Point"",""coordinates"":[89.67088729111259,29.14404583762204]}"
492,80,0.1405441015958786,-0.0,2021-10-09,0.0,0,1.0,0.0,2021-10-09,2021-10-08,0.0,302.6543884277344,2021-10-10,0.32999998331069946,0.0,2021-10-09,0.4436454772949219,0.0,"{""type"":""Point"",""coordinates"":[88.6655602255113,22.21322610387584]}"
493,10,0.12592409551143646,281.60418701171875,2022-10-01,1200.371826171875,0,2.0,29.639999389648438,2022-10-01,2022-09-30,27.007335662841797,296.7079162597656,2022-10-02,3.6659998893737793,6.25,2022-10-01,0.4385051727294922,2.0,"{""type"":""Point"",""coordinates"":[97.41396627835992,24.011306194421532]}"
494,10,0.052406929433345795,94.14326477050781,2022-05-24,113.6192855834961,0,15.0,10.279999732971191,2022-05-24,2022-05-23,8.298284530639648,301.9059753417969,2022-05-25,104.2699966430664,29.16666603088379,2022-05-24,0.38154664635658264,1.0,"{""type"":""Point"",""coordinates"":[96.27773324748657,24.11711196058691]}"
495,40,0.17642396688461304,191.2643585205078,2019-01-29,7.8061981201171875,0,17.0,7.649999618530273,2019-01-29,2019-01-28,1.873033881187439,295.4110412597656,2019-01-30,0.0,0.0,2019-01-29,0.16983096301555634,17.0,"{""type"":""Point"",""coordinates"":[92.05593091387303,24.83583160014552]}"
496,80,-0.049196481704711914,-0.0,2022-07-26,0.0,0,1.0,37.38999938964844,2022-07-26,2022-07-25,0.0,300.40380859375,2022-07-27,29.779998779296875,27.08333396911621,2022-07-26,0.38178253173828125,1.0,"{""type"":""Point"",""coordinates"":[90.59973408042373,22.51934407808046]}"
497,30,0.0013658403186127543,162.66641235351562,2019-03-14,3767.22998046875,0,188.0,2.240000009536743,2019-03-14,2019-03-13,57.47416305541992,272.8710632324219,2019-03-15,8.34999942779541,18.75,2019-03-14,0.29596075415611267,2.0,"{""type"":""Point"",""coordinates"":[96.65626045268985,28.804858965545048]}"
498,30,0.13556332886219025,214.57504272460938,2021-11-13,985.1967163085938,0,3.0,4.819999694824219,2021-11-13,2021-11-12,11.617268562316895,292.4290466308594,2021-11-14,2.8899998664855957,2.0833332538604736,2021-11-13,0.2815144956111908,1.0,"{""type"":""Point"",""coordinates"":[93.37874924622079,23.092408923340532]}"
499,10,0.07023338228464127,242.6431121826172,2021-04-03,3014.77392578125,0,2.0,4.839999675750732,2021-04-03,2021-04-02,34.06130599975586,273.5961608886719,2021-04-04,0.8999999761581421,0.0,2021-04-03,0.3705812990665436,2.0,"{""type"":""Point"",""coordinates"":[94.55168527097557,29.43668948453581]}"
500,10,0.21095263957977295,132.5936737060547,2019-05-24,148.48060607910156,0,1.0,9.729999542236328,2019-05-24,2019-05-23,8.29631233215332,304.2570495605469,2019-05-25,2.5399999618530273,6.25,2019-05-24,0.27420172095298767,1.0,"{""type"":""Point"",""coordinates"":[96.98107301465907,24.890862075684378]}"
501,70,-0.049668874591588974,304.9722595214844,2022-01-13,6375.97705078125,0,1.0,0.0,2022-01-13,2022-01-12,5.0436530113220215,265.34307861328125,2022-01-14,0.0,0.0,2022-01-13,0.38317427039146423,1.0,"{""type"":""Point"",""coordinates"":[96.507025798145,29.39034262413636]}"
502,60,0.0870795026421547,339.8243408203125,2021-01-04,4680.5068359375,0,12.0,0.0,2021-01-04,2021-01-03,1.918112874031067,271.5152893066406,2021-01-05,0.0,0.0,2021-01-04,0.353192001581192,12.0,"{""type"":""Point"",""coordinates"":[88.7348124930595,28.272739583568242]}"
503,10,0.17381033301353455,67.72136688232422,2019-03-29,625.2925415039062,0,1.0,0.0,2019-03-29,2019-03-28,16.088661193847656,297.5747985839844,2019-03-30,7.809999942779541,6.25,2019-03-29,0.286419540643692,1.0,"{""type"":""Point"",""coordinates"":[90.42354765285127,25.43879345446969]}"
504,100,-0.01247622910887003,235.10313415527344,2021-03-21,4282.25390625,0,1.0,13.059999465942383,2021-03-21,2021-03-20,17.812543869018555,276.1354064941406,2021-03-22,3.4599997997283936,4.166666507720947,2021-03-21,0.4277884066104889,1.0,"{""type"":""Point"",""coordinates"":[93.8316039064751,28.59798473625956]}"
505,30,0.022916974499821663,171.15460205078125,2020-03-20,4547.248046875,0,1679.0,0.0,2020-03-20,2020-03-19,50.15161895751953,271.07745361328125,2020-03-21,0.0,0.0,2020-03-20,0.34692445397377014,2.0,"{""type"":""Point"",""coordinates"":[91.64987848291871,28.063079849162794]}"
506,10,0.08767005056142807,233.0672149658203,2023-05-04,2379.357421875,0,2.0,32.040000915527344,2023-05-04,2023-05-03,24.474159240722656,290.5256042480469,2023-05-05,15.819999694824219,14.583333015441895,2023-05-04,0.49205461144447327,2.0,"{""type"":""Point"",""coordinates"":[94.06488414212669,25.611850206096026]}"
507,80,-0.1287546157836914,-0.0,2022-06-16,0.0,0,0.0,0.0,2022-06-16,2022-06-15,0.0,0.0,2022-06-17,5.799999713897705,0.0,2022-06-16,0.0,0.0,"{""type"":""Point"",""coordinates"":[89.5372303892384,21.862812928055106]}"
508,10,0.3648572266101837,104.72562408447266,2020-10-23,1451.5419921875,0,1.0,71.58999633789062,2020-10-23,2020-10-22,22.98199462890625,291.9329833984375,2020-10-24,63.279998779296875,54.16666793823242,2020-10-23,0.489459365606308,1.0,"{""type"":""Point"",""coordinates"":[94.35127791141817,25.599321765274066]}"
509,10,0.206191748380661,88.84315490722656,2023-01-05,211.62542724609375,0,4.0,0.0,2023-01-05,2023-01-04,5.472667694091797,289.96234130859375,2023-01-06,0.0,0.0,2023-01-05,0.2926432192325592,4.0,"{""type"":""Point"",""coordinates"":[95.83710534845171,25.426367467201047]}"
510,10,0.08175067603588104,280.05645751953125,2021-09-24,6.397604465484619,0,4.0,0.4399999976158142,2021-09-24,2021-09-23,0.806643009185791,301.52618408203125,2021-09-25,31.529998779296875,14.583333015441895,2021-09-24,0.39843687415122986,4.0,"{""type"":""Point"",""coordinates"":[90.05465791791656,22.53060547062973]}"
511,30,0.3703955113887787,231.00254821777344,2023-02-17,175.84361267089844,0,2.0,3.3399999141693115,2023-02-17,2023-02-16,2.595479965209961,296.4365234375,2023-02-18,11.519999504089355,14.583333015441895,2023-02-17,0.2487316131591797,2.0,"{""type"":""Point"",""coordinates"":[95.24820587244854,23.397945421675345]}"
512,100,-0.0038021206855773926,252.94970703125,2021-02-26,3998.478759765625,0,1.0,11.40999984741211,2021-02-26,2021-02-25,34.000160217285156,276.78326416015625,2021-02-27,23.59000015258789,52.08333206176758,2021-02-26,0.40092024207115173,1.0,"{""type"":""Point"",""coordinates"":[97.3039759250036,27.913378392918485]}"
513,10,0.1510007530450821,273.0740966796875,2021-10-22,340.89703369140625,0,1.0,7.239999771118164,2021-10-22,2021-10-21,8.5709228515625,298.18536376953125,2021-10-23,0.0,0.0,2021-10-22,0.47071966528892517,1.0,"{""type"":""Point"",""coordinates"":[94.51897711035119,23.225801408075583]}"
514,10,-0.004699836950749159,87.27483367919922,2020-06-15,3296.575927734375,0,78.0,1609.1400146484375,2020-06-15,2020-06-14,31.36050033569336,285.3473205566406,2020-06-16,3.490000009536743,6.25,2020-06-15,0.42224249243736267,78.0,"{""type"":""Point"",""coordinates"":[92.18818975992961,27.538187833970785]}"
515,10,0.027854913845658302,205.67706298828125,2019-03-18,79.4107666015625,0,11.0,0.0,2019-03-18,2019-03-17,3.4110336303710938,295.9528503417969,2019-03-19,0.6800000071525574,0.0,2019-03-18,0.3490651547908783,3.0,"{""type"":""Point"",""coordinates"":[93.54088120619285,26.837520140364223]}"
516,10,0.4264371991157532,262.6824035644531,2023-01-08,1474.9432373046875,0,4.0,4.0,2023-01-08,2023-01-07,51.612037658691406,273.94195556640625,2023-01-09,0.1599999964237213,0.0,2023-01-08,0.3805020749568939,4.0,"{""type"":""Point"",""coordinates"":[95.03280330592187,28.99035992573645]}"
517,40,0.42990416288375854,297.6355285644531,2021-10-28,3224.270751953125,0,8638.0,0.0,2021-10-28,2021-10-27,5.060896873474121,279.48809814453125,2021-10-29,0.0,0.0,2021-10-28,0.34026846289634705,8638.0,"{""type"":""Point"",""coordinates"":[92.83020078166828,29.105852280859512]}"
518,10,0.420780211687088,223.92791748046875,2020-04-18,195.66041564941406,0,2.0,45.25,2020-04-18,2020-04-17,13.437472343444824,297.4691467285156,2020-04-19,147.94000244140625,47.91666793823242,2020-04-18,0.32766151428222656,1.0,"{""type"":""Point"",""coordinates"":[92.30388764058863,23.821615296262742]}"
519,60,0.034295886754989624,123.4935531616211,2022-09-05,4713.99560546875,0,2.0,32.439998626708984,2022-09-05,2022-09-04,34.19084930419922,284.64654541015625,2022-09-06,6.299999713897705,14.583333015441895,2022-09-05,0.42029061913490295,2.0,"{""type"":""Point"",""coordinates"":[89.35093176577206,28.9008549789039]}"
520,10,0.03913499787449837,311.4239807128906,2020-05-30,1483.70068359375,0,4.0,9.239999771118164,2020-05-30,2020-05-29,30.229562759399414,290.3902893066406,2020-05-31,30.869998931884766,20.83333396911621,2020-05-30,0.4689604341983795,4.0,"{""type"":""Point"",""coordinates"":[96.77064946711384,26.97397205964411]}"
521,10,0.5068216919898987,116.38085174560547,2020-04-13,604.8469848632812,0,1.0,13.809999465942383,2020-04-13,2020-04-12,24.225421905517578,295.8028259277344,2020-04-14,0.0,0.0,2020-04-13,0.394238144159317,1.0,"{""type"":""Point"",""coordinates"":[92.33191454492743,25.872870729871334]}"
522,40,0.7195205092430115,342.9935607910156,2020-04-02,32.041316986083984,0,2.0,0.26200002431869507,2020-04-02,2020-04-01,0.4840094745159149,301.8817443847656,2020-04-03,0.0,0.0,2020-04-02,0.13259951770305634,2.0,"{""type"":""Point"",""coordinates"":[88.07225788738418,25.67633620032941]}"
523,10,0.06513746082782745,203.29306030273438,2019-07-14,49.808685302734375,0,2.0,457.8199768066406,2019-07-14,2019-07-13,6.829381942749023,299.1658020019531,2019-07-15,111.7699966430664,43.75,2019-07-14,0.42468833923339844,2.0,"{""type"":""Point"",""coordinates"":[89.6538574137774,26.452043738108923]}"
524,30,0.135550394654274,346.0861511230469,2023-10-15,5075.31591796875,0,5.0,0.04999999701976776,2023-10-15,2023-10-14,14.345502853393555,276.4471740722656,2023-10-16,0.0,0.0,2023-10-15,0.3356253206729889,5.0,"{""type"":""Point"",""coordinates"":[90.12931136561818,28.767798098107694]}"
525,10,0.003146365052089095,154.4192352294922,2023-09-04,2425.388916015625,0,30.0,0.0,2023-09-04,2023-09-03,42.15500259399414,292.2418518066406,2023-09-05,0.0,0.0,2023-09-04,0.39235496520996094,30.0,"{""type"":""Point"",""coordinates"":[94.85286311488122,29.114562012472266]}"
526,60,0.03332958742976189,103.1681137084961,2021-10-08,5010.0244140625,0,1.0,0.0,2021-10-08,2021-10-07,22.280458450317383,281.8843994140625,2021-10-09,0.0,0.0,2021-10-08,0.34722328186035156,1.0,"{""type"":""Point"",""coordinates"":[88.885594355258,28.669964781476143]}"
527,10,0.08066359162330627,236.08358764648438,2019-10-16,2.692845344543457,0,2.0,0.42000001668930054,2019-10-16,2019-10-15,4.654299259185791,300.9494323730469,2019-10-17,3.7199997901916504,6.25,2019-10-16,0.3310140073299408,2.0,"{""type"":""Point"",""coordinates"":[89.32392953931226,22.90233897172608]}"
528,10,0.12902206182479858,46.01007080078125,2019-07-11,890.8541870117188,0,2.0,241.33999633789062,2019-07-11,2019-07-10,29.14798355102539,296.1734313964844,2019-07-12,183.9199981689453,62.5,2019-07-11,0.42894044518470764,2.0,"{""type"":""Point"",""coordinates"":[92.92647851349612,22.359163971312444]}"
529,10,0.19377228617668152,352.5805969238281,2020-10-02,1315.03759765625,0,2.0,84.73600006103516,2020-10-02,2020-10-01,26.060848236083984,295.3788757324219,2020-10-03,13.1899995803833,22.91666603088379,2020-10-02,0.49145635962486267,2.0,"{""type"":""Point"",""coordinates"":[94.41320286519078,25.844579737117108]}"
530,10,0.011379669420421124,191.21238708496094,2019-07-30,155.42279052734375,0,1.0,24.60999870300293,2019-07-30,2019-07-29,16.512910842895508,300.64208984375,2019-07-31,24.779998779296875,35.41666793823242,2019-07-30,0.4763723909854889,1.0,"{""type"":""Point"",""coordinates"":[94.55143729455709,23.803158804210284]}"
531,30,0.3188946843147278,68.3011245727539,2023-05-25,438.71282958984375,0,1.0,1.8700000047683716,2023-05-25,2023-05-24,11.599945068359375,301.7856140136719,2023-05-26,0.1899999976158142,0.0,2023-05-25,0.3891080319881439,1.0,"{""type"":""Point"",""coordinates"":[94.47890082322715,21.95465910854625]}"
532,10,0.7157533168792725,124.8858871459961,2022-03-19,148.8928680419922,0,1.0,0.0,2022-03-19,2022-03-18,22.1325740814209,300.82965087890625,2022-03-20,0.0,0.0,2022-03-19,0.2809295654296875,1.0,"{""type"":""Point"",""coordinates"":[94.91452974924938,24.985511499673283]}"
533,40,0.087546706199646,332.189453125,2020-09-24,37.33393096923828,0,1.0,34.38999938964844,2020-09-24,2020-09-23,2.41798734664917,300.15692138671875,2020-09-25,129.58999633789062,60.41666793823242,2020-09-24,0.42112603783607483,1.0,"{""type"":""Point"",""coordinates"":[88.16954034659094,25.619959995556215]}"
534,10,0.0014582574367523193,129.66358947753906,2022-07-05,1738.1787109375,0,3.0,4.819999694824219,2022-07-05,2022-07-04,41.5726203918457,296.7104187011719,2022-07-06,0.0,0.0,2022-07-05,0.4167550504207611,2.0,"{""type"":""Point"",""coordinates"":[94.09155287711347,27.849444695849368]}"
535,10,0.5270062685012817,10.348349571228027,2023-11-12,1156.683837890625,0,12.0,0.0,2023-11-12,2023-11-11,26.312801361083984,291.7779846191406,2023-11-13,0.0,0.0,2023-11-12,0.31369081139564514,12.0,"{""type"":""Point"",""coordinates"":[93.68059609695874,23.035035971625454]}"
536,30,0.11821945011615753,136.71084594726562,2022-08-12,4410.64404296875,0,8.0,0.0,2022-08-12,2022-08-11,23.25771141052246,285.01019287109375,2022-08-13,0.0,0.0,2022-08-12,0.38816070556640625,8.0,"{""type"":""Point"",""coordinates"":[90.13232406052032,29.21931994199458]}"
537,10,0.23423542082309723,146.2998809814453,2019-11-18,10.668732643127441,0,3.0,0.0,2019-11-18,2019-11-17,2.548640012741089,296.5788879394531,2019-11-19,0.0,0.0,2019-11-18,0.32133737206459045,3.0,"{""type"":""Point"",""coordinates"":[90.68009960509642,25.001793315535778]}"
538,60,0.0538727343082428,-0.0,2022-08-06,315.5,0,8.0,173.27999877929688,2022-08-06,2022-08-05,0.0,298.3675231933594,2022-08-07,0.6699999570846558,2.0833332538604736,2022-08-06,0.47985395789146423,8.0,"{""type"":""Point"",""coordinates"":[96.31377032255126,25.64322898308076]}"
539,10,0.28405383229255676,82.26587677001953,2022-01-20,1445.0025634765625,0,1.0,2.9699997901916504,2022-01-20,2022-01-19,38.09050750732422,274.0816345214844,2022-01-21,2.049999952316284,2.0833332538604736,2022-01-20,0.3554109036922455,1.0,"{""type"":""Point"",""coordinates"":[96.7856709988087,27.89534839138872]}"
540,10,0.6217860579490662,264.8324279785156,2020-04-06,531.1640625,0,1.0,0.0,2020-04-06,2020-04-05,16.92886734008789,296.7681579589844,2020-04-07,2.429999828338623,4.166666507720947,2020-04-06,0.3014259338378906,1.0,"{""type"":""Point"",""coordinates"":[96.34808236827877,26.350774400908033]}"
541,40,0.13280345499515533,337.0787658691406,2020-05-15,19.512760162353516,0,27.0,3.7799999713897705,2020-05-15,2020-05-14,0.3460780382156372,300.05072021484375,2020-05-16,0.17000000178813934,0.0,2020-05-15,0.18134117126464844,27.0,"{""type"":""Point"",""coordinates"":[92.97625510331478,24.7413611911114]}"
542,10,0.020547306165099144,70.8438720703125,2023-09-05,2483.846923828125,0,1.0,10.789999961853027,2023-09-05,2023-09-04,22.299877166748047,293.2576904296875,2023-09-06,13.239999771118164,18.75,2023-09-05,0.41355323791503906,1.0,"{""type"":""Point"",""coordinates"":[97.11913644776554,27.215539158302796]}"
543,10,0.12808872759342194,90.04010772705078,2019-07-01,175.3950653076172,0,1.0,34.39999771118164,2019-07-01,2019-06-30,9.946342468261719,301.65411376953125,2019-07-02,9.217000007629395,12.5,2019-07-01,0.4790458679199219,1.0,"{""type"":""Point"",""coordinates"":[96.62970828177036,23.730938247616315]}"
544,10,0.58400958776474,102.6037368774414,2021-12-07,1136.5667724609375,0,3.0,3.419999837875366,2021-12-07,2021-12-06,27.986024856567383,289.1792297363281,2021-12-08,0.11999999731779099,0.0,2021-12-07,0.36461448669433594,3.0,"{""type"":""Point"",""coordinates"":[95.40540053797585,26.491760071845018]}"
545,10,0.12917616963386536,273.7767333984375,2022-09-30,218.20645141601562,0,2.0,0.1599999964237213,2022-09-30,2022-09-29,1.548743486404419,300.638671875,2022-10-01,0.6299999952316284,0.0,2022-09-30,0.47693443298339844,1.0,"{""type"":""Point"",""coordinates"":[95.87071486774377,25.22507066571622]}"
546,100,0.012264433316886425,50.12250518798828,2021-09-29,4755.3466796875,0,2.0,0.0,2021-09-29,2021-09-28,57.12712097167969,287.21856689453125,2021-09-30,0.5,0.0,2021-09-29,0.40142059326171875,1.0,"{""type"":""Point"",""coordinates"":[94.5159992962481,29.229293215634755]}"
547,10,0.20298299193382263,346.12664794921875,2020-08-18,696.6361083984375,0,2.0,65.5999984741211,2020-08-18,2020-08-17,5.017645835876465,297.21728515625,2020-08-19,33.04999923706055,39.58333206176758,2020-08-18,0.474163681268692,2.0,"{""type"":""Point"",""coordinates"":[97.2112595100304,22.11350100629649]}"
548,30,0.08953538537025452,43.157894134521484,2020-01-24,4172.27978515625,0,3.0,0.0,2020-01-24,2020-01-23,7.401047706604004,270.8661193847656,2020-01-25,0.0,0.0,2020-01-24,0.3250395357608795,3.0,"{""type"":""Point"",""coordinates"":[88.82126950612707,29.464783356730397]}"
549,80,-0.3885350227355957,-0.0,2021-01-31,4438.0,0,1.0,0.0,2021-01-31,2021-01-30,0.0,271.1352233886719,2021-02-01,0.0,0.0,2021-01-31,0.29050126671791077,1.0,"{""type"":""Point"",""coordinates"":[90.70957178390314,29.109135626954558]}"
550,10,0.06591141223907471,81.2254409790039,2021-09-29,2.715404510498047,0,5.0,49.31999969482422,2021-09-29,2021-09-28,1.463430643081665,300.09503173828125,2021-09-30,122.5999984741211,79.16666412353516,2021-09-29,0.45173391699790955,1.0,"{""type"":""Point"",""coordinates"":[88.25120021225754,22.461758346200327]}"
551,10,0.5683150887489319,229.07090759277344,2023-12-26,2347.624267578125,0,1.0,0.0,2023-12-26,2023-12-25,45.501834869384766,283.3137512207031,2023-12-27,0.0,0.0,2023-12-26,0.2119731903076172,1.0,"{""type"":""Point"",""coordinates"":[88.70634650482988,27.125963487889482]}"
552,10,0.30893686413764954,80.87396240234375,2020-01-11,1876.2562255859375,0,1.0,0.0,2020-01-11,2020-01-10,31.25687599182129,285.9313659667969,2020-01-12,0.0,0.0,2020-01-11,0.35516801476478577,1.0,"{""type"":""Point"",""coordinates"":[93.78927913000221,23.15292223454379]}"
553,10,0.2625754475593567,118.95326232910156,2021-04-20,265.441650390625,0,2.0,0.0,2021-04-20,2021-04-19,16.825563430786133,296.9803771972656,2021-04-21,0.0,0.0,2021-04-20,0.35183653235435486,2.0,"{""type"":""Point"",""coordinates"":[96.56606332389939,26.261535645680773]}"
554,30,0.07012934237718582,75.24723052978516,2019-12-05,4512.1064453125,0,45.0,0.0,2019-12-05,2019-12-04,11.923537254333496,271.8613586425781,2019-12-06,0.0,0.0,2019-12-05,0.36480775475502014,45.0,"{""type"":""Point"",""coordinates"":[93.69636010252951,29.410794249698313]}"
555,10,0.11776901036500931,176.68946838378906,2023-09-10,43.52926254272461,0,2.0,2.3299999237060547,2023-09-10,2023-09-09,0.19924351572990417,301.78216552734375,2023-09-11,0.32999998331069946,0.0,2023-09-10,0.41277948021888733,1.0,"{""type"":""Point"",""coordinates"":[89.90151252745336,26.354465045970937]}"
556,40,0.051743678748607635,220.0033416748047,2020-01-07,779.718994140625,0,1.0,0.08999999612569809,2020-01-07,2020-01-06,0.1778818964958191,286.574951171875,2020-01-08,0.85999995470047,0.0,2020-01-07,0.44008636474609375,1.0,"{""type"":""Point"",""coordinates"":[94.04699786255017,24.709825098774008]}"
557,40,0.10870286822319031,298.9385070800781,2023-06-27,1.9387288093566895,0,1.0,77.44000244140625,2023-06-27,2023-06-26,0.23738521337509155,300.1873779296875,2023-06-28,129.89999389648438,100.0,2023-06-27,0.3923301696777344,1.0,"{""type"":""Point"",""coordinates"":[90.63684147242367,22.391558721176395]}"
558,80,-0.01263749971985817,-0.0,2020-09-14,109.0,0,13.0,118.91999816894531,2020-09-14,2020-09-13,0.0,301.8679504394531,2020-09-15,44.30999755859375,41.66666793823242,2020-09-14,0.42380332946777344,1.0,"{""type"":""Point"",""coordinates"":[95.08798179915081,27.643749651649976]}"
559,10,0.0908191129565239,26.734132766723633,2020-08-10,166.22618103027344,0,5.0,9.139999389648438,2020-08-10,2020-08-09,2.031088352203369,301.1496887207031,2020-08-11,18.979999542236328,27.08333396911621,2020-08-10,0.47988638281822205,1.0,"{""type"":""Point"",""coordinates"":[96.48373397328173,23.61276712380142]}"
560,10,0.4745844900608063,281.0939636230469,2020-03-30,598.75537109375,0,9.0,0.0,2020-03-30,2020-03-29,17.718164443969727,296.5816955566406,2020-03-31,0.0,0.0,2020-03-30,0.19257354736328125,1.0,"{""type"":""Point"",""coordinates"":[93.40169832256481,24.975488266838774]}"
561,10,0.8170266151428223,120.97185516357422,2021-11-13,2022.017333984375,0,2.0,0.20000000298023224,2021-11-13,2021-11-12,20.975299835205078,282.5989074707031,2021-11-14,1.2699999809265137,0.0,2021-11-13,0.3802827298641205,2.0,"{""type"":""Point"",""coordinates"":[89.96400968349545,27.53754768188283]}"
562,30,0.07615527510643005,266.35711669921875,2021-09-23,1047.219970703125,0,1.0,7.809999942779541,2021-09-23,2021-09-22,5.372743129730225,295.1315612792969,2021-09-24,0.8899999856948853,0.0,2021-09-23,0.4816913604736328,1.0,"{""type"":""Point"",""coordinates"":[93.68495604203665,24.442205458192994]}"
563,10,0.22642168402671814,352.4793395996094,2020-03-24,218.75765991210938,0,2.0,0.0,2020-03-24,2020-03-23,7.248478412628174,296.7264099121094,2020-03-25,0.6399999856948853,2.0833332538604736,2020-03-24,0.2609201967716217,2.0,"{""type"":""Point"",""coordinates"":[95.58030356585746,25.54707783369208]}"
564,10,0.059855349361896515,182.86953735351562,2022-02-10,2854.131103515625,0,1.0,0.0,2022-02-10,2022-02-09,48.806392669677734,273.9334411621094,2022-02-11,10.90999984741211,18.75,2022-02-10,0.34149423241615295,1.0,"{""type"":""Point"",""coordinates"":[95.99531109461573,29.059378911671395]}"
565,10,0.08258330076932907,344.16986083984375,2022-01-02,1802.7237548828125,0,610.0,234.239990234375,2022-01-02,2022-01-01,17.735286712646484,275.37750244140625,2022-01-03,0.0,0.0,2022-01-02,0.3830242156982422,610.0,"{""type"":""Point"",""coordinates"":[93.19968361040901,28.231866485567068]}"
566,10,0.12478786706924438,278.7762145996094,2023-09-12,905.3836059570312,0,1813.0,4260.5498046875,2023-09-12,2023-09-11,9.258056640625,296.7554931640625,2023-09-13,12.859999656677246,12.5,2023-09-12,0.48291268944740295,1813.0,"{""type"":""Point"",""coordinates"":[93.47881013552683,27.233946508431657]}"
567,40,0.1604870855808258,279.2729797363281,2019-01-10,98.59526062011719,0,578.0,1028.8399658203125,2019-01-10,2019-01-09,4.501534461975098,289.5115051269531,2019-01-11,0.20999999344348907,0.0,2019-01-10,0.3661670684814453,578.0,"{""type"":""Point"",""coordinates"":[94.04598212620255,26.40430060963751]}"
568,10,0.03573770448565483,245.9646759033203,2022-12-31,1240.001220703125,0,1.0,0.0,2022-12-31,2022-12-30,17.69878578186035,286.4437561035156,2023-01-01,0.03999999910593033,0.0,2022-12-31,0.26899972558021545,1.0,"{""type"":""Point"",""coordinates"":[93.89032389638746,23.45800737779617]}"
569,100,-0.01365459430962801,11.41903018951416,2019-02-21,4734.6494140625,0,2.0,0.03999999910593033,2019-02-21,2019-02-20,28.502336502075195,272.329833984375,2019-02-22,0.0,0.0,2019-02-21,0.33191999793052673,2.0,"{""type"":""Point"",""coordinates"":[94.03822707223449,29.413251788748624]}"
570,40,0.23792004585266113,175.93548583984375,2023-05-27,6.9084320068359375,0,1.0,20.100000381469727,2023-05-27,2023-05-26,0.1840514838695526,303.9590148925781,2023-05-28,0.03999999910593033,0.0,2023-05-27,0.29546037316322327,1.0,"{""type"":""Point"",""coordinates"":[88.94940600646979,23.205176003730877]}"
571,10,0.012266438454389572,255.42848205566406,2020-06-18,2935.865966796875,0,1.0,93.04999542236328,2020-06-18,2020-06-17,17.075973510742188,290.5792541503906,2020-06-19,48.16999816894531,41.66666793823242,2020-06-18,0.424023300409317,1.0,"{""type"":""Point"",""coordinates"":[88.7009762789183,27.32033246454045]}"
572,10,0.872955858707428,52.165748596191406,2019-02-05,651.528564453125,0,1.0,0.0,2019-02-05,2019-02-04,23.892269134521484,290.56072998046875,2019-02-06,0.0,0.0,2019-02-05,0.3400796353816986,1.0,"{""type"":""Point"",""coordinates"":[96.19481150065793,25.205188822104674]}"
573,40,0.01447902712970972,269.46624755859375,2020-07-27,9.05793285369873,0,1.0,51.45000076293945,2020-07-27,2020-07-26,0.8482127785682678,303.4963073730469,2020-07-28,113.25,70.83333587646484,2020-07-27,0.38674989342689514,1.0,"{""type"":""Point"",""coordinates"":[90.61834100175716,24.894810605725613]}"
574,30,0.13084687292575836,229.24534606933594,2022-03-28,2206.513671875,0,63.0,113.4000015258789,2022-03-28,2022-03-27,21.999242782592773,280.6331787109375,2022-03-29,0.3999999761581421,0.0,2022-03-28,0.41281381249427795,63.0,"{""type"":""Point"",""coordinates"":[96.38449848663649,28.18064661733071]}"
575,10,0.22249121963977814,92.4736557006836,2020-11-01,747.9426879882812,0,5.0,257.8999938964844,2020-11-01,2020-10-31,25.531198501586914,295.50848388671875,2020-11-02,0.34700000286102295,0.0,2020-11-01,0.4798825681209564,5.0,"{""type"":""Point"",""coordinates"":[96.21123835786337,22.92349990916421]}"
576,40,0.44925180077552795,155.57322692871094,2023-11-29,14.837603569030762,0,6.0,0.0,2023-11-29,2023-11-28,0.6992344260215759,298.89251708984375,2023-11-30,0.0,0.0,2023-11-29,0.14862950146198273,6.0,"{""type"":""Point"",""coordinates"":[88.8178875452998,24.3769572816603]}"
577,40,0.40044406056404114,252.78091430664062,2021-10-17,50.30856704711914,0,1.0,19.200000762939453,2021-10-17,2021-10-16,0.41000548005104065,301.5653991699219,2021-10-18,14.420000076293945,16.66666603088379,2021-10-17,0.2746620178222656,1.0,"{""type"":""Point"",""coordinates"":[89.4262813218491,26.462082518666524]}"
578,10,0.25850996375083923,106.96585845947266,2020-04-14,17.615528106689453,0,1.0,0.0,2020-04-14,2020-04-13,6.494080066680908,303.6087951660156,2020-04-15,0.0,0.0,2020-04-14,0.20466677844524384,1.0,"{""type"":""Point"",""coordinates"":[89.09251028541411,24.12277696002557]}"
579,30,0.0035804409999400377,195.36700439453125,2020-09-24,3080.254638671875,0,2.0,176.86000061035156,2020-09-24,2020-09-23,56.40562438964844,285.67059326171875,2020-09-25,55.32999801635742,45.83333206176758,2020-09-24,0.4263712465763092,2.0,"{""type"":""Point"",""coordinates"":[96.70589956879442,28.336645025599697]}"
580,10,0.15448318421840668,149.2732696533203,2020-04-26,62.0514030456543,0,3.0,3.3299999237060547,2020-04-26,2020-04-25,5.06263542175293,297.1471862792969,2020-04-27,1.5399999618530273,2.0833332538604736,2020-04-26,0.407379150390625,3.0,"{""type"":""Point"",""coordinates"":[92.79760861933961,26.340835408730058]}"
581,30,-0.0036161334719508886,23.86255645751953,2020-11-28,4637.4892578125,0,6.0,0.47999998927116394,2020-11-28,2020-11-27,19.686481475830078,271.7452392578125,2020-11-29,0.0,0.0,2020-11-28,0.30457940697669983,1.0,"{""type"":""Point"",""coordinates"":[91.74168489973897,28.04935130717966]}"
582,10,0.07874065637588501,2.0747241973876953,2019-04-07,3030.35009765625,0,2.0,0.0,2019-04-07,2019-04-06,49.785560607910156,280.0378723144531,2019-04-08,17.170000076293945,25.0,2019-04-07,0.4031156003475189,2.0,"{""type"":""Point"",""coordinates"":[96.63323780329654,28.27097533214118]}"
583,10,0.04642874747514725,147.37872314453125,2022-06-02,222.95968627929688,0,45.0,1508.8499755859375,2022-06-02,2022-06-01,4.800634384155273,298.986083984375,2022-06-03,6.650000095367432,10.416666984558105,2022-06-02,0.3592357635498047,45.0,"{""type"":""Point"",""coordinates"":[91.23444908193616,26.810950272298854]}"
584,80,-0.0460430309176445,291.93896484375,2023-10-13,30.15741539001465,0,3.0,26.639999389648438,2023-10-13,2023-10-12,3.607276201248169,301.5473327636719,2023-10-14,63.72999954223633,25.0,2023-10-13,0.3448600769042969,3.0,"{""type"":""Point"",""coordinates"":[90.04340609033585,26.03122287248098]}"
585,40,0.01332719437777996,177.26461791992188,2022-08-03,1.883125901222229,0,1.0,107.02999877929688,2022-08-03,2022-08-02,2.5899033546447754,303.23077392578125,2022-08-04,26.959999084472656,41.66666793823242,2022-08-03,0.390972763299942,1.0,"{""type"":""Point"",""coordinates"":[89.91174472981497,22.701901788726957]}"
586,10,0.10339198261499405,133.04534912109375,2021-09-07,211.40211486816406,0,1.0,20.779998779296875,2021-09-07,2021-09-06,7.339910984039307,298.8409423828125,2021-09-08,0.3400000035762787,0.0,2021-09-07,0.4885476529598236,1.0,"{""type"":""Point"",""coordinates"":[95.83085945003158,25.964695942634034]}"
587,30,0.034101452678442,110.50514221191406,2021-05-17,4246.4326171875,0,934.0,0.0,2021-05-17,2021-05-16,0.5778870582580566,272.25042724609375,2021-05-18,0.0,0.0,2021-05-17,0.42269453406333923,2.0,"{""type"":""Point"",""coordinates"":[89.11311775566925,27.725492698200433]}"
588,10,0.09057629853487015,143.6057891845703,2022-07-21,2069.18310546875,0,3.0,253.97999572753906,2022-07-21,2022-07-20,46.74399948120117,292.4674377441406,2022-07-22,87.80999755859375,58.33333206176758,2022-07-21,0.438427597284317,3.0,"{""type"":""Point"",""coordinates"":[92.47648896015184,27.25579323370312]}"
589,10,0.03173813223838806,191.9666290283203,2023-08-18,2955.61328125,0,5.0,153.1199951171875,2023-08-18,2023-08-17,52.301753997802734,291.6092224121094,2023-08-19,13.449999809265137,18.75,2023-08-18,0.4202232360839844,4.0,"{""type"":""Point"",""coordinates"":[97.1201242034426,27.746415955206256]}"
590,10,0.5423632264137268,24.170515060424805,2020-03-17,181.32095336914062,0,12.0,0.6699999570846558,2020-03-17,2020-03-16,18.585037231445312,297.1726989746094,2020-03-18,0.0,0.0,2020-03-17,0.29514312744140625,1.0,"{""type"":""Point"",""coordinates"":[95.2503707390139,25.36233733434172]}"
591,80,-0.4381541311740875,-0.0,2023-02-24,3545.5,0,3.0,0.0,2023-02-24,2023-02-23,0.0,273.08392333984375,2023-02-25,0.0,0.0,2023-02-24,0.30633607506752014,3.0,"{""type"":""Point"",""coordinates"":[91.73021571173733,29.265194576647627]}"
592,10,0.7041730284690857,34.19032669067383,2020-12-30,634.5223999023438,0,3.0,0.0,2020-12-30,2020-12-29,28.258859634399414,288.0735778808594,2020-12-31,0.0,0.0,2020-12-30,0.3294779360294342,2.0,"{""type"":""Point"",""coordinates"":[93.30458563841663,26.999385550605183]}"
593,40,0.011383227072656155,357.4007263183594,2022-09-06,2.6132004261016846,0,7.0,171.00999450683594,2022-09-06,2022-09-05,0.1500050127506256,302.111328125,2022-09-07,6.029999732971191,6.25,2022-09-06,0.36185455322265625,7.0,"{""type"":""Point"",""coordinates"":[90.60728050952878,22.72649550066789]}"
594,60,0.5081613659858704,127.2337417602539,2021-11-13,18.010578155517578,0,1.0,0.0,2021-11-13,2021-11-12,3.468578338623047,296.77239990234375,2021-11-14,0.0,0.0,2021-11-13,0.2061888426542282,1.0,"{""type"":""Point"",""coordinates"":[89.47753910231641,24.790195803433964]}"
595,10,0.2732793986797333,43.71512985229492,2023-11-16,805.1612548828125,0,1.0,0.25999999046325684,2023-11-16,2023-11-15,6.344761848449707,292.9409484863281,2023-11-17,1.159999966621399,0.0,2023-11-16,0.32030487060546875,1.0,"{""type"":""Point"",""coordinates"":[95.88288722033384,26.256199428854995]}"
596,40,0.39790284633636475,182.6278839111328,2021-03-28,1.3404685258865356,0,4.0,0.0,2021-03-28,2021-03-27,0.2848694920539856,304.716064453125,2021-03-29,0.0,0.0,2021-03-28,0.13817214965820312,1.0,"{""type"":""Point"",""coordinates"":[90.01580575944254,22.921131000176093]}"
597,10,0.2015896886587143,217.27529907226562,2023-01-25,34.544700622558594,0,11.0,0.0,2023-01-25,2023-01-24,5.056326866149902,293.6944885253906,2023-01-26,0.0,0.0,2023-01-25,0.1466083526611328,3.0,"{""type"":""Point"",""coordinates"":[91.60205846285206,24.24932558157752]}"
598,10,0.06644202023744583,111.79959869384766,2020-07-17,339.3052673339844,0,1.0,10.460000038146973,2020-07-17,2020-07-16,11.82776927947998,299.9658203125,2020-07-18,5.899999618530273,8.333333015441895,2020-07-17,0.49653688073158264,1.0,"{""type"":""Point"",""coordinates"":[95.1605227083982,24.331453356763095]}"
599,10,0.006853101775050163,309.6499328613281,2020-08-04,1904.3109130859375,0,1.0,0.85999995470047,2020-08-04,2020-08-03,12.652193069458008,293.9095153808594,2020-08-05,6.539999961853027,10.416666984558105,2020-08-04,0.3994801938533783,1.0,"{""type"":""Point"",""coordinates"":[93.92893259497426,27.64963926090302]}"
600,10,0.13560332357883453,165.1865997314453,2019-10-21,812.276123046875,0,51.0,0.0,2019-10-21,2019-10-20,41.25465393066406,294.615478515625,2019-10-22,0.0,0.0,2019-10-21,0.37135887145996094,44.0,"{""type"":""Point"",""coordinates"":[93.32171419702323,23.10002158415487]}"
601,10,0.27686023712158203,98.11675262451172,2020-10-03,607.9655151367188,0,2.0,188.97999572753906,2020-10-03,2020-10-02,35.81205368041992,296.5928039550781,2020-10-04,18.309999465942383,18.75,2020-10-03,0.4213491976261139,2.0,"{""type"":""Point"",""coordinates"":[93.0190298874508,23.788275231970943]}"
602,10,0.3130565285682678,137.9045867919922,2021-05-16,438.53314208984375,0,2.0,0.3199999928474426,2021-05-16,2021-05-15,23.4611873626709,300.35443115234375,2021-05-17,0.04999999701976776,0.0,2021-05-16,0.43729910254478455,2.0,"{""type"":""Point"",""coordinates"":[95.47285034926071,24.309016640468577]}"
603,10,0.2195373773574829,194.2059783935547,2022-01-30,1778.86181640625,0,1.0,0.0,2022-01-30,2022-01-29,33.85332107543945,272.5813293457031,2022-01-31,0.19999998807907104,0.0,2022-01-30,0.36541303992271423,1.0,"{""type"":""Point"",""coordinates"":[96.66193769198728,28.14789440399606]}"
604,10,0.07494336366653442,130.98899841308594,2023-08-25,21.351974487304688,0,1.0,30.119998931884766,2023-08-25,2023-08-24,7.014481067657471,301.3857421875,2023-08-26,45.65999984741211,60.41666793823242,2023-08-25,0.4246164858341217,1.0,"{""type"":""Point"",""coordinates"":[88.74594310304626,24.985606877654117]}"
605,10,0.7225862741470337,185.2931365966797,2022-12-04,362.2019348144531,0,2.0,0.0,2022-12-04,2022-12-03,30.569625854492188,292.8678894042969,2022-12-05,0.0,0.0,2022-12-04,0.2671318054199219,2.0,"{""type"":""Point"",""coordinates"":[93.17931342508616,24.437563614758695]}"
606,10,0.028644146397709846,277.2393798828125,2023-06-24,599.1038818359375,0,1.0,0.17999999225139618,2023-06-24,2023-06-23,23.5498046875,299.5039367675781,2023-06-25,0.17999999225139618,0.0,2023-06-24,0.4924691617488861,1.0,"{""type"":""Point"",""coordinates"":[93.53410705101982,26.423524432677326]}"
607,95,0.07469203323125839,250.6231231689453,2019-05-28,5.510638236999512,0,1.0,0.0,2019-05-28,2019-05-27,0.7507471442222595,304.24560546875,2019-05-29,0.0,0.0,2019-05-28,0.3007589876651764,1.0,"{""type"":""Point"",""coordinates"":[89.56532823662799,21.767060307064792]}"
608,10,0.06376545876264572,167.67494201660156,2023-09-20,3212.75244140625,0,3.0,12.269999504089355,2023-09-20,2023-09-19,49.50102233886719,287.48553466796875,2023-09-21,33.97999954223633,16.66666603088379,2023-09-20,0.41564878821372986,3.0,"{""type"":""Point"",""coordinates"":[88.91871587206693,27.257110452187646]}"
609,20,0.07054354250431061,6.721194267272949,2021-08-09,4670.60107421875,0,46.0,0.0,2021-08-09,2021-08-08,31.445987701416016,284.2979736328125,2021-08-10,1.8899998664855957,4.166666507720947,2021-08-09,0.41372933983802795,2.0,"{""type"":""Point"",""coordinates"":[91.46114827231179,29.45797526202239]}"
610,10,0.14481720328330994,162.20376586914062,2021-10-07,13.83989143371582,0,44.0,0.0,2021-10-07,2021-10-06,7.479037761688232,301.4726257324219,2021-10-08,0.0,0.0,2021-10-07,0.47213998436927795,44.0,"{""type"":""Point"",""coordinates"":[90.10492301123165,24.718751646653462]}"
611,100,-0.036138422787189484,341.7035217285156,2020-05-21,4831.94140625,0,1.0,3.3899998664855957,2020-05-21,2020-05-20,18.970836639404297,272.97442626953125,2020-05-22,17.270000457763672,27.08333396911621,2020-05-21,0.42423883080482483,1.0,"{""type"":""Point"",""coordinates"":[93.3512615010114,29.33874230586076]}"
612,40,0.16703829169273376,19.37864112854004,2019-09-30,55.37468719482422,0,531.0,58096.70703125,2019-09-30,2019-09-29,6.118589878082275,296.8531188964844,2019-10-01,72.29999542236328,35.41666793823242,2019-09-30,0.42703500390052795,531.0,"{""type"":""Point"",""coordinates"":[89.14320375727715,26.398607374898475]}"
613,10,0.10963334143161774,132.4945526123047,2023-08-29,29.529769897460938,0,1.0,0.07999999821186066,2023-08-29,2023-08-28,2.0275278091430664,303.2895202636719,2023-08-30,0.0,0.0,2023-08-29,0.3745390474796295,1.0,"{""type"":""Point"",""coordinates"":[88.05005620566622,24.990896710961632]}"
614,10,0.5492624044418335,95.9311752319336,2020-11-24,741.3975830078125,0,1.0,0.0,2020-11-24,2020-11-23,29.356172561645508,289.6831359863281,2020-11-25,0.0,0.0,2020-11-24,0.4043617248535156,1.0,"{""type"":""Point"",""coordinates"":[97.09473962771288,26.506847514564782]}"
615,30,0.23210932314395905,341.9441833496094,2019-10-24,4315.27294921875,0,1.0,0.0,2019-10-24,2019-10-23,23.116153717041016,277.23126220703125,2019-10-25,0.0,0.0,2019-10-24,0.34454283118247986,1.0,"{""type"":""Point"",""coordinates"":[90.53396702620223,29.22491303845265]}"
616,10,0.26139283180236816,186.8097686767578,2022-08-03,282.1388854980469,0,1.0,21.209999084472656,2022-08-03,2022-08-02,17.484127044677734,300.0993347167969,2022-08-04,54.689998626708984,33.33333206176758,2022-08-03,0.47615495324134827,1.0,"{""type"":""Point"",""coordinates"":[94.62209220123714,23.65083866160953]}"
617,10,0.10272768884897232,204.77928161621094,2021-06-29,845.993896484375,0,4.0,174.95999145507812,2021-06-29,2021-06-28,36.371578216552734,296.1280212402344,2021-06-30,65.23999786376953,35.41666793823242,2021-06-29,0.4274253845214844,4.0,"{""type"":""Point"",""coordinates"":[94.21146059616633,27.748090869038325]}"
618,40,0.23452207446098328,147.34902954101562,2023-11-24,90.33260345458984,0,3.0,0.0,2023-11-24,2023-11-23,1.0063538551330566,294.9691162109375,2023-11-25,0.0,0.0,2023-11-24,0.43249383568763733,3.0,"{""type"":""Point"",""coordinates"":[96.13890683109163,23.772011181619746]}"
619,10,0.15503554046154022,275.46759033203125,2020-09-24,4.858414173126221,0,1.0,102.48999786376953,2020-09-24,2020-09-23,2.213820457458496,300.57928466796875,2020-09-25,53.34000015258789,43.75,2020-09-24,0.4211953580379486,1.0,"{""type"":""Point"",""coordinates"":[90.61613207698417,22.604833852147365]}"
620,10,0.7255485653877258,85.57086944580078,2022-03-12,715.3182373046875,0,2.0,0.0,2022-03-12,2022-03-11,10.230836868286133,295.1444396972656,2022-03-13,0.0,0.0,2022-03-12,0.16256459057331085,2.0,"{""type"":""Point"",""coordinates"":[92.62327951781607,23.712949996218175]}"
621,40,0.3511480987071991,183.7548828125,2020-11-25,44.61770248413086,0,1.0,0.0,2020-11-25,2020-11-24,0.5993411540985107,293.09808349609375,2020-11-26,0.0,0.0,2020-11-25,0.18341000378131866,1.0,"{""type"":""Point"",""coordinates"":[89.7622193909503,26.445184810490296]}"
622,30,0.016828618943691254,358.7131042480469,2021-07-05,4476.5390625,0,41.0,0.7099999785423279,2021-07-05,2021-07-04,2.4880716800689697,280.5447998046875,2021-07-06,0.9099999666213989,2.0833332538604736,2021-07-05,0.42575645446777344,1.0,"{""type"":""Point"",""coordinates"":[90.95039609270104,28.011810558355606]}"
623,30,0.01984446682035923,103.9104232788086,2020-06-08,4843.033203125,0,1.0,5.21999979019165,2020-06-08,2020-06-07,15.2744722366333,282.8424072265625,2020-06-09,2.759999990463257,2.0833332538604736,2020-06-08,0.4214235842227936,1.0,"{""type"":""Point"",""coordinates"":[92.25136738184383,28.97183223595739]}"
624,40,0.1441960483789444,307.18255615234375,2019-02-13,162.94647216796875,0,5.0,0.0,2019-02-13,2019-02-12,0.21503984928131104,294.08782958984375,2019-02-14,0.0,0.0,2019-02-13,0.23096974194049835,5.0,"{""type"":""Point"",""coordinates"":[94.20187961171891,23.82717991344182]}"
625,10,0.8880763053894043,212.06393432617188,2022-12-18,267.98040771484375,0,2.0,0.0,2022-12-18,2022-12-17,2.6561431884765625,291.8509521484375,2022-12-19,0.0,0.0,2022-12-18,0.27111372351646423,2.0,"{""type"":""Point"",""coordinates"":[95.55975678577381,25.35873246225745]}"
626,70,-0.04056761786341667,92.55398559570312,2023-06-06,4449.7724609375,0,1.0,31.189998626708984,2023-06-06,2023-06-05,23.34337615966797,273.8836669921875,2023-06-07,0.0,0.0,2023-06-06,0.4254067838191986,1.0,"{""type"":""Point"",""coordinates"":[95.02382320316137,29.489147858213123]}"
627,10,0.17857734858989716,255.20790100097656,2021-10-13,430.9510803222656,0,5.0,0.0,2021-10-13,2021-10-12,31.392396926879883,298.7876281738281,2021-10-14,0.0,0.0,2021-10-13,0.3428325653076172,2.0,"{""type"":""Point"",""coordinates"":[93.39184792893386,24.42868220484047]}"
628,10,0.1706196814775467,343.81329345703125,2019-10-21,1062.6712646484375,0,1.0,0.0,2019-10-21,2019-10-20,29.330612182617188,295.9596252441406,2019-10-22,0.0,0.0,2019-10-21,0.46671104431152344,1.0,"{""type"":""Point"",""coordinates"":[97.29725353176146,23.55556401570107]}"
629,30,0.5128631591796875,319.302734375,2019-04-24,149.3100128173828,0,14.0,0.0,2019-04-24,2019-04-23,1.763830304145813,303.3965148925781,2019-04-25,0.0,0.0,2019-04-24,0.29245439171791077,14.0,"{""type"":""Point"",""coordinates"":[96.0692242639494,23.41230811111957]}"
630,10,0.09927152842283249,156.5327606201172,2022-04-11,695.6744995117188,0,1.0,0.0,2022-04-11,2022-04-10,10.07436466217041,298.1296691894531,2022-04-12,29.979999542236328,10.416666984558105,2022-04-11,0.295611709356308,1.0,"{""type"":""Point"",""coordinates"":[97.39129685992435,21.96830826422824]}"
631,10,0.07843612134456635,304.43896484375,2019-07-24,1662.213134765625,0,3.0,500.0699768066406,2019-07-24,2019-07-23,39.872249603271484,292.25543212890625,2019-07-25,55.62999725341797,39.58333206176758,2019-07-24,0.4287516176700592,3.0,"{""type"":""Point"",""coordinates"":[91.4810321143682,27.231680829883967]}"
632,30,0.17421816289424896,253.03433227539062,2020-12-13,5169.22265625,0,18.0,0.0,2020-12-13,2020-12-12,16.572298049926758,270.367431640625,2020-12-14,0.0,0.0,2020-12-13,0.1052754744887352,18.0,"{""type"":""Point"",""coordinates"":[88.23325104647007,28.655940026544936]}"
633,90,0.0984412208199501,278.9043273925781,2022-02-23,768.8217163085938,0,226.0,309.6199951171875,2022-02-23,2022-02-22,0.24686677753925323,286.9538879394531,2022-02-24,3.8899998664855957,6.25,2022-02-23,0.2651863098144531,226.0,"{""type"":""Point"",""coordinates"":[93.80677277853856,24.64140765849113]}"
634,10,0.02639545500278473,194.50453186035156,2021-09-18,1156.86083984375,0,5.0,186.29998779296875,2021-09-18,2021-09-17,5.813605785369873,296.2380676269531,2021-09-19,54.38999938964844,45.83333206176758,2021-09-18,0.4639218747615814,5.0,"{""type"":""Point"",""coordinates"":[94.96482236632728,25.352242946780247]}"
635,10,-0.0025384880136698484,155.63858032226562,2021-07-12,142.37606811523438,0,1.0,0.0,2021-07-12,2021-07-11,4.838881492614746,302.68017578125,2021-07-13,51.3599967956543,37.5,2021-07-12,0.39140382409095764,1.0,"{""type"":""Point"",""coordinates"":[97.10965048195128,25.033417636178957]}"
636,60,-0.012089879252016544,32.85649490356445,2019-01-26,5519.42333984375,0,1.0,0.0,2019-01-26,2019-01-25,23.572729110717773,266.85406494140625,2019-01-27,0.0,0.0,2019-01-26,0.12537448108196259,1.0,"{""type"":""Point"",""coordinates"":[88.72673293334412,28.602166176642413]}"
637,40,0.10593191534280777,118.29853057861328,2020-05-11,114.06279754638672,0,1.0,0.0,2020-05-11,2020-05-10,0.14954939484596252,308.2322082519531,2020-05-12,4.849999904632568,4.166666507720947,2020-05-11,0.27646636962890625,1.0,"{""type"":""Point"",""coordinates"":[95.43431976874824,22.9302811968117]}"
638,10,0.2952272593975067,359.08251953125,2020-10-27,427.22735595703125,0,3.0,0.0,2020-10-27,2020-10-26,15.40754508972168,296.434814453125,2020-10-28,0.0,0.0,2020-10-27,0.44254812598228455,3.0,"{""type"":""Point"",""coordinates"":[92.95135379639324,21.56960228338941]}"
639,30,0.13494808971881866,206.4637451171875,2019-11-22,4225.6650390625,0,3.0,0.0,2019-11-22,2019-11-21,36.21128845214844,279.9912109375,2019-11-23,0.019999999552965164,0.0,2019-11-22,0.41270318627357483,1.0,"{""type"":""Point"",""coordinates"":[90.13816868262634,27.725015628866668]}"
640,10,0.4841543436050415,134.7603759765625,2019-03-04,213.1271209716797,0,5.0,0.0,2019-03-04,2019-03-03,19.898794174194336,292.9146728515625,2019-03-05,0.6299999356269836,2.0833332538604736,2019-03-04,0.3555265963077545,5.0,"{""type"":""Point"",""coordinates"":[95.66139127906094,25.12824049562566]}"
641,10,0.5870529413223267,321.08331298828125,2020-03-12,205.00294494628906,0,1.0,0.0,2020-03-12,2020-03-11,26.634658813476562,295.33905029296875,2020-03-13,0.0,0.0,2020-03-12,0.1724262237548828,1.0,"{""type"":""Point"",""coordinates"":[92.5946476841505,24.248997373730475]}"
642,10,0.17468230426311493,2.549593210220337,2020-05-09,416.83062744140625,0,53.0,0.0,2020-05-09,2020-05-08,12.448736190795898,301.537841796875,2020-05-10,0.0,0.0,2020-05-09,0.40914663672447205,1.0,"{""type"":""Point"",""coordinates"":[94.86119113629904,23.641635446855645]}"
643,10,0.06365533173084259,144.82879638671875,2019-04-02,663.7864990234375,0,7.0,1.596000075340271,2019-04-02,2019-04-01,35.71010971069336,288.9737854003906,2019-04-03,0.0,0.0,2019-04-02,0.41512808203697205,7.0,"{""type"":""Point"",""coordinates"":[89.90705778345058,26.856405581922616]}"
644,10,0.27947843074798584,131.0050506591797,2022-10-10,207.19473266601562,0,1.0,48.46999740600586,2022-10-10,2022-10-09,22.814176559448242,298.8746032714844,2022-10-11,9.9399995803833,12.5,2022-10-10,0.485455185174942,1.0,"{""type"":""Point"",""coordinates"":[90.19873965781935,25.719313945705625]}"
645,100,0.044050633907318115,124.7977294921875,2020-11-25,4840.00537109375,0,1.0,0.0,2020-11-25,2020-11-24,26.941591262817383,271.9244079589844,2020-11-26,0.0,0.0,2020-11-25,0.35170111060142517,1.0,"{""type"":""Point"",""coordinates"":[89.62613272966232,28.099473101645984]}"
646,10,0.19435782730579376,34.949378967285156,2019-11-19,80.37166595458984,0,65.0,0.0,2019-11-19,2019-11-18,28.319808959960938,296.437255859375,2019-11-20,0.0,0.0,2019-11-19,0.4217192232608795,60.0,"{""type"":""Point"",""coordinates"":[91.62530501046119,23.329782836578556]}"
647,10,0.4876345992088318,175.5379180908203,2023-11-21,102.79889678955078,0,8727.0,6370.70947265625,2023-11-21,2023-11-20,20.210872650146484,295.72003173828125,2023-11-22,5.289999961853027,8.333333015441895,2023-11-21,0.3771902620792389,8727.0,"{""type"":""Point"",""coordinates"":[92.55467440347236,24.064841378456897]}"
648,10,-0.013520399108529091,154.668701171875,2022-04-30,470.8375244140625,0,1.0,77.08999633789062,2022-04-30,2022-04-29,8.755687713623047,298.605224609375,2022-05-01,35.14999771118164,37.5,2022-04-30,0.475006103515625,1.0,"{""type"":""Point"",""coordinates"":[90.1773446796543,25.598205093713396]}"
649,20,0.0541195347905159,254.59410095214844,2020-08-07,167.16954040527344,0,1813.0,77.14999389648438,2020-08-07,2020-08-06,1.5104331970214844,303.2293701171875,2020-08-08,57.1099967956543,29.16666603088379,2020-08-07,0.39102616906166077,1.0,"{""type"":""Point"",""coordinates"":[95.69515247088235,28.047179965163647]}"
650,10,0.07670015841722488,152.8216552734375,2021-08-16,202.64341735839844,0,1.0,35.0099983215332,2021-08-16,2021-08-15,1.463396430015564,298.3846130371094,2021-08-17,85.89999389648438,39.58333206176758,2021-08-16,0.31520143151283264,1.0,"{""type"":""Point"",""coordinates"":[92.42373700807815,26.91127780752082]}"
651,10,0.39944836497306824,89.86070251464844,2023-11-24,1333.389404296875,0,1.0,0.0,2023-11-24,2023-11-23,21.35294532775879,287.4032897949219,2023-11-25,0.0,0.0,2023-11-24,0.43464723229408264,1.0,"{""type"":""Point"",""coordinates"":[94.26813993674192,25.230511360091274]}"
652,40,0.22395756840705872,319.9405212402344,2019-05-22,22.128021240234375,0,2.0,40.720001220703125,2019-05-22,2019-05-21,1.102494716644287,301.4389953613281,2019-05-23,48.560001373291016,31.25,2019-05-22,0.37964820861816406,2.0,"{""type"":""Point"",""coordinates"":[89.31471316451719,25.289454447695483]}"
653,95,0.29967761039733887,121.6646957397461,2020-02-29,6.8070831298828125,0,3.0,0.0,2020-02-29,2020-02-28,0.6660659909248352,0.0,2020-03-01,0.0,0.0,2020-02-29,0.0,1.0,"{""type"":""Point"",""coordinates"":[89.68720123329136,21.79227036587192]}"
654,10,0.3796366751194,47.21696472167969,2019-01-13,7.523256778717041,0,1.0,0.0,2019-01-13,2019-01-12,4.741004943847656,293.0211181640625,2019-01-14,0.0,0.0,2019-01-13,0.15078289806842804,1.0,"{""type"":""Point"",""coordinates"":[90.01803650349169,22.58967561289281]}"
655,10,0.17510083317756653,320.2508850097656,2019-09-13,1505.25927734375,0,1.0,64.87999725341797,2019-09-13,2019-09-12,10.188928604125977,295.7931823730469,2019-09-14,19.8799991607666,25.0,2019-09-13,0.42411360144615173,1.0,"{""type"":""Point"",""coordinates"":[89.97286637546945,26.920734458954367]}"
656,10,0.042827777564525604,145.8331298828125,2019-06-29,38.80803298950195,0,334.0,30821.51953125,2019-06-29,2019-06-28,8.597951889038086,300.7016296386719,2019-06-30,32.07999801635742,10.416666984558105,2019-06-29,0.41432127356529236,334.0,"{""type"":""Point"",""coordinates"":[90.24467594486194,25.995474985963167]}"
657,40,0.25521498918533325,79.70218658447266,2023-09-28,18.78870391845703,0,1.0,0.3400000035762787,2023-09-28,2023-09-27,0.36590805649757385,302.7315368652344,2023-09-29,0.0,0.0,2023-09-28,0.399090439081192,1.0,"{""type"":""Point"",""coordinates"":[89.18768160478531,24.999656368490786]}"
658,10,0.15198233723640442,196.6320037841797,2020-05-13,499.3409729003906,0,4.0,34.939998626708984,2020-05-13,2020-05-12,48.150238037109375,297.53887939453125,2020-05-14,34.91999816894531,31.25,2020-05-13,0.435931533575058,2.0,"{""type"":""Point"",""coordinates"":[97.44101694602897,26.346288447495425]}"
659,30,0.0014642718015238643,215.36990356445312,2021-06-09,3611.177001953125,0,2.0,69.83999633789062,2021-06-09,2021-06-08,40.50068283081055,282.8346862792969,2021-06-10,11.170000076293945,16.66666603088379,2021-06-09,0.42733001708984375,2.0,"{""type"":""Point"",""coordinates"":[96.20814563647009,28.4792509249071]}"
660,0,-0.19199000298976898,-0.0,2021-04-19,0.0,0,0.0,0.0,2021-04-19,2021-04-18,0.0,0.0,2021-04-20,0.0,0.0,2021-04-19,0.0,0.0,"{""type"":""Point"",""coordinates"":[90.54041653795845,21.506365992476017]}"
661,40,-0.00563052436336875,236.82595825195312,2022-10-07,11.825182914733887,0,1587.0,11.199999809265137,2022-10-07,2022-10-06,0.26671120524406433,300.84466552734375,2022-10-08,0.0,0.0,2022-10-07,0.4033711850643158,7.0,"{""type"":""Point"",""coordinates"":[88.17804777338738,23.553914878723976]}"
662,30,0.29761210083961487,175.66192626953125,2020-01-15,3320.179931640625,0,8.0,25.279998779296875,2020-01-15,2020-01-14,34.340396881103516,273.3678283691406,2020-01-16,2.009999990463257,0.0,2020-01-15,0.38762474060058594,8.0,"{""type"":""Point"",""coordinates"":[91.68242476004814,27.637238994928595]}"
663,10,0.06022762507200241,297.55108642578125,2019-07-08,248.98399353027344,0,20.0,765.3999633789062,2019-07-08,2019-07-07,15.399916648864746,298.1739501953125,2019-07-09,93.55999755859375,75.0,2019-07-08,0.47762107849121094,20.0,"{""type"":""Point"",""coordinates"":[95.67055833039642,26.084460228179466]}"
664,10,0.17023372650146484,24.600048065185547,2020-09-06,174.9736785888672,0,41.0,11.779999732971191,2020-09-06,2020-09-05,9.582798957824707,300.4065856933594,2020-09-07,9.65999984741211,10.416666984558105,2020-09-06,0.48256048560142517,1.0,"{""type"":""Point"",""coordinates"":[96.07052704346621,23.083237627296832]}"
665,10,0.18960528075695038,156.65777587890625,2020-04-25,3195.858154296875,0,1.0,6.069999694824219,2020-04-25,2020-04-24,35.678253173828125,281.0534362792969,2020-04-26,1.3299999237060547,2.0833332538604736,2020-04-25,0.4267387390136719,1.0,"{""type"":""Point"",""coordinates"":[89.4575731414695,27.424650774956277]}"
666,10,-0.010880645364522934,143.4891357421875,2020-08-26,1344.1849365234375,0,2.0,2.450000047683716,2020-08-26,2020-08-25,20.24260711669922,297.08599853515625,2020-08-27,1.0199999809265137,2.0833332538604736,2020-08-26,0.41536903381347656,1.0,"{""type"":""Point"",""coordinates"":[89.22671867571673,26.891738412715956]}"
667,10,0.1922132521867752,247.40870666503906,2020-03-31,4067.3681640625,0,1.0,0.5,2020-03-31,2020-03-30,34.56211853027344,278.4391784667969,2020-04-01,0.0,0.0,2020-03-31,0.4132321774959564,1.0,"{""type"":""Point"",""coordinates"":[90.29229840395006,27.377712098609813]}"
668,40,0.015371561050415039,240.51417541503906,2019-06-29,130.2610626220703,0,5.0,0.0,2019-06-29,2019-06-28,0.8333998918533325,302.3521728515625,2019-06-30,0.0,0.0,2019-06-29,0.38626351952552795,1.0,"{""type"":""Point"",""coordinates"":[96.05427147857021,23.09324645736176]}"
669,40,0.1541314274072647,99.59813690185547,2023-01-14,19.83659553527832,0,1.0,0.0,2023-01-14,2023-01-13,0.7815777063369751,292.0739440917969,2023-01-15,0.0,0.0,2023-01-14,0.13007736206054688,1.0,"{""type"":""Point"",""coordinates"":[89.8421026533783,25.227221693228735]}"
670,40,0.02296125516295433,291.63397216796875,2023-07-04,11.231156349182129,0,1.0,108.80999755859375,2023-07-04,2023-07-03,0.5331360101699829,300.42401123046875,2023-07-05,2.8999998569488525,4.166666507720947,2023-07-04,0.47592735290527344,1.0,"{""type"":""Point"",""coordinates"":[92.11987636849713,25.102619385054957]}"
671,40,0.07109580934047699,50.624595642089844,2023-01-30,4.307283401489258,0,1.0,0.0,2023-01-30,2023-01-29,0.21792364120483398,296.3311462402344,2023-01-31,0.0,0.0,2023-01-30,0.13968276977539062,1.0,"{""type"":""Point"",""coordinates"":[91.20573130543586,22.99373679192798]}"
672,10,0.18701092898845673,356.8549499511719,2020-03-05,1360.3958740234375,0,3.0,0.0,2020-03-05,2020-03-04,11.275391578674316,282.51727294921875,2020-03-06,3.7699999809265137,0.0,2020-03-05,0.421649307012558,1.0,"{""type"":""Point"",""coordinates"":[93.51254369101034,27.813235958493227]}"
673,10,0.13169828057289124,256.32061767578125,2023-09-16,69.4671630859375,0,1668.0,0.0,2023-09-16,2023-09-15,21.518966674804688,301.2193603515625,2023-09-17,0.0,0.0,2023-09-16,0.40572991967201233,1668.0,"{""type"":""Point"",""coordinates"":[92.32902354904557,24.125675002152065]}"
674,10,0.024995526298880577,111.68342590332031,2022-08-05,756.92822265625,0,1.0,19.639999389648438,2022-08-05,2022-08-04,7.619945049285889,298.1785583496094,2022-08-06,0.9099999666213989,0.0,2022-08-05,0.5024611353874207,1.0,"{""type"":""Point"",""coordinates"":[91.9093600265637,25.853375064389372]}"
675,60,0.05330535024404526,174.4551239013672,2023-09-14,4740.17431640625,0,1.0,0.0,2023-09-14,2023-09-13,0.917212724685669,282.750732421875,2023-09-15,0.0,0.0,2023-09-14,0.35878753662109375,1.0,"{""type"":""Point"",""coordinates"":[89.0943308295316,28.497115669319307]}"
676,10,0.26965415477752686,98.95528411865234,2020-12-26,2285.765380859375,0,1.0,2.2699999809265137,2020-12-26,2020-12-25,29.61836051940918,277.92559814453125,2020-12-27,0.20999999344348907,0.0,2020-12-26,0.34820303320884705,1.0,"{""type"":""Point"",""coordinates"":[89.8388320699638,27.50162174934278]}"
677,10,0.3691551685333252,274.78594970703125,2019-01-09,470.6366882324219,0,1.0,0.19999998807907104,2019-01-09,2019-01-08,19.572641372680664,289.6891174316406,2019-01-10,0.44999998807907104,0.0,2019-01-09,0.3609504699707031,1.0,"{""type"":""Point"",""coordinates"":[93.98130111423481,22.649280143720116]}"
678,10,0.017138082534074783,136.86581420898438,2022-07-23,3115.1923828125,0,2.0,37.91999816894531,2022-07-23,2022-07-22,35.19888687133789,287.0944519042969,2022-07-24,18.06999969482422,20.83333396911621,2022-07-23,0.4263935089111328,1.0,"{""type"":""Point"",""coordinates"":[90.43309491611085,27.290121811261294]}"
679,30,0.021543633192777634,257.5220947265625,2019-02-10,4625.537109375,0,206.0,1.7999999523162842,2019-02-10,2019-02-09,4.103299140930176,271.66107177734375,2019-02-11,0.0,0.0,2019-02-10,0.3330434262752533,4.0,"{""type"":""Point"",""coordinates"":[91.2185640102549,28.941162731705575]}"
680,40,0.42398861050605774,42.01640319824219,2019-01-26,227.05686950683594,0,4.0,0.0,2019-01-26,2019-01-25,1.4275665283203125,291.4798583984375,2019-01-27,0.0,0.0,2019-01-26,0.2708975374698639,3.0,"{""type"":""Point"",""coordinates"":[95.66723624672409,24.52024723836856]}"
681,30,0.1298157423734665,317.417724609375,2022-09-12,4328.48779296875,0,2.0,10.329999923706055,2022-09-12,2022-09-11,33.310428619384766,284.53546142578125,2022-09-13,5.309999942779541,12.5,2022-09-12,0.29501405358314514,1.0,"{""type"":""Point"",""coordinates"":[92.74584023853677,28.268771873385028]}"
682,80,0.0011326487874612212,-0.0,2022-06-08,24.5,0,567.0,17809.46875,2022-06-08,2022-06-07,0.0,299.7566833496094,2022-06-09,61.21999740600586,37.5,2022-06-08,0.38216909766197205,567.0,"{""type"":""Point"",""coordinates"":[90.00616586461446,26.011673068854645]}"
683,40,0.12975075840950012,67.89219665527344,2022-09-22,19.83492660522461,0,74.0,151.6999969482422,2022-09-22,2022-09-21,1.5566833019256592,301.8233947753906,2022-09-23,0.9599999785423279,2.0833332538604736,2022-09-22,0.3819052278995514,74.0,"{""type"":""Point"",""coordinates"":[91.99892253042367,24.373259826697783]}"
684,10,0.12192638963460922,356.41680908203125,2021-06-30,178.36514282226562,0,3.0,60.099998474121094,2021-06-30,2021-06-29,1.0886602401733398,299.5478820800781,2021-07-01,152.11000061035156,43.75,2021-06-30,0.4689178466796875,2.0,"{""type"":""Point"",""coordinates"":[96.1376650858931,26.258323872257538]}"
685,10,0.035739075392484665,109.16812896728516,2022-04-26,847.5180053710938,0,251.0,5388.9697265625,2022-04-26,2022-04-25,23.684682846069336,288.9111328125,2022-04-27,33.220001220703125,18.75,2022-04-26,0.4271615445613861,251.0,"{""type"":""Point"",""coordinates"":[93.5356861475987,27.84069983239017]}"
686,40,0.6125020980834961,335.39410400390625,2022-01-02,118.49573516845703,0,2.0,0.020000001415610313,2022-01-02,2022-01-01,1.208191990852356,289.90631103515625,2022-01-03,0.0,0.0,2022-01-02,0.28440985083580017,2.0,"{""type"":""Point"",""coordinates"":[94.08869656127693,23.014841602909314]}"
687,80,-0.08212479948997498,47.774234771728516,2020-05-01,2.872814416885376,0,3.0,22.709999084472656,2020-05-01,2020-04-30,0.22568225860595703,0.0,2020-05-02,9.635000228881836,8.333333015441895,2020-05-01,0.0,1.0,"{""type"":""Point"",""coordinates"":[90.84750629838373,22.72826528927421]}"
688,10,0.2689373195171356,198.1099395751953,2023-11-07,117.16339111328125,0,3.0,0.0,2023-11-07,2023-11-06,1.4087430238723755,296.1239318847656,2023-11-08,0.0,0.0,2023-11-07,0.3541393280029297,1.0,"{""type"":""Point"",""coordinates"":[95.38363614874837,27.707540886121286]}"
689,10,0.21521052718162537,101.10220336914062,2019-04-14,1762.16015625,0,687.0,7227.47998046875,2019-04-14,2019-04-13,5.774216175079346,281.92999267578125,2019-04-15,1.9800000190734863,2.0833332538604736,2019-04-14,0.3963864743709564,678.0,"{""type"":""Point"",""coordinates"":[92.20902367894084,27.43338280520432]}"
690,10,0.021705035120248795,99.97148132324219,2022-04-26,18.011749267578125,0,1.0,0.0,2022-04-26,2022-04-25,0.9282203316688538,303.5899963378906,2022-04-27,0.0,0.0,2022-04-26,0.41736412048339844,1.0,"{""type"":""Point"",""coordinates"":[90.21595633502973,24.333952876123465]}"
691,80,-0.026338910683989525,-0.0,2021-05-22,32.5,0,4.0,6.760000228881836,2021-05-22,2021-05-21,0.0,300.2265625,2021-05-23,0.4300000071525574,0.0,2021-05-22,0.48288217186927795,4.0,"{""type"":""Point"",""coordinates"":[90.92661688009036,26.206290345104943]}"
692,10,0.09221787005662918,72.26249694824219,2020-09-24,175.2753448486328,0,1.0,41.599998474121094,2020-09-24,2020-09-23,3.749157190322876,300.9372863769531,2020-09-25,0.009999999776482582,0.0,2020-09-24,0.47963905334472656,1.0,"{""type"":""Point"",""coordinates"":[94.81267978349811,22.756222011712296]}"
693,40,0.32667359709739685,2.8848483562469482,2019-01-01,74.0654525756836,0,3.0,0.0,2019-01-01,2018-12-31,0.49563801288604736,289.0911865234375,2019-01-02,0.005000000353902578,0.0,2019-01-01,0.3249835968017578,3.0,"{""type"":""Point"",""coordinates"":[93.48103208774907,26.78595324425935]}"
694,10,0.207948237657547,249.13665771484375,2020-04-01,114.27742004394531,0,2.0,0.0,2020-04-01,2020-03-31,17.084739685058594,301.935302734375,2020-04-02,0.30100002884864807,0.0,2020-04-01,0.15454483032226562,2.0,"{""type"":""Point"",""coordinates"":[91.52651343213185,23.834704402300027]}"
695,10,0.32317474484443665,126.07676696777344,2023-05-04,427.8468017578125,0,1.0,19.149999618530273,2023-05-04,2023-05-03,11.869449615478516,299.5614318847656,2023-05-05,25.889999389648438,14.583333015441895,2023-05-04,0.4267660677433014,1.0,"{""type"":""Point"",""coordinates"":[90.85873195509025,25.886291396834103]}"
696,80,-0.10357846319675446,-0.0,2023-02-11,0.0,0,0.0,0.0,2023-02-11,2023-02-10,0.0,0.0,2023-02-12,0.0,0.0,2023-02-11,0.0,0.0,"{""type"":""Point"",""coordinates"":[91.38083664727726,22.082411771395456]}"
697,60,0.06662064045667648,52.223873138427734,2019-05-21,5109.90380859375,0,58.0,294.6399841308594,2019-05-21,2019-05-20,2.964885950088501,272.7982177734375,2019-05-22,0.05999999865889549,0.0,2019-05-21,0.3936004638671875,58.0,"{""type"":""Point"",""coordinates"":[88.85032152993037,28.094772257413407]}"
698,30,0.19746780395507812,200.68336486816406,2023-11-25,4162.2783203125,0,9.0,0.0,2023-11-25,2023-11-24,32.20663833618164,275.8638000488281,2023-11-26,0.0,0.0,2023-11-25,0.39654985070228577,9.0,"{""type"":""Point"",""coordinates"":[97.34703874288786,28.1410064123656]}"
699,10,0.29692575335502625,217.46392822265625,2019-03-02,364.4171142578125,0,75.0,3.075000047683716,2019-03-02,2019-03-01,21.675949096679688,290.8720397949219,2019-03-03,0.0,0.0,2019-03-02,0.21302731335163116,75.0,"{""type"":""Point"",""coordinates"":[92.85912207041056,22.553862227712386]}"
700,0,-0.0062347170896828175,-0.0,2023-09-02,0.0,0,0.0,0.0,2023-09-02,2023-09-01,0.0,0.0,2023-09-03,5.949999809265137,10.416666984558105,2023-09-02,0.0,0.0,"{""type"":""Point"",""coordinates"":[90.45261772447606,21.555881004435808]}"
701,60,0.09767644107341766,99.59928131103516,2021-10-26,5112.279296875,0,1.0,0.0,2021-10-26,2021-10-25,17.35431671142578,274.270751953125,2021-10-27,0.0,0.0,2021-10-26,0.3010660707950592,1.0,"{""type"":""Point"",""coordinates"":[88.97983112710388,28.48153622248944]}"
702,30,0.03924405574798584,290.0658874511719,2020-03-31,4477.14990234375,0,46.0,0.0,2020-03-31,2020-03-30,20.240880966186523,273.0002136230469,2020-04-01,4.460000038146973,8.333333015441895,2020-03-31,0.2379404753446579,46.0,"{""type"":""Point"",""coordinates"":[92.69302063244704,28.252726523435875]}"
703,10,0.42835813760757446,35.655216217041016,2023-01-05,54.63920974731445,0,9.0,0.0,2023-01-05,2023-01-04,0.692772626876831,290.0984191894531,2023-01-06,0.0,0.0,2023-01-05,0.25042471289634705,1.0,"{""type"":""Point"",""coordinates"":[90.82520344608595,26.604001794859336]}"
704,40,0.3024899661540985,20.038373947143555,2021-11-08,815.9680786132812,0,1.0,0.0,2021-11-08,2021-11-07,1.3994392156600952,290.8210754394531,2021-11-09,0.0,0.0,2021-11-08,0.3298053741455078,1.0,"{""type"":""Point"",""coordinates"":[93.81999188406112,24.87985001528736]}"
705,80,0.007553615607321262,-0.0,2019-09-23,10.0,0,1286.0,2199.8798828125,2019-09-23,2019-09-22,0.0,303.0435485839844,2019-09-24,8.649999618530273,14.583333015441895,2019-09-23,0.37853050231933594,1279.0,"{""type"":""Point"",""coordinates"":[88.1938297875853,23.779575700044845]}"
706,40,0.1365460455417633,201.234375,2021-07-20,6.9912214279174805,0,29.0,1750.43994140625,2021-07-20,2021-07-19,0.35014840960502625,302.59356689453125,2021-07-21,51.279998779296875,37.5,2021-07-20,0.3958772122859955,29.0,"{""type"":""Point"",""coordinates"":[89.1580870577861,23.53129178145258]}"
707,10,0.6527361273765564,338.0673522949219,2021-05-11,629.4883422851562,0,695.0,0.0,2021-05-11,2021-05-10,36.302486419677734,296.3663330078125,2021-05-12,7.829999923706055,12.5,2021-05-11,0.24087969958782196,1.0,"{""type"":""Point"",""coordinates"":[93.4606597803577,24.262463452142896]}"
708,80,-0.1029450073838234,-0.0,2023-07-26,0.0,0,0.0,0.0,2023-07-26,2023-07-25,0.0,0.0,2023-07-27,4.480000019073486,4.166666507720947,2023-07-26,0.0,0.0,"{""type"":""Point"",""coordinates"":[89.79838226942766,21.733271867037057]}"
709,40,0.016123909503221512,172.71609497070312,2021-09-17,2.075340509414673,0,38530.0,729372.875,2021-09-17,2021-09-16,0.5341482162475586,301.89898681640625,2021-09-18,22.43000030517578,27.08333396911621,2021-09-17,0.4396292269229889,38530.0,"{""type"":""Point"",""coordinates"":[89.56521887726896,22.76159413868042]}"
710,30,0.02438637800514698,103.84841918945312,2023-06-10,4198.53662109375,0,1.0,4.559999942779541,2023-06-10,2023-06-09,35.25358963012695,284.0909118652344,2023-06-11,4.190000057220459,4.166666507720947,2023-06-10,0.3887748718261719,1.0,"{""type"":""Point"",""coordinates"":[92.15293132749429,29.15691864761461]}"
711,10,0.5668476819992065,69.8021011352539,2019-11-28,730.8427734375,0,1.0,0.0,2019-11-28,2019-11-27,32.67022705078125,292.5102844238281,2019-11-29,0.0,0.0,2019-11-28,0.2918974459171295,1.0,"{""type"":""Point"",""coordinates"":[92.57837309073109,23.772553441123282]}"
712,10,0.20890112221240997,142.84219360351562,2020-02-11,60.13117599487305,0,1.0,0.0,2020-02-11,2020-02-10,20.030546188354492,293.069091796875,2020-02-12,0.0,0.0,2020-02-11,0.1876862794160843,1.0,"{""type"":""Point"",""coordinates"":[92.00308998076748,23.1182411482811]}"
713,10,0.11842144280672073,217.2244415283203,2021-12-28,3369.999267578125,0,1.0,0.0,2021-12-28,2021-12-27,40.74947738647461,272.4603271484375,2021-12-29,0.3700000047683716,0.0,2021-12-28,0.35641226172447205,1.0,"{""type"":""Point"",""coordinates"":[96.76380787897669,28.48692704827107]}"
714,10,0.021336767822504044,131.80364990234375,2023-02-24,1484.8983154296875,0,142.0,0.0,2023-02-24,2023-02-23,40.55797576904297,282.1233215332031,2023-02-25,0.0,0.0,2023-02-24,0.48470625281333923,1.0,"{""type"":""Point"",""coordinates"":[92.37418620055713,27.07958765695037]}"
715,10,0.5178257822990417,222.50132751464844,2021-04-27,74.50406646728516,0,1.0,0.0,2021-04-27,2021-04-26,12.4629487991333,304.9843444824219,2021-04-28,0.0,0.0,2021-04-27,0.1098276749253273,1.0,"{""type"":""Point"",""coordinates"":[92.24775609302918,22.41334394369616]}"
716,40,0.360260546207428,103.1379623413086,2020-03-14,54.65618896484375,0,2163.0,35018.96875,2020-03-14,2020-03-13,1.173543095588684,297.2894592285156,2020-03-15,41.04999923706055,52.08333206176758,2020-03-14,0.2695198059082031,2163.0,"{""type"":""Point"",""coordinates"":[89.08400714949535,26.322821609760695]}"
717,10,0.31463029980659485,271.218994140625,2020-02-28,219.4464569091797,0,3.0,0.3799999952316284,2020-02-28,2020-02-27,2.627237319946289,294.74810791015625,2020-02-29,0.0,0.0,2020-02-28,0.2775675356388092,1.0,"{""type"":""Point"",""coordinates"":[96.38684696334983,23.64969200680029]}"
718,40,0.05062996596097946,174.00636291503906,2019-09-21,1.1310393810272217,0,2.0,6.119999885559082,2019-09-21,2019-09-20,0.5410823225975037,303.5050048828125,2019-09-22,28.53999900817871,18.75,2019-09-21,0.3273557126522064,2.0,"{""type"":""Point"",""coordinates"":[89.54354682621238,23.01734722387348]}"
719,60,0.004101342987269163,198.57374572753906,2023-08-10,3.9046084880828857,0,2.0,19.229999542236328,2023-08-10,2023-08-09,0.9957805275917053,302.17144775390625,2023-08-11,10.15999984741211,18.75,2023-08-10,0.4747861325740814,1.0,"{""type"":""Point"",""coordinates"":[88.05043220580897,22.07723604859404]}"
720,10,0.089514821767807,97.37166595458984,2023-10-02,4447.20166015625,0,1.0,0.0,2023-10-02,2023-10-01,32.252567291259766,281.62567138671875,2023-10-03,0.0,0.0,2023-10-02,0.3997866213321686,1.0,"{""type"":""Point"",""coordinates"":[93.11865424606108,28.607121620569266]}"
721,30,0.01819128915667534,86.75037384033203,2021-04-06,5304.72216796875,0,11.0,0.429999977350235,2021-04-06,2021-04-05,16.49009132385254,273.6169128417969,2021-04-07,1.5099999904632568,0.0,2021-04-06,0.26631292700767517,1.0,"{""type"":""Point"",""coordinates"":[88.94553530766241,29.48400195264348]}"
722,40,0.06306256353855133,253.1107940673828,2022-08-27,17.678781509399414,0,2.0,0.09999999403953552,2022-08-27,2022-08-26,0.37927308678627014,303.549072265625,2022-08-28,4.589999675750732,12.5,2022-08-27,0.3350048065185547,2.0,"{""type"":""Point"",""coordinates"":[89.81543325258758,25.065721860147434]}"
723,10,0.7803428173065186,225.49884033203125,2020-12-07,394.2330627441406,0,1.0,0.0,2020-12-07,2020-12-06,7.60988712310791,292.26385498046875,2020-12-08,0.0,0.0,2020-12-07,0.2940330505371094,1.0,"{""type"":""Point"",""coordinates"":[94.10933880733555,21.646843964251307]}"
724,30,0.10093750804662704,120.02962493896484,2020-04-13,4335.32763671875,0,1.0,0.0,2020-04-13,2020-04-12,11.135055541992188,275.2007751464844,2020-04-14,0.0,0.0,2020-04-13,0.2697429656982422,1.0,"{""type"":""Point"",""coordinates"":[89.54445645629032,29.087466878385488]}"
725,10,0.1454184204339981,13.740633010864258,2019-06-07,989.775390625,0,1.0,0.019999999552965164,2019-06-07,2019-06-06,21.127063751220703,298.2539367675781,2019-06-08,19.3799991607666,22.91666603088379,2019-06-07,0.4851652681827545,1.0,"{""type"":""Point"",""coordinates"":[96.2549940008823,25.998637936127178]}"
726,30,0.12088610231876373,244.38230895996094,2021-07-23,1132.1513671875,0,2.0,6.239999771118164,2021-07-23,2021-07-22,28.51797103881836,295.49188232421875,2021-07-24,67.5,41.66666793823242,2021-07-23,0.4110991060733795,1.0,"{""type"":""Point"",""coordinates"":[93.63872136701917,23.433563992289102]}"
727,30,0.1573953479528427,50.19660949707031,2021-07-28,1069.2266845703125,0,10.0,2.919999837875366,2021-07-28,2021-07-27,20.022186279296875,295.9881591796875,2021-07-29,4.71999979019165,6.25,2021-07-28,0.41043344140052795,2.0,"{""type"":""Point"",""coordinates"":[93.51943333810077,23.820527199274796]}"
728,60,0.09554535895586014,190.58584594726562,2020-01-06,4966.4052734375,0,1.0,0.0,2020-01-06,2020-01-05,15.118696212768555,270.2935791015625,2020-01-07,0.0,0.0,2020-01-06,0.3140068054199219,1.0,"{""type"":""Point"",""coordinates"":[88.94238253831357,28.848924085175064]}"
729,60,0.06553598493337631,206.43637084960938,2020-04-09,162.9419708251953,0,57.0,49.02000045776367,2020-04-09,2020-04-08,6.947761535644531,301.86883544921875,2020-04-10,0.5199999809265137,0.0,2020-04-09,0.24400393664836884,57.0,"{""type"":""Point"",""coordinates"":[95.02749066817411,24.659493823874836]}"
730,10,0.2745848596096039,98.64307403564453,2021-10-21,63.418670654296875,0,7.0,260.0,2021-10-21,2021-10-20,3.456118583679199,297.712158203125,2021-10-22,0.0,0.0,2021-10-21,0.426959365606308,2.0,"{""type"":""Point"",""coordinates"":[88.97095977165432,26.283115447854097]}"
731,30,0.02152206189930439,137.0565643310547,2021-05-29,5066.86083984375,0,1.0,5.880000114440918,2021-05-29,2021-05-28,28.85736846923828,284.1831359863281,2021-05-30,0.5,0.0,2021-05-29,0.33950361609458923,1.0,"{""type"":""Point"",""coordinates"":[89.50568917189206,29.48568652737046]}"
732,10,0.5580825209617615,260.9035949707031,2019-12-09,354.7432861328125,0,4.0,0.0,2019-12-09,2019-12-08,14.075807571411133,291.0158386230469,2019-12-10,0.0,0.0,2019-12-09,0.33037567138671875,1.0,"{""type"":""Point"",""coordinates"":[95.65880476389442,23.944561228215434]}"
733,30,0.10413724184036255,150.27655029296875,2022-05-13,4514.01220703125,0,1.0,0.0,2022-05-13,2022-05-12,16.7681884765625,287.49285888671875,2022-05-14,0.0,0.0,2022-05-13,0.16087786853313446,1.0,"{""type"":""Point"",""coordinates"":[89.29509847454129,29.23633291468668]}"
734,100,-0.03019634447991848,182.33131408691406,2023-04-09,3999.583251953125,0,2.0,0.9999999403953552,2023-04-09,2023-04-08,26.51924705505371,274.550048828125,2023-04-10,2.609999895095825,0.0,2023-04-09,0.4191926419734955,2.0,"{""type"":""Point"",""coordinates"":[94.8323861442011,29.2550053478948]}"
735,50,0.26035869121551514,265.5494384765625,2020-03-25,46.01329040527344,0,8.0,0.0,2020-03-25,2020-03-24,2.561392307281494,297.71990966796875,2020-03-26,0.07000000029802322,0.0,2020-03-25,0.20889854431152344,8.0,"{""type"":""Point"",""coordinates"":[89.49791655864561,26.40450154162279]}"
736,10,0.37566038966178894,110.20899963378906,2021-05-30,367.60308837890625,0,1.0,2.18999981880188,2021-05-30,2021-05-29,1.2015939950942993,303.9466247558594,2021-05-31,27.989999771118164,33.33333206176758,2021-05-30,0.3659909665584564,1.0,"{""type"":""Point"",""coordinates"":[94.6475181204278,23.746751441954036]}"
737,10,0.3606189787387848,157.3719024658203,2023-11-01,1006.4739379882812,0,2.0,0.0,2023-11-01,2023-10-31,22.8207950592041,294.58319091796875,2023-11-02,0.0,0.0,2023-11-01,0.3468106687068939,1.0,"{""type"":""Point"",""coordinates"":[93.02149766458527,22.600293568780263]}"
738,40,0.09043774753808975,120.68631744384766,2020-08-03,652.1553344726562,0,392.0,2355.919921875,2020-08-03,2020-08-02,7.219418525695801,299.3603515625,2020-08-04,33.15999984741211,37.5,2020-08-03,0.46748289465904236,392.0,"{""type"":""Point"",""coordinates"":[97.15898486778052,22.29402462383673]}"
739,10,0.7585132122039795,11.669122695922852,2023-02-04,741.58056640625,0,1.0,0.0,2023-02-04,2023-02-03,14.457804679870605,293.95343017578125,2023-02-05,0.0,0.0,2023-02-04,0.2466602325439453,1.0,"{""type"":""Point"",""coordinates"":[96.3650710808965,21.985147053453066]}"
740,10,0.24843381345272064,221.9465789794922,2023-11-17,17.59930992126465,0,2.0,63.57999801635742,2023-11-17,2023-11-16,2.700557231903076,298.5773620605469,2023-11-18,135.75,60.41666793823242,2023-11-17,0.20146305859088898,2.0,"{""type"":""Point"",""coordinates"":[91.47420889503378,24.274037484460106]}"
741,10,0.4333055317401886,37.99404525756836,2021-04-08,616.6500854492188,0,1.0,0.0,2021-04-08,2021-04-07,13.21566390991211,297.64459228515625,2021-04-09,0.0,0.0,2021-04-08,0.2938626706600189,1.0,"{""type"":""Point"",""coordinates"":[95.86700222664274,24.853560703756298]}"
742,90,0.157100111246109,215.4463348388672,2019-08-10,98.60636901855469,0,81.0,2174.849853515625,2019-08-10,2019-08-09,0.2460925132036209,302.4923095703125,2019-08-11,6.980000019073486,12.5,2019-08-10,0.4909731447696686,81.0,"{""type"":""Point"",""coordinates"":[94.46176670247213,26.75940300587791]}"
743,10,-0.032543815672397614,121.25355529785156,2022-09-02,681.6346435546875,0,22.0,38.69999694824219,2022-09-02,2022-09-01,28.284381866455078,295.7742919921875,2022-09-03,38.380001068115234,22.91666603088379,2022-09-02,0.42419877648353577,10.0,"{""type"":""Point"",""coordinates"":[95.34246496947816,28.175284094999334]}"
744,80,-0.06033076345920563,-0.0,2019-08-30,59.5,0,2.0,0.809999942779541,2019-08-30,2019-08-29,0.0,304.55865478515625,2019-08-31,47.63999938964844,20.83333396911621,2019-08-30,0.4683876037597656,1.0,"{""type"":""Point"",""coordinates"":[92.78245417900543,26.596421446020983]}"
745,80,-0.03098943457007408,-0.0,2020-08-16,0.0,0,0.0,0.0,2020-08-16,2020-08-15,0.0,0.0,2020-08-17,74.16999816894531,50.0,2020-08-16,0.0,0.0,"{""type"":""Point"",""coordinates"":[90.11613230639921,21.804527217550746]}"
746,30,0.1905021071434021,144.5209503173828,2023-02-24,5137.88134765625,0,3.0,0.0,2023-02-24,2023-02-23,4.231154918670654,272.76531982421875,2023-02-25,0.0,0.0,2023-02-24,0.05679384991526604,3.0,"{""type"":""Point"",""coordinates"":[88.03503301289737,27.83401801833064]}"
747,100,-0.011981293559074402,115.77473449707031,2020-07-23,4245.66064453125,0,3.0,17.760000228881836,2020-07-23,2020-07-22,35.29203414916992,283.1316223144531,2020-07-24,0.0,0.0,2020-07-23,0.4246775209903717,3.0,"{""type"":""Point"",""coordinates"":[96.55455575534653,28.741009113382507]}"
748,10,0.7746870517730713,54.145423889160156,2022-12-11,558.2926025390625,0,4.0,0.0,2022-12-11,2022-12-10,19.8861083984375,295.8515319824219,2022-12-12,0.0,0.0,2022-12-11,0.2162189483642578,2.0,"{""type"":""Point"",""coordinates"":[92.68020059065324,21.6128057748192]}"
749,10,0.13408716022968292,318.78118896484375,2020-10-14,620.4183349609375,0,100.0,0.4399999976158142,2020-10-14,2020-10-13,16.638879776000977,297.8399658203125,2020-10-15,0.0,0.0,2020-10-14,0.4811134338378906,1.0,"{""type"":""Point"",""coordinates"":[92.46705447129281,25.824228360256175]}"
750,10,0.013157225213944912,160.12081909179688,2019-07-15,107.95187377929688,0,346.0,641.949951171875,2019-07-15,2019-07-14,16.804912567138672,296.9094543457031,2019-07-16,127.25,37.5,2019-07-15,0.4857940673828125,5.0,"{""type"":""Point"",""coordinates"":[91.49592490362194,25.18462917255355]}"
751,10,0.3771139085292816,191.74623107910156,2021-02-11,19.63987159729004,0,2.0,0.0,2021-02-11,2021-02-10,2.997565269470215,295.1492919921875,2021-02-12,0.0,0.0,2021-02-11,0.14036814868450165,1.0,"{""type"":""Point"",""coordinates"":[89.22885499186467,24.27485236307906]}"
752,10,0.4725281894207001,214.28492736816406,2021-10-03,448.6661071777344,0,8.0,36.79999923706055,2021-10-03,2021-10-02,27.483091354370117,298.96527099609375,2021-10-04,5.349999904632568,10.416666984558105,2021-10-03,0.48105621337890625,8.0,"{""type"":""Point"",""coordinates"":[95.61336311382868,27.167853734524897]}"
753,10,0.5542829036712646,2.662726402282715,2022-12-18,981.34423828125,0,2.0,0.0,2022-12-18,2022-12-17,45.51792526245117,286.03936767578125,2022-12-19,0.0,0.0,2022-12-18,0.2040437012910843,2.0,"{""type"":""Point"",""coordinates"":[93.80659113034436,25.104164251420453]}"
754,10,0.06615006923675537,162.85821533203125,2019-08-10,279.8149719238281,0,471.0,8967.83984375,2019-08-10,2019-08-09,20.453725814819336,297.6519775390625,2019-08-11,1.2599999904632568,0.0,2019-08-10,0.481060653924942,471.0,"{""type"":""Point"",""coordinates"":[96.64040140896323,26.779167525328038]}"
755,95,0.19488584995269775,291.4113464355469,2019-04-30,4.766885280609131,0,2.0,0.0,2019-04-30,2019-04-29,0.4784849286079407,303.4773254394531,2019-05-01,0.0,0.0,2019-04-30,0.2908782958984375,2.0,"{""type"":""Point"",""coordinates"":[89.56706897949461,21.85489205459985]}"
756,10,0.1440466344356537,309.27581787109375,2019-10-09,751.371826171875,0,16772.0,43.959999084472656,2019-10-09,2019-10-08,34.02269744873047,291.58026123046875,2019-10-10,5.119999885559082,6.25,2019-10-09,0.4249846041202545,4.0,"{""type"":""Point"",""coordinates"":[93.77912839688774,27.766363795657384]}"
757,10,0.08355890214443207,181.43408203125,2021-06-05,21.574142456054688,0,1.0,34.66999816894531,2021-06-05,2021-06-04,1.5673408508300781,303.8680725097656,2021-06-06,32.27000045776367,20.83333396911621,2021-06-05,0.39057478308677673,1.0,"{""type"":""Point"",""coordinates"":[89.47484215530231,24.82655692131804]}"
758,40,0.030748017132282257,63.89387512207031,2020-07-31,102.96659088134766,0,1.0,97.0199966430664,2020-07-31,2020-07-30,0.6735849380493164,299.76983642578125,2020-08-01,0.26999998092651367,0.0,2020-07-31,0.5063114166259766,1.0,"{""type"":""Point"",""coordinates"":[96.35537474725918,23.928476772648104]}"
759,40,0.3778829574584961,69.63504791259766,2020-11-26,57.03491973876953,0,5.0,0.0,2020-11-26,2020-11-25,0.1719638854265213,292.49664306640625,2020-11-27,0.10999999195337296,0.0,2020-11-26,0.36584219336509705,5.0,"{""type"":""Point"",""coordinates"":[92.52544264558321,26.248768330856034]}"
760,40,-0.01995999738574028,267.1913757324219,2020-08-21,4.452352046966553,0,9.0,937.2599487304688,2020-08-21,2020-08-20,1.2975385189056396,299.6994934082031,2020-08-22,54.65999984741211,75.0,2020-08-21,0.4244556427001953,9.0,"{""type"":""Point"",""coordinates"":[90.14030238352893,23.321984399017943]}"
761,90,-0.0032761977054178715,322.0355224609375,2020-02-19,1.122674822807312,0,30.0,0.0,2020-02-19,2020-02-18,0.4982985258102417,0.0,2020-02-20,0.0,0.0,2020-02-19,0.0,1.0,"{""type"":""Point"",""coordinates"":[91.92870109598205,21.811766496236253]}"
762,10,0.24666179716587067,72.79248046875,2022-10-12,127.24718475341797,0,2.0,52.84000015258789,2022-10-12,2022-10-11,5.226650714874268,300.0044860839844,2022-10-13,5.329999923706055,4.166666507720947,2022-10-12,0.4703127443790436,2.0,"{""type"":""Point"",""coordinates"":[93.0670280826188,25.806133579124854]}"
763,10,0.008553882129490376,71.56896209716797,2020-06-30,1787.1500244140625,0,3.0,20.5,2020-06-30,2020-06-29,39.457332611083984,294.56719970703125,2020-07-01,31.389999389648438,8.333333015441895,2020-06-30,0.4804147183895111,1.0,"{""type"":""Point"",""coordinates"":[95.25407774058519,26.125196829592532]}"
764,10,0.7468079328536987,70.65921020507812,2023-02-18,155.1742706298828,0,25.0,0.0,2023-02-18,2023-02-17,1.8926994800567627,296.527099609375,2023-02-19,0.0,0.0,2023-02-18,0.23353703320026398,1.0,"{""type"":""Point"",""coordinates"":[96.82740086587131,24.783608568112367]}"
765,10,0.07507717609405518,127.75460052490234,2019-10-11,1707.65283203125,0,1.0,0.0,2019-10-11,2019-10-10,38.785064697265625,289.59698486328125,2019-10-12,8.769999504089355,12.5,2019-10-11,0.4271303713321686,1.0,"{""type"":""Point"",""coordinates"":[94.0431273389663,27.97881846156652]}"
766,10,0.47046932578086853,343.6197814941406,2022-03-14,766.2088623046875,0,112.0,0.0,2022-03-14,2022-03-13,37.9098014831543,296.5848693847656,2022-03-15,0.0,0.0,2022-03-14,0.27662530541419983,112.0,"{""type"":""Point"",""coordinates"":[96.91609602918152,25.803790474902183]}"
767,80,-0.039503712207078934,79.84822082519531,2022-05-12,71.41551971435547,0,14.0,397.03997802734375,2022-05-12,2022-05-11,2.0121521949768066,298.74859619140625,2022-05-13,30.209999084472656,31.25,2022-05-12,0.43405595421791077,14.0,"{""type"":""Point"",""coordinates"":[93.32515021887528,26.755181270920623]}"
768,10,0.15658968687057495,97.38544464111328,2023-05-23,822.5311279296875,0,2.0,0.0,2023-05-23,2023-05-22,14.56204605102539,295.67144775390625,2023-05-24,12.84999942779541,16.66666603088379,2023-05-23,0.47575822472572327,2.0,"{""type"":""Point"",""coordinates"":[92.20297614965578,25.68975797436171]}"
769,10,0.26872047781944275,255.35794067382812,2023-12-07,13.904691696166992,0,1.0,8.59000015258789,2023-12-07,2023-12-06,3.59352445602417,296.6153869628906,2023-12-08,58.65999984741211,50.0,2023-12-07,0.28348350524902344,1.0,"{""type"":""Point"",""coordinates"":[92.13884798007265,24.653220971798657]}"
770,80,-0.05295738950371742,257.900390625,2023-09-19,252.1882781982422,0,35.0,7.539999961853027,2023-09-19,2023-09-18,1.7019439935684204,298.58184814453125,2023-09-20,36.21999740600586,22.91666603088379,2023-09-19,0.4577115476131439,1.0,"{""type"":""Point"",""coordinates"":[96.29284600125993,27.884018181595884]}"
771,40,0.2641468942165375,294.265380859375,2021-04-09,11.046618461608887,0,2.0,1.9499999284744263,2021-04-09,2021-04-08,1.1149237155914307,305.3914794921875,2021-04-10,0.0,0.0,2021-04-09,0.15079624950885773,1.0,"{""type"":""Point"",""coordinates"":[88.16694350348175,22.94035037399867]}"
772,10,0.6406616568565369,161.56312561035156,2020-04-02,848.11376953125,0,2.0,0.45000001788139343,2020-04-02,2020-04-01,19.643835067749023,296.80377197265625,2020-04-03,0.019999999552965164,0.0,2020-04-02,0.1271940916776657,2.0,"{""type"":""Point"",""coordinates"":[92.75917783773495,22.858905450280105]}"
773,10,0.07617095857858658,124.91328430175781,2021-04-22,3780.103271484375,0,2.0,3.7799999713897705,2021-04-22,2021-04-21,31.631296157836914,276.9404602050781,2021-04-23,10.039999961853027,16.66666603088379,2021-04-22,0.40794625878334045,2.0,"{""type"":""Point"",""coordinates"":[93.87727084360338,29.178733849574474]}"
774,30,0.12262114882469177,256.1856689453125,2021-09-23,4615.79248046875,0,55.0,0.0,2021-09-23,2021-09-22,32.18026351928711,280.3957214355469,2021-09-24,4.199999809265137,8.333333015441895,2021-09-23,0.3833751678466797,1.0,"{""type"":""Point"",""coordinates"":[90.75466906436164,28.183032466933536]}"
775,30,0.10468138009309769,286.6925354003906,2021-10-13,5083.650390625,0,22.0,0.0,2021-10-13,2021-10-12,9.467514038085938,280.8989562988281,2021-10-14,0.0,0.0,2021-10-13,0.2837778627872467,22.0,"{""type"":""Point"",""coordinates"":[88.00791365652593,29.31326426500442]}"
776,10,0.13945162296295166,155.9332733154297,2022-05-16,1453.3521728515625,0,30.0,2086.7998046875,2022-05-16,2022-05-15,35.83756637573242,295.5345764160156,2022-05-17,23.639999389648438,16.66666603088379,2022-05-16,0.41989073157310486,30.0,"{""type"":""Point"",""coordinates"":[88.28862337541204,26.92759865715588]}"
777,10,0.2706173062324524,277.3501892089844,2020-04-22,1287.3326416015625,0,1.0,16.279998779296875,2020-04-22,2020-04-21,25.578256607055664,296.4269104003906,2020-04-23,2.3399999141693115,4.166666507720947,2020-04-22,0.20739364624023438,1.0,"{""type"":""Point"",""coordinates"":[94.17386649190196,24.42719405707356]}"
778,10,0.013399762101471424,314.4486083984375,2019-07-10,1835.191162109375,0,1.0,129.09999084472656,2019-07-10,2019-07-09,40.58223342895508,294.72186279296875,2019-07-11,205.47000122070312,91.66666412353516,2019-07-10,0.4734344482421875,1.0,"{""type"":""Point"",""coordinates"":[95.90723885106453,26.815398165681692]}"
779,10,-0.06484613567590714,143.06874084472656,2022-04-21,105.3371810913086,0,2217.0,142.0800018310547,2022-04-21,2022-04-20,10.436091423034668,298.2796630859375,2022-04-22,8.220000267028809,10.416666984558105,2022-04-21,0.44991621375083923,16.0,"{""type"":""Point"",""coordinates"":[94.84084378036285,27.322892936953362]}"
780,10,0.022621367126703262,202.75877380371094,2020-08-19,13.685358047485352,0,3.0,11.640000343322754,2020-08-19,2020-08-18,2.19004225730896,301.4175720214844,2020-08-20,5.769999980926514,12.5,2020-08-19,0.40989556908607483,3.0,"{""type"":""Point"",""coordinates"":[89.18385074277562,23.54915396014607]}"
781,10,-0.028029579669237137,69.57074737548828,2022-09-17,1609.3931884765625,0,2.0,6.019999980926514,2022-09-17,2022-09-16,12.666430473327637,294.88702392578125,2022-09-18,0.23999999463558197,0.0,2022-09-17,0.46706581115722656,2.0,"{""type"":""Point"",""coordinates"":[95.96056623925226,27.046478066853847]}"
782,10,0.4007103741168976,200.12184143066406,2022-12-02,648.5899047851562,0,2.0,0.21699999272823334,2022-12-02,2022-12-01,30.07982635498047,294.6709899902344,2022-12-03,0.0,0.0,2022-12-02,0.2918815612792969,1.0,"{""type"":""Point"",""coordinates"":[95.8964459442586,24.537825953683644]}"
783,10,-0.005523943342268467,267.3836364746094,2021-08-25,2539.18505859375,0,4.0,20.0,2021-08-25,2021-08-24,35.612056732177734,290.1748962402344,2021-08-26,20.899999618530273,35.41666793823242,2021-08-25,0.4276765286922455,4.0,"{""type"":""Point"",""coordinates"":[90.34937515394338,27.112871475840613]}"
784,100,-0.021227173507213593,40.650230407714844,2022-10-06,4166.4873046875,0,1.0,5.960000038146973,2022-10-06,2022-10-05,7.416107654571533,282.53839111328125,2022-10-07,0.4099999666213989,0.0,2022-10-06,0.4265511929988861,1.0,"{""type"":""Point"",""coordinates"":[91.36719052004997,27.794055205448156]}"
785,40,0.15715543925762177,277.44482421875,2019-07-08,13.440093040466309,0,2.0,6.119999885559082,2019-07-08,2019-07-07,1.1961792707443237,301.8204345703125,2019-07-09,49.5099983215332,43.75,2019-07-08,0.41278520226478577,2.0,"{""type"":""Point"",""coordinates"":[88.75329540920032,23.787431497754074]}"
786,30,0.09176155179738998,343.1314697265625,2021-04-10,4999.55126953125,0,1.0,0.0,2021-04-10,2021-04-09,28.11205291748047,274.8406982421875,2021-04-11,0.0,0.0,2021-04-10,0.2866738736629486,1.0,"{""type"":""Point"",""coordinates"":[90.59388520418352,29.01317062123718]}"
787,40,0.09888793528079987,143.81983947753906,2021-01-17,65.51021575927734,0,9.0,0.0,2021-01-17,2021-01-16,0.13370990753173828,291.3089599609375,2021-01-18,0.0,0.0,2021-01-17,0.28102874755859375,9.0,"{""type"":""Point"",""coordinates"":[92.88916566341399,26.032066604622567]}"
788,70,-0.006481069140136242,100.8824234008789,2021-06-29,4631.8681640625,0,4.0,72.31999969482422,2021-06-29,2021-06-28,4.152204990386963,285.0939025878906,2021-06-30,6.509999752044678,14.583333015441895,2021-06-29,0.42632293701171875,4.0,"{""type"":""Point"",""coordinates"":[96.44962293879233,29.00750112661799]}"
789,10,-0.013764762319624424,294.08935546875,2022-07-12,2534.72509765625,0,22.0,62.69999694824219,2022-07-12,2022-07-11,55.234046936035156,284.51470947265625,2022-07-13,12.460000038146973,20.83333396911621,2022-07-12,0.4163900911808014,22.0,"{""type"":""Point"",""coordinates"":[88.41384120538365,27.608246423398175]}"
790,10,0.0633905902504921,93.41022491455078,2021-05-16,242.47189331054688,0,71.0,11.669999122619629,2021-05-16,2021-05-15,9.088288307189941,299.17529296875,2021-05-17,0.0,0.0,2021-05-16,0.4507077634334564,3.0,"{""type"":""Point"",""coordinates"":[93.22582872751909,26.138421539995857]}"
791,40,0.056033190339803696,151.04209899902344,2020-05-16,5.681861877441406,0,21.0,121.16999816894531,2020-05-16,2020-05-15,3.3142800331115723,301.9394226074219,2020-05-17,33.439998626708984,14.583333015441895,2020-05-16,0.45796266198158264,21.0,"{""type"":""Point"",""coordinates"":[90.64988234375978,24.108130909703686]}"
792,50,-0.008630759082734585,267.83599853515625,2022-06-24,11.630934715270996,0,1.0,3.7299997806549072,2022-06-24,2022-06-23,5.14856481552124,301.6024475097656,2022-06-25,5.759999752044678,2.0833332538604736,2022-06-24,0.4108498990535736,1.0,"{""type"":""Point"",""coordinates"":[91.09813071648195,22.892426846326906]}"
793,50,0.2349858433008194,66.13639831542969,2022-03-11,88.99324798583984,0,1.0,0.0,2022-03-11,2022-03-10,0.4582210183143616,298.84442138671875,2022-03-12,0.0,0.0,2022-03-11,0.1399364471435547,1.0,"{""type"":""Point"",""coordinates"":[88.72157838653435,26.52315017066215]}"
794,40,0.45245277881622314,210.7617645263672,2019-04-30,8.063226699829102,0,3.0,0.0,2019-04-30,2019-04-29,0.5224633812904358,305.86883544921875,2019-05-01,1.409999966621399,2.0833332538604736,2019-04-30,0.22510528564453125,3.0,"{""type"":""Point"",""coordinates"":[89.88438576898109,23.684569103067492]}"
795,40,0.22404959797859192,141.28933715820312,2023-10-04,65.05306243896484,0,1.0,26.139999389648438,2023-10-04,2023-10-03,0.0822230651974678,300.06884765625,2023-10-05,132.17999267578125,87.5,2023-10-04,0.42417845129966736,1.0,"{""type"":""Point"",""coordinates"":[88.73522151322427,26.29283629462778]}"
796,40,0.16963151097297668,257.1082458496094,2019-10-29,91.56767272949219,0,2.0,0.0,2019-10-29,2019-10-28,0.44135427474975586,297.2138977050781,2019-10-30,0.0,0.0,2019-10-29,0.45599618554115295,2.0,"{""type"":""Point"",""coordinates"":[94.51687390341456,27.264273270425367]}"
797,10,0.31232863664627075,209.60882568359375,2022-05-30,43.52398681640625,0,1.0,22.709999084472656,2022-05-30,2022-05-29,1.9869650602340698,300.6883544921875,2022-05-31,0.5399999618530273,2.0833332538604736,2022-05-30,0.4849611818790436,1.0,"{""type"":""Point"",""coordinates"":[91.454815688474,23.414783424061156]}"
798,30,0.012229162268340588,127.04178619384766,2019-08-04,4337.548828125,0,2.0,3.5999999046325684,2019-08-04,2019-08-03,39.12978744506836,283.70745849609375,2019-08-05,35.70000076293945,50.0,2019-08-04,0.41981253027915955,1.0,"{""type"":""Point"",""coordinates"":[91.20459593394276,28.29614888522873]}"
799,10,-0.0011196478735655546,314.1492614746094,2020-08-16,3.5,0,1.0,51.90999984741211,2020-08-16,2020-08-15,3.3738274574279785,302.6820373535156,2020-08-17,43.91999816894531,43.75,2020-08-16,0.46438851952552795,1.0,"{""type"":""Point"",""coordinates"":[89.6799430817966,22.621744618212492]}"
800,10,0.05572458729147911,177.5472869873047,2023-03-01,871.6165771484375,0,1.0,0.0,2023-03-01,2023-02-28,40.8015251159668,290.2738342285156,2023-03-02,0.1720000058412552,0.0,2023-03-01,0.3956521451473236,1.0,"{""type"":""Point"",""coordinates"":[90.08812601059205,26.797243480529485]}"
801,10,0.18236078321933746,108.63823699951172,2023-10-13,9.85831356048584,0,3.0,5.710000038146973,2023-10-13,2023-10-12,4.856717586517334,300.2175598144531,2023-10-14,1.1799999475479126,2.0833332538604736,2023-10-13,0.3529548645019531,1.0,"{""type"":""Point"",""coordinates"":[91.95667619549293,21.521126337738387]}"
802,80,-0.1564459502696991,-0.0,2023-02-17,0.0,0,0.0,0.0,2023-02-17,2023-02-16,0.0,0.0,2023-02-18,0.0,0.0,2023-02-17,0.0,0.0,"{""type"":""Point"",""coordinates"":[88.81900359665502,21.53567289899437]}"
803,30,0.14390066266059875,159.06362915039062,2021-01-03,4798.95703125,0,5.0,0.0,2021-01-03,2021-01-02,17.943708419799805,272.1886901855469,2021-01-04,0.0,0.0,2021-01-03,0.2960573732852936,1.0,"{""type"":""Point"",""coordinates"":[89.23187876505523,28.791685237509085]}"
804,10,0.20217090845108032,256.6018371582031,2019-10-22,287.96441650390625,0,2.0,0.0,2019-10-22,2019-10-21,4.214707374572754,297.2955627441406,2019-10-23,0.0,0.0,2019-10-22,0.43986448645591736,2.0,"{""type"":""Point"",""coordinates"":[94.23533732301199,24.136385487592566]}"
805,30,0.49069759249687195,334.9435119628906,2020-11-12,153.68850708007812,0,3.0,0.0,2020-11-12,2020-11-11,2.1612391471862793,295.0234375,2020-11-13,0.0,0.0,2020-11-12,0.4299812316894531,3.0,"{""type"":""Point"",""coordinates"":[95.88145803836044,27.528647570334012]}"
806,10,0.04299081116914749,182.7432098388672,2021-07-18,5.195691108703613,0,1.0,6.4599995613098145,2021-07-18,2021-07-17,3.323509693145752,302.5830993652344,2021-07-19,23.350000381469727,22.91666603088379,2021-07-18,0.4760964810848236,1.0,"{""type"":""Point"",""coordinates"":[88.75545809155435,22.11281424887411]}"
807,10,0.15152345597743988,119.53771209716797,2022-11-08,4004.72802734375,0,2.0,0.07999999821186066,2022-11-08,2022-11-07,43.394256591796875,275.4371337890625,2022-11-09,0.20999999344348907,0.0,2022-11-08,0.38708242774009705,2.0,"{""type"":""Point"",""coordinates"":[93.77214663738182,28.88063879027254]}"
808,30,0.016791507601737976,353.07373046875,2021-08-06,4539.55517578125,0,2.0,3.93999981880188,2021-08-06,2021-08-05,22.144392013549805,285.2962341308594,2021-08-07,0.0,0.0,2021-08-06,0.3943824768066406,1.0,"{""type"":""Point"",""coordinates"":[89.55387249390726,28.817011109709426]}"
809,10,0.5111069679260254,330.31756591796875,2021-11-01,418.3483581542969,0,1.0,2.1599998474121094,2021-11-01,2021-10-31,31.01516342163086,297.95184326171875,2021-11-02,0.03400000184774399,0.0,2021-11-01,0.3366158902645111,1.0,"{""type"":""Point"",""coordinates"":[92.51547341621868,24.12087827697573]}"
810,10,0.1638963222503662,322.82421875,2023-05-11,184.66751098632812,0,21.0,0.0,2023-05-11,2023-05-10,8.876505851745605,299.271484375,2023-05-12,0.0,0.0,2023-05-11,0.23852157592773438,12.0,"{""type"":""Point"",""coordinates"":[90.26665157562249,26.775493965058814]}"
811,10,0.061503879725933075,108.20716857910156,2019-08-14,1512.158203125,0,3.0,54.93000030517578,2019-08-14,2019-08-13,27.138914108276367,293.6451110839844,2019-08-15,33.099998474121094,29.16666603088379,2019-08-14,0.42209625244140625,3.0,"{""type"":""Point"",""coordinates"":[88.58045192527022,27.346658077298898]}"
812,10,0.01037577074021101,256.4276428222656,2021-06-23,901.6185302734375,0,3.0,0.0,2021-06-23,2021-06-22,24.052791595458984,297.130126953125,2021-06-24,39.209999084472656,16.66666603088379,2021-06-23,0.4782797396183014,3.0,"{""type"":""Point"",""coordinates"":[94.57616325516796,25.58863179531657]}"
813,60,0.004937722347676754,310.8660583496094,2020-06-10,5602.68359375,0,1.0,0.0,2020-06-10,2020-06-09,34.767208099365234,283.4665222167969,2020-06-11,0.0,0.0,2020-06-10,0.21740023791790009,1.0,"{""type"":""Point"",""coordinates"":[88.45719429324568,28.642337689648084]}"
814,10,0.6289228796958923,66.14651489257812,2023-02-03,663.800048828125,0,15626.0,29220.619140625,2023-02-03,2023-02-02,29.18028450012207,283.7828063964844,2023-02-04,0.0,0.0,2023-02-03,0.249664306640625,15626.0,"{""type"":""Point"",""coordinates"":[90.9312437695599,27.12679876566864]}"
815,60,0.03594549000263214,268.79608154296875,2022-08-12,4707.99853515625,0,5.0,0.0,2022-08-12,2022-08-11,2.5847928524017334,284.4236145019531,2022-08-13,0.0,0.0,2022-08-12,0.3848317563533783,2.0,"{""type"":""Point"",""coordinates"":[88.62161819849808,28.566085592246363]}"
816,40,0.17299607396125793,117.12915802001953,2019-01-01,7.928652286529541,0,4.0,0.0,2019-01-01,2018-12-31,1.038684368133545,292.7973327636719,2019-01-02,0.0010000000474974513,0.0,2019-01-01,0.1710020750761032,4.0,"{""type"":""Point"",""coordinates"":[91.16311041978656,23.26131859233664]}"
817,10,0.06717150658369064,121.75830841064453,2023-09-26,2492.70068359375,0,147.0,1001.949951171875,2023-09-26,2023-09-25,28.37974739074707,286.3255310058594,2023-09-27,3.6999998092651367,4.166666507720947,2023-09-26,0.42643484473228455,145.0,"{""type"":""Point"",""coordinates"":[95.43685140183997,28.795405282369824]}"
818,40,0.10761726647615433,252.7026824951172,2023-12-04,1.5562385320663452,0,1.0,0.0,2023-12-04,2023-12-03,0.11498230695724487,297.1864013671875,2023-12-05,0.009999999776482582,0.0,2023-12-04,0.09231122583150864,1.0,"{""type"":""Point"",""coordinates"":[90.59233717336444,22.0845207271232]}"
819,10,0.04290420562028885,166.2875518798828,2021-07-14,304.2773742675781,0,1.0,58.79999923706055,2021-07-14,2021-07-13,2.3043997287750244,297.0133972167969,2021-07-15,41.849998474121094,45.83333206176758,2021-07-14,0.41184869408607483,1.0,"{""type"":""Point"",""coordinates"":[90.3397725252153,26.88129403228075]}"
820,10,0.755640983581543,122.61508178710938,2021-12-14,721.9010620117188,0,1.0,0.0,2021-12-14,2021-12-13,19.813152313232422,289.92828369140625,2021-12-15,0.0,0.0,2021-12-14,0.4187113344669342,1.0,"{""type"":""Point"",""coordinates"":[94.25269997357701,24.3192774613392]}"
821,30,0.5496730804443359,218.52903747558594,2022-01-06,3213.230712890625,0,10.0,61.999996185302734,2022-01-06,2022-01-05,31.63738250732422,272.7388916015625,2022-01-07,3.7699999809265137,0.0,2022-01-06,0.36127471923828125,10.0,"{""type"":""Point"",""coordinates"":[90.90544568409581,27.415910234084592]}"
822,80,-0.1216868981719017,-0.0,2021-11-25,0.0,0,0.0,0.0,2021-11-25,2021-11-24,0.0,0.0,2021-11-26,0.0,0.0,2021-11-25,0.0,0.0,"{""type"":""Point"",""coordinates"":[91.16698957783336,22.025045279373508]}"
823,10,0.8181715607643127,233.8357696533203,2023-02-06,1296.487548828125,0,9.0,1.6200000047683716,2023-02-06,2023-02-05,26.27687644958496,286.31317138671875,2023-02-07,2.2899999618530273,0.0,2023-02-06,0.29270172119140625,9.0,"{""type"":""Point"",""coordinates"":[94.61846039349253,26.063999347043143]}"
824,10,0.07004047185182571,261.9329528808594,2019-04-25,1857.5457763671875,0,50.0,55.5,2019-04-25,2019-04-24,33.424293518066406,285.58026123046875,2019-04-26,3.4799997806549072,0.0,2019-04-25,0.38531050086021423,50.0,"{""type"":""Point"",""coordinates"":[93.80022470361712,28.310322551200798]}"
825,10,0.02362540364265442,354.974609375,2020-06-18,1159.46875,0,12.0,1554.9599609375,2020-06-18,2020-06-17,21.181562423706055,296.351806640625,2020-06-19,60.779998779296875,35.41666793823242,2020-06-18,0.4748471677303314,12.0,"{""type"":""Point"",""coordinates"":[96.10672250473144,27.09249553784713]}"
826,100,-0.02327725477516651,170.27609252929688,2019-05-03,4651.44482421875,0,3.0,5.519999980926514,2019-05-03,2019-05-02,3.903644561767578,272.1398620605469,2019-05-04,3.629999876022339,6.25,2019-05-03,0.42461395263671875,2.0,"{""type"":""Point"",""coordinates"":[93.75293863972215,29.26656274889456]}"
827,10,0.4625243544578552,99.61709594726562,2023-03-19,182.55577087402344,0,7.0,0.3199999928474426,2023-03-19,2023-03-18,1.7000277042388916,299.400146484375,2023-03-20,49.91999816894531,2.0833332538604736,2023-03-19,0.2554740905761719,2.0,"{""type"":""Point"",""coordinates"":[96.71896279827759,23.50348246135873]}"
828,10,0.34282952547073364,185.7789306640625,2022-11-16,2319.16015625,0,5.0,0.0,2022-11-16,2022-11-15,19.21669578552246,285.4921875,2022-11-17,0.0,0.0,2022-11-16,0.33838018774986267,5.0,"{""type"":""Point"",""coordinates"":[93.31221451473144,27.334517190757094]}"
829,40,0.403591126203537,183.05857849121094,2019-02-08,18.834293365478516,0,14.0,0.0,2019-02-08,2019-02-07,2.260455369949341,296.4557189941406,2019-02-09,27.43000030517578,14.583333015441895,2019-02-08,0.25429344177246094,14.0,"{""type"":""Point"",""coordinates"":[90.20366715980676,24.481603841145755]}"
830,10,0.12269101291894913,216.26962280273438,2019-08-13,7.385229110717773,0,17.0,66.06999969482422,2019-08-13,2019-08-12,8.14952278137207,302.18316650390625,2019-08-14,77.40999603271484,77.08333587646484,2019-08-13,0.4518972933292389,1.0,"{""type"":""Point"",""coordinates"":[89.22857532516504,22.741850179086054]}"
831,60,0.20624999701976776,336.65765380859375,2019-12-26,85.27928924560547,0,2.0,0.0,2019-12-26,2019-12-25,0.43232259154319763,296.42193603515625,2019-12-27,1.8199999332427979,0.0,2019-12-26,0.2562084197998047,1.0,"{""type"":""Point"",""coordinates"":[95.15297057644216,22.183673677972788]}"
832,40,0.4105079472064972,42.90065383911133,2023-04-30,34.497989654541016,0,1.0,14.149999618530273,2023-04-30,2023-04-29,3.0575008392333984,300.0538635253906,2023-05-01,2.859999895095825,4.166666507720947,2023-04-30,0.3414084017276764,1.0,"{""type"":""Point"",""coordinates"":[89.67989952405146,26.22240763147557]}"
833,10,0.8374524712562561,42.80671691894531,2022-12-21,157.90357971191406,0,1.0,0.0,2022-12-21,2022-12-20,3.931062936782837,291.77716064453125,2022-12-22,0.0,0.0,2022-12-21,0.2732067108154297,1.0,"{""type"":""Point"",""coordinates"":[95.41366999086752,27.219643344742842]}"
834,40,0.18710829317569733,176.04443359375,2023-01-01,2.6656999588012695,0,1.0,0.0,2023-01-01,2022-12-31,1.7579950094223022,294.2965087890625,2023-01-02,0.0010000000474974513,0.0,2023-01-01,0.058633167296648026,1.0,"{""type"":""Point"",""coordinates"":[90.48215796925422,23.0551132116444]}"
835,10,0.1792590618133545,58.5500373840332,2023-07-30,257.6073303222656,0,5.0,1.4799998998641968,2023-07-30,2023-07-29,15.832727432250977,302.59185791015625,2023-07-31,31.549999237060547,18.75,2023-07-30,0.3804963529109955,2.0,"{""type"":""Point"",""coordinates"":[91.91195332505406,24.11027946029143]}"
836,40,0.09094667434692383,3.4753754138946533,2021-08-31,176.0641326904297,0,3.0,54.53999710083008,2021-08-31,2021-08-30,0.05834435671567917,299.3826904296875,2021-09-01,0.0,0.0,2021-08-31,0.48443350195884705,3.0,"{""type"":""Point"",""coordinates"":[96.51007534083821,25.267035126327844]}"
837,10,0.15714794397354126,152.55894470214844,2019-02-10,3336.454833984375,0,4.0,1.1200000047683716,2019-02-10,2019-02-09,33.83550262451172,274.4116516113281,2019-02-11,0.6799999475479126,0.0,2019-02-10,0.4213218688964844,1.0,"{""type"":""Point"",""coordinates"":[89.68319711099957,27.557629507779563]}"
838,10,0.031206278130412102,302.10015869140625,2023-05-22,2490.328369140625,0,1.0,28.759998321533203,2023-05-22,2023-05-21,8.588644981384277,287.2233581542969,2023-05-23,14.09000015258789,16.66666603088379,2023-05-22,0.42546018958091736,1.0,"{""type"":""Point"",""coordinates"":[93.98341958453317,27.594261026468914]}"
839,10,0.8343268632888794,163.0834197998047,2021-11-22,222.38613891601562,0,3.0,0.0,2021-11-22,2021-11-21,14.551559448242188,293.6622314453125,2021-11-23,0.0,0.0,2021-11-22,0.3029670715332031,3.0,"{""type"":""Point"",""coordinates"":[93.57304555104398,25.664505795414705]}"
840,10,-0.012474240735173225,199.36737060546875,2021-08-24,724.0741577148438,0,1.0,6.2099995613098145,2021-08-24,2021-08-23,15.36530876159668,299.0448303222656,2021-08-25,63.68000030517578,39.58333206176758,2021-08-24,0.4651508331298828,1.0,"{""type"":""Point"",""coordinates"":[96.3109746407755,24.42592342599793]}"
841,30,0.17909905314445496,198.2867889404297,2022-05-15,4844.93701171875,0,2.0,11.800000190734863,2022-05-15,2022-05-14,11.537137031555176,283.54644775390625,2022-05-16,0.0,0.0,2022-05-15,0.3577829897403717,2.0,"{""type"":""Point"",""coordinates"":[91.30179454200203,28.931154122038052]}"
842,40,0.07080818712711334,309.7021484375,2022-09-24,169.92318725585938,0,4.0,216.52000427246094,2022-09-24,2022-09-23,0.5491775274276733,299.3166809082031,2022-09-25,78.54000091552734,33.33333206176758,2022-09-24,0.47925058007240295,4.0,"{""type"":""Point"",""coordinates"":[94.18597304873038,23.805757363248652]}"
843,80,-0.3024432957172394,197.3990478515625,2023-03-01,5554.10107421875,0,75.0,0.0,2023-03-01,2023-02-28,0.19885292649269104,263.51251220703125,2023-03-02,0.08300000429153442,0.0,2023-03-01,0.27658843994140625,1.0,"{""type"":""Point"",""coordinates"":[88.06730513263383,27.935123682929877]}"
844,30,0.03715134412050247,82.56914520263672,2020-02-05,5265.41943359375,0,2.0,0.0,2020-02-05,2020-02-04,20.39988899230957,267.5479431152344,2020-02-06,0.0,0.0,2020-02-05,0.08750343322753906,2.0,"{""type"":""Point"",""coordinates"":[89.80061432020746,28.588334603124544]}"
845,30,0.0758134201169014,36.632442474365234,2022-06-20,4608.7412109375,0,7.0,0.0,2022-06-20,2022-06-19,21.082021713256836,285.8218078613281,2022-06-21,5.96999979019165,10.416666984558105,2022-06-20,0.36918196082115173,7.0,"{""type"":""Point"",""coordinates"":[90.52423063167791,29.084523738947723]}"
846,20,0.35302093625068665,210.39479064941406,2020-03-21,141.49256896972656,0,17.0,0.0,2020-03-21,2020-03-20,8.733237266540527,301.46490478515625,2020-03-22,0.0,0.0,2020-03-21,0.22637303173542023,17.0,"{""type"":""Point"",""coordinates"":[94.80628571042018,22.735686357162404]}"
847,40,0.05408979207277298,191.55953979492188,2020-06-02,83.52943420410156,0,1.0,7.302999973297119,2020-06-02,2020-06-01,0.7932681441307068,298.4973449707031,2020-06-03,47.39999771118164,16.66666603088379,2020-06-02,0.467693954706192,1.0,"{""type"":""Point"",""coordinates"":[93.06434437512912,26.847388324403394]}"
848,10,0.8815276622772217,7.319489479064941,2022-12-20,219.88986206054688,0,1.0,0.7599999904632568,2022-12-20,2022-12-19,13.40798568725586,290.5430908203125,2022-12-21,0.0,0.0,2022-12-20,0.289520263671875,1.0,"{""type"":""Point"",""coordinates"":[95.32472252517383,25.518575602332884]}"
849,30,0.2159866988658905,125.7783203125,2019-12-03,3670.952392578125,0,1271.0,0.0,2019-12-03,2019-12-02,42.01885986328125,272.7808837890625,2019-12-04,0.20999999344348907,0.0,2019-12-03,0.31182733178138733,1271.0,"{""type"":""Point"",""coordinates"":[92.78804177948095,28.602756269741406]}"
850,40,0.08961476385593414,274.98828125,2022-04-02,915.1564331054688,0,55.0,7.840000629425049,2022-04-02,2022-04-01,4.121793746948242,296.2350158691406,2022-04-03,0.0,0.0,2022-04-02,0.3413747251033783,49.0,"{""type"":""Point"",""coordinates"":[97.02869896839513,22.470113175680556]}"
851,40,0.2500162124633789,170.22109985351562,2022-11-06,95.66331481933594,0,2.0,0.0,2022-11-06,2022-11-05,0.2537149488925934,295.2255859375,2022-11-07,0.0,0.0,2022-11-06,0.2996304929256439,2.0,"{""type"":""Point"",""coordinates"":[94.43367978911951,27.41339895018351]}"
852,10,0.40882858633995056,286.974365234375,2019-01-01,1577.7060546875,0,3.0,0.0,2019-01-01,2018-12-31,28.578983306884766,284.3214111328125,2019-01-02,0.006000000052154064,0.0,2019-01-01,0.23624356091022491,1.0,"{""type"":""Point"",""coordinates"":[93.67147923064768,23.97499437049866]}"
853,40,0.16502779722213745,2.2917301654815674,2020-03-11,13.693946838378906,0,1.0,0.0,2020-03-11,2020-03-10,6.916899681091309,296.1677551269531,2020-03-12,0.0,0.0,2020-03-11,0.23368136584758759,1.0,"{""type"":""Point"",""coordinates"":[90.30754798943211,25.038493702962107]}"
854,40,0.03802238777279854,171.69847106933594,2021-06-16,225.8144989013672,0,5.0,228.59999084472656,2021-06-16,2021-06-15,1.306441307067871,300.2370910644531,2021-06-17,3.309999942779541,4.166666507720947,2021-06-16,0.35396766662597656,5.0,"{""type"":""Point"",""coordinates"":[91.91079162723472,26.84498928982504]}"
855,10,0.3114655315876007,182.44183349609375,2022-11-22,689.7689208984375,0,2.0,0.5600000023841858,2022-11-22,2022-11-21,24.951217651367188,291.2588806152344,2022-11-23,0.0,0.0,2022-11-22,0.36123403906822205,2.0,"{""type"":""Point"",""coordinates"":[92.54685114719103,25.769325161604144]}"
856,30,0.1596931368112564,142.54046630859375,2020-02-29,992.3333740234375,0,1.0,0.0,2020-02-29,2020-02-28,4.275366306304932,288.6323547363281,2020-03-01,0.0,0.0,2020-02-29,0.4542624056339264,1.0,"{""type"":""Point"",""coordinates"":[92.41242832047342,25.742017244942137]}"
857,40,0.015035523101687431,256.5751037597656,2022-07-26,45.27449417114258,0,3.0,58.77000045776367,2022-07-26,2022-07-25,0.43811896443367004,301.3087463378906,2022-07-27,0.7999999523162842,0.0,2022-07-26,0.4944496154785156,3.0,"{""type"":""Point"",""coordinates"":[91.39705023010215,26.390732486170315]}"
858,30,0.49891969561576843,185.13783264160156,2021-11-23,127.91835021972656,0,1.0,2.490000009536743,2021-11-23,2021-11-22,2.9900124073028564,293.6001281738281,2021-11-24,0.14999999105930328,0.0,2021-11-23,0.17187945544719696,1.0,"{""type"":""Point"",""coordinates"":[94.65542940423002,27.626621701990008]}"
859,30,0.1714053601026535,295.8163146972656,2020-02-16,4808.3115234375,0,7.0,0.0,2020-02-16,2020-02-15,11.485650062561035,272.45648193359375,2020-02-17,0.0,0.0,2020-02-16,0.27176856994628906,7.0,"{""type"":""Point"",""coordinates"":[89.38519607042167,29.227635431890516]}"
860,40,0.15279459953308105,233.08990478515625,2019-08-17,4.718489170074463,0,1.0,6.690000057220459,2019-08-17,2019-08-16,6.603353977203369,300.9519958496094,2019-08-18,5.789999961853027,10.416666984558105,2019-08-17,0.4214038848876953,1.0,"{""type"":""Point"",""coordinates"":[90.41971163822761,23.574301654475388]}"
861,40,0.2869001030921936,77.46479034423828,2022-02-02,47.569034576416016,0,1.0,0.11000000685453415,2022-02-02,2022-02-01,0.24033348262310028,289.8971862792969,2022-02-03,0.0,0.0,2022-02-02,0.3114776611328125,1.0,"{""type"":""Point"",""coordinates"":[90.21104733780142,26.447120236642906]}"
862,10,0.5753383636474609,195.11521911621094,2021-11-14,11.72854995727539,0,3.0,10.619999885559082,2021-11-14,2021-11-13,2.3059728145599365,296.23431396484375,2021-11-15,0.7599999904632568,0.0,2021-11-14,0.3315957486629486,3.0,"{""type"":""Point"",""coordinates"":[88.2519824301765,22.724980001005132]}"
863,10,0.03192603960633278,0.4399314224720001,2020-07-19,193.2269287109375,0,1.0,30.719999313354492,2020-07-19,2020-07-18,9.875090599060059,300.1054992675781,2020-07-20,35.04999923706055,47.91666793823242,2020-07-19,0.4829063415527344,1.0,"{""type"":""Point"",""coordinates"":[95.68105076362971,27.38212774111499]}"
864,10,0.14430953562259674,118.41873931884766,2019-09-03,70.3447494506836,0,4.0,50.34000015258789,2019-09-03,2019-09-02,4.780200004577637,303.5760192871094,2019-09-04,13.800000190734863,12.5,2019-09-03,0.4157625734806061,1.0,"{""type"":""Point"",""coordinates"":[88.71178627563565,26.319010868326437]}"
865,40,0.4763491153717041,251.197265625,2023-05-07,15.619427680969238,0,8.0,0.0,2023-05-07,2023-05-06,1.260899305343628,302.6840515136719,2023-05-08,0.0,0.0,2023-05-07,0.29750823974609375,1.0,"{""type"":""Point"",""coordinates"":[90.0185290135248,24.457807610709516]}"
866,30,0.0764918178319931,57.70680236816406,2019-03-13,4660.24658203125,0,1.0,0.0,2019-03-13,2019-03-12,17.994895935058594,272.3756103515625,2019-03-14,0.0,0.0,2019-03-13,0.3211580812931061,1.0,"{""type"":""Point"",""coordinates"":[90.38962802193414,28.975958502039877]}"
867,30,0.10438602417707443,286.33673095703125,2022-04-13,4652.2685546875,0,2.0,0.019999999552965164,2022-04-13,2022-04-12,10.411927223205566,276.24627685546875,2022-04-14,1.7799999713897705,4.166666507720947,2022-04-13,0.20887629687786102,2.0,"{""type"":""Point"",""coordinates"":[90.43132310827527,28.774003784422852]}"
868,10,0.6395453810691833,112.66101837158203,2021-03-12,287.29669189453125,0,3.0,0.0,2021-03-12,2021-03-11,10.35507869720459,294.14007568359375,2021-03-13,0.0,0.0,2021-03-12,0.37107086181640625,3.0,"{""type"":""Point"",""coordinates"":[93.52648594718093,25.609996976647857]}"
869,10,0.15321944653987885,238.76214599609375,2020-06-05,297.1032409667969,0,1.0,10.269999504089355,2020-06-05,2020-06-04,5.738872528076172,297.11041259765625,2020-06-06,3.259999990463257,4.166666507720947,2020-06-05,0.5000057220458984,1.0,"{""type"":""Point"",""coordinates"":[97.04839096423592,26.227693938826338]}"
870,10,0.5185156464576721,300.8892517089844,2022-03-11,1111.557373046875,0,1.0,0.0,2022-03-11,2022-03-10,43.500732421875,290.9168395996094,2022-03-12,0.0,0.0,2022-03-11,0.3210582733154297,1.0,"{""type"":""Point"",""coordinates"":[94.81951256408666,26.052252569046452]}"
871,40,0.4009489417076111,318.34552001953125,2019-01-29,42.028587341308594,0,2.0,0.0,2019-01-29,2019-01-28,3.4088258743286133,294.11865234375,2019-01-30,0.0,0.0,2019-01-29,0.14057350158691406,1.0,"{""type"":""Point"",""coordinates"":[88.27569949508785,25.823494905722416]}"
872,40,0.20856720209121704,175.4149932861328,2021-05-10,875.1741333007812,0,1.0,25.399999618530273,2021-05-10,2021-05-09,0.2866232693195343,295.5041198730469,2021-05-11,0.0,0.0,2021-05-10,0.46788978576660156,1.0,"{""type"":""Point"",""coordinates"":[96.75150150941892,22.84269242235303]}"
873,100,-0.019884221255779266,300.2251281738281,2019-02-08,4806.619140625,0,3.0,0.0,2019-02-08,2019-02-07,18.417768478393555,271.2709045410156,2019-02-09,0.4399999976158142,0.0,2019-02-08,0.30289140343666077,3.0,"{""type"":""Point"",""coordinates"":[91.73064200651207,27.98081042224126]}"
874,80,-0.10068842768669128,-0.0,2020-12-20,4.0,0,127679.0,0.0,2020-12-20,2020-12-19,0.0,292.1605529785156,2020-12-21,0.0,0.0,2020-12-20,0.14997927844524384,127679.0,"{""type"":""Point"",""coordinates"":[88.36832139571901,23.226619833506675]}"
875,10,0.18626827001571655,158.3509063720703,2021-11-05,184.83135986328125,0,19.0,81.69999694824219,2021-11-05,2021-11-04,7.320911884307861,294.7742004394531,2021-11-06,0.0,0.0,2021-11-05,0.36934471130371094,19.0,"{""type"":""Point"",""coordinates"":[91.01434636367115,25.227211140248706]}"
876,40,0.13143528997898102,230.17813110351562,2021-02-27,6.111952304840088,0,20.0,0.0,2021-02-27,2021-02-26,0.30489489436149597,299.6343994140625,2021-02-28,0.0,0.0,2021-02-27,0.13938267529010773,1.0,"{""type"":""Point"",""coordinates"":[91.60003919168433,24.65389046568991]}"
877,10,0.06232541427016258,335.24957275390625,2021-05-25,3656.12939453125,0,5.0,0.9599999785423279,2021-05-25,2021-05-24,34.480628967285156,283.6348876953125,2021-05-26,2.0,2.0833332538604736,2021-05-25,0.374835342168808,4.0,"{""type"":""Point"",""coordinates"":[97.46684176243062,28.942440046093438]}"
878,20,0.5786954164505005,167.44540405273438,2019-01-30,216.0079345703125,0,1.0,4.159999847412109,2019-01-30,2019-01-29,1.713134527206421,295.9487609863281,2019-01-31,0.0,0.0,2019-01-30,0.21104049682617188,1.0,"{""type"":""Point"",""coordinates"":[95.136890704799,23.110705258685314]}"
879,10,0.03213518485426903,172.1700439453125,2020-08-23,472.72039794921875,0,1.0,2.369999885559082,2020-08-23,2020-08-22,16.55674171447754,300.372802734375,2020-08-24,79.86000061035156,22.91666603088379,2020-08-23,0.49618783593177795,1.0,"{""type"":""Point"",""coordinates"":[95.54665003043164,24.681732738010705]}"
880,40,0.4706055521965027,339.7552795410156,2019-11-24,83.7353515625,0,1.0,0.0,2019-11-24,2019-11-23,1.3957480192184448,294.41375732421875,2019-11-25,0.0,0.0,2019-11-24,0.26823678612709045,1.0,"{""type"":""Point"",""coordinates"":[92.4574676958764,26.723225330882762]}"
881,80,-0.03300599381327629,-0.0,2019-09-01,0.0,0,16.0,27.809999465942383,2019-09-01,2019-08-31,0.0,303.185546875,2019-09-02,64.66200256347656,27.08333396911621,2019-09-01,0.38054847717285156,3.0,"{""type"":""Point"",""coordinates"":[90.7254904750713,23.66020360786895]}"
882,40,0.159988135099411,318.344970703125,2023-08-15,35.54323959350586,0,347.0,754.2799682617188,2023-08-15,2023-08-14,5.492656230926514,302.39727783203125,2023-08-16,0.3100000023841858,0.0,2023-08-15,0.39961686730384827,346.0,"{""type"":""Point"",""coordinates"":[90.23399305562421,25.995454016288882]}"
883,40,-0.008555729873478413,86.62797546386719,2022-09-16,11.73327350616455,0,15.0,169.64999389648438,2022-09-16,2022-09-15,0.32197660207748413,300.4993591308594,2022-09-17,6.37999963760376,0.0,2022-09-16,0.42194366455078125,15.0,"{""type"":""Point"",""coordinates"":[89.57203779473184,24.455853345000094]}"
884,10,0.5600431561470032,131.739013671875,2020-02-10,398.07672119140625,0,41.0,0.3199999928474426,2020-02-10,2020-02-09,29.3659610748291,287.48480224609375,2020-02-11,0.0,0.0,2020-02-10,0.46356201171875,1.0,"{""type"":""Point"",""coordinates"":[94.8973964427133,26.582731777404128]}"
885,10,0.027368364855647087,245.7679443359375,2020-09-01,2598.319580078125,0,1.0,8.489999771118164,2020-09-01,2020-08-31,29.546907424926758,292.8531494140625,2020-09-02,60.86499786376953,62.5,2020-09-01,0.42144647240638733,1.0,"{""type"":""Point"",""coordinates"":[93.48631853462483,28.10802339085943]}"
886,10,-0.01668495312333107,242.04702758789062,2020-09-28,1519.0560302734375,0,1.0,14.25,2020-09-28,2020-09-27,23.948640823364258,294.79278564453125,2020-09-29,4.159999847412109,2.0833332538604736,2020-09-28,0.4621143341064453,1.0,"{""type"":""Point"",""coordinates"":[93.28750797541521,27.079995194566564]}"
887,30,0.07411427795886993,236.9328155517578,2021-08-02,655.7836303710938,0,8.0,1038.968017578125,2021-08-02,2021-08-01,18.25494384765625,296.8544921875,2021-08-03,30.920000076293945,35.41666793823242,2021-08-02,0.4832560122013092,8.0,"{""type"":""Point"",""coordinates"":[96.82972805337249,22.372136056974803]}"
888,30,-0.009644265286624432,157.35940551757812,2021-07-21,3687.173828125,0,3.0,6.299999713897705,2021-07-21,2021-07-20,31.550764083862305,288.99139404296875,2021-07-22,5.139999866485596,0.0,2021-07-21,0.4163970947265625,3.0,"{""type"":""Point"",""coordinates"":[94.4930604422977,28.67470521333075]}"
889,40,0.13478511571884155,204.30665588378906,2022-08-23,120.76138305664062,0,5.0,55.39999771118164,2022-08-23,2022-08-22,3.4217047691345215,299.97119140625,2022-08-24,25.94999885559082,16.66666603088379,2022-08-23,0.48353704810142517,5.0,"{""type"":""Point"",""coordinates"":[97.12816257173995,24.00725775415974]}"
890,30,0.10155582427978516,134.36668395996094,2023-04-05,618.0498046875,0,2.0,0.0,2023-04-05,2023-04-04,25.168792724609375,294.4074401855469,2023-04-06,0.0,0.0,2023-04-05,0.46552976965904236,2.0,"{""type"":""Point"",""coordinates"":[92.41207652051686,25.993068848490207]}"
891,10,0.020698780193924904,102.97161102294922,2019-07-30,2020.232177734375,0,2.0,14.179999351501465,2019-07-30,2019-07-29,32.781917572021484,293.2054748535156,2019-07-31,34.099998474121094,41.66666793823242,2019-07-30,0.4232521057128906,2.0,"{""type"":""Point"",""coordinates"":[93.48865225747082,27.37659232630731]}"
892,10,0.790296733379364,170.45480346679688,2022-03-05,260.7690124511719,0,33.0,0.0,2022-03-05,2022-03-04,10.324325561523438,294.1136169433594,2022-03-06,0.0,0.0,2022-03-05,0.3303438723087311,3.0,"{""type"":""Point"",""coordinates"":[95.18375076332791,25.449380399834453]}"
893,10,0.5212708115577698,322.8767395019531,2021-12-20,1909.61669921875,0,1.0,0.0,2021-12-20,2021-12-19,31.049884796142578,280.7427673339844,2021-12-21,0.0,0.0,2021-12-20,0.29027557373046875,1.0,"{""type"":""Point"",""coordinates"":[94.02422318102195,28.189727559905066]}"
894,30,-0.025767004117369652,76.98778533935547,2021-06-09,4962.505859375,0,1.0,0.0,2021-06-09,2021-06-08,22.136301040649414,272.8803405761719,2021-06-10,0.0,0.0,2021-06-09,0.42651239037513733,1.0,"{""type"":""Point"",""coordinates"":[88.89639432978885,27.784621978560857]}"
895,40,0.5050416588783264,28.06914520263672,2021-10-17,177.9905548095703,0,1.0,55.15999984741211,2021-10-17,2021-10-16,1.1931838989257812,298.6526184082031,2021-10-18,4.440000057220459,2.0833332538604736,2021-10-17,0.4409395754337311,1.0,"{""type"":""Point"",""coordinates"":[94.23318469135133,24.022487446113626]}"
896,30,0.13854381442070007,320.04681396484375,2020-01-28,4785.14306640625,0,2.0,0.0,2020-01-28,2020-01-27,16.056570053100586,270.8237609863281,2020-01-29,0.0,0.0,2020-01-28,0.2592233121395111,2.0,"{""type"":""Point"",""coordinates"":[92.26107133813913,29.402722442113312]}"
897,10,0.15678270161151886,260.97613525390625,2021-08-22,222.85508728027344,0,4650.0,22.40999984741211,2021-08-22,2021-08-21,14.678140640258789,299.2572326660156,2021-08-23,10.09999942779541,12.5,2021-08-22,0.49934515357017517,3.0,"{""type"":""Point"",""coordinates"":[95.99211299713029,25.134114262259242]}"
898,40,0.0705641433596611,193.66952514648438,2019-07-18,4.162071704864502,0,3.0,102.7199935913086,2019-07-18,2019-07-17,0.43108001351356506,304.0014953613281,2019-07-19,112.38999938964844,60.41666793823242,2019-07-18,0.38682809472084045,3.0,"{""type"":""Point"",""coordinates"":[91.0091646846744,23.246866485027862]}"
899,100,-0.013716917484998703,113.3866195678711,2022-05-29,4010.858154296875,0,11.0,3.3499999046325684,2022-05-29,2022-05-28,44.129539489746094,273.5458984375,2022-05-30,1.459999918937683,2.0833332538604736,2022-05-29,0.4222176969051361,5.0,"{""type"":""Point"",""coordinates"":[96.22922240477135,29.119584561343917]}"
900,10,0.3631223142147064,355.4590759277344,2022-11-02,1314.989990234375,0,2.0,0.018000001087784767,2022-11-02,2022-11-01,30.27163314819336,290.8094787597656,2022-11-03,0.0,0.0,2022-11-02,0.30843672156333923,2.0,"{""type"":""Point"",""coordinates"":[88.05162284011182,26.939880990103568]}"
901,30,0.04433353617787361,358.2138366699219,2023-06-10,4506.345703125,0,4.0,1.5999999046325684,2023-06-10,2023-06-09,2.915875196456909,282.3814392089844,2023-06-11,0.0,0.0,2023-06-10,0.1747163087129593,4.0,"{""type"":""Point"",""coordinates"":[88.3604645861105,28.211158637196316]}"
902,10,0.1508958786725998,20.015541076660156,2019-10-17,1339.3868408203125,0,10.0,0.0,2019-10-17,2019-10-16,27.66632652282715,290.3665466308594,2019-10-18,0.0,0.0,2019-10-17,0.36952081322669983,9.0,"{""type"":""Point"",""coordinates"":[90.03317779963574,27.039015915142407]}"
903,10,0.2171301245689392,304.0700378417969,2019-06-25,20.099790573120117,0,2.0,0.0,2019-06-25,2019-06-24,3.8400912284851074,303.6634826660156,2019-06-26,10.6899995803833,14.583333015441895,2019-06-25,0.36668458580970764,1.0,"{""type"":""Point"",""coordinates"":[91.36349250170272,24.183032232392748]}"
904,10,0.764782190322876,16.680870056152344,2020-04-22,843.2362060546875,0,1.0,7.489999771118164,2020-04-22,2020-04-21,36.27143859863281,295.07550048828125,2020-04-23,5.159999847412109,6.25,2020-04-22,0.26579156517982483,1.0,"{""type"":""Point"",""coordinates"":[93.02327722286259,23.194727162530054]}"
905,10,-0.0049839382991194725,184.7242889404297,2021-09-16,2373.630615234375,0,4.0,31.3799991607666,2021-09-16,2021-09-15,17.964176177978516,289.6199951171875,2021-09-17,4.449999809265137,8.333333015441895,2021-09-16,0.3982200622558594,3.0,"{""type"":""Point"",""coordinates"":[89.89782441719848,27.305046577394176]}"
906,10,0.1337975561618805,192.11973571777344,2021-04-22,239.34957885742188,0,8.0,0.0,2021-04-22,2021-04-21,31.641937255859375,299.2799072265625,2021-04-23,0.0,0.0,2021-04-22,0.2551383972167969,8.0,"{""type"":""Point"",""coordinates"":[96.75512970223892,23.316026887380993]}"
907,10,0.01248919777572155,192.14126586914062,2020-07-02,1686.091064453125,0,1.0,18.131000518798828,2020-07-02,2020-07-01,18.82980728149414,294.8092956542969,2020-07-03,19.719999313354492,16.66666603088379,2020-07-02,0.467883437871933,1.0,"{""type"":""Point"",""coordinates"":[97.18556635962163,23.234584672302564]}"
908,10,0.8375385999679565,29.598705291748047,2023-02-05,750.2682495117188,0,4.0,0.0,2023-02-05,2023-02-04,29.770612716674805,293.2296142578125,2023-02-06,0.0,0.0,2023-02-05,0.2588227689266205,1.0,"{""type"":""Point"",""coordinates"":[96.11613509535191,24.82894124056464]}"
909,80,-0.01486208289861679,315.61004638671875,2022-09-29,5.350905418395996,0,0.0,0.0,2022-09-29,2022-09-28,0.6203227639198303,0.0,2022-09-30,2.5999999046325684,4.166666507720947,2022-09-29,0.0,0.0,"{""type"":""Point"",""coordinates"":[90.60350177335357,23.04845255331316]}"
910,100,-0.0015498170396313071,5.0136590003967285,2020-05-03,5259.69873046875,0,2.0,2.7699999809265137,2020-05-03,2020-05-02,21.44527244567871,263.61700439453125,2020-05-04,2.0299999713897705,4.166666507720947,2020-05-03,0.384613037109375,1.0,"{""type"":""Point"",""coordinates"":[90.65558355169435,28.132948244794477]}"
911,30,0.06449879705905914,300.57977294921875,2023-01-13,5015.2373046875,0,34.0,0.0,2023-01-13,2023-01-12,26.05897331237793,269.9393615722656,2023-01-14,0.0,0.0,2023-01-13,0.31959787011146545,7.0,"{""type"":""Point"",""coordinates"":[92.6348725625953,29.349567565002868]}"
912,60,0.057050399482250214,53.94477081298828,2020-10-26,5251.24755859375,0,3.0,0.0,2020-10-26,2020-10-25,2.815490245819092,277.1213684082031,2020-10-27,0.0,0.0,2020-10-26,0.28820863366127014,3.0,"{""type"":""Point"",""coordinates"":[91.30614444777939,28.655828159413584]}"
913,10,0.024083314463496208,277.8090515136719,2022-05-11,1246.9595947265625,0,23.0,77.5999984741211,2022-05-11,2022-05-10,27.695701599121094,292.68096923828125,2022-05-12,136.72999572753906,62.5,2022-05-11,0.4911346435546875,8.0,"{""type"":""Point"",""coordinates"":[92.13818043958288,25.413376092515794]}"
914,60,0.04268292710185051,63.10554504394531,2020-11-17,5704.5390625,0,1.0,0.0,2020-11-17,2020-11-16,36.26235580444336,272.60174560546875,2020-11-18,0.0,0.0,2020-11-17,0.3164469301700592,1.0,"{""type"":""Point"",""coordinates"":[91.2753680269265,28.589261408115654]}"
915,10,0.24542339146137238,307.6387634277344,2021-02-09,1389.84521484375,0,11.0,0.0,2021-02-09,2021-02-08,30.41505241394043,284.5480041503906,2021-02-10,0.0,0.0,2021-02-09,0.3221721649169922,1.0,"{""type"":""Point"",""coordinates"":[93.17081676687175,27.205140970899286]}"
916,80,0.0675136148929596,279.0347900390625,2021-07-25,12.070979118347168,0,3.0,23.309999465942383,2021-07-25,2021-07-24,9.517664909362793,301.0088806152344,2021-07-26,0.0,0.0,2021-07-25,0.376788467168808,3.0,"{""type"":""Point"",""coordinates"":[89.7972962916956,24.149670822367415]}"
917,40,0.2624249756336212,229.87033081054688,2020-04-19,85.41246032714844,0,4.0,0.0,2020-04-19,2020-04-18,0.5962381362915039,304.7129211425781,2020-04-20,0.0,0.0,2020-04-19,0.261920303106308,1.0,"{""type"":""Point"",""coordinates"":[96.03670386994608,22.579168682888213]}"
918,10,0.22085122764110565,29.6644229888916,2021-05-26,14.08954906463623,0,2.0,16.079999923706055,2021-05-26,2021-05-25,4.078677177429199,302.75439453125,2021-05-27,3.299999952316284,2.0833332538604736,2021-05-26,0.40565362572669983,2.0,"{""type"":""Point"",""coordinates"":[89.28480618324745,23.57675190374383]}"
919,10,0.8609396815299988,66.01451873779297,2022-12-15,1066.210205078125,0,1.0,0.0,2022-12-15,2022-12-14,22.306806564331055,287.7513427734375,2022-12-16,0.0,0.0,2022-12-15,0.29632315039634705,1.0,"{""type"":""Point"",""coordinates"":[96.33779846398188,26.91356858515587]}"
920,10,0.1791662871837616,308.85711669921875,2021-10-11,855.374267578125,0,8.0,0.0,2021-10-11,2021-10-10,17.349590301513672,294.3518371582031,2021-10-12,0.0,0.0,2021-10-11,0.3797200620174408,8.0,"{""type"":""Point"",""coordinates"":[95.5067021171734,28.26430938857401]}"
921,10,-0.05136586353182793,339.0851745605469,2022-06-28,1377.1165771484375,0,1.0,6.429999828338623,2022-06-28,2022-06-27,15.688658714294434,294.9983825683594,2022-06-29,18.06999969482422,25.0,2022-06-28,0.49103546142578125,1.0,"{""type"":""Point"",""coordinates"":[94.16073251390364,25.57590644101372]}"
922,10,0.16220371425151825,124.9186782836914,2023-06-08,1401.99365234375,0,1.0,74.77999877929688,2023-06-08,2023-06-07,21.840375900268555,298.8819580078125,2023-06-09,20.920000076293945,8.333333015441895,2023-06-08,0.2369569092988968,1.0,"{""type"":""Point"",""coordinates"":[93.53152519337675,24.366219407690384]}"
923,10,0.07273080945014954,60.405967712402344,2019-10-08,1094.913330078125,0,2.0,58.179996490478516,2019-10-08,2019-10-07,19.922216415405273,295.12548828125,2019-10-09,12.300000190734863,14.583333015441895,2019-10-08,0.47279801964759827,2.0,"{""type"":""Point"",""coordinates"":[97.26526039706133,26.442753544421173]}"
924,40,0.07226157188415527,252.81246948242188,2021-07-06,14.322598457336426,0,1.0,3.169999837875366,2021-07-06,2021-07-05,0.2896782457828522,302.8498229980469,2021-07-07,20.10999870300293,18.75,2021-07-06,0.413769394159317,1.0,"{""type"":""Point"",""coordinates"":[89.10172214395187,24.78186114375545]}"
925,10,0.7354398369789124,208.11639404296875,2023-05-01,7.680846691131592,0,23.0,1.8399999141693115,2023-05-01,2023-04-30,4.119425296783447,304.8952331542969,2023-05-02,6.009999752044678,8.333333015441895,2023-05-01,0.14710617065429688,23.0,"{""type"":""Point"",""coordinates"":[91.97131351054149,21.902088157001657]}"
926,30,0.015768397599458694,33.2829704284668,2022-11-12,4928.7919921875,0,1.0,0.0,2022-11-12,2022-11-11,35.33844757080078,272.434326171875,2022-11-13,0.17000000178813934,0.0,2022-11-12,0.2798391878604889,1.0,"{""type"":""Point"",""coordinates"":[92.626004940866,28.886424898661765]}"
927,70,-0.02766827866435051,86.68836212158203,2019-02-28,4995.083984375,0,7.0,4.689999580383301,2019-02-28,2019-02-27,33.541873931884766,272.8250427246094,2019-03-01,0.11999999731779099,0.0,2019-02-28,0.31386375427246094,7.0,"{""type"":""Point"",""coordinates"":[92.87296453860841,28.1680243871905]}"
928,40,0.3638961613178253,178.8452911376953,2023-11-02,52.22313690185547,0,5.0,0.0,2023-11-02,2023-11-01,0.4463418126106262,299.0484619140625,2023-11-03,0.0,0.0,2023-11-02,0.22246678173542023,5.0,"{""type"":""Point"",""coordinates"":[88.95433043292809,26.153805888297253]}"
929,10,0.04823103919625282,198.1084747314453,2022-10-24,1013.4197387695312,0,2.0,59.57999801635742,2022-10-24,2022-10-23,31.354717254638672,287.1674499511719,2022-10-25,382.4100036621094,100.0,2022-10-24,0.358154296875,2.0,"{""type"":""Point"",""coordinates"":[94.78774134833372,28.737007220739912]}"
930,10,0.038511086255311966,166.45407104492188,2023-07-07,499.03656005859375,0,1.0,42.45000076293945,2023-07-07,2023-07-06,17.976329803466797,300.1463623046875,2023-07-08,22.510000228881836,20.83333396911621,2023-07-07,0.481341689825058,1.0,"{""type"":""Point"",""coordinates"":[92.99474764803142,26.39881347239981]}"
931,10,0.28111502528190613,117.33942413330078,2023-12-26,1058.8961181640625,0,1.0,0.0,2023-12-26,2023-12-25,29.809505462646484,290.2629699707031,2023-12-27,0.0,0.0,2023-12-26,0.3156503140926361,1.0,"{""type"":""Point"",""coordinates"":[93.29874757273231,24.81862448783006]}"
932,10,0.758535623550415,164.10067749023438,2019-01-18,1940.0108642578125,0,2.0,0.0,2019-01-18,2019-01-17,43.785282135009766,284.75592041015625,2019-01-19,0.0,0.0,2019-01-18,0.272656112909317,1.0,"{""type"":""Point"",""coordinates"":[94.20209974928298,24.84605358926966]}"
933,10,0.030068889260292053,162.49549865722656,2023-09-08,281.1102294921875,0,1.0,58.689998626708984,2023-09-08,2023-09-07,4.438043594360352,299.6142883300781,2023-09-09,0.22999998927116394,0.0,2023-09-08,0.439776748418808,1.0,"{""type"":""Point"",""coordinates"":[96.30495050693338,25.327771311133613]}"
934,10,0.07434067875146866,348.70281982421875,2021-09-04,30.071802139282227,0,2.0,0.0,2021-09-04,2021-09-03,16.589553833007812,300.4582824707031,2021-09-05,1.2699999809265137,0.0,2021-09-04,0.4677937924861908,1.0,"{""type"":""Point"",""coordinates"":[92.81352985779674,24.95033337970811]}"
935,10,0.26633384823799133,201.79969787597656,2019-02-27,1400.621826171875,0,1.0,36.84000015258789,2019-02-27,2019-02-26,29.728607177734375,287.7969055175781,2019-02-28,10.75999927520752,14.583333015441895,2019-02-27,0.34675851464271545,1.0,"{""type"":""Point"",""coordinates"":[94.09894024124263,24.95102772496087]}"
936,10,0.05942749232053757,328.64178466796875,2019-09-22,901.2644653320312,0,1.0,8.420000076293945,2019-09-22,2019-09-21,23.961639404296875,298.7707214355469,2019-09-23,97.61000061035156,50.0,2019-09-22,0.46575355529785156,1.0,"{""type"":""Point"",""coordinates"":[95.82283880337374,24.487709135308954]}"
937,30,0.45315706729888916,300.1808776855469,2019-01-03,176.69557189941406,0,2.0,0.0,2019-01-03,2019-01-02,2.804047107696533,293.5101318359375,2019-01-04,0.0,0.0,2019-01-03,0.25787481665611267,2.0,"{""type"":""Point"",""coordinates"":[94.66434543154449,22.01483930912013]}"
938,10,0.14888598024845123,95.4490966796875,2023-03-15,2731.630126953125,0,2.0,39.779998779296875,2023-03-15,2023-03-14,50.38351058959961,282.7325439453125,2023-03-16,3.419999837875366,2.0833332538604736,2023-03-15,0.3333943784236908,1.0,"{""type"":""Point"",""coordinates"":[96.8998681057836,27.948846759674392]}"
939,10,0.08130940049886703,178.41522216796875,2021-07-29,1305.375732421875,0,2.0,107.07999420166016,2021-07-29,2021-07-28,48.68851089477539,292.5657653808594,2021-07-30,73.12000274658203,52.08333206176758,2021-07-29,0.4194742739200592,2.0,"{""type"":""Point"",""coordinates"":[91.34039559319737,27.329991150616085]}"
940,20,0.13261166214942932,13.683942794799805,2020-08-13,124.26213836669922,0,3.0,1.1699999570846558,2020-08-13,2020-08-12,1.9441418647766113,303.13165283203125,2020-08-14,0.0,0.0,2020-08-13,0.42396101355552673,3.0,"{""type"":""Point"",""coordinates"":[94.81446668504998,22.64611819087402]}"
941,40,-0.009953751228749752,144.42230224609375,2022-08-09,24.12779998779297,0,1.0,66.33999633789062,2022-08-09,2022-08-08,1.5556126832962036,303.9695739746094,2022-08-10,0.23999999463558197,0.0,2022-08-09,0.3013324737548828,1.0,"{""type"":""Point"",""coordinates"":[89.84617357384744,25.70988637133764]}"
942,30,0.11355538666248322,292.6793212890625,2019-10-22,4104.849609375,0,2.0,0.7599999904632568,2019-10-22,2019-10-21,17.416044235229492,280.28643798828125,2019-10-23,2.3999998569488525,6.25,2019-10-22,0.39474043250083923,1.0,"{""type"":""Point"",""coordinates"":[97.20853881407153,28.08160460169516]}"
943,10,0.24309375882148743,77.9345474243164,2019-10-21,48.9142951965332,0,33.0,1.3199999332427979,2019-10-21,2019-10-20,3.021578788757324,300.826904296875,2019-10-22,0.0,0.0,2019-10-21,0.30651411414146423,33.0,"{""type"":""Point"",""coordinates"":[88.74754681880825,25.920513170035754]}"
944,60,-0.004580652806907892,290.35699462890625,2021-08-01,4814.9638671875,0,2.0,15.859999656677246,2021-08-01,2021-07-31,33.09524917602539,283.3512878417969,2021-08-02,10.184000015258789,8.333333015441895,2021-08-01,0.41838136315345764,1.0,"{""type"":""Point"",""coordinates"":[90.76607092983859,27.895586266123367]}"
945,50,-4.001600609626621E-4,196.6121063232422,2020-08-24,9.382253646850586,0,18.0,764.4599609375,2020-08-24,2020-08-23,2.294546604156494,301.25921630859375,2020-08-25,14.649999618530273,20.83333396911621,2020-08-24,0.4282245635986328,18.0,"{""type"":""Point"",""coordinates"":[88.37285076656131,22.695521577811604]}"
946,10,0.11812819540500641,195.46371459960938,2019-03-24,168.1638946533203,0,2.0,0.0,2019-03-24,2019-03-23,15.291440963745117,295.7952575683594,2019-03-25,0.0,0.0,2019-03-24,0.3660551607608795,2.0,"{""type"":""Point"",""coordinates"":[92.5297045769566,24.03583065366934]}"
947,40,0.3574705421924591,84.13273620605469,2022-12-04,750.381591796875,0,9.0,0.0,2022-12-04,2022-12-03,4.9577484130859375,293.6220397949219,2022-12-05,0.0,0.0,2022-12-04,0.3178373873233795,2.0,"{""type"":""Point"",""coordinates"":[97.46907248099531,22.133975265800178]}"
948,10,0.5461576581001282,280.52252197265625,2021-11-11,743.762451171875,0,6.0,0.0,2021-11-11,2021-11-10,15.864201545715332,289.6993713378906,2021-11-12,0.0,0.0,2021-11-11,0.3029613494873047,2.0,"{""type"":""Point"",""coordinates"":[91.12632696398597,26.895355101483503]}"
949,40,0.5172268748283386,194.0871124267578,2021-04-09,49.91056823730469,0,6.0,38.39999771118164,2021-04-09,2021-04-08,0.7273537516593933,303.37701416015625,2021-04-10,0.0,0.0,2021-04-09,0.13977432250976562,6.0,"{""type"":""Point"",""coordinates"":[88.05011717029357,26.102362233776272]}"
950,10,-0.06626715511083603,329.1945495605469,2022-04-23,397.6445617675781,0,2.0,36.439998626708984,2022-04-23,2022-04-22,23.33479118347168,295.2305603027344,2022-04-24,22.689998626708984,8.333333015441895,2022-04-23,0.5017401576042175,1.0,"{""type"":""Point"",""coordinates"":[91.00230292314416,25.279697982824857]}"
951,100,-0.009517011232674122,305.6303405761719,2019-01-06,4698.1376953125,0,5.0,0.0,2019-01-06,2019-01-05,29.45786476135254,273.2862243652344,2019-01-07,0.0,0.0,2019-01-06,0.3264109194278717,2.0,"{""type"":""Point"",""coordinates"":[92.87412784894805,28.38770641770747]}"
952,30,0.059250351041555405,271.0513916015625,2021-08-09,5107.26025390625,0,5.0,0.0,2021-08-09,2021-08-08,5.3403000831604,284.5426940917969,2021-08-10,0.0,0.0,2021-08-09,0.3893960416316986,5.0,"{""type"":""Point"",""coordinates"":[91.46505048719001,28.533802065008906]}"
953,10,0.24832181632518768,160.69142150878906,2023-10-29,706.6898803710938,0,1.0,0.0,2023-10-29,2023-10-28,11.436917304992676,288.3046875,2023-10-30,0.0,0.0,2023-10-29,0.4651730954647064,1.0,"{""type"":""Point"",""coordinates"":[97.4770532547466,27.56880694760567]}"
954,10,0.06168418377637863,302.0476379394531,2020-09-26,731.7398071289062,0,30.0,1671.5999755859375,2020-09-26,2020-09-25,42.24095916748047,293.1632995605469,2020-09-27,19.360000610351562,25.0,2020-09-26,0.42802873253822327,30.0,"{""type"":""Point"",""coordinates"":[95.08589809098964,28.59681408741411]}"
955,10,0.09331072121858597,306.7626953125,2023-05-22,50.23897933959961,0,35.0,131.25,2023-05-22,2023-05-21,14.495993614196777,302.0480651855469,2023-05-23,0.0,0.0,2023-05-22,0.3200734555721283,35.0,"{""type"":""Point"",""coordinates"":[91.79526661322879,22.937751464990995]}"
956,40,0.2650430500507355,270.0,2022-10-30,1.0,0,1.0,0.0,2022-10-30,2022-10-29,0.3181360960006714,297.9893493652344,2022-10-31,0.0,0.0,2022-10-30,0.3892536163330078,1.0,"{""type"":""Point"",""coordinates"":[89.06083924825109,22.328739967634526]}"
957,10,0.106643445789814,199.84555053710938,2020-11-15,207.575439453125,0,1.0,0.0,2020-11-15,2020-11-14,6.192654132843018,293.57525634765625,2020-11-16,0.0,0.0,2020-11-15,0.3742898404598236,1.0,"{""type"":""Point"",""coordinates"":[94.74849798407723,24.76662733818482]}"
958,20,0.3037831783294678,192.35081481933594,2020-03-13,104.77281188964844,0,5.0,0.0,2020-03-13,2020-03-12,7.975027084350586,301.3791198730469,2020-03-14,0.0,0.0,2020-03-13,0.21718788146972656,5.0,"{""type"":""Point"",""coordinates"":[96.18695436692,22.323265037336686]}"
959,40,0.16034618020057678,344.8099060058594,2020-10-18,6.293978214263916,0,3.0,0.8400000333786011,2020-10-18,2020-10-17,0.2646441161632538,303.4652404785156,2020-10-19,5.139999866485596,8.333333015441895,2020-10-18,0.360363632440567,3.0,"{""type"":""Point"",""coordinates"":[91.62531933152833,24.741065472848003]}"
960,10,0.1960049420595169,230.68040466308594,2021-11-06,698.8203125,0,2.0,0.0,2021-11-06,2021-11-05,33.375274658203125,294.6166076660156,2021-11-07,0.0,0.0,2021-11-06,0.2989775240421295,2.0,"{""type"":""Point"",""coordinates"":[92.94024616815946,24.276729758363338]}"
961,40,0.08012375980615616,78.6218490600586,2020-09-13,63.163116455078125,0,1.0,19.149999618530273,2020-09-13,2020-09-12,0.16524411737918854,301.2845458984375,2020-09-14,0.0,0.0,2020-09-13,0.4723885953426361,1.0,"{""type"":""Point"",""coordinates"":[92.1152469962751,26.53868692013533]}"
962,40,0.11634255945682526,290.4590759277344,2022-10-03,32.272422790527344,0,1.0,18.510000228881836,2022-10-03,2022-10-02,1.6328457593917847,302.5836486816406,2022-10-04,33.349998474121094,50.0,2022-10-03,0.3900337219238281,1.0,"{""type"":""Point"",""coordinates"":[88.39215625121183,25.109109525486712]}"
963,10,0.20819485187530518,292.21246337890625,2021-03-22,232.79180908203125,0,3.0,0.0,2021-03-22,2021-03-21,6.865879535675049,297.7755432128906,2021-03-23,0.0,0.0,2021-03-22,0.20199458301067352,3.0,"{""type"":""Point"",""coordinates"":[96.04303642764543,26.395765000059885]}"
964,10,0.029407840222120285,67.85436248779297,2021-09-13,1341.2716064453125,0,1.0,0.0,2021-09-13,2021-09-12,27.406003952026367,296.6012268066406,2021-09-14,2.299999952316284,6.25,2021-09-13,0.486468642950058,1.0,"{""type"":""Point"",""coordinates"":[96.25294462330095,22.91817560878204]}"
965,40,0.0038664434105157852,234.8042449951172,2020-07-20,1273.3558349609375,0,2.0,83.95999908447266,2020-07-20,2020-07-19,13.19166374206543,295.42022705078125,2020-07-21,222.83999633789062,91.66666412353516,2020-07-20,0.49002137780189514,2.0,"{""type"":""Point"",""coordinates"":[92.34467633329903,25.492288342035142]}"
966,10,0.08986464887857437,243.87283325195312,2020-01-26,1177.4114990234375,0,1.0,0.0,2020-01-26,2020-01-25,31.11457633972168,285.32818603515625,2020-01-27,0.0,0.0,2020-01-26,0.29206085205078125,1.0,"{""type"":""Point"",""coordinates"":[93.8225413265795,22.392128226427257]}"
967,10,0.35716739296913147,124.88227844238281,2019-01-01,180.41012573242188,0,9.0,0.0,2019-01-01,2018-12-31,15.201848983764648,289.6212158203125,2019-01-02,0.015000000596046448,0.0,2019-01-01,0.23531277477741241,9.0,"{""type"":""Point"",""coordinates"":[97.21990573211056,24.771835324937]}"
968,10,0.07690601795911789,51.467918395996094,2019-03-22,209.05459594726562,0,6.0,7.159999847412109,2019-03-22,2019-03-21,0.8590031266212463,293.671875,2019-03-23,28.589998245239258,10.416666984558105,2019-03-22,0.29942765831947327,1.0,"{""type"":""Point"",""coordinates"":[96.41194562898865,26.645974390376253]}"
969,10,0.7517769932746887,13.785833358764648,2021-01-16,1308.7869873046875,0,19.0,0.0,2021-01-16,2021-01-15,28.81511878967285,285.8058776855469,2021-01-17,0.0,0.0,2021-01-16,0.2583122253417969,19.0,"{""type"":""Point"",""coordinates"":[94.01512130977946,25.141843803815345]}"
970,40,0.08774382621049881,99.99152374267578,2022-04-02,70.60023498535156,0,1.0,3.0909998416900635,2022-04-02,2022-04-01,2.1337900161743164,297.8822326660156,2022-04-03,137.8000030517578,45.83333206176758,2022-04-02,0.3411318361759186,1.0,"{""type"":""Point"",""coordinates"":[88.81305323548743,26.326186443459118]}"
971,10,0.10732453316450119,344.27215576171875,2022-09-30,443.48260498046875,0,1.0,0.0,2022-09-30,2022-09-29,27.387481689453125,300.3019104003906,2022-10-01,0.0,0.0,2022-09-30,0.47117677330970764,1.0,"{""type"":""Point"",""coordinates"":[90.81493845080593,25.886321700890406]}"
972,30,0.10769784450531006,225.60862731933594,2019-01-09,802.8959350585938,0,9.0,22.149999618530273,2019-01-09,2019-01-08,1.4507049322128296,290.845947265625,2019-01-10,0.0,0.0,2019-01-09,0.48621049523353577,1.0,"{""type"":""Point"",""coordinates"":[97.24212537770883,21.961120804989218]}"
973,60,0.060330312699079514,280.1401062011719,2023-01-18,3933.431884765625,0,86.0,0.0,2023-01-18,2023-01-17,1.8874187469482422,271.75494384765625,2023-01-19,0.0,0.0,2023-01-18,0.2760181427001953,1.0,"{""type"":""Point"",""coordinates"":[88.39130704313226,29.256516972832294]}"
974,40,0.006273041013628244,117.0388412475586,2020-01-14,45.37712860107422,0,1.0,0.0,2020-01-14,2020-01-13,0.44831353425979614,291.55059814453125,2020-01-15,0.0,0.0,2020-01-14,0.19523875415325165,1.0,"{""type"":""Point"",""coordinates"":[88.45944625134547,25.88583682594531]}"
975,10,0.11290136724710464,257.1529235839844,2022-05-26,9.859771728515625,0,22.0,39.599998474121094,2022-05-26,2022-05-25,1.8448067903518677,304.83526611328125,2022-05-27,10.15999984741211,8.333333015441895,2022-05-26,0.24808120727539062,22.0,"{""type"":""Point"",""coordinates"":[88.603793354419,23.224098299348764]}"
976,10,0.389926940202713,63.83894729614258,2022-07-20,958.8572998046875,0,1.0,7.069999694824219,2022-07-20,2022-07-19,31.531400680541992,292.2063293457031,2022-07-21,24.40999984741211,25.0,2022-07-20,0.4279060363769531,1.0,"{""type"":""Point"",""coordinates"":[94.99738203859978,28.92716373697574]}"
977,10,0.7123303413391113,236.15350341796875,2020-01-21,170.72625732421875,0,1.0,0.0,2020-01-21,2020-01-20,4.898009777069092,292.246337890625,2020-01-22,0.14000000059604645,0.0,2020-01-21,0.354022353887558,1.0,"{""type"":""Point"",""coordinates"":[97.21075167519078,25.446716559255158]}"
978,40,0.6887315511703491,223.80441284179688,2023-04-20,4.9724249839782715,0,35.0,0.0,2023-04-20,2023-04-19,0.5701678395271301,307.4311828613281,2023-04-21,0.0,0.0,2023-04-20,0.17030207812786102,35.0,"{""type"":""Point"",""coordinates"":[88.95717650684458,23.08616334983424]}"
979,10,0.037224650382995605,310.9024963378906,2022-10-06,1791.4183349609375,0,2.0,13.460000038146973,2022-10-06,2022-10-05,26.086702346801758,292.3317565917969,2022-10-07,6.579999923706055,2.0833332538604736,2022-10-06,0.4285736083984375,2.0,"{""type"":""Point"",""coordinates"":[93.6024248741004,28.141243702764005]}"
980,30,0.20074677467346191,258.7081604003906,2021-11-15,5018.0458984375,0,13.0,0.0,2021-11-15,2021-11-14,11.433296203613281,272.7129821777344,2021-11-16,0.0,0.0,2021-11-15,0.3068580627441406,1.0,"{""type"":""Point"",""coordinates"":[90.38849269289805,29.4410886425645]}"
981,40,0.5169188976287842,30.145328521728516,2023-12-20,26.5528507232666,0,11.0,0.0,2023-12-20,2023-12-19,0.21725481748580933,293.4378662109375,2023-12-21,0.0,0.0,2023-12-20,0.17934417724609375,11.0,"{""type"":""Point"",""coordinates"":[88.1097338909441,25.46629797928278]}"
982,10,0.024801725521683693,144.94418334960938,2020-06-09,2069.523193359375,0,3.0,1.0199999809265137,2020-06-09,2020-06-08,47.981407165527344,288.38592529296875,2020-06-10,0.0,0.0,2020-06-09,0.41227149963378906,3.0,"{""type"":""Point"",""coordinates"":[96.77953815623643,27.80912249547106]}"
983,10,-0.006290922872722149,194.22467041015625,2023-05-23,4480.78857421875,0,6.0,3.419999837875366,2023-05-23,2023-05-22,23.45174789428711,280.10479736328125,2023-05-24,1.3399999141693115,0.0,2023-05-23,0.40442338585853577,6.0,"{""type"":""Point"",""coordinates"":[92.89344880947993,28.898302666213283]}"
984,40,0.13102048635482788,315.3580322265625,2020-02-22,57.55218505859375,0,3.0,0.5999999642372131,2020-02-22,2020-02-21,0.21733856201171875,296.5611572265625,2020-02-23,6.489999771118164,10.416666984558105,2020-02-22,0.14695803821086884,2.0,"{""type"":""Point"",""coordinates"":[88.37054665887754,26.092887168372375]}"
985,10,0.12412051856517792,124.86848449707031,2019-05-14,2468.151123046875,0,1.0,0.8700000047683716,2019-05-14,2019-05-13,33.52730178833008,285.5201416015625,2019-05-15,1.21999990940094,0.0,2019-05-14,0.42300352454185486,1.0,"{""type"":""Point"",""coordinates"":[90.15185246337248,27.26452577140159]}"
986,40,0.18157510459423065,267.09796142578125,2019-09-05,21.575334548950195,0,1.0,1.1399999856948853,2019-09-05,2019-09-04,3.983642339706421,302.2832946777344,2019-09-06,1.0099999904632568,0.0,2019-09-05,0.35588201880455017,1.0,"{""type"":""Point"",""coordinates"":[89.01830077375483,25.01759682445079]}"
987,40,0.7042027711868286,352.92950439453125,2020-10-30,36.90534210205078,0,3.0,0.0,2020-10-30,2020-10-29,0.6149855852127075,300.08135986328125,2020-10-31,0.0,0.0,2020-10-30,0.24149958789348602,3.0,"{""type"":""Point"",""coordinates"":[88.78567927813634,25.703494482103913]}"
988,10,0.012926876544952393,94.96764373779297,2019-04-04,3189.924072265625,0,8.0,18.399999618530273,2019-04-04,2019-04-03,46.159549713134766,274.4261169433594,2019-04-05,3.2100000381469727,0.0,2019-04-04,0.41628900170326233,8.0,"{""type"":""Point"",""coordinates"":[89.660385821322,27.756739396848218]}"
989,40,0.14703932404518127,351.7951965332031,2019-01-04,20.1082706451416,0,12.0,0.0,2019-01-04,2019-01-03,0.1127883717417717,290.5353698730469,2019-01-05,0.0,0.0,2019-01-04,0.20768482983112335,12.0,"{""type"":""Point"",""coordinates"":[91.95262645867693,24.37191853238957]}"
990,40,0.4563364088535309,10.887737274169922,2020-01-27,206.28208923339844,0,2.0,0.0,2020-01-27,2020-01-26,1.8738329410552979,293.46600341796875,2020-01-28,0.0,0.0,2020-01-27,0.2650063931941986,2.0,"{""type"":""Point"",""coordinates"":[95.77621225207568,21.514116324956966]}"
991,10,0.7810644507408142,333.7469787597656,2021-01-05,178.79949951171875,0,43.0,0.0,2021-01-05,2021-01-04,1.0738691091537476,291.8353576660156,2021-01-06,0.0,0.0,2021-01-05,0.2558657228946686,1.0,"{""type"":""Point"",""coordinates"":[95.105161635742,24.633717313152985]}"
992,40,0.5075793862342834,17.952425003051758,2020-12-14,114.41207122802734,0,26.0,0.0,2020-12-14,2020-12-13,0.9017283916473389,293.8319091796875,2020-12-15,0.0,0.0,2020-12-14,0.2911643981933594,1.0,"{""type"":""Point"",""coordinates"":[96.50069193044305,23.953154945314598]}"
993,10,0.0029540264513343573,310.5048828125,2021-09-30,9.984397888183594,0,1.0,110.47000122070312,2021-09-30,2021-09-29,3.233809471130371,299.6099853515625,2021-10-01,8.769999504089355,8.333333015441895,2021-09-30,0.4086875915527344,1.0,"{""type"":""Point"",""coordinates"":[88.43293057558404,22.68640805048246]}"
994,40,0.24269714951515198,248.99346923828125,2023-04-24,118.11166381835938,0,2.0,27.639999389648438,2023-04-24,2023-04-23,0.5194769501686096,307.5115661621094,2023-04-25,0.6800000071525574,2.0833332538604736,2023-04-24,0.33291181921958923,2.0,"{""type"":""Point"",""coordinates"":[95.24337315206382,22.563282170564705]}"
995,10,-0.010146179236471653,269.31268310546875,2019-08-22,2010.202392578125,0,5.0,3.299999952316284,2019-08-22,2019-08-21,11.127341270446777,294.8717041015625,2019-08-23,43.439998626708984,18.75,2019-08-22,0.46673837304115295,1.0,"{""type"":""Point"",""coordinates"":[94.80267221338794,25.42141775670623]}"
996,10,0.610597550868988,126.18189239501953,2020-03-30,294.6893005371094,0,2102.0,0.0,2020-03-30,2020-03-29,17.714508056640625,298.1213073730469,2020-03-31,0.0,0.0,2020-03-30,0.3378073275089264,1.0,"{""type"":""Point"",""coordinates"":[93.27308748750781,25.43821102429309]}"
997,40,0.3884687125682831,267.03607177734375,2022-11-04,24.569622039794922,0,2.0,0.0,2022-11-04,2022-11-03,2.336383581161499,297.1983337402344,2022-11-05,0.0,0.0,2022-11-04,0.3039989471435547,1.0,"{""type"":""Point"",""coordinates"":[89.39041173869018,25.421473754997603]}"
998,10,0.08906812220811844,52.48216247558594,2019-05-28,17.538541793823242,0,3.0,11.339999198913574,2019-05-28,2019-05-27,3.444953203201294,299.763427734375,2019-05-29,0.41999998688697815,0.0,2019-05-28,0.4482994079589844,3.0,"{""type"":""Point"",""coordinates"":[91.56161333578142,25.139812948944346]}"
999,10,0.16616135835647583,166.95440673828125,2019-05-14,197.43307495117188,0,1.0,11.59999942779541,2019-05-14,2019-05-13,6.587207317352295,305.40838623046875,2019-05-15,1.2699999809265137,0.0,2019-05-14,0.2837543487548828,1.0,"{""type"":""Point"",""coordinates"":[95.4857013979418,24.901997896871983]}"
