system:index,Map,NDVI,aspect,current_date,elevation,is_landslide,max_water_accumulation,prev_day_water_accumulation,prev_end,prev_start,slope,soil_temperature,today_end,today_expected_rain,today_rain_probability,today_start,volumetric_soil_moisture,water_accumulation,.geo
0,10,-0.006625452544540167,229.44036865234375,2020-08-21,863.377197265625,1,16.0,422.8799743652344,2020-08-21,2020-08-20,33.225013732910156,293.9543151855469,2020-08-22,2.7300000190734863,6.25,2020-08-21,0.4740104675292969,16.0,"{""type"":""Point"",""coordinates"":[75.630356,13.148653]}"
1,10,-0.008301079273223877,245.72146606445312,2020-07-14,874.7424926757812,1,16.0,51.68000030517578,2020-07-14,2020-07-13,31.9327335357666,293.7437438964844,2020-07-15,87.01000213623047,52.08333206176758,2020-07-14,0.48286500573158264,16.0,"{""type"":""Point"",""coordinates"":[75.630464,13.148333]}"
2,10,0.007589506451040506,256.0897216796875,2022-07-19,870.018798828125,1,16.0,1401.760009765625,2022-07-19,2022-07-18,30.8884334564209,293.69854736328125,2022-07-20,1.559999942779541,4.166666507720947,2022-07-19,0.47947630286216736,16.0,"{""type"":""Point"",""coordinates"":[75.631236,13.146917000000002]}"
3,10,0.36757892370224,243.5842742919922,2022-02-06,852.9342041015625,1,16.0,0.0,2022-02-06,2022-02-05,31.67615509033203,294.9257507324219,2022-02-07,0.0,0.0,2022-02-06,0.27551841735839844,16.0,"{""type"":""Point"",""coordinates"":[75.62986900000001,13.149242]}"
4,10,0.09164683520793915,243.5842742919922,2021-07-08,852.9342041015625,1,16.0,8.319999694824219,2021-07-08,2021-07-07,31.67615509033203,295.2929382324219,2021-07-09,35.349998474121094,20.83333396911621,2021-07-08,0.4575023651123047,16.0,"{""type"":""Point"",""coordinates"":[75.62986900000001,13.149242]}"
5,10,0.05083257332444191,261.8919982910156,2020-11-02,1060.6357421875,1,2.0,1.1720000505447388,2020-11-02,2020-11-01,24.147886276245117,295.784423828125,2020-11-03,0.0,0.0,2020-11-02,0.4336210787296295,2.0,"{""type"":""Point"",""coordinates"":[75.651144,13.170225000000004]}"
6,10,0.45346197485923767,103.17330932617188,2023-03-10,1031.870849609375,1,1.0,0.1599999964237213,2023-03-10,2023-03-09,22.07327651977539,298.1098937988281,2023-03-11,0.0,0.0,2023-03-10,0.2783876955509186,1.0,"{""type"":""Point"",""coordinates"":[75.525186,13.158122000000002]}"
7,10,0.36879244446754456,217.6613311767578,2022-11-02,987.4569091796875,1,9.0,0.27799999713897705,2022-11-02,2022-11-01,17.910295486450195,296.07330322265625,2022-11-03,2.299999952316284,4.166666507720947,2022-11-02,0.401287704706192,2.0,"{""type"":""Point"",""coordinates"":[75.5147,13.129166999999999]}"
8,10,0.46987369656562805,150.14073181152344,2020-12-22,927.7455444335938,1,63.0,0.0,2020-12-22,2020-12-21,17.860389709472656,296.4021911621094,2020-12-23,0.0,0.0,2020-12-22,0.31478628516197205,63.0,"{""type"":""Point"",""coordinates"":[75.54239200000002,13.131405999999998]}"
9,10,0.11423418670892715,146.79627990722656,2022-10-30,924.2198486328125,1,63.0,0.0,2022-10-30,2022-10-29,7.225518703460693,296.3623352050781,2022-10-31,0.0,0.0,2022-10-30,0.3937835693359375,63.0,"{""type"":""Point"",""coordinates"":[75.543775,13.132053]}"
10,10,0.06613640487194061,40.7249755859375,2023-09-08,962.74169921875,1,14.0,1.350000023841858,2023-09-08,2023-09-07,12.786186218261719,294.8254089355469,2023-09-09,0.9999999403953552,2.0833332538604736,2023-09-08,0.5066273808479309,1.0,"{""type"":""Point"",""coordinates"":[75.513139,13.117922]}"
11,30,-0.02288828417658806,120.32373046875,2022-05-29,955.4902954101562,1,7.0,1.399999976158142,2022-05-29,2022-05-28,12.34289264678955,295.427490234375,2022-05-30,0.0,0.0,2022-05-29,0.488049179315567,7.0,"{""type"":""Point"",""coordinates"":[75.556144,13.091597]}"
12,10,0.002738501178100705,119.55087280273438,2021-07-04,977.1714477539062,1,32.0,737.5999755859375,2021-07-04,2021-07-03,16.483928680419922,295.1822204589844,2021-07-05,28.969999313354492,18.75,2021-07-04,0.4825172424316406,32.0,"{""type"":""Point"",""coordinates"":[75.562714,13.041958]}"
13,30,-0.015600623562932014,119.65159606933594,2020-07-08,1042.2674560546875,1,5.0,61.119998931884766,2020-07-08,2020-07-07,18.837358474731445,294.08819580078125,2020-07-09,16.860000610351562,20.83333396911621,2020-07-08,0.4777393341064453,2.0,"{""type"":""Point"",""coordinates"":[75.5541,13.059447000000002]}"
14,30,0.5200932025909424,119.65159606933594,2023-01-25,1042.2674560546875,1,5.0,0.0,2023-01-25,2023-01-24,18.837358474731445,294.72216796875,2023-01-26,0.0,0.0,2023-01-25,0.31714439392089844,2.0,"{""type"":""Point"",""coordinates"":[75.5541,13.059447000000002]}"
15,10,0.32771000266075134,17.374866485595703,2020-04-13,903.3817138671875,1,7.0,0.8500000238418579,2020-04-13,2020-04-12,22.053152084350586,298.9698181152344,2020-04-14,0.0,0.0,2020-04-13,0.3508892059326172,5.0,"{""type"":""Point"",""coordinates"":[75.7746,12.945400000000001]}"
16,10,0.008526408113539219,251.31565856933594,2020-08-01,931.2013549804688,1,5.0,45.29999923706055,2020-08-01,2020-07-31,25.33243751525879,294.3506164550781,2020-08-02,14.946999549865723,22.91666603088379,2020-08-01,0.47481855750083923,5.0,"{""type"":""Point"",""coordinates"":[75.7657,12.8035]}"
17,10,0.27023211121559143,279.1409606933594,2019-06-07,934.9067993164062,1,9.0,82.52999877929688,2019-06-07,2019-06-06,17.463438034057617,299.4300537109375,2019-06-08,3.5199999809265137,4.166666507720947,2019-06-07,0.4141407012939453,9.0,"{""type"":""Point"",""coordinates"":[75.8521,12.7207]}"
18,10,0.14687898755073547,326.2442932128906,2019-12-25,962.39892578125,1,1.0,0.0,2019-12-25,2019-12-24,23.028871536254883,294.7737121582031,2019-12-26,0.0,0.0,2019-12-25,0.3352794647216797,1.0,"{""type"":""Point"",""coordinates"":[75.8191,12.731499999999999]}"
19,10,0.014784040860831738,241.73854064941406,2021-11-28,1197.4132080078125,1,1.0,5.549999713897705,2021-11-28,2021-11-27,6.522186279296875,294.35455322265625,2021-11-29,3.429999828338623,2.0833332538604736,2021-11-28,0.43620362877845764,1.0,"{""type"":""Point"",""coordinates"":[75.8072,12.6405]}"
20,10,-0.005864509381353855,78.38346862792969,2021-07-28,1078.26806640625,1,2.0,28.439998626708984,2021-07-28,2021-07-27,21.552181243896484,293.8282470703125,2021-07-29,1.1399999856948853,2.0833332538604736,2021-07-28,0.5019804835319519,2.0,"{""type"":""Point"",""coordinates"":[75.78380000000001,12.6688]}"
21,10,0.02480977587401867,302.79339599609375,2020-08-30,178.55462646484375,1,1.0,9.210000038146973,2020-08-30,2020-08-29,18.186811447143555,297.3502197265625,2020-08-31,12.460000038146973,10.416666984558105,2020-08-30,0.46771493554115295,1.0,"{""type"":""Point"",""coordinates"":[75.6068,12.6949]}"
22,10,0.747698187828064,294.8008117675781,2020-01-21,254.40316772460938,1,5.0,0.0,2020-01-21,2020-01-20,25.879915237426758,299.106689453125,2020-01-22,0.0,0.0,2020-01-21,0.2857729494571686,5.0,"{""type"":""Point"",""coordinates"":[75.588,12.834999999999999]}"
23,10,0.15819025039672852,160.2011260986328,2021-01-25,267.1028137207031,1,1330.0,0.0,2021-01-25,2021-01-24,30.825084686279297,296.33673095703125,2021-01-26,0.0,0.0,2021-01-25,0.33582115173339844,1330.0,"{""type"":""Point"",""coordinates"":[75.65400000000001,12.833999999999998]}"
24,10,0.5744199156761169,168.87294006347656,2020-01-20,278.47979736328125,1,5.0,0.0,2020-01-20,2020-01-19,5.235714912414551,296.953125,2020-01-21,0.0,0.0,2020-01-20,0.2898120880126953,5.0,"{""type"":""Point"",""coordinates"":[75.656,12.834999999999999]}"
25,10,0.20387333631515503,301.36846923828125,2023-04-10,264.2640380859375,1,1078.0,0.0,2023-04-10,2023-04-09,4.4467668533325195,299.92596435546875,2023-04-11,0.07000000029802322,0.0,2023-04-10,0.27991166710853577,1078.0,"{""type"":""Point"",""coordinates"":[75.66,12.838999999999999]}"
26,10,-0.013329792767763138,174.75547790527344,2019-08-22,358.46502685546875,1,1035.0,11778.2998046875,2019-08-22,2019-08-21,24.934032440185547,294.7313232421875,2019-08-23,20.079999923706055,39.58333206176758,2019-08-22,0.49718475341796875,1035.0,"{""type"":""Point"",""coordinates"":[75.674,12.841000000000001]}"
27,10,0.7781476378440857,128.38357543945312,2020-05-03,404.7569580078125,1,1030.0,22351.0,2020-05-03,2020-05-02,28.98604965209961,298.34283447265625,2020-05-04,40.88999938964844,22.91666603088379,2020-05-03,0.4271507263183594,1030.0,"{""type"":""Point"",""coordinates"":[75.677,12.843000000000002]}"
28,10,0.044525690376758575,128.38357543945312,2021-10-21,404.7569580078125,1,1030.0,78104.8984375,2021-10-21,2021-10-20,28.98604965209961,296.6190490722656,2021-10-22,36.21999740600586,27.08333396911621,2021-10-21,0.467144638299942,1030.0,"{""type"":""Point"",""coordinates"":[75.677,12.843000000000002]}"
29,10,-0.02512996457517147,167.76263427734375,2021-08-22,355.4032287597656,1,1035.0,35.37999725341797,2021-08-22,2021-08-21,28.98211097717285,295.4180603027344,2021-08-23,17.049999237060547,16.66666603088379,2021-08-22,0.47810235619544983,2.0,"{""type"":""Point"",""coordinates"":[75.675,12.841000000000001]}"
30,10,0.32500237226486206,157.0167999267578,2020-05-21,270.53546142578125,1,1350.0,3968.999755859375,2020-05-21,2020-05-20,30.52884864807129,298.37799072265625,2020-05-22,0.6899999380111694,2.0833332538604736,2020-05-21,0.47004127502441406,1350.0,"{""type"":""Point"",""coordinates"":[75.648,12.833]}"
31,10,0.586067259311676,157.0167999267578,2023-11-19,270.53546142578125,1,1350.0,0.0,2023-11-19,2023-11-18,30.52884864807129,298.1081237792969,2023-11-20,0.0,0.0,2023-11-19,0.4056663513183594,1350.0,"{""type"":""Point"",""coordinates"":[75.648,12.833]}"
32,10,0.08830312639474869,204.3665313720703,2019-06-28,270.2605285644531,1,1350.0,8275.5,2019-06-28,2019-06-27,17.937820434570312,296.55517578125,2019-06-29,2.240000009536743,4.166666507720947,2019-06-28,0.4923006594181061,1350.0,"{""type"":""Point"",""coordinates"":[75.65,12.833]}"
33,50,0.14907364547252655,210.08355712890625,2021-01-30,262.0028076171875,1,1396.0,0.0,2021-01-30,2021-01-29,28.92393684387207,297.348388671875,2021-01-31,0.0,0.0,2021-01-30,0.3098055422306061,1396.0,"{""type"":""Point"",""coordinates"":[75.64,12.828]}"
34,10,0.15355440974235535,201.7565460205078,2021-07-05,293.6453552246094,1,1402.0,58393.296875,2021-07-05,2021-07-04,31.649551391601562,296.8328857421875,2021-07-06,7.009999752044678,10.416666984558105,2021-07-05,0.47514915466308594,1402.0,"{""type"":""Point"",""coordinates"":[75.635,12.829999999999998]}"
35,10,0.30884790420532227,201.7565460205078,2019-05-17,293.6453552246094,1,1402.0,0.0,2019-05-17,2019-05-16,31.649551391601562,300.0198059082031,2019-05-18,0.0,0.0,2019-05-17,0.42779287695884705,1402.0,"{""type"":""Point"",""coordinates"":[75.635,12.829999999999998]}"
36,10,0.270233690738678,170.48855590820312,2019-01-27,245.35867309570312,1,1410.0,0.0,2019-01-27,2019-01-26,28.30279541015625,296.4949035644531,2019-01-28,0.0,0.0,2019-01-27,0.2800566256046295,2.0,"{""type"":""Point"",""coordinates"":[75.63000000000001,12.829]}"
37,10,0.14273160696029663,217.77963256835938,2023-09-14,156.35902404785156,1,10.0,21.529998779296875,2023-09-14,2023-09-13,20.636320114135742,298.08990478515625,2023-09-15,9.309999465942383,10.416666984558105,2023-09-14,0.46767106652259827,1.0,"{""type"":""Point"",""coordinates"":[75.403,12.946]}"
38,10,0.14316943287849426,341.29302978515625,2021-06-14,156.25143432617188,1,38.0,85.04999542236328,2021-06-14,2021-06-13,28.825881958007812,296.52239990234375,2021-06-15,104.75,68.75,2021-06-14,0.4832725524902344,1.0,"{""type"":""Point"",""coordinates"":[75.4575,12.6]}"
39,10,0.06754099577665329,3.865273952484131,2023-07-17,162.8966064453125,1,32.0,45.53999710083008,2023-07-17,2023-07-16,18.8431339263916,297.77044677734375,2023-07-18,19.420000076293945,16.66666603088379,2023-07-17,0.47802796959877014,1.0,"{""type"":""Point"",""coordinates"":[75.4639,12.599399999999997]}"
40,10,0.2548293173313141,296.6856689453125,2020-06-24,131.34732055664062,1,7.0,69.29999542236328,2020-06-24,2020-06-23,14.605816841125488,298.1039123535156,2020-06-25,31.369998931884766,27.08333396911621,2020-06-24,0.43650373816490173,7.0,"{""type"":""Point"",""coordinates"":[75.4192,12.593900000000001]}"
41,10,-0.002145030302926898,183.77064514160156,2020-08-20,91.83064270019531,1,4.0,14.59999942779541,2020-08-20,2020-08-19,8.00477409362793,298.832763671875,2020-08-21,50.029998779296875,47.91666793823242,2020-08-20,0.4877052307128906,4.0,"{""type"":""Point"",""coordinates"":[75.3314,12.7075]}"
42,60,0.1263578087091446,200.12648010253906,2022-04-29,92.11434173583984,1,138.0,0.0,2022-04-29,2022-04-28,8.709589958190918,301.8069763183594,2022-04-30,0.2800000011920929,0.0,2022-04-29,0.4158236086368561,138.0,"{""type"":""Point"",""coordinates"":[75.3907,12.7061]}"
43,10,0.5866789817810059,2.7588958740234375,2020-02-08,113.51557159423828,1,33.0,0.0,2020-02-08,2020-02-07,5.931623458862305,298.8110656738281,2020-02-09,0.0,0.0,2020-02-08,0.28606605529785156,25.0,"{""type"":""Point"",""coordinates"":[75.2917,12.6406]}"
44,10,0.20998401939868927,160.0385284423828,2021-12-11,181.57664489746094,1,1.0,0.0,2021-12-11,2021-12-10,2.8359968662261963,299.24493408203125,2021-12-12,4.179999828338623,2.0833332538604736,2021-12-11,0.39034590125083923,1.0,"{""type"":""Point"",""coordinates"":[75.3071,12.6182]}"
45,30,0.024338316172361374,9.395780563354492,2020-09-05,157.1150665283203,1,3.0,48.62999725341797,2020-09-05,2020-09-04,21.325103759765625,300.2942199707031,2020-09-06,55.06999969482422,29.16666603088379,2020-09-05,0.47281965613365173,3.0,"{""type"":""Point"",""coordinates"":[75.2,12.750000000000002]}"
46,50,0.025301914662122726,62.26191329956055,2021-11-14,102.14252471923828,1,1.0,43.16999816894531,2021-11-14,2021-11-13,8.330450057983398,297.87420654296875,2021-11-15,54.30999755859375,43.75,2021-11-14,0.472241073846817,1.0,"{""type"":""Point"",""coordinates"":[75.2,12.76]}"
47,10,0.5363109707832336,75.18855285644531,2022-11-29,56.01454162597656,1,8.0,3.0799999237060547,2022-11-29,2022-11-28,3.0539231300354004,299.1187744140625,2022-11-30,0.0,0.0,2022-11-29,0.37927117943763733,4.0,"{""type"":""Point"",""coordinates"":[75.21,12.850000000000001]}"
48,10,0.18882179260253906,325.42559814453125,2019-10-06,123.60281372070312,1,1.0,39.62999725341797,2019-10-06,2019-10-05,4.598825454711914,299.1136779785156,2019-10-07,22.969999313354492,27.08333396911621,2019-10-06,0.4651552736759186,1.0,"{""type"":""Point"",""coordinates"":[75.19,12.949999999999998]}"
49,10,0.7484845519065857,240.73797607421875,2021-03-12,60.60903549194336,1,15.0,5.099999904632568,2021-03-12,2021-03-11,5.4852986335754395,303.0804138183594,2021-03-13,0.0,0.0,2021-03-12,0.26783880591392517,15.0,"{""type"":""Point"",""coordinates"":[75.15,12.879999999999999]}"
50,10,0.18795791268348694,322.7326354980469,2019-03-26,84.25617980957031,1,50.0,0.0,2019-03-26,2019-03-25,8.55318546295166,303.8726806640625,2019-03-27,0.0,0.0,2019-03-26,0.2653923034667969,50.0,"{""type"":""Point"",""coordinates"":[75.17,12.95]}"
51,10,0.33878839015960693,0.6142978668212891,2020-03-24,88.79061126708984,1,278.0,0.0,2020-03-24,2020-03-23,15.009865760803223,303.0791931152344,2020-03-25,0.0,0.0,2020-03-24,0.2649904787540436,275.0,"{""type"":""Point"",""coordinates"":[75.15,12.979999999999999]}"
52,10,0.1769816279411316,334.9402160644531,2020-11-13,356.517333984375,1,4.0,0.0,2020-11-13,2020-11-12,29.38639259338379,297.60321044921875,2020-11-14,9.079999923706055,12.5,2020-11-13,0.3945890963077545,1.0,"{""type"":""Point"",""coordinates"":[75.445311,13.070123000000002]}"
53,10,0.5968578457832336,263.0000305175781,2021-04-18,229.0226287841797,1,1.0,0.1899999976158142,2021-04-18,2021-04-17,19.311702728271484,299.0636291503906,2021-04-19,15.119999885559082,20.83333396911621,2021-04-18,0.48550859093666077,1.0,"{""type"":""Point"",""coordinates"":[75.435336,13.065757999999999]}"
54,10,0.4796050190925598,261.3463134765625,2019-11-28,229.12734985351562,1,7.0,0.0,2019-11-28,2019-11-27,21.4970703125,297.6894226074219,2019-11-29,0.0,0.0,2019-11-28,0.39323869347572327,1.0,"{""type"":""Point"",""coordinates"":[75.435351,13.066495000000002]}"
55,10,0.3487641215324402,316.2733154296875,2023-03-19,386.3324890136719,1,5.0,0.0,2023-03-19,2023-03-18,22.395009994506836,298.1451721191406,2023-03-20,0.0,0.0,2023-03-19,0.2960732877254486,5.0,"{""type"":""Point"",""coordinates"":[75.450901,13.075811000000002]}"
56,10,0.6773543953895569,280.2866516113281,2021-04-07,381.0049743652344,1,8.0,0.0,2021-04-07,2021-04-06,12.825733184814453,299.86083984375,2021-04-08,0.0,0.0,2021-04-07,0.3530731201171875,5.0,"{""type"":""Point"",""coordinates"":[75.450247,13.075209]}"
57,10,-0.02346588857471943,327.77435302734375,2022-05-22,388.53582763671875,1,8.0,3.0199999809265137,2022-05-22,2022-05-21,26.901260375976562,295.05169677734375,2022-05-23,0.07000000029802322,0.0,2022-05-22,0.48656463623046875,2.0,"{""type"":""Point"",""coordinates"":[75.449953,13.074473]}"
58,10,0.003434977261349559,337.732666015625,2022-09-29,380.42901611328125,1,8.0,3.3399999141693115,2022-09-29,2022-09-28,20.50816535949707,297.12969970703125,2022-09-30,0.0,0.0,2022-09-29,0.42294755578041077,2.0,"{""type"":""Point"",""coordinates"":[75.449367,13.074590999999998]}"
59,10,0.2983408570289612,302.059326171875,2019-11-25,436.57354736328125,1,5.0,0.0,2019-11-25,2019-11-24,19.859861373901367,296.7795715332031,2019-11-26,0.0,0.0,2019-11-25,0.4338105618953705,5.0,"{""type"":""Point"",""coordinates"":[75.452914,13.076068]}"
60,10,0.2745353579521179,328.1139831542969,2020-12-05,455.5516662597656,1,5.0,0.0,2020-12-05,2020-12-04,8.29660701751709,296.54193115234375,2020-12-06,0.0,0.0,2020-12-05,0.3263130187988281,5.0,"{""type"":""Point"",""coordinates"":[75.45381,13.075631]}"
61,10,0.27402031421661377,318.61334228515625,2019-06-02,445.6637878417969,1,5.0,5.404999732971191,2019-06-02,2019-06-01,24.410646438598633,298.0440979003906,2019-06-03,35.599998474121094,29.16666603088379,2019-06-02,0.48860931396484375,5.0,"{""type"":""Point"",""coordinates"":[75.452491,13.075297000000003]}"
62,10,0.055585429072380066,326.3915710449219,2022-07-04,453.2604675292969,1,5.0,389.9499816894531,2022-07-04,2022-07-03,19.863189697265625,294.7236022949219,2022-07-05,171.66000366210938,97.91666412353516,2022-07-04,0.4831657409667969,5.0,"{""type"":""Point"",""coordinates"":[75.452689,13.075437000000003]}"
63,10,0.03447965532541275,268.9457092285156,2020-10-25,502.4266357421875,1,3.0,2.309999942779541,2020-10-25,2020-10-24,21.693500518798828,294.8845520019531,2020-10-26,1.6299999952316284,2.0833332538604736,2020-10-25,0.4917316436767578,3.0,"{""type"":""Point"",""coordinates"":[75.45596,13.075712999999997]}"
64,10,0.3594116270542145,270.6048889160156,2020-03-07,515.8017578125,1,3.0,0.0,2020-03-07,2020-03-06,20.05677032470703,297.0014343261719,2020-03-08,0.0,0.0,2020-03-07,0.3426704406738281,3.0,"{""type"":""Point"",""coordinates"":[75.456283,13.075048]}"
65,10,0.43310895562171936,254.9726104736328,2019-12-16,536.8279418945312,1,3.0,0.0,2019-12-16,2019-12-15,18.380388259887695,296.8680419921875,2019-12-17,0.0,0.0,2019-12-16,0.37080129981040955,3.0,"{""type"":""Point"",""coordinates"":[75.456846,13.074956000000004]}"
66,10,0.14699792861938477,261.1706237792969,2022-10-25,538.361083984375,1,3.0,0.0,2022-10-25,2022-10-24,23.392475128173828,295.48004150390625,2022-10-26,0.0,0.0,2022-10-25,0.4432951509952545,3.0,"{""type"":""Point"",""coordinates"":[75.456818,13.075714]}"
67,10,0.21478326618671417,145.1656951904297,2020-06-09,538.546875,1,3.0,12.479999542236328,2020-06-09,2020-06-08,24.67320442199707,296.4568786621094,2020-06-10,5.759999752044678,6.25,2020-06-09,0.4919624328613281,3.0,"{""type"":""Point"",""coordinates"":[75.457789,13.075007]}"
68,10,0.18708553910255432,166.64378356933594,2022-11-09,536.4102783203125,1,3.0,0.0,2022-11-09,2022-11-08,19.500612258911133,296.5711669921875,2022-11-10,0.14999999105930328,0.0,2022-11-09,0.3768990933895111,1.0,"{""type"":""Point"",""coordinates"":[75.457356,13.074781]}"
69,10,0.12225846201181412,156.76629638671875,2023-06-04,531.1150512695312,1,3.0,15.149999618530273,2023-06-04,2023-06-03,26.024927139282227,298.50579833984375,2023-06-05,0.0,0.0,2023-06-04,0.4800224304199219,1.0,"{""type"":""Point"",""coordinates"":[75.458686,13.075421]}"
70,10,0.6407389640808105,160.0071258544922,2022-01-22,526.4822998046875,1,3.0,0.0,2022-01-22,2022-01-21,20.777667999267578,296.9132995605469,2022-01-23,0.0,0.0,2022-01-22,0.28127607703208923,1.0,"{""type"":""Point"",""coordinates"":[75.458339,13.075112000000003]}"
71,10,0.4071241021156311,245.74575805664062,2019-02-24,573.702392578125,1,1.0,0.0,2019-02-24,2019-02-23,6.191604137420654,299.290283203125,2019-02-25,0.0,0.0,2019-02-24,0.28492864966392517,1.0,"{""type"":""Point"",""coordinates"":[75.460441,13.078081999999998]}"
72,10,0.0738961398601532,306.083251953125,2022-12-05,550.9095458984375,1,3.0,0.0,2022-12-05,2022-12-04,25.21516990661621,297.5302429199219,2022-12-06,0.0,0.0,2022-12-05,0.3624661862850189,3.0,"{""type"":""Point"",""coordinates"":[75.457142,13.076512]}"
73,10,0.17349432408809662,276.46295166015625,2020-11-21,495.1275634765625,1,3.0,0.0,2020-11-21,2020-11-20,29.535749435424805,297.0062255859375,2020-11-22,0.0,0.0,2020-11-21,0.39477285742759705,3.0,"{""type"":""Point"",""coordinates"":[75.456287,13.076911]}"
74,10,0.38404977321624756,304.3299560546875,2023-11-25,475.5666198730469,1,3.0,0.26999998092651367,2023-11-25,2023-11-24,30.643098831176758,296.3484191894531,2023-11-26,12.329999923706055,10.416666984558105,2023-11-25,0.40557861328125,3.0,"{""type"":""Point"",""coordinates"":[75.455661,13.076502999999999]}"
75,10,-0.014132905751466751,301.0973815917969,2019-07-17,493.20587158203125,1,3.0,7.829999923706055,2019-07-17,2019-07-16,11.80716609954834,294.5546569824219,2019-07-18,7.880000114440918,4.166666507720947,2019-07-17,0.4874795377254486,3.0,"{""type"":""Point"",""coordinates"":[75.456289,13.078177]}"
76,10,0.6370293498039246,255.65200805664062,2023-04-14,487.53204345703125,1,3.0,0.0,2023-04-14,2023-04-13,20.062597274780273,301.25970458984375,2023-04-15,0.11999999731779099,0.0,2023-04-14,0.2815469205379486,3.0,"{""type"":""Point"",""coordinates"":[75.45600800000001,13.078566]}"
77,10,0.003556487848982215,256.3894348144531,2021-06-04,489.86883544921875,1,3.0,339.8699951171875,2021-06-04,2021-06-03,16.14732551574707,296.945068359375,2021-06-05,10.130000114440918,20.83333396911621,2021-06-04,0.46251168847084045,3.0,"{""type"":""Point"",""coordinates"":[75.455903,13.078949]}"
78,10,0.09586252272129059,174.08535766601562,2022-11-29,618.9300537109375,1,1.0,11.029999732971191,2022-11-29,2022-11-28,25.04295539855957,295.4228820800781,2022-11-30,0.0,0.0,2022-11-29,0.41904640197753906,1.0,"{""type"":""Point"",""coordinates"":[75.464196,13.079364]}"
79,10,0.21761514246463776,156.42825317382812,2023-12-01,631.5814819335938,1,1.0,0.0,2023-12-01,2023-11-30,26.04861831665039,297.4094543457031,2023-12-02,0.0,0.0,2023-12-01,0.3769207000732422,1.0,"{""type"":""Point"",""coordinates"":[75.464559,13.079549]}"
80,10,0.17686772346496582,145.8308868408203,2023-12-02,621.86962890625,1,1.0,0.0,2023-12-02,2023-12-01,28.390439987182617,296.806640625,2023-12-03,0.0,0.0,2023-12-02,0.38564619421958923,1.0,"{""type"":""Point"",""coordinates"":[75.464753,13.079733000000001]}"
81,10,-0.02075083553791046,210.21218872070312,2019-08-28,587.080078125,1,1.0,4.75,2019-08-28,2019-08-27,8.111480712890625,294.141357421875,2019-08-29,7.730000019073486,8.333333015441895,2019-08-28,0.47480836510658264,1.0,"{""type"":""Point"",""coordinates"":[75.461824,13.077990000000003]}"
82,10,0.019658472388982773,220.83338928222656,2020-07-25,584.8654174804688,1,1.0,6.96999979019165,2020-07-25,2020-07-24,5.66269063949585,296.02374267578125,2020-07-26,139.52999877929688,41.66666793823242,2020-07-25,0.45365333557128906,1.0,"{""type"":""Point"",""coordinates"":[75.46159,13.078176999999998]}"
83,10,-0.03460608795285225,180.5549774169922,2023-08-19,671.5677490234375,1,2.0,15.980000495910645,2023-08-19,2023-08-18,18.142597198486328,296.0653381347656,2023-08-20,38.29999923706055,35.41666793823242,2023-08-19,0.47316932678222656,1.0,"{""type"":""Point"",""coordinates"":[75.470398,13.075950000000002]}"
84,10,-0.010026795789599419,170.30641174316406,2021-09-28,683.41845703125,1,2.0,36.32999801635742,2021-09-28,2021-09-27,22.905366897583008,294.6636962890625,2021-09-29,3.7699999809265137,4.166666507720947,2021-09-28,0.4738858640193939,1.0,"{""type"":""Point"",""coordinates"":[75.470727,13.076035]}"
85,10,0.7983055710792542,53.876556396484375,2021-03-20,718.3274536132812,1,2.0,0.0,2021-03-20,2021-03-19,15.104135513305664,299.7989501953125,2021-03-21,0.14000000059604645,0.0,2021-03-20,0.3027019500732422,1.0,"{""type"":""Point"",""coordinates"":[75.470159,13.078607999999997]}"
86,10,-0.010616680607199669,147.11636352539062,2023-07-25,682.48486328125,1,2.0,422.94000244140625,2023-07-25,2023-07-24,25.137584686279297,294.2506103515625,2023-07-26,195.02999877929688,89.58333587646484,2023-07-25,0.4838460385799408,2.0,"{""type"":""Point"",""coordinates"":[75.472049,13.077057999999997]}"
87,50,-0.0365355908870697,133.97695922851562,2019-08-30,660.18701171875,1,2.0,4.519999980926514,2019-08-30,2019-08-29,26.4296817779541,294.67999267578125,2019-08-31,10.34999942779541,8.333333015441895,2019-08-30,0.4846445620059967,2.0,"{""type"":""Point"",""coordinates"":[75.471532,13.076021000000003]}"
88,10,0.4687417149543762,127.15349578857422,2021-01-25,667.88427734375,1,2.0,0.0,2021-01-25,2021-01-24,32.65373229980469,297.08251953125,2021-01-26,0.0,0.0,2021-01-25,0.3525276184082031,2.0,"{""type"":""Point"",""coordinates"":[75.471719,13.076509]}"
89,10,0.11717034131288528,208.92710876464844,2020-11-15,659.7288818359375,1,1.0,0.0,2020-11-15,2020-11-14,15.517193794250488,296.8143615722656,2020-11-16,0.0,0.0,2020-11-15,0.4401378631591797,1.0,"{""type"":""Point"",""coordinates"":[75.469923,13.075699000000002]}"
90,10,0.24695943295955658,92.03961944580078,2019-11-16,688.769775390625,1,2.0,2.819999933242798,2019-11-16,2019-11-15,21.209693908691406,296.4499816894531,2019-11-17,16.5,14.583333015441895,2019-11-16,0.4718538820743561,2.0,"{""type"":""Point"",""coordinates"":[75.472707,13.0783]}"
91,10,0.02645985409617424,159.92166137695312,2020-10-31,729.7371215820312,1,1.0,0.0,2020-10-31,2020-10-30,19.99991798400879,296.12445068359375,2020-11-01,0.0,0.0,2020-10-31,0.4505341947078705,1.0,"{""type"":""Point"",""coordinates"":[75.47301,13.085391000000001]}"
92,10,0.07992326468229294,167.66543579101562,2022-12-22,721.5938720703125,1,1.0,0.0,2022-12-22,2022-12-21,14.038054466247559,296.11236572265625,2022-12-23,0.0,0.0,2022-12-22,0.3896242678165436,1.0,"{""type"":""Point"",""coordinates"":[75.472348,13.084891]}"
93,10,0.14972950518131256,160.88845825195312,2019-06-08,717.8411254882812,1,1.0,9.960000038146973,2019-06-08,2019-06-07,16.20234489440918,298.136474609375,2019-06-09,23.3799991607666,14.583333015441895,2019-06-08,0.49153390526771545,1.0,"{""type"":""Point"",""coordinates"":[75.470221,13.084009]}"
94,10,0.041327282786369324,74.37569427490234,2023-06-10,729.9194946289062,1,1.0,3.249999761581421,2023-06-10,2023-06-09,18.261417388916016,296.7971496582031,2023-06-11,90.55999755859375,31.25,2023-06-10,0.5018914341926575,1.0,"{""type"":""Point"",""coordinates"":[75.469755,13.079058]}"
95,10,0.5684186220169067,105.75044250488281,2021-01-16,719.8966064453125,1,1.0,0.3499999940395355,2021-01-16,2021-01-15,18.198047637939453,295.91802978515625,2021-01-17,0.0,0.0,2021-01-16,0.40902456641197205,1.0,"{""type"":""Point"",""coordinates"":[75.469624,13.080787000000003]}"
96,10,0.38630005717277527,65.6556396484375,2019-12-04,736.3214111328125,1,1.0,1.4900000095367432,2019-12-04,2019-12-03,20.93922996520996,294.0755615234375,2019-12-05,0.0,0.0,2019-12-04,0.4803873598575592,1.0,"{""type"":""Point"",""coordinates"":[75.469516,13.079636999999998]}"
97,10,-0.03885752335190773,97.35250854492188,2023-10-08,762.6742553710938,1,3.0,11.539999961853027,2023-10-08,2023-10-07,21.638404846191406,296.23681640625,2023-10-09,21.279998779296875,22.91666603088379,2023-10-08,0.47377267479896545,1.0,"{""type"":""Point"",""coordinates"":[75.477688,13.095556]}"
98,10,0.8343968391418457,63.31291198730469,2023-02-18,780.5320434570312,1,1.0,0.0,2023-02-18,2023-02-17,29.435340881347656,298.36181640625,2023-02-19,0.0,0.0,2023-02-18,0.28249168395996094,1.0,"{""type"":""Point"",""coordinates"":[75.47805,13.094198]}"
99,10,-0.002738503972068429,75.93196105957031,2022-08-17,785.9578857421875,1,1.0,1.090000033378601,2022-08-17,2022-08-16,33.89760971069336,295.859375,2022-08-18,0.0,0.0,2022-08-17,0.4771035611629486,1.0,"{""type"":""Point"",""coordinates"":[75.478104,13.094038]}"
100,10,0.016322022303938866,145.6793670654297,2021-10-17,788.8098754882812,1,2.0,174.22000122070312,2021-10-17,2021-10-16,36.119422912597656,296.2434387207031,2021-10-18,17.119998931884766,14.583333015441895,2021-10-17,0.4846763610839844,2.0,"{""type"":""Point"",""coordinates"":[75.475315,13.09092]}"
101,10,0.4896292984485626,147.60092163085938,2023-02-13,775.7003784179688,1,2.0,0.0,2023-02-13,2023-02-12,31.70440673828125,298.4947509765625,2023-02-14,0.0,0.0,2023-02-13,0.2885996401309967,2.0,"{""type"":""Point"",""coordinates"":[75.475531,13.091004999999997]}"
102,10,-0.006636395584791899,87.34907531738281,2021-07-03,759.5374755859375,1,1.0,40.22999954223633,2021-07-03,2021-07-02,31.945331573486328,296.2979431152344,2021-07-04,22.90999984741211,18.75,2021-07-03,0.48341241478919983,1.0,"{""type"":""Point"",""coordinates"":[75.473671,13.086909999999998]}"
103,10,0.11811089515686035,152.1344451904297,2022-11-06,734.5183715820312,1,1.0,0.04999999701976776,2022-11-06,2022-11-05,24.05719566345215,296.3870544433594,2022-11-07,0.17999999225139618,0.0,2022-11-06,0.3956718444824219,1.0,"{""type"":""Point"",""coordinates"":[75.473352,13.085492]}"
104,10,0.366280734539032,158.55667114257812,2023-11-11,730.8591918945312,1,1.0,3.0899999141693115,2023-11-11,2023-11-10,22.688854217529297,296.5314636230469,2023-11-12,0.0,0.0,2023-11-11,0.4413534700870514,1.0,"{""type"":""Point"",""coordinates"":[75.473706,13.085655000000001]}"
105,30,0.12487021088600159,125.0927963256836,2020-06-04,749.6053466796875,1,1.0,64.20999908447266,2020-06-04,2020-06-03,29.763513565063477,295.5150451660156,2020-06-05,23.219999313354492,16.66666603088379,2020-06-04,0.487335205078125,1.0,"{""type"":""Point"",""coordinates"":[75.474045,13.086033]}"
106,30,0.4684787690639496,125.0927963256836,2019-01-20,749.6053466796875,1,1.0,0.0,2019-01-20,2019-01-19,29.763513565063477,296.5140380859375,2019-01-21,0.0,0.0,2019-01-20,0.2825247347354889,1.0,"{""type"":""Point"",""coordinates"":[75.474072,13.086249]}"
107,10,0.0025131104048341513,85.51588439941406,2023-09-21,755.61328125,1,1.0,12.519999504089355,2023-09-21,2023-09-20,30.090595245361328,295.5515441894531,2023-09-22,5.96999979019165,2.0833332538604736,2023-09-21,0.47817420959472656,1.0,"{""type"":""Point"",""coordinates"":[75.473919,13.086435]}"
108,30,0.33429309725761414,116.00727081298828,2023-03-17,763.190673828125,1,131.0,0.0,2023-03-17,2023-03-16,32.578346252441406,298.5653076171875,2023-03-18,0.0,0.0,2023-03-17,0.29950204491615295,1.0,"{""type"":""Point"",""coordinates"":[75.479002,13.091688]}"
109,10,-0.023384176194667816,72.3001937866211,2023-07-05,796.1707763671875,1,4.0,130.4499969482422,2023-07-05,2023-07-04,32.735233306884766,294.6398620605469,2023-07-06,158.8199920654297,100.0,2023-07-05,0.4876925051212311,1.0,"{""type"":""Point"",""coordinates"":[75.478595,13.092426]}"
110,10,0.09540390223264694,230.3017578125,2021-11-23,753.6018676757812,1,3.0,34.380001068115234,2021-11-23,2021-11-22,34.728092193603516,295.4432373046875,2021-11-24,3.1499998569488525,6.25,2021-11-23,0.4492378234863281,2.0,"{""type"":""Point"",""coordinates"":[75.479737,13.097911]}"
111,10,0.4824986755847931,187.4867706298828,2023-12-10,742.2373046875,1,2.0,17.0,2023-12-10,2023-12-09,29.683725357055664,296.7613525390625,2023-12-11,41.81999969482422,27.08333396911621,2023-12-10,0.39657720923423767,2.0,"{""type"":""Point"",""coordinates"":[75.480175,13.097513999999999]}"
112,30,0.3699968159198761,164.60594177246094,2023-03-10,741.2278442382812,1,2.0,0.09999999403953552,2023-03-10,2023-03-09,29.49400520324707,298.9654235839844,2023-03-11,0.0,0.0,2023-03-10,0.27744928002357483,2.0,"{""type"":""Point"",""coordinates"":[75.480859,13.097539]}"
113,10,0.04747917875647545,7.381108283996582,2021-11-27,946.5718994140625,1,14.0,30.799999237060547,2021-11-27,2021-11-26,27.718399047851562,296.3941955566406,2021-11-28,1.2599999904632568,0.0,2021-11-27,0.4465599060058594,14.0,"{""type"":""Point"",""coordinates"":[75.511756,13.120233000000002]}"
114,50,0.17185218632221222,6.664307117462158,2020-03-28,907.3624877929688,1,4.0,0.0,2020-03-28,2020-03-27,10.775468826293945,299.8525085449219,2020-03-29,0.0,0.0,2020-03-28,0.36267217993736267,4.0,"{""type"":""Point"",""coordinates"":[75.505292,13.117933]}"
115,10,0.23159123957157135,227.13421630859375,2020-03-15,894.413818359375,1,2.0,0.0,2020-03-15,2020-03-14,26.414413452148438,299.4250183105469,2020-03-16,0.0,0.0,2020-03-15,0.30251502990722656,2.0,"{""type"":""Point"",""coordinates"":[75.503161,13.119397]}"
116,10,0.1719515174627304,247.1567840576172,2020-10-19,901.0396118164062,1,4.0,34.65999984741211,2020-10-19,2020-10-18,25.45083999633789,295.89910888671875,2020-10-20,4.920000076293945,8.333333015441895,2020-10-19,0.4459686279296875,2.0,"{""type"":""Point"",""coordinates"":[75.50396900000001,13.118603]}"
117,50,0.5938093662261963,207.8978729248047,2021-02-25,911.968017578125,1,2.0,0.0,2021-02-25,2021-02-24,24.234333038330078,296.9200134277344,2021-02-26,0.4399999976158142,0.0,2021-02-25,0.36129316687583923,2.0,"{""type"":""Point"",""coordinates"":[75.502342,13.119997000000001]}"
118,10,-0.013467819429934025,212.46701049804688,2020-09-02,884.7225952148438,1,1.0,75.55400085449219,2020-09-02,2020-09-01,28.221662521362305,296.09759521484375,2020-09-03,70.43000030517578,41.66666793823242,2020-09-02,0.4898306429386139,1.0,"{""type"":""Point"",""coordinates"":[75.495712,13.113224]}"
119,10,-0.0014712022384628654,104.82135772705078,2022-07-12,883.0874633789062,1,1.0,88.11000061035156,2022-07-12,2022-07-11,22.449016571044922,293.4799499511719,2022-07-13,45.06999969482422,35.41666793823242,2022-07-12,0.4824028015136719,1.0,"{""type"":""Point"",""coordinates"":[75.496895,13.114036999999996]}"
120,10,-0.021822724491357803,97.89204406738281,2020-07-05,885.6630249023438,1,1.0,118.3699951171875,2020-07-05,2020-07-04,23.562211990356445,294.1432189941406,2020-07-06,31.219999313354492,29.16666603088379,2020-07-05,0.47850990295410156,1.0,"{""type"":""Point"",""coordinates"":[75.49693,13.114529999999998]}"
121,10,0.45635712146759033,104.82135772705078,2022-02-04,883.0874633789062,1,1.0,0.0,2022-02-04,2022-02-03,22.449016571044922,296.5246887207031,2022-02-05,0.0,0.0,2022-02-04,0.2789090573787689,1.0,"{""type"":""Point"",""coordinates"":[75.496927,13.114205]}"
122,10,0.8022710680961609,37.48945617675781,2020-04-13,902.7577514648438,1,43.0,4.779999732971191,2020-04-13,2020-04-12,19.798612594604492,298.52191162109375,2020-04-14,0.0,0.0,2020-04-13,0.46408843994140625,1.0,"{""type"":""Point"",""coordinates"":[75.49638,13.116455]}"
123,10,0.2118263691663742,200.90887451171875,2020-03-31,870.4494018554688,1,1.0,0.0,2020-03-31,2020-03-30,26.93522834777832,300.42242431640625,2020-04-01,0.0,0.0,2020-03-31,0.3343162536621094,1.0,"{""type"":""Point"",""coordinates"":[75.494931,13.113604000000002]}"
124,10,-0.03586060553789139,200.80615234375,2021-08-04,857.7665405273438,1,1.0,40.16999816894531,2021-08-04,2021-08-03,27.25548553466797,294.6591491699219,2021-08-05,2.4600000381469727,2.0833332538604736,2021-08-04,0.47950872778892517,1.0,"{""type"":""Point"",""coordinates"":[75.493981,13.113956]}"
125,10,0.06146826595067978,105.99724578857422,2022-04-21,913.3967895507812,1,43.0,0.0,2022-04-21,2022-04-20,28.41527557373047,299.0880126953125,2022-04-22,1.25,0.0,2022-04-21,0.4688142240047455,1.0,"{""type"":""Point"",""coordinates"":[75.495379,13.118986]}"
126,10,0.7305270433425903,85.52545166015625,2021-03-24,914.57275390625,1,43.0,0.0,2021-03-24,2021-03-23,29.69718360900879,299.67236328125,2021-03-25,7.710000038146973,8.333333015441895,2021-03-24,0.3037058413028717,1.0,"{""type"":""Point"",""coordinates"":[75.495297,13.119369000000003]}"
127,30,0.22775235772132874,192.66180419921875,2021-01-08,842.0889892578125,1,3.0,169.0500030517578,2021-01-08,2021-01-07,36.592247009277344,295.761962890625,2021-01-09,17.920000076293945,16.66666603088379,2021-01-08,0.4745890200138092,3.0,"{""type"":""Point"",""coordinates"":[75.486746,13.109466999999999]}"
128,10,0.5768788456916809,190.50636291503906,2021-02-28,835.1708984375,1,3.0,0.0,2021-02-28,2021-02-27,35.536346435546875,298.0224304199219,2021-03-01,0.0,0.0,2021-02-28,0.33364105224609375,3.0,"{""type"":""Point"",""coordinates"":[75.486283,13.109508]}"
129,10,0.23296622931957245,61.87135696411133,2022-10-30,793.8492431640625,1,9.0,0.9300000071525574,2022-10-30,2022-10-29,27.8767032623291,296.3623352050781,2022-10-31,0.0,0.0,2022-10-30,0.3937835693359375,3.0,"{""type"":""Point"",""coordinates"":[75.483368,13.104048]}"
130,10,0.5062043070793152,120.3895263671875,2019-02-19,741.3528442382812,1,2.0,0.0,2019-02-19,2019-02-18,22.035797119140625,296.58465576171875,2019-02-20,0.0,0.0,2019-02-19,0.2938690185546875,2.0,"{""type"":""Point"",""coordinates"":[75.481485,13.098378]}"
131,10,-0.01951979659497738,91.96405029296875,2021-07-29,755.84033203125,1,2.0,0.0,2021-07-29,2021-07-28,36.44801712036133,294.6707458496094,2021-07-30,1.25,2.0833332538604736,2021-07-29,0.5066210627555847,2.0,"{""type"":""Point"",""coordinates"":[75.482283,13.100089000000002]}"
132,10,0.03950345888733864,29.500905990600586,2021-10-14,985.4761352539062,1,4.0,0.0,2021-10-14,2021-10-13,9.227986335754395,295.4017639160156,2021-10-15,36.880001068115234,16.66666603088379,2021-10-14,0.46633973717689514,3.0,"{""type"":""Point"",""coordinates"":[75.508542,13.137]}"
133,10,0.6240519881248474,352.24481201171875,2019-03-29,967.715576171875,1,70.0,0.0,2019-03-29,2019-03-28,29.786569595336914,300.4888000488281,2019-03-30,6.559999942779541,6.25,2019-03-29,0.29803404211997986,70.0,"{""type"":""Point"",""coordinates"":[75.451962,13.167662]}"
134,10,0.057029809802770615,198.66526794433594,2022-05-20,1009.0413818359375,1,5.0,303.6499938964844,2022-05-20,2022-05-19,27.185157775878906,292.9945068359375,2022-05-21,9.949999809265137,12.5,2022-05-20,0.495922714471817,5.0,"{""type"":""Point"",""coordinates"":[75.409349,13.165128]}"
135,10,0.007495340891182423,189.49398803710938,2022-12-10,1009.4158935546875,1,5.0,53.5,2022-12-10,2022-12-09,15.701492309570312,293.580078125,2022-12-11,27.760000228881836,39.58333206176758,2022-12-10,0.3468717038631439,5.0,"{""type"":""Point"",""coordinates"":[75.410493,13.165048]}"
136,10,0.030904561281204224,219.46400451660156,2020-06-29,1012.0635375976562,1,9.0,306.2699890136719,2020-06-29,2020-06-28,24.10871696472168,295.32965087890625,2020-06-30,39.93000030517578,27.08333396911621,2020-06-29,0.4803708493709564,9.0,"{""type"":""Point"",""coordinates"":[75.408087,13.165612000000003]}"
137,10,0.6524131298065186,219.45643615722656,2021-03-01,1066.9622802734375,1,1.0,0.0,2021-03-01,2021-02-28,28.828065872192383,298.0466003417969,2021-03-02,0.006000000052154064,0.0,2021-03-01,0.34428659081459045,1.0,"{""type"":""Point"",""coordinates"":[75.356275,13.184673]}"
138,10,0.3196370601654053,275.7099914550781,2023-06-01,1060.5509033203125,1,4.0,12.9399995803833,2023-06-01,2023-05-31,19.88359260559082,297.74127197265625,2023-06-02,24.402000427246094,6.25,2023-06-01,0.4681765139102936,1.0,"{""type"":""Point"",""coordinates"":[75.365925,13.183209]}"
139,10,0.3043096661567688,275.7099914550781,2019-06-05,1060.5509033203125,1,4.0,0.7599999904632568,2019-06-05,2019-06-04,19.88359260559082,297.4299011230469,2019-06-06,27.53999900817871,35.41666793823242,2019-06-05,0.480053573846817,1.0,"{""type"":""Point"",""coordinates"":[75.365963,13.183087000000002]}"
140,10,0.41895171999931335,11.934883117675781,2020-05-03,836.8323974609375,1,11.0,274.4499816894531,2020-05-03,2020-05-02,25.494211196899414,297.8036804199219,2020-05-04,11.09999942779541,16.66666603088379,2020-05-03,0.4713878631591797,11.0,"{""type"":""Point"",""coordinates"":[75.370078,13.220686]}"
141,10,0.42733490467071533,256.7525939941406,2021-03-29,828.1170043945312,1,15.0,19.19999885559082,2021-03-29,2021-03-28,25.988847732543945,298.2193908691406,2021-03-30,0.17999999225139618,0.0,2021-03-29,0.39965248107910156,15.0,"{""type"":""Point"",""coordinates"":[75.366519,13.222957000000001]}"
142,50,-0.025177620351314545,198.4743194580078,2022-08-28,810.1294555664062,1,1.0,56.439998626708984,2022-08-28,2022-08-27,12.818315505981445,294.1854553222656,2022-08-29,7.599999904632568,10.416666984558105,2022-08-28,0.48716482520103455,1.0,"{""type"":""Point"",""coordinates"":[75.351554,13.237116999999998]}"
143,10,0.4016302227973938,284.100830078125,2023-12-28,800.884521484375,1,40.0,0.0,2023-12-28,2023-12-27,21.2690486907959,296.46954345703125,2023-12-29,0.0,0.0,2023-12-28,0.31213507056236267,40.0,"{""type"":""Point"",""coordinates"":[75.352974,13.226404999999996]}"
144,10,0.6891798973083496,331.7370910644531,2019-01-20,786.3515014648438,1,40.0,5.199999809265137,2019-01-20,2019-01-19,14.552549362182617,296.0216064453125,2019-01-21,0.0,0.0,2019-01-20,0.2828013002872467,40.0,"{""type"":""Point"",""coordinates"":[75.353314,13.226965]}"
145,10,0.01880398578941822,260.14837646484375,2019-07-14,1132.0653076171875,1,1.0,0.5999999642372131,2019-07-14,2019-07-13,34.91203689575195,295.5715026855469,2019-07-15,55.36000061035156,31.25,2019-07-14,0.48774591088294983,1.0,"{""type"":""Point"",""coordinates"":[75.41861500000002,13.228207000000001]}"
146,30,0.5846936702728271,242.69703674316406,2022-01-01,1090.4866943359375,1,1.0,0.0,2022-01-01,2021-12-31,35.164833068847656,296.4800720214844,2022-01-02,2.7719998359680176,0.0,2022-01-01,0.2996253967285156,1.0,"{""type"":""Point"",""coordinates"":[75.418258,13.221155000000001]}"
147,10,0.14688202738761902,209.37791442871094,2021-12-08,905.4345703125,1,3.0,0.0,2021-12-08,2021-12-07,10.035503387451172,295.6094665527344,2021-12-09,0.0,0.0,2021-12-08,0.4081217348575592,1.0,"{""type"":""Point"",""coordinates"":[75.375912,13.215939999999998]}"
148,10,0.6291441321372986,206.39511108398438,2023-04-23,895.302978515625,1,1.0,0.32999998331069946,2023-04-23,2023-04-22,17.59954071044922,299.36907958984375,2023-04-24,0.0,0.0,2023-04-23,0.31775030493736267,1.0,"{""type"":""Point"",""coordinates"":[75.376824,13.215624000000002]}"
149,10,0.07108335196971893,218.68077087402344,2020-10-29,902.0574951171875,1,1.0,0.0,2020-10-29,2020-10-28,20.534381866455078,295.9468994140625,2020-10-30,3.1599998474121094,2.0833332538604736,2020-10-29,0.46374067664146423,1.0,"{""type"":""Point"",""coordinates"":[75.377836,13.214726]}"
150,10,0.44887885451316833,16.20503807067871,2019-05-27,842.4656372070312,1,24.0,1.1999999284744263,2019-05-27,2019-05-26,10.452642440795898,298.29010009765625,2019-05-28,0.0,0.0,2019-05-27,0.4764162600040436,24.0,"{""type"":""Point"",""coordinates"":[75.3917,13.196928000000002]}"
151,10,0.23428741097450256,226.82839965820312,2019-12-09,850.6895751953125,1,43.0,0.0,2019-12-09,2019-12-08,28.428144454956055,296.0655517578125,2019-12-10,0.0,0.0,2019-12-09,0.4053446352481842,43.0,"{""type"":""Point"",""coordinates"":[75.397879,13.19676]}"
152,10,0.47296345233917236,332.39453125,2023-05-08,857.5197143554688,1,2.0,0.9399999976158142,2023-05-08,2023-05-07,17.48082733154297,297.55755615234375,2023-05-09,2.309999942779541,0.0,2023-05-08,0.4061533510684967,2.0,"{""type"":""Point"",""coordinates"":[75.401696,13.198978000000002]}"
153,10,0.08201461285352707,194.11709594726562,2022-12-08,960.9408569335938,1,1.0,2.18999981880188,2022-12-08,2022-12-07,21.80009651184082,296.3026428222656,2022-12-09,0.0,0.0,2022-12-08,0.3389829099178314,1.0,"{""type"":""Point"",""coordinates"":[75.407739,13.197735]}"
154,10,0.5495473146438599,152.81405639648438,2021-03-27,965.521484375,1,4.0,0.0,2021-03-27,2021-03-26,16.923154830932617,300.2866516113281,2021-03-28,0.0,0.0,2021-03-27,0.30636659264564514,1.0,"{""type"":""Point"",""coordinates"":[75.409557,13.196686]}"
155,10,0.048342715948820114,43.39985275268555,2019-10-04,1049.85498046875,1,1.0,5.659999847412109,2019-10-04,2019-10-03,22.645217895507812,295.832275390625,2019-10-05,0.0,0.0,2019-10-04,0.46602120995521545,1.0,"{""type"":""Point"",""coordinates"":[75.419431,13.191528]}"
156,10,0.12776994705200195,47.49432373046875,2019-09-27,858.4937133789062,1,1.0,0.07000000029802322,2019-09-27,2019-09-26,22.50640296936035,294.13201904296875,2019-09-28,0.0,0.0,2019-09-27,0.4705810546875,1.0,"{""type"":""Point"",""coordinates"":[75.402631,13.341724]}"
157,10,0.5410687923431396,111.08654022216797,2019-02-08,901.0667114257812,1,2.0,0.0,2019-02-08,2019-02-07,13.580456733703613,296.3917541503906,2019-02-09,0.0,0.0,2019-02-08,0.32452455163002014,2.0,"{""type"":""Point"",""coordinates"":[75.402691,13.286430000000001]}"
158,10,0.08238010853528976,13.768600463867188,2022-06-26,964.4793701171875,1,5.0,155.5,2022-06-26,2022-06-25,11.883997917175293,293.8465881347656,2022-06-27,44.779998779296875,18.75,2022-06-26,0.48218855261802673,5.0,"{""type"":""Point"",""coordinates"":[75.394358,13.294071]}"
159,10,0.24935132265090942,70.57096862792969,2022-04-11,754.6552734375,1,1.0,2.6499998569488525,2022-04-11,2022-04-10,28.261747360229492,297.5034484863281,2022-04-12,0.009999999776482582,0.0,2022-04-11,0.46305784583091736,1.0,"{""type"":""Point"",""coordinates"":[75.351872,13.323538000000001]}"
160,10,0.08287675678730011,340.1315002441406,2022-06-19,699.403076171875,1,383.0,356.1600036621094,2022-06-19,2022-06-18,9.846023559570312,295.571533203125,2022-06-20,6.299999713897705,12.5,2022-06-19,0.4740028381347656,16.0,"{""type"":""Point"",""coordinates"":[75.358491,13.355999000000002]}"
161,10,-7.215564837679267E-4,275.8210144042969,2019-07-14,783.6592407226562,1,14.0,102.33999633789062,2019-07-14,2019-07-13,13.936598777770996,295.0111083984375,2019-07-15,47.59000015258789,37.5,2019-07-14,0.49586042761802673,14.0,"{""type"":""Point"",""coordinates"":[75.303499,13.327427999999998]}"
162,10,0.45835188031196594,23.224441528320312,2023-02-18,818.4683227539062,1,1.0,0.0,2023-02-18,2023-02-17,10.211774826049805,297.35748291015625,2023-02-19,0.0,0.0,2023-02-18,0.2788810729980469,1.0,"{""type"":""Point"",""coordinates"":[75.309979,13.189503]}"
163,10,0.07440461218357086,350.19134521484375,2020-06-14,953.0240478515625,1,2.0,15.719999313354492,2020-06-14,2020-06-13,15.512681007385254,294.19683837890625,2020-06-15,26.3799991607666,41.66666793823242,2020-06-14,0.49044927954673767,2.0,"{""type"":""Point"",""coordinates"":[75.295056,13.194101]}"
164,50,0.17013117671012878,42.73189926147461,2020-11-14,801.5540771484375,1,584.0,10.179999351501465,2020-11-14,2020-11-13,25.42510223388672,295.92449951171875,2020-11-15,0.009999999776482582,0.0,2020-11-14,0.42014947533607483,1.0,"{""type"":""Point"",""coordinates"":[75.258846,13.210602999999999]}"
165,30,0.44860270619392395,138.71298217773438,2022-04-27,844.5133056640625,1,1.0,0.0,2022-04-27,2022-04-26,20.083608627319336,299.4549865722656,2022-04-28,0.0,0.0,2022-04-27,0.46871185302734375,1.0,"{""type"":""Point"",""coordinates"":[75.226133,13.214444000000002]}"
166,30,0.519980788230896,177.54063415527344,2020-04-12,858.680908203125,1,84.0,2.9799997806549072,2020-04-12,2020-04-11,17.693992614746094,299.0758972167969,2020-04-13,3.119999885559082,4.166666507720947,2020-04-12,0.4528452455997467,2.0,"{""type"":""Point"",""coordinates"":[75.202078,13.209122]}"
167,10,0.36883261799812317,245.2877960205078,2020-01-15,915.4690551757812,1,2.0,0.0,2020-01-15,2020-01-14,27.74049949645996,296.712158203125,2020-01-16,0.0,0.0,2020-01-15,0.302532821893692,1.0,"{""type"":""Point"",""coordinates"":[75.180889,13.225139000000002]}"
168,10,0.25808438658714294,213.777099609375,2023-05-18,935.28857421875,1,9.0,0.0,2023-05-18,2023-05-17,39.81806945800781,300.4317932128906,2023-05-19,0.0,0.0,2023-05-18,0.4137725830078125,7.0,"{""type"":""Point"",""coordinates"":[75.176153,13.237481]}"
169,10,-0.03242587670683861,71.85063171386719,2022-09-05,814.76171875,1,1.0,28.389999389648438,2022-09-05,2022-09-04,9.142826080322266,298.5086975097656,2022-09-06,32.52000045776367,39.58333206176758,2022-09-05,0.46103668212890625,1.0,"{""type"":""Point"",""coordinates"":[75.149761,13.287042]}"
170,10,0.011317155323922634,61.15470886230469,2020-07-04,673.911376953125,1,171.0,91.70999908447266,2020-07-04,2020-07-03,19.825359344482422,296.04425048828125,2020-07-05,93.93999481201172,68.75,2020-07-04,0.4761238098144531,1.0,"{""type"":""Point"",""coordinates"":[75.142797,13.325028000000001]}"
171,10,-0.006549963727593422,298.7463073730469,2022-08-26,648.9705200195312,1,697.0,12134.76953125,2022-08-26,2022-08-25,21.56398582458496,294.84228515625,2022-08-27,16.649999618530273,20.83333396911621,2022-08-26,0.47781944274902344,697.0,"{""type"":""Point"",""coordinates"":[75.214142,13.371161]}"
172,10,0.5601797103881836,260.64404296875,2022-01-19,658.0671997070312,1,711.0,0.0,2022-01-19,2022-01-18,35.994529724121094,297.2015380859375,2022-01-20,0.0,0.0,2022-01-19,0.2805570065975189,697.0,"{""type"":""Point"",""coordinates"":[75.214092,13.374530999999998]}"
173,10,0.629824697971344,89.83944702148438,2020-02-17,686.7463989257812,1,711.0,0.0,2020-02-17,2020-02-16,11.441627502441406,298.634033203125,2020-02-18,0.0,0.0,2020-02-17,0.2775675356388092,5.0,"{""type"":""Point"",""coordinates"":[75.211964,13.376253]}"
174,10,0.4924698770046234,303.7204895019531,2021-03-15,656.4569091796875,1,12.0,0.0,2021-03-15,2021-03-14,15.247085571289062,299.14935302734375,2021-03-16,0.0,0.0,2021-03-15,0.35873666405677795,12.0,"{""type"":""Point"",""coordinates"":[75.206825,13.361613999999998]}"
175,10,0.22291380167007446,97.36552429199219,2023-01-02,664.9959716796875,1,521.0,0.0020000000949949026,2023-01-02,2023-01-01,5.508845806121826,296.36029052734375,2023-01-03,0.0,0.0,2023-01-02,0.331634521484375,1.0,"{""type"":""Point"",""coordinates"":[75.170931,13.340999999999998]}"
176,10,0.7757841944694519,206.81446838378906,2022-03-09,649.6641845703125,1,3.0,0.0,2022-03-09,2022-03-08,13.341032028198242,300.886962890625,2022-03-10,0.0,0.0,2022-03-09,0.27163949608802795,3.0,"{""type"":""Point"",""coordinates"":[75.127542,13.284292000000002]}"
177,10,0.6282858848571777,283.1570129394531,2023-12-14,293.6196594238281,1,64.0,0.0,2023-12-14,2023-12-13,30.383180618286133,298.9461669921875,2023-12-15,0.0,0.0,2023-12-14,0.43236351013183594,1.0,"{""type"":""Point"",""coordinates"":[75.127911,13.253575]}"
178,10,0.41042768955230713,306.1731262207031,2023-01-08,296.83050537109375,1,64.0,0.0,2023-01-08,2023-01-07,27.255924224853516,298.23388671875,2023-01-09,0.0,0.0,2023-01-08,0.30548095703125,1.0,"{""type"":""Point"",""coordinates"":[75.128328,13.254008000000002]}"
179,10,0.35128429532051086,256.26080322265625,2023-06-06,379.21630859375,1,60.0,0.009999999776482582,2023-06-06,2023-06-05,36.366432189941406,300.0303039550781,2023-06-07,0.0,0.0,2023-06-06,0.46829795837402344,1.0,"{""type"":""Point"",""coordinates"":[75.129183,13.261399999999998]}"
180,10,0.043872326612472534,303.7870178222656,2021-11-01,361.34893798828125,1,60.0,19.56999969482422,2021-11-01,2021-10-31,40.43035125732422,298.5452880859375,2021-11-02,14.104999542236328,16.66666603088379,2021-11-01,0.46587181091308594,1.0,"{""type"":""Point"",""coordinates"":[75.129508,13.262025]}"
181,10,0.537429690361023,295.3931884765625,2023-12-19,371.8238525390625,1,53.0,74.19999694824219,2023-12-19,2023-12-18,7.902516841888428,298.5924987792969,2023-12-20,0.4099999964237213,0.0,2023-12-19,0.3805643618106842,53.0,"{""type"":""Point"",""coordinates"":[75.131,13.263]}"
182,10,0.04782253876328468,300.0634765625,2023-07-14,87.45918273925781,1,1.0,123.7699966430664,2023-07-14,2023-07-13,22.752777099609375,296.42938232421875,2023-07-15,24.28999900817871,37.5,2023-07-14,0.4771207273006439,1.0,"{""type"":""Point"",""coordinates"":[75.117919,13.202244]}"
183,10,0.04257412627339363,21.315671920776367,2020-09-17,104.50816345214844,1,1.0,21.559999465942383,2020-09-17,2020-09-16,9.780661582946777,297.8145446777344,2020-09-18,69.12999725341797,47.91666793823242,2020-09-17,0.47811445593833923,1.0,"{""type"":""Point"",""coordinates"":[75.101083,13.032205999999999]}"
184,10,0.6733099818229675,235.1977081298828,2023-01-19,106.14141082763672,1,1.0,0.0,2023-01-19,2023-01-18,5.766121864318848,300.6410827636719,2023-01-20,0.0,0.0,2023-01-19,0.25719961524009705,1.0,"{""type"":""Point"",""coordinates"":[75.109283,13.031791999999998]}"
185,10,0.016003137454390526,187.47256469726562,2019-07-06,95.03994750976562,1,3.0,58.91999816894531,2019-07-06,2019-07-05,14.149599075317383,298.67510986328125,2019-07-07,16.809999465942383,8.333333015441895,2019-07-06,0.47601890563964844,3.0,"{""type"":""Point"",""coordinates"":[75.05,12.989999999999998]}"
186,10,0.11441919952630997,189.0556182861328,2019-06-20,78.61893463134766,1,1.0,24.829999923706055,2019-06-20,2019-06-19,22.307632446289062,300.2558288574219,2019-06-21,29.75,33.33333206176758,2019-06-20,0.48636946082115173,1.0,"{""type"":""Point"",""coordinates"":[75.01050300000001,13.000633]}"
187,10,0.5593945384025574,86.49772644042969,2023-12-29,93.47539520263672,1,7.0,0.0,2023-12-29,2023-12-28,5.865042209625244,300.703369140625,2023-12-30,0.0,0.0,2023-12-29,0.2705453336238861,1.0,"{""type"":""Point"",""coordinates"":[75.0,13.05]}"
188,10,0.5428375601768494,154.47523498535156,2022-03-03,119.11609649658203,1,1.0,0.0,2022-03-03,2022-03-02,2.9933438301086426,303.3374938964844,2022-03-04,0.0,0.0,2022-03-03,0.24605560302734375,1.0,"{""type"":""Point"",""coordinates"":[74.97,13.06]}"
189,10,0.7367984056472778,58.90412521362305,2022-02-18,142.1778564453125,1,1.0,0.0,2022-02-18,2022-02-17,4.535762786865234,302.4709777832031,2022-02-19,0.0,0.0,2022-02-18,0.24652862548828125,1.0,"{""type"":""Point"",""coordinates"":[74.98,13.059999999999999]}"
190,10,0.7372915148735046,241.4105987548828,2021-02-15,90.93070220947266,1,4.0,0.0,2021-02-15,2021-02-14,15.200139999389648,302.0998229980469,2021-02-16,0.0,0.0,2021-02-15,0.2470378875732422,2.0,"{""type"":""Point"",""coordinates"":[74.97,13.05]}"
191,10,0.6639185547828674,307.2975769042969,2020-01-16,100.15010833740234,1,2.0,0.0,2020-01-16,2020-01-15,14.071917533874512,301.0452880859375,2020-01-17,0.0,0.0,2020-01-16,0.2695465087890625,2.0,"{""type"":""Point"",""coordinates"":[74.96,13.11]}"
192,10,0.02293139509856701,254.30850219726562,2019-07-09,20.427881240844727,1,4.0,84.5999984741211,2019-07-09,2019-07-08,3.218353271484375,299.65301513671875,2019-07-10,131.0,60.41666793823242,2019-07-09,0.48745980858802795,4.0,"{""type"":""Point"",""coordinates"":[74.88,13.089999999999998]}"
193,10,0.14599870145320892,357.3946533203125,2019-06-06,32.981956481933594,1,297.0,8437.76953125,2019-06-06,2019-06-05,15.71788501739502,302.915283203125,2019-06-07,5.669999599456787,10.416666984558105,2019-06-06,0.4343954622745514,297.0,"{""type"":""Point"",""coordinates"":[74.91,13.09]}"
194,10,0.8299754858016968,357.3946533203125,2020-02-02,32.981956481933594,1,297.0,0.2970000207424164,2020-02-02,2020-02-01,15.71788501739502,301.37200927734375,2020-02-03,0.0,0.0,2020-02-02,0.24982261657714844,297.0,"{""type"":""Point"",""coordinates"":[74.91,13.09]}"
195,10,0.2623685598373413,124.77074432373047,2021-11-28,15.179407119750977,1,2.0,0.0,2021-11-28,2021-11-27,8.12770938873291,300.0929260253906,2021-11-29,0.5199999809265137,0.0,2021-11-28,0.4453341066837311,2.0,"{""type"":""Point"",""coordinates"":[74.92000000000002,13.11]}"
196,10,0.28652989864349365,124.77074432373047,2019-04-20,15.179407119750977,1,2.0,0.0,2019-04-20,2019-04-19,8.12770938873291,305.89227294921875,2019-04-21,0.0,0.0,2019-04-20,0.2712898254394531,2.0,"{""type"":""Point"",""coordinates"":[74.92000000000002,13.11]}"
197,10,0.6081442832946777,124.77074432373047,2021-12-24,15.179407119750977,1,2.0,0.0,2021-12-24,2021-12-23,8.12770938873291,299.1034851074219,2021-12-25,0.0,0.0,2021-12-24,0.29519081115722656,2.0,"{""type"":""Point"",""coordinates"":[74.92000000000002,13.11]}"
198,10,0.04319148138165474,124.77074432373047,2023-08-11,15.179407119750977,1,2.0,1.0399999618530273,2023-08-11,2023-08-10,8.12770938873291,300.1732177734375,2023-08-12,11.959999084472656,4.166666507720947,2023-08-11,0.4894752502441406,2.0,"{""type"":""Point"",""coordinates"":[74.92000000000002,13.11]}"
199,10,0.7026793360710144,31.30284309387207,2021-03-22,101.37089538574219,1,2.0,0.0,2021-03-22,2021-03-21,20.787342071533203,303.92657470703125,2021-03-23,0.0,0.0,2021-03-22,0.27661260962486267,1.0,"{""type"":""Point"",""coordinates"":[74.93,13.120000000000001]}"
200,10,0.4812985956668854,178.4642333984375,2023-12-17,102.98473358154297,1,2.0,0.08999999612569809,2023-12-17,2023-12-16,4.960052013397217,301.1966857910156,2023-12-18,0.4899999797344208,0.0,2023-12-17,0.365887314081192,1.0,"{""type"":""Point"",""coordinates"":[74.93,13.1]}"
201,10,0.1293211132287979,322.7259521484375,2023-08-28,55.360626220703125,1,4.0,7.230000019073486,2023-08-28,2023-08-27,11.162810325622559,300.6280212402344,2023-08-29,0.0,0.0,2023-08-28,0.4762789309024811,3.0,"{""type"":""Point"",""coordinates"":[74.94,13.1]}"
202,50,0.24858756363391876,37.32291793823242,2023-03-18,93.03287506103516,1,1.0,0.0,2023-03-18,2023-03-17,7.653780937194824,303.3442077636719,2023-03-19,0.0,0.0,2023-03-18,0.29005685448646545,1.0,"{""type"":""Point"",""coordinates"":[74.92000000000002,13.070000000000002]}"
203,10,0.19405806064605713,100.17359161376953,2020-09-19,63.46195602416992,1,301.0,13147.6796875,2020-09-19,2020-09-18,10.311695098876953,298.4374084472656,2020-09-20,275.6600036621094,97.91666412353516,2020-09-19,0.47598710656166077,301.0,"{""type"":""Point"",""coordinates"":[74.91,13.04]}"
204,10,0.04860267415642738,100.17359161376953,2021-07-19,63.46195602416992,1,301.0,73329.6171875,2021-07-19,2021-07-18,10.311695098876953,297.7996826171875,2021-07-20,27.60999870300293,18.75,2021-07-19,0.4760303497314453,301.0,"{""type"":""Point"",""coordinates"":[74.91,13.04]}"
205,10,0.23392604291439056,100.17359161376953,2019-01-24,63.46195602416992,1,301.0,0.0,2019-01-24,2019-01-23,10.311695098876953,301.1695861816406,2019-01-25,0.0,0.0,2019-01-24,0.25224366784095764,301.0,"{""type"":""Point"",""coordinates"":[74.91,13.04]}"
206,10,0.7569068670272827,108.4863510131836,2023-11-11,46.695335388183594,1,9.0,158.9399871826172,2023-11-11,2023-11-10,1.7752493619918823,300.4459228515625,2023-11-12,0.0,0.0,2023-11-11,0.4622993469238281,9.0,"{""type"":""Point"",""coordinates"":[75.05,12.769999999999996]}"
207,10,0.04335319623351097,115.26286315917969,2022-08-19,36.96518325805664,1,3.0,0.0,2022-08-19,2022-08-18,20.158523559570312,300.2767028808594,2022-08-20,0.19999998807907104,0.0,2022-08-19,0.45463117957115173,3.0,"{""type"":""Point"",""coordinates"":[74.98,12.87]}"
208,10,0.16620923578739166,242.35755920410156,2019-05-02,143.48875427246094,1,2.0,0.13600000739097595,2019-05-02,2019-05-01,5.296426773071289,303.0556640625,2019-05-03,0.03999999910593033,0.0,2019-05-02,0.4037526547908783,2.0,"{""type"":""Point"",""coordinates"":[75.04,12.919999999999998]}"
209,10,0.0912826880812645,124.69473266601562,2021-08-25,68.92217254638672,1,3.0,22.10999870300293,2021-08-25,2021-08-24,14.85108757019043,299.8055114746094,2021-08-26,3.25,6.25,2021-08-25,0.4850870668888092,3.0,"{""type"":""Point"",""coordinates"":[75.04,12.91]}"
210,10,0.29931050539016724,222.21234130859375,2023-11-14,102.31424713134766,1,13.0,0.7799999713897705,2023-11-14,2023-11-13,11.171277046203613,299.5462951660156,2023-11-15,0.0,0.0,2023-11-14,0.41630682349205017,13.0,"{""type"":""Point"",""coordinates"":[75.1,12.919999999999998]}"
211,10,0.6018850207328796,68.69832611083984,2023-04-18,70.14008331298828,1,12.0,0.0,2023-04-18,2023-04-17,7.29108190536499,305.5679626464844,2023-04-19,0.0,0.0,2023-04-18,0.27499452233314514,12.0,"{""type"":""Point"",""coordinates"":[75.11,12.890000000000002]}"
212,10,0.028801636770367622,258.03564453125,2019-08-14,134.8104705810547,1,1.0,164.84999084472656,2019-08-14,2019-08-13,20.35199546813965,297.83447265625,2019-08-15,60.619998931884766,60.41666793823242,2019-08-14,0.4921455383300781,1.0,"{""type"":""Point"",""coordinates"":[75.07,12.689999999999998]}"
213,10,0.6026014089584351,239.47824096679688,2019-11-15,90.22055053710938,1,2.0,0.0,2019-11-15,2019-11-14,13.38537311553955,300.66351318359375,2019-11-16,15.559999465942383,16.66666603088379,2019-11-15,0.4212989807128906,2.0,"{""type"":""Point"",""coordinates"":[75.03,12.750000000000002]}"
214,10,0.7031810283660889,103.02083587646484,2021-02-25,228.94529724121094,1,1.0,0.0,2021-02-25,2021-02-24,29.266277313232422,299.1260681152344,2021-02-26,0.0,0.0,2021-02-25,0.3103656768798828,1.0,"{""type"":""Point"",""coordinates"":[75.3936,12.5]}"
215,10,0.5089141726493835,191.9295654296875,2023-04-19,116.84736633300781,1,1842.0,0.0,2023-04-19,2023-04-18,27.503759384155273,303.35772705078125,2023-04-20,0.0,0.0,2023-04-19,0.30188050866127014,1842.0,"{""type"":""Point"",""coordinates"":[75.4494,12.519399999999997]}"
216,10,0.05774114653468132,268.4696960449219,2022-07-09,125.50497436523438,1,137.0,18960.798828125,2022-07-09,2022-07-08,9.403499603271484,295.2083435058594,2022-07-10,217.1699981689453,93.75,2022-07-09,0.4790445864200592,137.0,"{""type"":""Point"",""coordinates"":[75.4811,12.5]}"
217,10,0.6333860754966736,2.575368642807007,2019-04-29,191.67588806152344,1,72.0,0.11999999731779099,2019-04-29,2019-04-28,23.058246612548828,299.59027099609375,2019-04-30,58.099998474121094,14.583333015441895,2019-04-29,0.46355628967285156,1.0,"{""type"":""Point"",""coordinates"":[75.4787,12.47]}"
218,10,0.8767561912536621,273.9719543457031,2021-02-12,595.61376953125,1,5.0,0.0,2021-02-12,2021-02-11,19.065738677978516,296.0366516113281,2021-02-13,0.0,0.0,2021-02-12,0.29587873816490173,5.0,"{""type"":""Point"",""coordinates"":[75.4649,12.44]}"
219,10,0.005629243794828653,295.0833435058594,2022-07-25,548.6015014648438,1,5.0,211.25,2022-07-25,2022-07-24,11.292336463928223,295.4556579589844,2022-07-26,4.079999923706055,10.416666984558105,2022-07-25,0.5027497410774231,5.0,"{""type"":""Point"",""coordinates"":[75.463,12.439999999999998]}"
220,10,0.10426130890846252,295.0833435058594,2020-10-29,548.6015014648438,1,5.0,0.0,2020-10-29,2020-10-28,11.292336463928223,297.0456848144531,2020-10-30,0.38999998569488525,0.0,2020-10-29,0.4587148129940033,5.0,"{""type"":""Point"",""coordinates"":[75.4629,12.44]}"
221,10,0.16665345430374146,305.82427978515625,2021-11-20,586.813232421875,1,2.0,18.0,2021-11-20,2021-11-19,5.966481685638428,297.0811462402344,2021-11-21,3.430000066757202,2.0833332538604736,2021-11-20,0.47343888878822327,2.0,"{""type"":""Point"",""coordinates"":[75.4477,12.450000000000001]}"
222,10,0.0017691374523565173,18.024818420410156,2022-07-12,589.1149291992188,1,2.0,155.77999877929688,2022-07-12,2022-07-11,8.184828758239746,295.6764221191406,2022-07-13,18.309999465942383,29.16666603088379,2022-07-12,0.4854157865047455,2.0,"{""type"":""Point"",""coordinates"":[75.4472,12.450000000000001]}"
223,10,0.10784726589918137,216.25474548339844,2023-09-12,373.8330383300781,1,8.0,136.89999389648438,2023-09-12,2023-09-11,10.824389457702637,297.4416198730469,2023-09-13,9.800000190734863,18.75,2023-09-12,0.5009695887565613,5.0,"{""type"":""Point"",""coordinates"":[75.43400000000001,12.450000000000001]}"
224,10,0.17332212626934052,210.33712768554688,2020-05-31,370.847900390625,1,6.0,35.06999969482422,2020-05-31,2020-05-30,9.365296363830566,300.00421142578125,2020-06-01,13.109999656677246,20.83333396911621,2020-05-31,0.4729270935058594,1.0,"{""type"":""Point"",""coordinates"":[75.4326,12.450000000000001]}"
225,10,0.3625473082065582,92.47765350341797,2019-06-13,267.4700012207031,1,207.0,8225.099609375,2019-06-13,2019-06-12,19.142539978027344,297.149169921875,2019-06-14,46.939998626708984,50.0,2019-06-13,0.48506608605384827,171.0,"{""type"":""Point"",""coordinates"":[75.4337,12.44]}"
226,10,0.4878067374229431,66.14242553710938,2021-03-28,1220.7352294921875,1,1.0,0.0,2021-03-28,2021-03-27,19.207883834838867,300.14776611328125,2021-03-29,0.0,0.0,2021-03-28,0.35009893774986267,1.0,"{""type"":""Point"",""coordinates"":[75.4931,12.39]}"
227,10,0.11295733600854874,330.7097473144531,2021-12-09,981.4373168945312,1,2.0,0.0,2021-12-09,2021-12-08,8.896071434020996,296.3100891113281,2021-12-10,0.0,0.0,2021-12-09,0.4148190915584564,1.0,"{""type"":""Point"",""coordinates"":[75.5003,12.410000000000002]}"
228,10,0.423162043094635,306.49163818359375,2020-01-28,1088.233154296875,1,1.0,0.0,2020-01-28,2020-01-27,8.911212921142578,297.4247741699219,2020-01-29,0.0,0.0,2020-01-28,0.29070916771888733,1.0,"{""type"":""Point"",""coordinates"":[75.5105,12.39]}"
229,10,0.06012692302465439,138.44625854492188,2022-07-06,218.5627899169922,1,27.0,387.7799987792969,2022-07-06,2022-07-05,34.64855194091797,295.3983154296875,2022-07-07,101.5999984741211,85.41666412353516,2022-07-06,0.4814980924129486,2.0,"{""type"":""Point"",""coordinates"":[75.503419,12.242692]}"
230,10,0.0757233053445816,216.92098999023438,2021-08-31,362.67755126953125,1,1.0,17.299999237060547,2021-08-31,2021-08-30,27.32663917541504,295.3175048828125,2021-09-01,0.5999999642372131,2.0833332538604736,2021-08-31,0.4700469970703125,1.0,"{""type"":""Point"",""coordinates"":[75.508767,12.237417]}"
231,10,0.027659106999635696,101.7756118774414,2021-08-03,315.1166687011719,1,1.0,2.119999885559082,2021-08-03,2021-08-02,31.591861724853516,296.55267333984375,2021-08-04,34.61000061035156,43.75,2021-08-03,0.5101878046989441,1.0,"{""type"":""Point"",""coordinates"":[75.511211,12.238611]}"
232,10,0.17309638857841492,193.5127716064453,2023-11-14,523.9923095703125,1,1.0,0.0,2023-11-14,2023-11-13,32.79197692871094,297.25592041015625,2023-11-15,0.0,0.0,2023-11-14,0.45461973547935486,1.0,"{""type"":""Point"",""coordinates"":[75.503336,12.183114]}"
233,10,0.23961935937404633,221.51544189453125,2020-04-01,528.726318359375,1,3.0,0.0,2020-04-01,2020-03-31,26.390480041503906,300.7373046875,2020-04-02,0.07600000500679016,0.0,2020-04-01,0.35117021203041077,1.0,"{""type"":""Point"",""coordinates"":[75.516725,12.179297000000002]}"
234,10,0.26182669401168823,231.514404296875,2022-04-17,607.01123046875,1,2.0,0.0,2022-04-17,2022-04-16,33.035560607910156,298.7780456542969,2022-04-18,0.1899999976158142,0.0,2022-04-17,0.48835501074790955,1.0,"{""type"":""Point"",""coordinates"":[75.51882800000001,12.179236]}"
235,10,0.10561598837375641,9.021703720092773,2021-10-18,607.9146118164062,1,7.0,332.0799865722656,2021-10-18,2021-10-17,31.222936630249023,296.62091064453125,2021-10-19,7.199999809265137,10.416666984558105,2021-10-18,0.480194091796875,7.0,"{""type"":""Point"",""coordinates"":[75.528567,12.180464]}"
236,10,-0.014908965677022934,354.7899169921875,2022-07-24,585.49609375,1,7.0,51.959999084472656,2022-07-24,2022-07-23,33.28371047973633,296.68743896484375,2022-07-25,11.819999694824219,8.333333015441895,2022-07-24,0.5022449493408203,3.0,"{""type"":""Point"",""coordinates"":[75.52931400000001,12.180756]}"
237,10,0.09989633411169052,57.714481353759766,2023-06-29,602.2645263671875,1,4.0,55.23999786376953,2023-06-29,2023-06-28,32.078147888183594,296.2972412109375,2023-06-30,12.579999923706055,16.66666603088379,2023-06-29,0.466564804315567,4.0,"{""type"":""Point"",""coordinates"":[75.535394,12.167]}"
238,10,0.17569242417812347,62.86345672607422,2020-11-24,678.6974487304688,1,2.0,0.2199999839067459,2020-11-24,2020-11-23,38.293766021728516,296.7367858886719,2020-11-25,0.009999999776482582,0.0,2020-11-24,0.42518487572669983,2.0,"{""type"":""Point"",""coordinates"":[75.534558,12.159978]}"
239,10,0.5691604614257812,64.67822265625,2020-02-04,466.0690002441406,1,3.0,0.0,2020-02-04,2020-02-03,26.941177368164062,298.1040954589844,2020-02-05,0.0,0.0,2020-02-04,0.2906411588191986,2.0,"{""type"":""Point"",""coordinates"":[75.537061,12.161547]}"
240,10,0.14475750923156738,85.85206604003906,2019-06-24,486.25445556640625,1,12.0,294.6000061035156,2019-06-24,2019-06-23,28.5600643157959,296.58502197265625,2019-06-25,5.789999961853027,6.25,2019-06-24,0.48784828186035156,12.0,"{""type"":""Point"",""coordinates"":[75.537683,12.163081]}"
241,10,0.058548785746097565,149.2207489013672,2021-05-09,514.6864013671875,1,2.0,12.239999771118164,2021-05-09,2021-05-08,24.923885345458984,297.8927917480469,2021-05-10,6.239999771118164,10.416666984558105,2021-05-09,0.45670953392982483,2.0,"{""type"":""Point"",""coordinates"":[75.556183,12.157533]}"
242,10,0.22393426299095154,243.78489685058594,2022-12-03,553.9518432617188,1,1.0,0.0,2022-12-03,2022-12-02,34.07604217529297,297.1080322265625,2022-12-04,0.0,0.0,2022-12-03,0.42854437232017517,1.0,"{""type"":""Point"",""coordinates"":[75.52363300000002,12.192731000000002]}"
243,10,0.06294149160385132,15.752752304077148,2020-10-03,363.0146789550781,1,13.0,58.62999725341797,2020-10-03,2020-10-02,11.358206748962402,297.1878662109375,2020-10-04,3.4100000858306885,2.0833332538604736,2020-10-03,0.47639021277427673,13.0,"{""type"":""Point"",""coordinates"":[75.521139,12.186692]}"
244,10,0.21990036964416504,212.3650665283203,2022-12-18,587.3151245117188,1,1.0,0.0,2022-12-18,2022-12-17,31.305707931518555,296.20001220703125,2022-12-19,0.0,0.0,2022-12-18,0.440600723028183,1.0,"{""type"":""Point"",""coordinates"":[75.513872,12.182444]}"
245,10,0.08931826800107956,333.32525634765625,2021-07-27,325.0078430175781,1,21.0,265.80999755859375,2021-07-27,2021-07-26,11.36086368560791,295.7304992675781,2021-07-28,7.669999599456787,6.25,2021-07-27,0.46188291907310486,19.0,"{""type"":""Point"",""coordinates"":[75.516767,12.188963999999999]}"
246,10,0.5446801781654358,4.083273410797119,2023-05-20,586.2730102539062,1,1.0,0.0,2023-05-20,2023-05-19,18.094730377197266,300.37347412109375,2023-05-21,0.5600000023841858,0.0,2023-05-20,0.4356110990047455,1.0,"{""type"":""Point"",""coordinates"":[75.519333,12.197344]}"
247,10,-0.018567463383078575,159.30360412597656,2022-08-29,635.4552612304688,1,14.0,212.75,2022-08-29,2022-08-28,14.29569149017334,295.4999084472656,2022-08-30,29.809999465942383,39.58333206176758,2022-08-29,0.4574686586856842,5.0,"{""type"":""Point"",""coordinates"":[75.568642,12.162885999999997]}"
248,10,0.2847120761871338,145.4628143310547,2022-03-24,534.7107543945312,1,17.0,171.63999938964844,2022-03-24,2022-03-23,26.95269012451172,297.3506774902344,2022-03-25,0.029999999329447746,0.0,2022-03-24,0.4364859163761139,14.0,"{""type"":""Point"",""coordinates"":[75.567414,12.158589]}"
249,10,0.34255239367485046,227.8763885498047,2021-01-29,613.4104614257812,1,14.0,0.0,2021-01-29,2021-01-28,16.096281051635742,295.3821716308594,2021-01-30,0.0,0.0,2021-01-29,0.34509214758872986,14.0,"{""type"":""Point"",""coordinates"":[75.569786,12.162175000000001]}"
250,10,0.12452417612075806,212.86184692382812,2023-08-30,620.4046630859375,1,14.0,16.100000381469727,2023-08-30,2023-08-29,18.37476348876953,296.5619201660156,2023-08-31,10.219999313354492,10.416666984558105,2023-08-30,0.47066497802734375,14.0,"{""type"":""Point"",""coordinates"":[75.569683,12.162211]}"
251,10,0.05359428748488426,209.16273498535156,2020-06-23,720.6063842773438,1,1.0,12.9399995803833,2020-06-23,2020-06-22,31.312076568603516,294.9132995605469,2020-06-24,31.389999389648438,16.66666603088379,2020-06-23,0.4791005551815033,1.0,"{""type"":""Point"",""coordinates"":[75.577453,12.156881000000004]}"
252,10,0.17548145353794098,27.16431427001953,2021-12-20,1012.8174438476562,1,1.0,0.0,2021-12-20,2021-12-19,30.07311248779297,295.937255859375,2021-12-21,0.0,0.0,2021-12-20,0.3311544954776764,1.0,"{""type"":""Point"",""coordinates"":[75.5341,12.360000000000001]}"
253,10,0.3727482557296753,97.21675109863281,2021-01-24,1027.135986328125,1,1.0,0.0,2021-01-24,2021-01-23,20.086931228637695,296.60577392578125,2021-01-25,0.0,0.0,2021-01-24,0.4012247622013092,1.0,"{""type"":""Point"",""coordinates"":[75.5162,12.38]}"
254,10,0.5971620082855225,72.95533752441406,2019-05-07,1071.365966796875,1,3.0,0.0,2019-05-07,2019-05-06,15.0568265914917,299.1165466308594,2019-05-08,2.5,6.25,2019-05-07,0.42886605858802795,1.0,"{""type"":""Point"",""coordinates"":[75.5168,12.410000000000002]}"
255,10,0.7493226528167725,326.1957092285156,2019-02-19,289.06878662109375,1,1.0,0.0,2019-02-19,2019-02-18,33.38557815551758,295.80657958984375,2019-02-20,0.0,0.0,2019-02-19,0.32099661231040955,1.0,"{""type"":""Point"",""coordinates"":[75.5593,12.44]}"
256,10,0.2998693287372589,26.34853744506836,2023-05-29,151.27130126953125,1,1.0,0.0,2023-05-29,2023-05-28,10.720406532287598,298.7464599609375,2023-05-30,5.940000057220459,12.5,2023-05-29,0.45784059166908264,1.0,"{""type"":""Point"",""coordinates"":[75.5712,12.49]}"
257,10,0.29782021045684814,203.41160583496094,2020-03-14,1120.8270263671875,1,4.0,0.0,2020-03-14,2020-03-13,19.312387466430664,298.0023498535156,2020-03-15,0.0,0.0,2020-03-14,0.3265310823917389,2.0,"{""type"":""Point"",""coordinates"":[75.6778,12.47]}"
258,10,0.47251543402671814,168.41624450683594,2022-01-14,1123.7772216796875,1,4.0,0.0,2022-01-14,2022-01-13,16.43240737915039,293.9137878417969,2022-01-15,0.0,0.0,2022-01-14,0.2903811037540436,2.0,"{""type"":""Point"",""coordinates"":[75.6782,12.47]}"
259,10,0.4709010124206543,218.91465759277344,2023-01-21,942.1962280273438,1,17.0,0.0,2023-01-21,2023-01-20,25.874473571777344,294.6273193359375,2023-01-22,0.0,0.0,2023-01-21,0.267223984003067,17.0,"{""type"":""Point"",""coordinates"":[75.6951,12.42]}"
260,10,-0.0050450898706912994,249.3136749267578,2019-08-09,903.661376953125,1,17.0,3527.329833984375,2019-08-09,2019-08-08,20.5541934967041,294.0378112792969,2019-08-10,219.239990234375,91.66666412353516,2019-08-09,0.4847075045108795,17.0,"{""type"":""Point"",""coordinates"":[75.6929,12.42]}"
261,10,0.4351743161678314,247.74600219726562,2023-06-18,900.8665161132812,1,23.0,191.8199920654297,2023-06-18,2023-06-17,10.770411491394043,296.1893310546875,2023-06-19,1.090000033378601,2.0833332538604736,2023-06-18,0.48627790808677673,23.0,"{""type"":""Point"",""coordinates"":[75.6889,12.419999999999998]}"
262,10,0.7425416707992554,222.9116668701172,2020-02-14,876.833251953125,1,23.0,0.0,2020-02-14,2020-02-13,11.045669555664062,297.2616271972656,2020-02-15,0.0,0.0,2020-02-14,0.26438650488853455,23.0,"{""type"":""Point"",""coordinates"":[75.6913,12.42]}"
263,10,0.26880407333374023,62.24363708496094,2019-10-27,893.0764770507812,1,3.0,85.52999877929688,2019-10-27,2019-10-26,11.538290023803711,293.1248779296875,2019-10-28,0.0,0.0,2019-10-27,0.47011756896972656,3.0,"{""type"":""Point"",""coordinates"":[75.6821,12.42]}"
264,10,0.05170174688100815,255.0657501220703,2020-07-16,861.1620483398438,1,53.0,9633.8095703125,2020-07-16,2020-07-15,8.632318496704102,293.8973083496094,2020-07-17,150.239990234375,83.33333587646484,2020-07-16,0.4760068356990814,53.0,"{""type"":""Point"",""coordinates"":[75.6781,12.430000000000001]}"
265,10,0.7945744395256042,11.713342666625977,2022-03-20,885.4841918945312,1,1.0,0.4699999988079071,2022-03-20,2022-03-19,24.79532241821289,296.880615234375,2022-03-21,0.0,0.0,2022-03-20,0.41455015540122986,1.0,"{""type"":""Point"",""coordinates"":[75.6715,12.43]}"
266,10,0.1064298078417778,352.630859375,2023-09-10,724.3098754882812,1,89.0,2508.909912109375,2023-09-10,2023-09-09,24.8382625579834,294.56072998046875,2023-09-11,0.0,0.0,2023-09-10,0.46688780188560486,89.0,"{""type"":""Point"",""coordinates"":[75.66110000000002,12.44]}"
267,10,0.17657046020030975,214.79727172851562,2023-01-01,659.8235473632812,1,129.0,0.0,2023-01-01,2022-12-31,19.88701057434082,294.9526672363281,2023-01-02,0.009000000543892384,0.0,2023-01-01,0.3131662905216217,89.0,"{""type"":""Point"",""coordinates"":[75.6586,12.440000000000001]}"
268,10,0.18570290505886078,268.74609375,2020-03-10,674.703857421875,1,89.0,0.0,2020-03-10,2020-03-09,9.956482887268066,297.00604248046875,2020-03-11,0.0,0.0,2020-03-10,0.33999696373939514,89.0,"{""type"":""Point"",""coordinates"":[75.6595,12.44]}"
269,10,-0.00671725207939744,226.53036499023438,2019-07-26,669.7590942382812,1,129.0,1672.3099365234375,2019-07-26,2019-07-25,11.95872688293457,294.212890625,2019-07-27,168.97000122070312,47.91666793823242,2019-07-26,0.48916879296302795,89.0,"{""type"":""Point"",""coordinates"":[75.6591,12.44]}"
270,10,0.7384244799613953,352.41461181640625,2022-04-22,722.0557250976562,1,89.0,0.0,2022-04-22,2022-04-21,20.634489059448242,298.38671875,2022-04-23,0.5899999737739563,0.0,2022-04-22,0.4862130582332611,89.0,"{""type"":""Point"",""coordinates"":[75.6604,12.44]}"
271,40,0.08795587718486786,233.10157775878906,2020-07-24,700.6809692382812,1,81.0,5627.8798828125,2020-07-24,2020-07-23,3.573914051055908,296.0306396484375,2020-07-25,9.639999389648438,14.583333015441895,2020-07-24,0.4671083986759186,81.0,"{""type"":""Point"",""coordinates"":[75.6644,12.44]}"
272,10,0.013644267804920673,247.53619384765625,2021-06-28,727.7825927734375,1,81.0,208.1699981689453,2021-06-28,2021-06-27,19.842622756958008,294.5462341308594,2021-06-29,3.9700000286102295,2.0833332538604736,2021-06-28,0.482494980096817,81.0,"{""type"":""Point"",""coordinates"":[75.6659,12.44]}"
273,10,0.04204554110765457,173.16796875,2023-09-23,733.2017211914062,1,81.0,669.1300048828125,2023-09-23,2023-09-22,24.229602813720703,295.6032409667969,2023-09-24,30.049999237060547,27.08333396911621,2023-09-23,0.4672311246395111,79.0,"{""type"":""Point"",""coordinates"":[75.6672,12.439999999999998]}"
274,10,0.18566389381885529,222.65133666992188,2022-12-23,732.8194580078125,1,79.0,0.0,2022-12-23,2022-12-22,14.139824867248535,293.4382019042969,2022-12-24,0.0,0.0,2022-12-23,0.36854490637779236,79.0,"{""type"":""Point"",""coordinates"":[75.6687,12.44]}"
275,10,0.2529612183570862,247.11801147460938,2021-04-12,852.7452392578125,1,79.0,3.430000066757202,2021-04-12,2021-04-11,5.19297456741333,297.2318420410156,2021-04-13,39.48999786376953,39.58333206176758,2021-04-12,0.43143972754478455,7.0,"{""type"":""Point"",""coordinates"":[75.6709,12.44]}"
276,10,0.061016637831926346,281.3651428222656,2022-08-12,501.0384216308594,1,180.0,469.79998779296875,2022-08-12,2022-08-11,14.09194278717041,295.07757568359375,2022-08-13,0.0,0.0,2022-08-12,0.4718494415283203,180.0,"{""type"":""Point"",""coordinates"":[75.6429,12.45]}"
277,10,0.5323662757873535,350.05462646484375,2022-03-23,511.3915710449219,1,180.0,412.1999816894531,2022-03-23,2022-03-22,0.5972974896430969,297.74169921875,2022-03-24,6.519999980926514,8.333333015441895,2022-03-23,0.4009329378604889,180.0,"{""type"":""Point"",""coordinates"":[75.6434,12.450000000000001]}"
278,10,0.5926107168197632,240.83445739746094,2019-02-27,883.61572265625,1,98.0,0.0,2019-02-27,2019-02-26,4.320784568786621,297.4959411621094,2019-02-28,0.0,0.0,2019-02-27,0.27381134033203125,98.0,"{""type"":""Point"",""coordinates"":[75.7073,12.38]}"
279,30,0.3154877722263336,198.47093200683594,2020-02-08,960.0652465820312,1,4.0,0.0,2020-02-08,2020-02-07,11.230862617492676,295.6329345703125,2020-02-09,0.0,0.0,2020-02-08,0.27014032006263733,4.0,"{""type"":""Point"",""coordinates"":[75.7298,12.410000000000002]}"
280,10,0.18419149518013,244.7432403564453,2022-06-14,1031.0794677734375,1,2.0,0.85999995470047,2022-06-14,2022-06-13,15.391289710998535,295.30731201171875,2022-06-15,39.37999725341797,31.25,2022-06-14,0.47582244873046875,2.0,"{""type"":""Point"",""coordinates"":[75.736,12.410000000000002]}"
281,10,0.07530073821544647,166.0135955810547,2021-12-08,1038.615234375,1,8.0,0.0,2021-12-08,2021-12-07,20.61159896850586,294.8612365722656,2021-12-09,0.0,0.0,2021-12-08,0.41602134704589844,2.0,"{""type"":""Point"",""coordinates"":[75.7369,12.410000000000002]}"
282,10,0.08731246739625931,86.83114624023438,2022-12-22,992.9402465820312,1,8.0,0.0,2022-12-22,2022-12-21,26.58844757080078,294.3800048828125,2022-12-23,0.0,0.0,2022-12-22,0.37985673546791077,8.0,"{""type"":""Point"",""coordinates"":[75.7385,12.410000000000002]}"
283,10,0.05753493681550026,86.83114624023438,2019-07-07,992.9402465820312,1,8.0,272.79998779296875,2019-07-07,2019-07-06,26.58844757080078,294.6418151855469,2019-07-08,1.100000023841858,2.0833332538604736,2019-07-07,0.49037614464759827,8.0,"{""type"":""Point"",""coordinates"":[75.7383,12.410000000000002]}"
284,10,0.4337228536605835,179.5089111328125,2020-12-13,978.4461669921875,1,8.0,0.0,2020-12-13,2020-12-12,15.928849220275879,294.7568359375,2020-12-14,0.0,0.0,2020-12-13,0.3838265836238861,8.0,"{""type"":""Point"",""coordinates"":[75.7389,12.410000000000002]}"
285,10,0.053841616958379745,176.2354278564453,2020-08-27,980.7933349609375,1,8.0,102.87999725341797,2020-08-27,2020-08-26,21.259782791137695,296.2303771972656,2020-08-28,1.3299999237060547,2.0833332538604736,2020-08-27,0.4595915377140045,8.0,"{""type"":""Point"",""coordinates"":[75.7394,12.410000000000002]}"
286,10,0.17277304828166962,357.25091552734375,2022-06-09,1032.4959716796875,1,8.0,44.15999984741211,2022-06-09,2022-06-08,23.083799362182617,295.7856750488281,2022-06-10,0.0,0.0,2022-06-09,0.5002784729003906,8.0,"{""type"":""Point"",""coordinates"":[75.7414,12.41]}"
287,10,0.26730236411094666,289.97015380859375,2020-03-07,1057.47705078125,1,1.0,0.0,2020-03-07,2020-03-06,17.27577018737793,296.23468017578125,2020-03-08,0.0,0.0,2020-03-07,0.36400413513183594,1.0,"{""type"":""Point"",""coordinates"":[75.7428,12.410000000000002]}"
288,10,0.22666595876216888,292.9497985839844,2020-05-22,1067.82373046875,1,1.0,0.0,2020-05-22,2020-05-21,22.653018951416016,297.3755798339844,2020-05-23,0.7699999809265137,2.0833332538604736,2020-05-22,0.4757588803768158,1.0,"{""type"":""Point"",""coordinates"":[75.743,12.410000000000002]}"
289,10,0.32763952016830444,21.500791549682617,2019-11-15,1063.3809814453125,1,1.0,0.0,2019-11-15,2019-11-14,19.915523529052734,295.3872375488281,2019-11-16,0.4699999690055847,0.0,2019-11-15,0.44603219628334045,1.0,"{""type"":""Point"",""coordinates"":[75.744,12.410000000000002]}"
290,10,0.2883472442626953,21.500791549682617,2020-03-29,1063.3809814453125,1,1.0,0.0,2020-03-29,2020-03-28,19.915523529052734,299.28338623046875,2020-03-30,0.0,0.0,2020-03-29,0.3078359067440033,1.0,"{""type"":""Point"",""coordinates"":[75.744,12.410000000000002]}"
291,50,0.04055095091462135,252.58847045898438,2022-09-06,1061.567626953125,1,1.0,16.59000015258789,2022-09-06,2022-09-05,5.181908130645752,295.67547607421875,2022-09-07,30.34000015258789,39.58333206176758,2022-09-06,0.4786345064640045,1.0,"{""type"":""Point"",""coordinates"":[75.7445,12.410000000000002]}"
292,50,0.021313531324267387,217.75872802734375,2020-10-02,1068.6016845703125,1,1.0,0.9020000100135803,2020-10-02,2020-10-01,27.115955352783203,295.11944580078125,2020-10-03,0.60999995470047,2.0833332538604736,2020-10-02,0.47721990942955017,1.0,"{""type"":""Point"",""coordinates"":[75.7448,12.410000000000002]}"
293,10,0.1291639357805252,348.47308349609375,2021-01-14,1107.416748046875,1,3.0,4.099999904632568,2021-01-14,2021-01-13,11.177116394042969,295.05889892578125,2021-01-15,3.819999933242798,6.25,2021-01-14,0.4538942873477936,1.0,"{""type"":""Point"",""coordinates"":[75.783222,12.429806]}"
294,10,0.18484379351139069,18.642179489135742,2023-01-03,981.2133178710938,1,75.0,0.0,2023-01-03,2023-01-02,9.710436820983887,294.6937255859375,2023-01-04,0.0,0.0,2023-01-03,0.3260720670223236,75.0,"{""type"":""Point"",""coordinates"":[75.7214,12.460000000000003]}"
295,10,0.13458333909511566,184.7913055419922,2020-03-28,1127.60302734375,1,6.0,0.0,2020-03-28,2020-03-27,14.66250228881836,299.0004577636719,2020-03-29,0.0,0.0,2020-03-28,0.3105538785457611,4.0,"{""type"":""Point"",""coordinates"":[75.7339,12.44]}"
296,50,0.03892222046852112,7.475219249725342,2022-11-25,1125.668212890625,1,1.0,2.629999876022339,2022-11-25,2022-11-24,9.210636138916016,293.992431640625,2022-11-26,0.0,0.0,2022-11-25,0.3736623227596283,1.0,"{""type"":""Point"",""coordinates"":[75.7428,12.42]}"
297,10,0.6706207990646362,54.380516052246094,2021-04-21,1145.4134521484375,1,7.0,3.179999828338623,2021-04-21,2021-04-20,26.400768280029297,296.7043151855469,2021-04-22,26.549999237060547,22.91666603088379,2021-04-21,0.4798533022403717,1.0,"{""type"":""Point"",""coordinates"":[75.7132,12.43]}"
298,10,0.7858220338821411,61.744117736816406,2021-04-22,1018.9642944335938,1,1.0,26.549999237060547,2021-04-22,2021-04-21,19.757732391357422,296.6728820800781,2021-04-23,37.0099983215332,37.5,2021-04-22,0.45954322814941406,1.0,"{""type"":""Point"",""coordinates"":[75.7067,12.420000000000002]}"
299,10,0.07830040901899338,49.76963806152344,2022-05-24,987.2689208984375,1,1.0,0.0,2022-05-24,2022-05-23,19.682172775268555,295.76373291015625,2022-05-25,0.0,0.0,2022-05-24,0.4632956087589264,1.0,"{""type"":""Point"",""coordinates"":[75.7073,12.42]}"
300,10,0.765841543674469,96.21013641357422,2021-03-16,1099.7132568359375,1,16.0,0.0,2021-03-16,2021-03-15,22.33774757385254,297.7550048828125,2021-03-17,0.009999999776482582,0.0,2021-03-16,0.3581613004207611,16.0,"{""type"":""Point"",""coordinates"":[75.7142,12.450000000000001]}"
301,10,0.5421732664108276,342.5950927734375,2019-11-24,1021.4763793945312,1,68.0,0.0,2019-11-24,2019-11-23,10.285394668579102,295.8150329589844,2019-11-25,0.0,0.0,2019-11-24,0.44205984473228455,68.0,"{""type"":""Point"",""coordinates"":[75.7196,12.46]}"
302,10,0.847814679145813,356.9856262207031,2021-02-12,1022.37744140625,1,68.0,0.0,2021-02-12,2021-02-11,8.573269844055176,294.1423645019531,2021-02-13,0.0,0.0,2021-02-12,0.2938995361328125,68.0,"{""type"":""Point"",""coordinates"":[75.7198,12.46]}"
303,10,0.035709552466869354,67.27814483642578,2019-07-07,1053.8746337890625,1,8.0,272.79998779296875,2019-07-07,2019-07-06,32.00331497192383,294.70025634765625,2019-07-08,1.100000023841858,2.0833332538604736,2019-07-07,0.48222479224205017,8.0,"{""type"":""Point"",""coordinates"":[75.7133,12.480000000000002]}"
304,10,0.7503619194030762,64.52864837646484,2019-01-18,1101.483642578125,1,8.0,0.0,2019-01-18,2019-01-17,15.227816581726074,294.5162353515625,2019-01-19,0.0,0.0,2019-01-18,0.28388023376464844,2.0,"{""type"":""Point"",""coordinates"":[75.7123,12.48]}"
305,10,0.2583649158477783,323.66455078125,2021-01-05,1103.3304443359375,1,2.0,0.0,2021-01-05,2021-01-04,4.41676664352417,294.7044982910156,2021-01-06,0.0,0.0,2021-01-05,0.47037506103515625,2.0,"{""type"":""Point"",""coordinates"":[75.7116,12.480000000000002]}"
306,10,0.2930845320224762,80.79932403564453,2019-03-11,1101.7794189453125,1,3.0,43.95000076293945,2019-03-11,2019-03-10,12.961127281188965,298.0019226074219,2019-03-12,0.0,0.0,2019-03-11,0.28410401940345764,3.0,"{""type"":""Point"",""coordinates"":[75.7428,12.5]}"
307,10,-0.01386536005884409,236.50540161132812,2019-07-17,1082.025634765625,1,6.0,7.199999809265137,2019-07-17,2019-07-16,18.6918888092041,294.1466369628906,2019-07-18,17.459999084472656,18.75,2019-07-17,0.4803994596004486,6.0,"{""type"":""Point"",""coordinates"":[75.7244,12.5]}"
308,10,0.8393838405609131,30.336761474609375,2023-01-27,1011.9140625,1,1.0,0.0,2023-01-27,2023-01-26,25.118330001831055,294.41864013671875,2023-01-28,0.0,0.0,2023-01-27,0.41685041785240173,1.0,"{""type"":""Point"",""coordinates"":[75.7156,12.49]}"
309,10,0.2693217098712921,9.078782081604004,2023-11-25,1130.695556640625,1,1.0,1.25,2023-11-25,2023-11-24,17.283187866210938,295.2667236328125,2023-11-26,1.3199999332427979,0.0,2023-11-25,0.41400718688964844,1.0,"{""type"":""Point"",""coordinates"":[75.774056,12.464444000000002]}"
310,10,0.016145285218954086,342.3332824707031,2021-09-18,1093.8028564453125,1,2.0,0.0,2021-09-18,2021-09-17,33.11697006225586,295.9947204589844,2021-09-19,2.4600000381469727,4.166666507720947,2021-09-18,0.47938093543052673,2.0,"{""type"":""Point"",""coordinates"":[75.810833,12.386083]}"
311,10,0.7827380895614624,107.16172790527344,2021-02-14,1064.6610107421875,1,2.0,0.0,2021-02-14,2021-02-13,33.56052780151367,295.12713623046875,2021-02-15,0.0,0.0,2021-02-14,0.2936045229434967,2.0,"{""type"":""Point"",""coordinates"":[75.82225,12.379944]}"
312,10,4.899207851849496E-4,107.16172790527344,2021-09-12,1064.6610107421875,1,2.0,17.03999900817871,2021-09-12,2021-09-11,33.56052780151367,294.9375305175781,2021-09-13,0.6799999475479126,0.0,2021-09-12,0.49542808532714844,2.0,"{""type"":""Point"",""coordinates"":[75.82225,12.379944]}"
313,10,0.23258329927921295,71.17893981933594,2023-06-05,1133.356201171875,1,1.0,1.6100000143051147,2023-06-05,2023-06-04,27.120716094970703,297.2783203125,2023-06-06,0.5799999833106995,2.0833332538604736,2023-06-05,0.4907798767089844,1.0,"{""type"":""Point"",""coordinates"":[75.822667,12.376389]}"
314,10,0.6573449969291687,7.732117652893066,2021-04-03,1050.646484375,1,2.0,0.0,2021-04-03,2021-04-02,26.196701049804688,298.6917724609375,2021-04-04,0.0,0.0,2021-04-03,0.37497076392173767,1.0,"{""type"":""Point"",""coordinates"":[75.82375,12.378611000000001]}"
315,10,-7.786469650454819E-4,235.53440856933594,2021-08-15,391.0208435058594,1,5.0,75.94999694824219,2021-08-15,2021-08-14,18.853435516357422,295.9431457519531,2021-08-16,21.28999900817871,29.16666603088379,2021-08-15,0.46425628662109375,5.0,"{""type"":""Point"",""coordinates"":[75.794356,12.009819000000002]}"
316,10,0.2543999254703522,165.7250213623047,2023-06-17,337.640380859375,1,20.0,0.0,2023-06-17,2023-06-16,17.480470657348633,298.1401062011719,2023-06-18,2.0199999809265137,2.0833332538604736,2023-06-17,0.4589576721191406,20.0,"{""type"":""Point"",""coordinates"":[75.780681,12.045597000000003]}"
317,10,0.32529810070991516,213.56069946289062,2019-03-29,79.71646118164062,1,1.0,0.0,2019-03-29,2019-03-28,14.666118621826172,301.55877685546875,2019-03-30,0.0,0.0,2019-03-29,0.3027992248535156,1.0,"{""type"":""Point"",""coordinates"":[75.756708,12.005181]}"
318,10,0.07373973727226257,215.24807739257812,2020-08-18,266.9220275878906,1,3.0,10.769999504089355,2020-08-18,2020-08-17,17.73946189880371,295.8977966308594,2020-08-19,14.969999313354492,14.583333015441895,2020-08-18,0.4848429262638092,3.0,"{""type"":""Point"",""coordinates"":[75.778217,12.011214]}"
319,10,-0.018453305587172508,86.89989471435547,2023-07-23,444.5421447753906,1,1.0,234.11000061035156,2023-07-23,2023-07-22,14.744770050048828,296.08740234375,2023-07-24,129.59999084472656,81.25,2023-07-23,0.45832380652427673,1.0,"{""type"":""Point"",""coordinates"":[75.776525,12.020207999999998]}"
320,10,0.6502768397331238,197.5072479248047,2023-03-12,210.84681701660156,1,2.0,0.0,2023-03-12,2023-03-11,24.190513610839844,299.6278076171875,2023-03-13,0.0,0.0,2023-03-12,0.25050291419029236,2.0,"{""type"":""Point"",""coordinates"":[75.779136,11.989228]}"
321,10,0.37621235847473145,318.6925048828125,2023-03-02,53.46342849731445,1,2214.0,17.711999893188477,2023-03-02,2023-03-01,2.1926989555358887,300.6672058105469,2023-03-03,0.0,0.0,2023-03-02,0.2806428372859955,2214.0,"{""type"":""Point"",""coordinates"":[75.713506,12.029033]}"
322,10,0.287919819355011,262.5564880371094,2019-11-20,188.88136291503906,1,1.0,0.0,2019-11-20,2019-11-19,21.673648834228516,298.8115234375,2019-11-21,4.190000057220459,4.166666507720947,2019-11-20,0.4714183807373047,1.0,"{""type"":""Point"",""coordinates"":[75.701978,12.034658]}"
323,10,0.8054372668266296,30.12344741821289,2022-02-13,112.97663116455078,1,1932.0,0.0,2022-02-13,2022-02-12,9.503642082214355,298.3867492675781,2022-02-14,0.0,0.0,2022-02-13,0.2816708981990814,1932.0,"{""type"":""Point"",""coordinates"":[75.718081,12.068303000000002]}"
324,10,0.764444887638092,122.50452423095703,2021-04-18,243.6222686767578,1,2.0,0.0,2021-04-18,2021-04-17,20.549087524414062,298.4105529785156,2021-04-19,1.409999966621399,0.0,2021-04-18,0.48299917578697205,2.0,"{""type"":""Point"",""coordinates"":[75.705178,12.091031000000001]}"
325,10,0.0773276537656784,293.5706481933594,2020-07-29,443.1940002441406,1,3.0,17.469999313354492,2020-07-29,2020-07-28,17.656906127929688,297.05731201171875,2020-07-30,56.25,47.91666793823242,2020-07-29,0.47097650170326233,1.0,"{""type"":""Point"",""coordinates"":[75.698908,12.103538999999998]}"
326,10,0.25738516449928284,312.06494140625,2022-06-29,353.0404357910156,1,1.0,23.40999984741211,2022-06-29,2022-06-28,23.10428810119629,295.218505859375,2022-06-30,36.02000045776367,31.25,2022-06-29,0.45667967200279236,1.0,"{""type"":""Point"",""coordinates"":[75.7589,12.070400000000001]}"
327,10,0.030189258977770805,273.83135986328125,2019-08-19,322.1568298339844,1,1.0,32.07999801635742,2019-08-19,2019-08-18,23.81886100769043,295.1129150390625,2019-08-20,10.329999923706055,18.75,2019-08-19,0.4573892056941986,1.0,"{""type"":""Point"",""coordinates"":[75.758556,12.072061]}"
328,10,0.1341104358434677,293.8966369628906,2021-11-03,301.0999755859375,1,1.0,54.06999969482422,2021-11-03,2021-11-02,20.543678283691406,296.0354919433594,2021-11-04,16.260000228881836,27.08333396911621,2021-11-03,0.44900068640708923,1.0,"{""type"":""Point"",""coordinates"":[75.7581,12.0709]}"
329,10,0.4748736619949341,342.742431640625,2020-03-27,307.8296203613281,1,1.0,0.0,2020-03-27,2020-03-26,15.543724060058594,299.9541015625,2020-03-28,0.0,0.0,2020-03-27,0.26604652404785156,1.0,"{""type"":""Point"",""coordinates"":[75.757708,12.070419]}"
330,10,0.387681782245636,343.5873107910156,2020-01-01,285.78564453125,1,1.0,0.0,2020-01-01,2019-12-31,18.631982803344727,296.11224365234375,2020-01-02,0.003000000026077032,0.0,2020-01-01,0.3405405580997467,1.0,"{""type"":""Point"",""coordinates"":[75.757614,12.070922000000001]}"
331,10,0.027184568345546722,204.38389587402344,2023-07-24,406.1484375,1,2.0,259.1999816894531,2023-07-24,2023-07-23,20.861278533935547,295.1322326660156,2023-07-25,237.32998657226562,95.83333587646484,2023-07-24,0.45243582129478455,2.0,"{""type"":""Point"",""coordinates"":[75.763778,12.065167000000002]}"
332,10,0.05989152565598488,211.41429138183594,2020-10-19,364.6788024902344,1,2.0,15.179999351501465,2020-10-19,2020-10-18,11.18734359741211,296.0357360839844,2020-10-20,18.489999771118164,14.583333015441895,2020-10-19,0.43938255310058594,2.0,"{""type"":""Point"",""coordinates"":[75.7608,12.064300000000001]}"
333,10,-0.007392929866909981,195.94024658203125,2022-07-29,409.4289855957031,1,2.0,12.920000076293945,2022-07-29,2022-07-28,25.58134651184082,296.40863037109375,2022-07-30,15.130000114440918,6.25,2022-07-29,0.45614877343177795,2.0,"{""type"":""Point"",""coordinates"":[75.760036,12.065842]}"
334,10,0.1033831462264061,325.1137390136719,2020-06-07,332.650634765625,1,2.0,220.83999633789062,2020-06-07,2020-06-06,19.315807342529297,296.1435852050781,2020-06-08,57.40999984741211,39.58333206176758,2020-06-07,0.44716644287109375,2.0,"{""type"":""Point"",""coordinates"":[75.7888,12.0762]}"
335,10,0.6048857569694519,325.1137390136719,2023-12-26,332.650634765625,1,2.0,0.0,2023-12-26,2023-12-25,19.315807342529297,297.34393310546875,2023-12-27,0.0,0.0,2023-12-26,0.30386224389076233,2.0,"{""type"":""Point"",""coordinates"":[75.788742,12.076078]}"
336,10,0.011463931761682034,238.7993927001953,2022-09-17,570.22314453125,1,1.0,0.0,2022-09-17,2022-09-16,13.293479919433594,295.87506103515625,2022-09-18,7.489999771118164,10.416666984558105,2022-09-17,0.44512367248535156,1.0,"{""type"":""Point"",""coordinates"":[75.786306,12.111860999999998]}"
337,60,0.03703487291932106,355.39630126953125,2019-09-16,943.9326782226562,1,1.0,18.34000015258789,2019-09-16,2019-09-15,14.323870658874512,295.6429138183594,2019-09-17,9.299999237060547,16.66666603088379,2019-09-16,0.4737377166748047,1.0,"{""type"":""Point"",""coordinates"":[75.774944,12.153028]}"
338,10,0.3294888138771057,299.0701599121094,2022-04-07,339.6844177246094,1,1.0,0.5499999523162842,2022-04-07,2022-04-06,25.05059242248535,298.2420654296875,2022-04-08,0.0,0.0,2022-04-07,0.4714444577693939,1.0,"{""type"":""Point"",""coordinates"":[75.690217,12.098556]}"
339,10,0.23978281021118164,120.6972885131836,2019-05-11,204.00350952148438,1,2.0,0.0,2019-05-11,2019-05-10,10.600830078125,299.4237365722656,2019-05-12,0.0,0.0,2019-05-11,0.45379510521888733,2.0,"{""type"":""Point"",""coordinates"":[75.690803,12.088671999999999]}"
340,10,0.05767491087317467,253.4234619140625,2021-05-27,201.4997100830078,1,11.0,88.0,2021-05-27,2021-05-26,7.8800506591796875,296.671142578125,2021-05-28,0.0,0.0,2021-05-27,0.47653326392173767,4.0,"{""type"":""Point"",""coordinates"":[75.693306,12.088144000000002]}"
341,10,0.07706961035728455,160.31895446777344,2021-08-11,274.5478210449219,1,4.0,4.589999675750732,2021-08-11,2021-08-10,25.68886947631836,296.4610595703125,2021-08-12,1.6100000143051147,0.0,2021-08-11,0.4869906008243561,1.0,"{""type"":""Point"",""coordinates"":[75.693889,12.091708000000002]}"
342,10,0.35153451561927795,110.53594207763672,2023-04-18,517.2970581054688,1,1.0,0.0,2023-04-18,2023-04-17,37.43601989746094,301.480712890625,2023-04-19,0.0,0.0,2023-04-18,0.3127950131893158,1.0,"{""type"":""Point"",""coordinates"":[75.631925,12.096639000000001]}"
343,10,0.5252354145050049,193.60499572753906,2019-01-19,314.7033996582031,1,3.0,0.0,2019-01-19,2019-01-18,36.57451248168945,297.58929443359375,2019-01-20,0.0,0.0,2019-01-19,0.2855949401855469,1.0,"{""type"":""Point"",""coordinates"":[75.608267,12.127433000000002]}"
344,10,0.17914865911006927,205.04763793945312,2020-06-10,390.5068664550781,1,6.0,9.260000228881836,2020-06-10,2020-06-09,32.22123336791992,297.9368896484375,2020-06-11,28.529998779296875,29.16666603088379,2020-06-10,0.4767812192440033,1.0,"{""type"":""Point"",""coordinates"":[75.616419,12.120367]}"
345,10,0.36223918199539185,204.68055725097656,2019-04-25,444.7983093261719,1,4.0,0.0,2019-04-25,2019-04-24,20.35736656188965,299.8923645019531,2019-04-26,0.0,0.0,2019-04-25,0.4675191342830658,2.0,"{""type"":""Point"",""coordinates"":[75.621911,12.125175]}"
346,10,0.6441312432289124,60.25483703613281,2023-04-26,122.01464080810547,1,326.0,0.0,2023-04-26,2023-04-25,16.708534240722656,300.1795959472656,2023-04-27,52.939998626708984,18.75,2023-04-26,0.4131946563720703,326.0,"{""type"":""Point"",""coordinates"":[75.642314,12.126927999999996]}"
347,10,0.5781088471412659,60.624488830566406,2022-05-07,547.6262817382812,1,2.0,0.0,2022-05-07,2022-05-06,19.83912467956543,298.7672119140625,2022-05-08,0.5600000023841858,0.0,2022-05-07,0.4829343259334564,1.0,"{""type"":""Point"",""coordinates"":[75.628681,12.129699999999998]}"
348,10,0.4134068191051483,163.29635620117188,2020-03-02,398.07305908203125,1,3.0,0.027000002562999725,2020-03-02,2020-03-01,18.581995010375977,299.3255920410156,2020-03-03,0.0,0.0,2020-03-02,0.4249960482120514,3.0,"{""type"":""Point"",""coordinates"":[75.623733,12.147497]}"
349,10,0.2905817925930023,116.58080291748047,2023-11-01,524.2817993164062,1,2.0,208.59999084472656,2023-11-01,2023-10-31,23.863784790039062,297.51239013671875,2023-11-02,38.869998931884766,35.41666793823242,2023-11-01,0.47875913977622986,2.0,"{""type"":""Point"",""coordinates"":[75.622753,12.141408]}"
350,10,0.34640735387802124,189.02049255371094,2020-05-27,442.7841796875,1,5.0,47.54999923706055,2020-05-27,2020-05-26,15.905866622924805,300.2539367675781,2020-05-28,24.669998168945312,14.583333015441895,2020-05-27,0.4606590270996094,5.0,"{""type"":""Point"",""coordinates"":[75.60595,12.147860999999999]}"
351,10,0.7131708264350891,167.8756866455078,2019-12-10,393.4300231933594,1,11.0,0.0,2019-12-10,2019-12-09,12.092872619628906,297.95477294921875,2019-12-11,0.0,0.0,2019-12-10,0.40768179297447205,11.0,"{""type"":""Point"",""coordinates"":[75.604403,12.145368999999999]}"
352,10,0.1437026411294937,221.76483154296875,2021-11-26,436.2127380371094,1,47.0,5.409999847412109,2021-11-26,2021-11-25,18.46470832824707,297.6379699707031,2021-11-27,4.150000095367432,6.25,2021-11-26,0.46555647253990173,1.0,"{""type"":""Point"",""coordinates"":[75.597869,12.145739]}"
353,10,0.013111486099660397,67.23316192626953,2021-09-01,531.4988403320312,1,13.0,15.399999618530273,2021-09-01,2021-08-31,25.253355026245117,296.6450500488281,2021-09-02,4.040999889373779,6.25,2021-09-01,0.48053422570228577,2.0,"{""type"":""Point"",""coordinates"":[75.588769,12.149321999999998]}"
354,30,0.20447814464569092,75.6199722290039,2022-05-08,566.5281372070312,1,1.0,0.25,2022-05-08,2022-05-07,37.37851333618164,299.240478515625,2022-05-09,19.92999839782715,16.66666603088379,2022-05-08,0.4862639009952545,1.0,"{""type"":""Point"",""coordinates"":[75.588283,12.137561]}"
355,10,0.3877923786640167,74.04373168945312,2019-02-13,564.6572265625,1,1.0,0.0,2019-02-13,2019-02-12,24.40163230895996,299.6221008300781,2019-02-14,0.0,0.0,2019-02-13,0.3371550142765045,1.0,"{""type"":""Point"",""coordinates"":[75.588086,12.138544]}"
356,10,0.07032479345798492,222.48158264160156,2019-09-06,562.6514282226562,1,1.0,30.969999313354492,2019-09-06,2019-09-05,18.862024307250977,296.33001708984375,2019-09-07,20.139999389648438,20.83333396911621,2019-09-06,0.4749857485294342,1.0,"{""type"":""Point"",""coordinates"":[75.585089,12.136206]}"
357,10,0.7004728317260742,106.25932312011719,2022-01-06,283.6271057128906,1,67.0,0.0,2022-01-06,2022-01-05,35.57719421386719,297.51068115234375,2022-01-07,0.0,0.0,2022-01-06,0.29181036353111267,67.0,"{""type"":""Point"",""coordinates"":[75.601758,12.138353000000002]}"
358,10,0.46522730588912964,189.3805389404297,2023-05-23,324.8018798828125,1,2.0,0.6600000262260437,2023-05-23,2023-05-22,21.9912166595459,299.55059814453125,2023-05-24,18.279998779296875,20.83333396911621,2023-05-23,0.4633089601993561,2.0,"{""type"":""Point"",""coordinates"":[75.567369,12.140144]}"
359,10,0.017441725358366966,214.24188232421875,2020-10-19,413.92864990234375,1,4.0,54.39999771118164,2020-10-19,2020-10-18,16.28845977783203,297.39251708984375,2020-10-20,4.259999752044678,8.333333015441895,2020-10-19,0.47022056579589844,4.0,"{""type"":""Point"",""coordinates"":[75.5749,12.139161]}"
360,10,0.6067569255828857,90.66156005859375,2022-02-24,267.926513671875,1,1.0,0.0,2022-02-24,2022-02-23,23.159988403320312,300.11065673828125,2022-02-25,0.0,0.0,2022-02-24,0.2747631072998047,1.0,"{""type"":""Point"",""coordinates"":[75.548964,12.137464000000001]}"
361,10,0.025209149345755577,98.61693572998047,2022-07-22,549.5850219726562,1,2.0,17.279998779296875,2022-07-22,2022-07-21,19.97769546508789,298.10418701171875,2022-07-23,56.54999923706055,43.75,2022-07-22,0.4745260775089264,2.0,"{""type"":""Point"",""coordinates"":[75.521461,12.144136]}"
362,10,0.5578993558883667,181.32594299316406,2023-02-06,252.0884552001953,1,1.0,0.0,2023-02-06,2023-02-05,16.384458541870117,299.9169921875,2023-02-07,0.17999999225139618,0.0,2023-02-06,0.2916450500488281,1.0,"{""type"":""Point"",""coordinates"":[75.513517,12.103969000000003]}"
363,10,0.16347678005695343,57.752479553222656,2021-06-19,37.91519546508789,1,6.0,80.45999908447266,2021-06-19,2021-06-18,15.532695770263672,296.60162353515625,2021-06-20,8.559999465942383,12.5,2021-06-19,0.48348870873451233,6.0,"{""type"":""Point"",""coordinates"":[75.586253,12.069883]}"
364,10,0.1925288438796997,4.991274356842041,2020-09-26,82.97988891601562,1,2.0,9.699999809265137,2020-09-26,2020-09-25,18.65096664428711,298.4218444824219,2020-09-27,21.85999870300293,20.83333396911621,2020-09-26,0.47179731726646423,1.0,"{""type"":""Point"",""coordinates"":[75.647503,11.979094]}"
365,10,0.05350516736507416,108.4718017578125,2020-09-20,163.07147216796875,1,6.0,185.55999755859375,2020-09-20,2020-09-19,31.256423950195312,297.1571960449219,2020-09-21,67.91999816894531,52.08333206176758,2020-09-20,0.48590531945228577,1.0,"{""type"":""Point"",""coordinates"":[75.612503,12.004511]}"
366,10,0.04172808676958084,72.19496154785156,2019-09-05,164.00660705566406,1,1.0,109.0999984741211,2019-09-05,2019-09-04,22.82952117919922,297.3949279785156,2019-09-06,35.39999771118164,33.33333206176758,2019-09-05,0.47784867882728577,1.0,"{""type"":""Point"",""coordinates"":[75.620589,12.011325]}"
367,10,0.12076283246278763,103.33845520019531,2023-06-18,148.911376953125,1,1.0,3.7699999809265137,2023-06-18,2023-06-17,16.242616653442383,299.8078308105469,2023-06-19,8.75,8.333333015441895,2023-06-18,0.4862397611141205,1.0,"{""type"":""Point"",""coordinates"":[75.629022,12.019574999999998]}"
368,10,0.14933358132839203,127.49877166748047,2023-09-21,90.57965087890625,1,3.0,1.7599999904632568,2023-09-21,2023-09-20,28.378538131713867,297.9043273925781,2023-09-22,16.81999969482422,12.5,2023-09-21,0.4754861295223236,1.0,"{""type"":""Point"",""coordinates"":[75.65330800000001,12.017186000000002]}"
369,10,0.05277567729353905,191.24151611328125,2021-06-16,104.30814361572266,1,3.0,49.279998779296875,2021-06-16,2021-06-15,14.352916717529297,297.47308349609375,2021-06-17,69.06999969482422,35.41666793823242,2021-06-16,0.47288259863853455,1.0,"{""type"":""Point"",""coordinates"":[75.652422,12.016847000000002]}"
370,10,0.14050555229187012,334.8312072753906,2023-08-26,130.6081085205078,1,1.0,0.0,2023-08-26,2023-08-25,21.468748092651367,299.5993957519531,2023-08-27,0.0,0.0,2023-08-26,0.4121462404727936,1.0,"{""type"":""Point"",""coordinates"":[75.678053,11.856686]}"
371,10,0.28541314601898193,248.19522094726562,2023-05-05,144.68936157226562,1,1.0,0.7799999713897705,2023-05-05,2023-05-04,21.399126052856445,300.8492126464844,2023-05-06,0.009999999776482582,0.0,2023-05-05,0.40895143151283264,1.0,"{""type"":""Point"",""coordinates"":[75.675744,11.855917]}"
372,10,0.3887639045715332,83.75955963134766,2021-02-19,549.8671875,1,4.0,0.0,2021-02-19,2021-02-18,16.398906707763672,298.1710510253906,2021-02-20,13.329999923706055,2.0833332538604736,2021-02-19,0.2933616638183594,1.0,"{""type"":""Point"",""coordinates"":[75.695872,11.794806]}"
373,10,0.42662227153778076,289.0537109375,2019-03-16,499.6206970214844,1,2.0,0.0,2019-03-16,2019-03-15,29.346134185791016,300.1758728027344,2019-03-17,0.0,0.0,2019-03-16,0.2856292724609375,2.0,"{""type"":""Point"",""coordinates"":[75.685531,11.798486]}"
374,10,0.7569972276687622,317.31689453125,2022-03-01,447.9183044433594,1,9.0,0.0,2022-03-01,2022-02-28,11.700939178466797,299.2552185058594,2022-03-02,0.03800000250339508,0.0,2022-03-01,0.2803567349910736,9.0,"{""type"":""Point"",""coordinates"":[75.703153,11.786736]}"
375,10,0.4697209596633911,184.0078887939453,2022-11-21,343.67938232421875,1,6.0,0.0,2022-11-21,2022-11-20,9.036514282226562,296.4488525390625,2022-11-22,0.0,0.0,2022-11-21,0.4327341616153717,6.0,"{""type"":""Point"",""coordinates"":[75.715686,11.781242000000002]}"
376,10,0.010240777395665646,204.58143615722656,2021-07-31,476.731689453125,1,6.0,0.0,2021-07-31,2021-07-30,21.022550582885742,296.1653747558594,2021-08-01,0.0,0.0,2021-07-31,0.50056391954422,6.0,"{""type"":""Point"",""coordinates"":[75.784236,11.789480999999999]}"
377,10,0.038259752094745636,347.9532470703125,2019-07-22,203.21878051757812,1,1.0,73.5199966430664,2019-07-22,2019-07-21,25.42966079711914,295.5743103027344,2019-07-23,87.07999420166016,62.5,2019-07-22,0.4774436950683594,1.0,"{""type"":""Point"",""coordinates"":[75.783347,11.884139]}"
378,10,0.2819453179836273,231.93240356445312,2020-05-20,176.11056518554688,1,79.0,784.469970703125,2020-05-20,2020-05-19,33.39772415161133,297.99920654296875,2020-05-21,0.7099999785423279,2.0833332538604736,2020-05-20,0.4911651611328125,79.0,"{""type"":""Point"",""coordinates"":[75.757442,11.869667]}"
379,10,0.2281065583229065,274.9600524902344,2019-11-22,204.99534606933594,1,1.0,0.6100000143051147,2019-11-22,2019-11-21,24.22161293029785,297.35333251953125,2019-11-23,0.6100000143051147,0.0,2019-11-22,0.487396240234375,1.0,"{""type"":""Point"",""coordinates"":[75.755111,11.850966999999999]}"
380,10,0.3182055652141571,250.2500457763672,2022-10-25,261.99639892578125,1,4.0,0.0,2022-10-25,2022-10-24,17.512788772583008,297.665771484375,2022-10-26,0.0,0.0,2022-10-25,0.4414958953857422,4.0,"{""type"":""Point"",""coordinates"":[75.774333,11.863693999999999]}"
381,10,0.1632753163576126,27.245201110839844,2021-05-17,481.9989318847656,1,2.0,238.59999084472656,2021-05-17,2021-05-16,26.045621871948242,296.43768310546875,2021-05-18,12.75,10.416666984558105,2021-05-17,0.48932012915611267,2.0,"{""type"":""Point"",""coordinates"":[75.784144,11.854789]}"
382,10,0.41528668999671936,26.024154663085938,2020-01-23,512.5936279296875,1,1.0,0.0,2020-01-23,2020-01-22,21.777217864990234,298.6358642578125,2020-01-24,0.0,0.0,2020-01-23,0.2879911959171295,1.0,"{""type"":""Point"",""coordinates"":[75.785297,11.853166999999997]}"
383,10,0.18861132860183716,192.46405029296875,2019-10-31,660.8308715820312,1,7.0,156.51998901367188,2019-10-31,2019-10-30,32.613338470458984,296.0500793457031,2019-11-01,37.18000030517578,31.25,2019-10-31,0.47137579321861267,7.0,"{""type"":""Point"",""coordinates"":[75.7982,11.852275000000002]}"
384,10,0.0958702489733696,318.150634765625,2021-09-19,559.96337890625,1,2.0,4.579999923706055,2021-09-19,2021-09-18,13.368012428283691,297.514404296875,2021-09-20,10.039999961853027,8.333333015441895,2021-09-19,0.47279229760169983,2.0,"{""type"":""Point"",""coordinates"":[75.793769,11.867225]}"
385,10,0.5275227427482605,318.3244934082031,2023-12-06,512.664794921875,1,2.0,0.0,2023-12-06,2023-12-05,22.75429344177246,297.5419921875,2023-12-07,0.0,0.0,2023-12-06,0.4112326204776764,2.0,"{""type"":""Point"",""coordinates"":[75.794333,11.869411000000001]}"
386,10,0.5767841935157776,53.603675842285156,2019-10-27,492.8746337890625,1,3.0,70.6500015258789,2019-10-27,2019-10-26,18.602630615234375,295.2488098144531,2019-10-28,0.0,0.0,2019-10-27,0.4765962064266205,3.0,"{""type"":""Point"",""coordinates"":[75.802511,11.867667]}"
387,10,0.20734553039073944,344.3328857421875,2019-06-07,667.5361938476562,1,2.0,19.03999900817871,2019-06-07,2019-06-06,18.1656436920166,298.63006591796875,2019-06-08,8.789999961853027,12.5,2019-06-07,0.48334312438964844,2.0,"{""type"":""Point"",""coordinates"":[75.814519,11.86155]}"
388,10,0.6001282930374146,52.656211853027344,2020-12-03,276.5674743652344,1,9.0,0.0,2020-12-03,2020-12-02,17.056894302368164,297.1417541503906,2020-12-04,5.949999809265137,6.25,2020-12-03,0.36042913794517517,9.0,"{""type"":""Point"",""coordinates"":[75.82690300000002,11.869542]}"
389,10,0.06039806082844734,26.266510009765625,2021-08-27,274.1100769042969,1,1.0,31.029998779296875,2021-08-27,2021-08-26,29.14126968383789,297.0285949707031,2021-08-28,53.04999923706055,56.25,2021-08-27,0.4851633608341217,1.0,"{""type"":""Point"",""coordinates"":[75.831086,11.875272]}"
390,10,0.3518548905849457,33.12739944458008,2020-02-04,405.269775390625,1,9.0,0.0,2020-02-04,2020-02-03,15.954828262329102,297.9039001464844,2020-02-05,0.0,0.0,2020-02-04,0.28531327843666077,1.0,"{""type"":""Point"",""coordinates"":[75.824861,11.867217]}"
391,10,0.5116147398948669,282.440673828125,2019-04-06,618.9771118164062,1,3.0,0.0,2019-04-06,2019-04-05,34.82803726196289,299.94427490234375,2019-04-07,0.0,0.0,2019-04-06,0.4032783508300781,3.0,"{""type"":""Point"",""coordinates"":[75.814706,11.864342]}"
392,10,0.5470434427261353,332.8280944824219,2021-12-26,188.77186584472656,1,37.0,0.0,2021-12-26,2021-12-25,21.04338836669922,296.3881530761719,2021-12-27,0.0,0.0,2021-12-26,0.3179238736629486,37.0,"{""type"":""Point"",""coordinates"":[75.821064,11.883569]}"
393,10,0.8435589671134949,86.81245422363281,2020-04-11,184.47630310058594,1,6.0,0.0,2020-04-11,2020-04-10,26.82952880859375,299.29376220703125,2020-04-12,0.0,0.0,2020-04-11,0.4026419222354889,1.0,"{""type"":""Point"",""coordinates"":[75.832717,11.879906000000002]}"
394,10,0.015152068808674812,216.47393798828125,2021-08-30,179.9340057373047,1,12.0,47.0,2021-08-30,2021-08-29,17.56488609313965,295.25152587890625,2021-08-31,13.569999694824219,14.583333015441895,2021-08-30,0.48906007409095764,2.0,"{""type"":""Point"",""coordinates"":[75.836356,11.900006]}"
395,10,0.299695760011673,150.30833435058594,2020-06-08,135.36459350585938,1,11.0,379.16998291015625,2020-06-08,2020-06-07,15.413875579833984,297.0550537109375,2020-06-09,0.32999998331069946,0.0,2020-06-08,0.5022169947624207,11.0,"{""type"":""Point"",""coordinates"":[75.804572,11.887533]}"
396,10,0.7525897026062012,355.638427734375,2023-05-12,176.2463836669922,1,1.0,10.510000228881836,2023-05-12,2023-05-11,18.28371238708496,298.94189453125,2023-05-13,3.2799999713897705,6.25,2023-05-12,0.48600006103515625,1.0,"{""type"":""Point"",""coordinates"":[75.802694,11.886719]}"
397,10,0.02747322991490364,95.7913818359375,2022-07-29,173.04933166503906,1,2.0,32.619998931884766,2022-07-29,2022-07-28,2.8950047492980957,297.2449645996094,2022-07-30,4.169999599456787,6.25,2022-07-29,0.4610067903995514,2.0,"{""type"":""Point"",""coordinates"":[75.803164,11.887897000000002]}"
398,10,0.34826144576072693,7.755560398101807,2021-01-03,265.42657470703125,1,1.0,0.0,2021-01-03,2021-01-02,16.815210342407227,296.4830627441406,2021-01-04,0.949999988079071,2.0833332538604736,2021-01-03,0.40688005089759827,1.0,"{""type"":""Point"",""coordinates"":[75.836161,11.915508]}"
399,10,0.6447150707244873,4.01480770111084,2021-03-16,300.0700378417969,1,2.0,0.019999999552965164,2021-03-16,2021-03-15,24.50071907043457,299.59149169921875,2021-03-17,0.0,0.0,2021-03-16,0.3075389862060547,2.0,"{""type"":""Point"",""coordinates"":[75.839586,11.914067]}"
400,10,0.10117334872484207,348.6219482421875,2022-06-11,394.6728210449219,1,2.0,2.7199997901916504,2022-06-11,2022-06-10,31.242769241333008,297.2610168457031,2022-06-12,7.9599995613098145,12.5,2022-06-11,0.4755605161190033,2.0,"{""type"":""Point"",""coordinates"":[75.8405,11.912699999999996]}"
401,10,0.5760223269462585,11.501152038574219,2021-04-21,348.017578125,1,2.0,3.3999998569488525,2021-04-21,2021-04-20,29.766128540039062,298.3776550292969,2021-04-22,82.75999450683594,25.0,2021-04-21,0.46310171484947205,2.0,"{""type"":""Point"",""coordinates"":[75.843178,11.912678]}"
402,10,0.21275973320007324,202.00804138183594,2023-05-27,322.3898010253906,1,3.0,1.909999966621399,2023-05-27,2023-05-26,18.48587417602539,298.2837219238281,2023-05-28,0.12999999523162842,0.0,2023-05-27,0.47642073035240173,1.0,"{""type"":""Point"",""coordinates"":[75.846008,11.902147000000001]}"
403,10,0.4284263253211975,244.06370544433594,2020-01-10,366.8554382324219,1,1.0,0.0,2020-01-10,2020-01-09,15.143670082092285,297.83819580078125,2020-01-11,0.0,0.0,2020-01-10,0.31562232971191406,1.0,"{""type"":""Point"",""coordinates"":[75.846667,11.903256]}"
404,10,0.47218629717826843,330.8726501464844,2023-01-21,379.714599609375,1,7.0,0.0,2023-01-21,2023-01-20,8.728445053100586,294.79901123046875,2023-01-22,0.0,0.0,2023-01-21,0.2870076596736908,2.0,"{""type"":""Point"",""coordinates"":[75.859483,11.912092]}"
405,10,0.8392885327339172,353.50775146484375,2022-02-15,464.7673034667969,1,2.0,0.0,2022-02-15,2022-02-14,32.59873962402344,296.3547668457031,2022-02-16,0.0,0.0,2022-02-15,0.2883402407169342,2.0,"{""type"":""Point"",""coordinates"":[75.861494,11.910207999999999]}"
406,10,0.23651821911334991,346.26483154296875,2020-11-22,443.39825439453125,1,2.0,0.0,2020-11-22,2020-11-21,23.832599639892578,295.0047912597656,2020-11-23,0.0,0.0,2020-11-22,0.42688560485839844,2.0,"{""type"":""Point"",""coordinates"":[75.86100000000002,11.9106]}"
407,10,0.07824768126010895,273.26055908203125,2019-09-24,397.6408386230469,1,3.0,147.83999633789062,2019-09-24,2019-09-23,32.23358154296875,296.1106872558594,2019-09-25,47.97999954223633,31.25,2019-09-24,0.4740975797176361,3.0,"{""type"":""Point"",""coordinates"":[75.855908,11.898088999999999]}"
408,10,0.1182214766740799,226.86415100097656,2023-10-18,327.982666015625,1,2.0,2.5,2023-10-18,2023-10-17,11.096516609191895,295.5474548339844,2023-10-19,0.0,0.0,2023-10-18,0.4731108248233795,2.0,"{""type"":""Point"",""coordinates"":[75.85580000000002,11.894199999999998]}"
409,10,0.5541301369667053,257.1528625488281,2019-01-04,338.5510559082031,1,2.0,0.0,2019-01-04,2019-01-03,9.715255737304688,294.8001708984375,2019-01-05,0.0,0.0,2019-01-04,0.3277015686035156,2.0,"{""type"":""Point"",""coordinates"":[75.856547,11.894175]}"
410,10,0.24875597655773163,202.00845336914062,2019-12-12,204.8146514892578,1,9.0,0.0,2019-12-12,2019-12-11,17.900890350341797,297.0420837402344,2019-12-13,0.0,0.0,2019-12-12,0.39500364661216736,9.0,"{""type"":""Point"",""coordinates"":[75.838217,11.899280999999998]}"
411,10,0.4212650656700134,321.7984313964844,2020-11-21,598.410888671875,1,2.0,0.0,2020-11-21,2020-11-20,12.273467063903809,295.6894226074219,2020-11-22,0.0,0.0,2020-11-21,0.44197845458984375,2.0,"{""type"":""Point"",""coordinates"":[75.856247,11.852913999999998]}"
412,10,0.1976141631603241,18.472623825073242,2019-10-09,458.4609069824219,1,5.0,126.54999542236328,2019-10-09,2019-10-08,21.362548828125,295.34637451171875,2019-10-10,0.20999999344348907,0.0,2019-10-09,0.46959495544433594,5.0,"{""type"":""Point"",""coordinates"":[75.863803,11.855547000000001]}"
413,10,0.5194677710533142,333.192626953125,2023-05-12,363.8009948730469,1,6.0,10.510000228881836,2023-05-12,2023-05-11,27.451560974121094,297.495361328125,2023-05-13,3.2799999713897705,6.25,2023-05-12,0.47967657446861267,1.0,"{""type"":""Point"",""coordinates"":[75.871094,11.862047]}"
414,10,0.15199558436870575,111.8648910522461,2023-09-18,343.2958679199219,1,6.0,215.87998962402344,2023-09-18,2023-09-17,20.109432220458984,294.5652160644531,2023-09-19,7.159999847412109,14.583333015441895,2023-09-18,0.492755264043808,6.0,"{""type"":""Point"",""coordinates"":[75.863964,11.860844000000002]}"
415,10,0.07978115230798721,346.1479797363281,2022-08-31,431.8349914550781,1,4.0,94.3699951171875,2022-08-31,2022-08-30,26.0168399810791,295.7918395996094,2022-09-01,21.719999313354492,16.66666603088379,2022-08-31,0.4625892639160156,1.0,"{""type"":""Point"",""coordinates"":[75.874097,11.860683]}"
416,10,0.10085402429103851,348.7778015136719,2022-08-22,442.9171447753906,1,1.0,10.149999618530273,2022-08-22,2022-08-21,12.992491722106934,295.1626281738281,2022-08-23,34.72999954223633,41.66666793823242,2022-08-22,0.47547784447669983,1.0,"{""type"":""Point"",""coordinates"":[75.873972,11.860389]}"
417,10,0.5877678990364075,6.199868202209473,2020-05-11,426.0851135253906,1,2.0,0.0,2020-05-11,2020-05-10,18.34604835510254,298.9287414550781,2020-05-12,0.0,0.0,2020-05-11,0.4510904848575592,2.0,"{""type"":""Point"",""coordinates"":[75.874158,11.858356]}"
418,10,0.08874552696943283,336.06634521484375,2021-05-24,835.7583618164062,1,2.0,5.849999904632568,2021-05-24,2021-05-23,31.417198181152344,296.7948303222656,2021-05-25,0.0,0.0,2021-05-24,0.4896799623966217,1.0,"{""type"":""Point"",""coordinates"":[75.8592,11.850199999999997]}"
419,10,0.30733779072761536,10.048972129821777,2019-11-25,851.83740234375,1,1.0,0.0,2019-11-25,2019-11-24,25.361371994018555,297.2801513671875,2019-11-26,0.0,0.0,2019-11-25,0.4555422365665436,1.0,"{""type"":""Point"",""coordinates"":[75.819531,11.847919]}"
420,10,0.020337941125035286,0.47454482316970825,2019-09-28,708.108154296875,1,7.0,89.18000030517578,2019-09-28,2019-09-27,44.12431335449219,297.2508544921875,2019-09-29,2.7799999713897705,8.333333015441895,2019-09-28,0.48101553320884705,7.0,"{""type"":""Point"",""coordinates"":[75.797714,11.850106]}"
421,10,0.5005385279655457,31.166152954101562,2020-02-10,691.9071655273438,1,4.0,0.0,2020-02-10,2020-02-09,18.734107971191406,297.20794677734375,2020-02-11,0.0,0.0,2020-02-10,0.2797800600528717,2.0,"{""type"":""Point"",""coordinates"":[75.792311,11.849431]}"
422,50,0.19553746283054352,252.28256225585938,2020-04-16,736.2799072265625,1,367.0,0.0,2020-04-16,2020-04-15,24.850330352783203,298.91290283203125,2020-04-17,0.0,0.0,2020-04-16,0.3949362337589264,367.0,"{""type"":""Point"",""coordinates"":[75.902964,11.786388999999998]}"
423,10,0.17336517572402954,129.56724548339844,2022-04-19,769.374755859375,1,1.0,1.2799999713897705,2022-04-19,2022-04-18,6.566505432128906,296.11004638671875,2022-04-20,0.029999999329447746,0.0,2022-04-19,0.4852396547794342,1.0,"{""type"":""Point"",""coordinates"":[75.920864,11.751803]}"
424,10,0.023406513035297394,272.6911315917969,2020-08-22,811.283203125,1,1.0,1.600000023841858,2020-08-22,2020-08-21,12.473438262939453,295.04742431640625,2020-08-23,4.440000057220459,6.25,2020-08-22,0.48807525634765625,1.0,"{""type"":""Point"",""coordinates"":[75.931206,11.812282999999999]}"
425,10,0.6175844669342041,197.5679931640625,2022-02-06,737.256103515625,1,211.0,0.0,2022-02-06,2022-02-05,22.155040740966797,295.1802062988281,2022-02-07,0.0,0.0,2022-02-06,0.27855682373046875,211.0,"{""type"":""Point"",""coordinates"":[75.969861,11.832556]}"
426,50,0.08100321143865585,210.85153198242188,2023-12-23,735.7962036132812,1,110.0,255.19998168945312,2023-12-23,2023-12-22,12.172273635864258,296.5448913574219,2023-12-24,0.0,0.0,2023-12-23,0.40971818566322327,110.0,"{""type"":""Point"",""coordinates"":[75.955889,11.839389]}"
427,10,0.06096258759498596,141.46238708496094,2020-06-28,750.656494140625,1,1.0,0.19999998807907104,2020-06-28,2020-06-27,21.91627311706543,294.93670654296875,2020-06-29,40.779998779296875,27.08333396911621,2020-06-28,0.47098541259765625,1.0,"{""type"":""Point"",""coordinates"":[75.943944,11.839139]}"
428,10,0.2631561756134033,108.26869201660156,2022-11-01,750.98681640625,1,1.0,0.22999998927116394,2022-11-01,2022-10-31,15.819997787475586,295.4137268066406,2022-11-02,0.2669999897480011,0.0,2022-11-01,0.4539845883846283,1.0,"{""type"":""Point"",""coordinates"":[75.945278,11.840667]}"
429,10,0.43843233585357666,199.46568298339844,2022-01-05,741.0224609375,1,108.0,0.0,2022-01-05,2022-01-04,20.019241333007812,295.5000305175781,2022-01-06,0.0,0.0,2022-01-05,0.29832205176353455,108.0,"{""type"":""Point"",""coordinates"":[75.952028,11.840443999999998]}"
430,10,0.22180038690567017,198.49819946289062,2022-04-09,736.22802734375,1,108.0,947.1599731445312,2022-04-09,2022-04-08,18.6260929107666,297.4456787109375,2022-04-10,1.7400000095367432,2.0833332538604736,2022-04-09,0.4159259796142578,108.0,"{""type"":""Point"",""coordinates"":[75.951444,11.840611]}"
431,10,0.15532943606376648,201.2613983154297,2023-09-07,750.719970703125,1,3.0,333.1499938964844,2023-09-07,2023-09-06,16.4418888092041,294.3335876464844,2023-09-08,61.869998931884766,62.5,2023-09-07,0.4990450441837311,3.0,"{""type"":""Point"",""coordinates"":[75.946917,11.834306]}"
432,10,0.2788039445877075,301.5987548828125,2023-01-23,741.2783813476562,1,6.0,0.0,2023-01-23,2023-01-22,12.649962425231934,295.1497497558594,2023-01-24,0.0,0.0,2023-01-23,0.28509458899497986,6.0,"{""type"":""Point"",""coordinates"":[75.94019400000002,11.837028]}"
433,10,-0.0184688251465559,184.74290466308594,2020-09-04,737.503662109375,1,3.0,16.049999237060547,2020-09-04,2020-09-03,22.689359664916992,295.5347595214844,2020-09-05,27.709999084472656,31.25,2020-09-04,0.4880352020263672,3.0,"{""type"":""Point"",""coordinates"":[75.936361,11.834778]}"
434,10,0.12486179172992706,95.83773040771484,2019-06-22,787.6246337890625,1,3.0,247.82998657226562,2019-06-22,2019-06-21,15.09245777130127,294.62054443359375,2019-06-23,37.22999954223633,20.83333396911621,2019-06-22,0.4853668212890625,3.0,"{""type"":""Point"",""coordinates"":[75.92980000000001,11.8297]}"
435,10,0.001651653554290533,200.9712677001953,2020-08-26,722.7156372070312,1,5.0,1.600000023841858,2020-08-26,2020-08-25,25.85049057006836,296.27001953125,2020-08-27,0.38999998569488525,0.0,2020-08-26,0.4729989469051361,5.0,"{""type"":""Point"",""coordinates"":[75.932583,11.836443999999998]}"
436,10,0.6784482598304749,186.6724395751953,2020-02-18,713.06494140625,1,5.0,0.0,2020-02-18,2020-02-17,6.528937816619873,297.6543884277344,2020-02-19,0.0,0.0,2020-02-18,0.27967706322669983,5.0,"{""type"":""Point"",""coordinates"":[75.932,11.836583000000001]}"
437,50,0.09435584396123886,66.15591430664062,2021-05-21,727.0172119140625,1,2.0,11.639999389648438,2021-05-21,2021-05-20,22.56627082824707,295.64007568359375,2021-05-22,6.480000019073486,6.25,2021-05-21,0.49045053124427795,2.0,"{""type"":""Point"",""coordinates"":[75.926722,11.838305999999998]}"
438,10,0.5378662943840027,359.95556640625,2021-04-12,730.0241088867188,1,2.0,0.0,2021-04-12,2021-04-11,12.05392837524414,297.07086181640625,2021-04-13,12.229999542236328,14.583333015441895,2021-04-12,0.4030679166316986,2.0,"{""type"":""Point"",""coordinates"":[75.925778,11.839139]}"
439,50,0.06976908445358276,59.49727249145508,2020-10-12,600.0188598632812,1,1.0,12.519999504089355,2020-10-12,2020-10-11,36.84431838989258,293.8888854980469,2020-10-13,171.67999267578125,75.0,2020-10-12,0.4997221529483795,1.0,"{""type"":""Point"",""coordinates"":[75.91567800000001,11.848185999999998]}"
440,10,0.7220426797866821,47.67402267456055,2020-01-31,634.0833740234375,1,1.0,0.0,2020-01-31,2020-01-30,39.02938461303711,296.6214904785156,2020-02-01,0.0,0.0,2020-01-31,0.28639793395996094,1.0,"{""type"":""Point"",""coordinates"":[75.915697,11.846341999999998]}"
441,10,0.7532484531402588,350.0718688964844,2022-01-17,437.4540710449219,1,3.0,0.0,2022-01-17,2022-01-16,23.709674835205078,295.8670959472656,2022-01-18,0.0,0.0,2022-01-17,0.28731027245521545,3.0,"{""type"":""Point"",""coordinates"":[75.907461,11.850508]}"
442,10,0.23356936872005463,57.0656623840332,2019-10-21,702.1099853515625,1,12.0,293.7599792480469,2019-10-21,2019-10-20,24.2387752532959,295.38580322265625,2019-10-22,42.619998931884766,60.41666793823242,2019-10-21,0.4926471710205078,12.0,"{""type"":""Point"",""coordinates"":[75.916814,11.843739]}"
443,10,0.30304935574531555,246.86607360839844,2023-04-09,700.3778076171875,1,7.0,0.0,2023-04-09,2023-04-08,10.013635635375977,297.8499450683594,2023-04-10,0.0,0.0,2023-04-09,0.3822822570800781,7.0,"{""type"":""Point"",""coordinates"":[75.915944,11.839638999999998]}"
444,10,0.6552667617797852,254.48866271972656,2023-04-01,718.5596923828125,1,4.0,0.0,2023-04-01,2023-03-31,18.003387451171875,298.0428161621094,2023-04-02,0.06000000238418579,0.0,2023-04-01,0.3253377377986908,4.0,"{""type"":""Point"",""coordinates"":[75.9175,11.838278]}"
445,10,0.29448607563972473,198.22752380371094,2023-04-16,818.18798828125,1,1.0,0.5099999904632568,2023-04-16,2023-04-15,15.380831718444824,299.1909484863281,2023-04-17,0.0,0.0,2023-04-16,0.3291079103946686,1.0,"{""type"":""Point"",""coordinates"":[75.92785300000001,11.826019]}"
446,10,0.6210871338844299,231.94630432128906,2020-04-26,782.238037109375,1,2.0,0.0,2020-04-26,2020-04-25,20.540992736816406,297.6467590332031,2020-04-27,16.469999313354492,20.83333396911621,2020-04-26,0.4530162811279297,1.0,"{""type"":""Point"",""coordinates"":[75.929156,11.811678]}"
447,10,0.025684373453259468,115.51570892333984,2019-07-10,786.1246337890625,1,1.0,105.66999816894531,2019-07-10,2019-07-09,18.43923568725586,294.6413879394531,2019-07-11,83.80999755859375,75.0,2019-07-10,0.4795341491699219,1.0,"{""type"":""Point"",""coordinates"":[75.91385,11.811200000000001]}"
448,10,0.6179419159889221,299.613525390625,2019-05-13,757.3856811523438,1,3.0,0.0,2019-05-13,2019-05-12,24.8846435546875,298.006103515625,2019-05-14,0.04999999701976776,0.0,2019-05-13,0.4832954406738281,3.0,"{""type"":""Point"",""coordinates"":[75.907781,11.801974999999999]}"
449,10,0.2195042222738266,164.97393798828125,2020-03-24,774.56494140625,1,1.0,0.0,2020-03-24,2020-03-23,12.516871452331543,297.6619567871094,2020-03-25,0.0,0.0,2020-03-24,0.3229096829891205,1.0,"{""type"":""Point"",""coordinates"":[75.910019,11.818889]}"
450,10,0.0032782244961708784,131.73207092285156,2022-07-23,775.662841796875,1,1.0,70.3499984741211,2022-07-23,2022-07-22,19.170101165771484,294.7429504394531,2022-07-24,6.889999866485596,10.416666984558105,2022-07-23,0.47534117102622986,1.0,"{""type"":""Point"",""coordinates"":[75.899742,11.813381000000001]}"
451,10,0.7007497549057007,262.43377685546875,2023-04-03,792.6868896484375,1,4.0,0.0,2023-04-03,2023-04-02,27.92588233947754,297.2640075683594,2023-04-04,0.0,0.0,2023-04-03,0.3147176206111908,4.0,"{""type"":""Point"",""coordinates"":[75.901883,11.812205999999998]}"
452,10,0.007061810698360205,59.82042694091797,2021-06-11,797.5733032226562,1,1.0,2.169999837875366,2021-06-11,2021-06-10,18.075241088867188,295.19952392578125,2021-06-12,9.989999771118164,16.66666603088379,2021-06-11,0.4805126190185547,1.0,"{""type"":""Point"",""coordinates"":[75.889422,11.835667]}"
453,10,0.2748899459838867,38.1986083984375,2019-05-08,764.1776733398438,1,1.0,0.0,2019-05-08,2019-05-07,17.12102508544922,297.1697998046875,2019-05-09,1.4799998998641968,4.166666507720947,2019-05-08,0.46609368920326233,1.0,"{""type"":""Point"",""coordinates"":[75.899028,11.825406]}"
454,60,0.029258670285344124,320.9045104980469,2021-06-23,190.82711791992188,1,228.0,2772.47998046875,2021-06-23,2021-06-22,6.054424285888672,295.37701416015625,2021-06-24,0.3999999761581421,0.0,2021-06-23,0.4423351287841797,228.0,"{""type"":""Point"",""coordinates"":[75.890267,11.866622]}"
455,10,0.04569082707166672,332.3811950683594,2023-07-02,491.12237548828125,1,1.0,16.452999114990234,2023-07-02,2023-07-01,30.00681495666504,296.10675048828125,2023-07-03,43.7599983215332,37.5,2023-07-02,0.47868093848228455,1.0,"{""type"":""Point"",""coordinates"":[75.910939,11.851636000000001]}"
456,10,0.017880870029330254,3.6618316173553467,2021-09-04,520.168212890625,1,4.0,44.0099983215332,2021-09-04,2021-09-03,26.459270477294922,294.08148193359375,2021-09-05,6.139999866485596,14.583333015441895,2021-09-04,0.47361502051353455,1.0,"{""type"":""Point"",""coordinates"":[75.912286,11.851699999999997]}"
457,30,0.1945623904466629,128.42376708984375,2023-03-06,1084.023681640625,1,1.0,0.0,2023-03-06,2023-03-05,12.964058876037598,297.8248291015625,2023-03-07,0.6599999666213989,2.0833332538604736,2023-03-06,0.279754638671875,1.0,"{""type"":""Point"",""coordinates"":[76.010278,11.872861]}"
458,10,-0.010235646739602089,155.53106689453125,2022-07-29,1049.8958740234375,1,2.0,36.70000076293945,2022-07-29,2022-07-28,22.473793029785156,295.4277648925781,2022-07-30,4.639999866485596,6.25,2022-07-29,0.47559356689453125,2.0,"{""type"":""Point"",""coordinates"":[76.016539,11.918083]}"
459,10,0.1467837691307068,245.5667266845703,2022-12-30,831.2001342773438,1,8.0,0.0,2022-12-30,2022-12-29,18.323766708374023,295.4898681640625,2022-12-31,0.0,0.0,2022-12-30,0.3678315579891205,8.0,"{""type"":""Point"",""coordinates"":[75.998889,11.910056]}"
460,10,0.05963071808218956,257.62176513671875,2020-08-30,829.1744995117188,1,8.0,0.0,2020-08-30,2020-08-29,11.378595352172852,295.85675048828125,2020-08-31,4.110000133514404,10.416666984558105,2020-08-30,0.44309043884277344,8.0,"{""type"":""Point"",""coordinates"":[75.999583,11.909194000000001]}"
461,10,0.14390574395656586,247.8369598388672,2023-07-02,770.9534912109375,1,195.0,3844.669921875,2023-07-02,2023-07-01,21.64670753479004,295.76910400390625,2023-07-03,18.489999771118164,25.0,2023-07-02,0.47484907507896423,185.0,"{""type"":""Point"",""coordinates"":[75.99972200000002,11.903666999999999]}"
462,10,0.1277650147676468,137.6519775390625,2023-10-14,798.2890625,1,3.0,0.0,2023-10-14,2023-10-13,9.938470840454102,296.677978515625,2023-10-15,7.329999923706055,10.416666984558105,2023-10-14,0.45382753014564514,1.0,"{""type"":""Point"",""coordinates"":[76.011806,11.902889000000002]}"
463,10,0.014135997742414474,150.1043701171875,2019-08-09,819.6275634765625,1,6.0,572.1199951171875,2019-08-09,2019-08-08,13.716964721679688,294.11334228515625,2019-08-10,213.72999572753906,97.91666412353516,2019-08-09,0.4838155210018158,2.0,"{""type"":""Point"",""coordinates"":[76.01625,11.904389]}"
464,10,0.4658360183238983,254.9563446044922,2019-01-31,813.0020141601562,1,6.0,0.0,2019-01-31,2019-01-30,11.198264122009277,295.8139953613281,2019-02-01,0.0,0.0,2019-01-31,0.28528404235839844,3.0,"{""type"":""Point"",""coordinates"":[76.01644400000002,11.904111000000002]}"
465,10,-0.01722411997616291,115.5409164428711,2022-07-25,838.0978393554688,1,3.0,77.90999603271484,2022-07-25,2022-07-24,18.19287872314453,294.68310546875,2022-07-26,0.8399999737739563,2.0833332538604736,2022-07-25,0.48466429114341736,3.0,"{""type"":""Point"",""coordinates"":[76.032611,11.879583]}"
466,10,0.6732074022293091,62.99251174926758,2021-03-31,822.9491577148438,1,1.0,0.0,2021-03-31,2021-03-30,24.07400131225586,298.443603515625,2021-04-01,0.0,0.0,2021-03-31,0.3642355501651764,1.0,"{""type"":""Point"",""coordinates"":[76.031861,11.817508000000002]}"
467,10,0.16541852056980133,303.665771484375,2021-05-28,770.2683715820312,1,2.0,0.0,2021-05-28,2021-05-27,14.64645767211914,295.43194580078125,2021-05-29,0.2199999988079071,0.0,2021-05-28,0.4899508059024811,2.0,"{""type"":""Point"",""coordinates"":[76.03925,11.842194]}"
468,30,0.19335228204727173,43.55236053466797,2019-11-12,915.597900390625,1,1.0,0.3199999928474426,2019-11-12,2019-11-11,4.474218845367432,295.0525817871094,2019-11-13,0.0,0.0,2019-11-12,0.4710763394832611,1.0,"{""type"":""Point"",""coordinates"":[76.013944,11.8475]}"
469,50,0.04742459952831268,83.52263641357422,2021-11-29,743.61376953125,1,1.0,6.139999866485596,2021-11-29,2021-11-28,9.854568481445312,294.90325927734375,2021-11-30,1.1699999570846558,0.0,2021-11-29,0.47858110070228577,1.0,"{""type"":""Point"",""coordinates"":[76.002667,11.768833000000003]}"
470,10,0.3003031611442566,296.0806884765625,2023-06-16,749.7791748046875,1,9.0,5.670000076293945,2023-06-16,2023-06-15,11.094446182250977,296.6887512207031,2023-06-17,0.0,0.0,2023-06-16,0.47186532616615295,9.0,"{""type"":""Point"",""coordinates"":[76.01458300000002,11.759833000000002]}"
471,10,0.060190193355083466,87.83041381835938,2020-11-26,580.481689453125,1,4.0,31.279998779296875,2020-11-26,2020-11-25,32.06694030761719,295.60504150390625,2020-11-27,19.459999084472656,12.5,2020-11-26,0.36947694420814514,4.0,"{""type"":""Point"",""coordinates"":[77.7847,10.279656]}"
472,10,0.5944890975952148,359.0092468261719,2019-06-20,811.8643798828125,1,1.0,0.7299999594688416,2019-06-20,2019-06-19,33.91341018676758,301.09014892578125,2019-06-21,2.93999981880188,0.0,2019-06-20,0.30875205993652344,1.0,"{""type"":""Point"",""coordinates"":[77.763042,10.30335]}"
473,10,0.03485686331987381,349.03082275390625,2021-01-23,839.568603515625,1,3.0,0.0,2021-01-23,2021-01-22,38.18903350830078,296.29010009765625,2021-01-24,0.0,0.0,2021-01-23,0.3717581331729889,3.0,"{""type"":""Point"",""coordinates"":[77.757842,10.302983000000001]}"
474,10,-0.020129302516579628,358.2158203125,2021-01-14,861.2886352539062,1,2.0,20.760000228881836,2021-01-14,2021-01-13,28.334001541137695,294.51953125,2021-01-15,2.8899998664855957,2.0833332538604736,2021-01-14,0.42692503333091736,2.0,"{""type"":""Point"",""coordinates"":[77.768722,10.300331]}"
475,10,0.3425835371017456,74.70367431640625,2022-04-11,794.5452880859375,1,2.0,2.0999999046325684,2022-04-11,2022-04-10,39.585838317871094,298.9196472167969,2022-04-12,27.549999237060547,33.33333206176758,2022-04-11,0.3213774263858795,2.0,"{""type"":""Point"",""coordinates"":[77.769753,10.300608000000002]}"
476,10,0.16170929372310638,20.567890167236328,2019-05-14,702.7825927734375,1,1.0,0.47999998927116394,2019-05-14,2019-05-13,35.4473991394043,303.0748291015625,2019-05-15,0.6899999380111694,0.0,2019-05-14,0.22569656372070312,1.0,"{""type"":""Point"",""coordinates"":[77.776428,10.293864000000001]}"
477,10,0.11908747255802155,30.784727096557617,2019-07-25,717.2034912109375,1,2.0,19.399999618530273,2019-07-25,2019-07-24,33.4454231262207,299.4198303222656,2019-07-26,11.299999237060547,16.66666603088379,2019-07-25,0.40042877197265625,2.0,"{""type"":""Point"",""coordinates"":[77.774781,10.294911]}"
478,10,0.16872039437294006,61.476078033447266,2023-07-25,711.5301513671875,1,2.0,14.9399995803833,2023-07-25,2023-07-24,35.58463668823242,297.80364990234375,2023-07-26,5.569999694824219,4.166666507720947,2023-07-25,0.3916899263858795,2.0,"{""type"":""Point"",""coordinates"":[77.77765,10.290755999999998]}"
479,10,0.02240600623190403,67.74647521972656,2022-11-09,927.1494750976562,1,4.0,27.84000015258789,2022-11-09,2022-11-08,31.961380004882812,296.8939208984375,2022-11-10,1.9399999380111694,4.166666507720947,2022-11-09,0.4151217043399811,4.0,"{""type"":""Point"",""coordinates"":[77.769122,10.359469]}"
480,10,0.12395305186510086,53.340606689453125,2019-12-01,766.682373046875,1,14.0,297.67999267578125,2019-12-01,2019-11-30,22.590023040771484,296.31634521484375,2019-12-02,27.855998992919922,39.58333206176758,2019-12-01,0.42539915442466736,4.0,"{""type"":""Point"",""coordinates"":[77.774639,10.352294]}"
481,30,0.3889178931713104,82.15995025634766,2022-10-20,727.0736694335938,1,14.0,16.239999771118164,2022-10-20,2022-10-19,35.46273422241211,298.1471252441406,2022-10-21,38.66999816894531,25.0,2022-10-20,0.4142545163631439,14.0,"{""type"":""Point"",""coordinates"":[77.778092,10.350692000000002]}"
482,10,0.14835584163665771,62.30461883544922,2022-09-04,1164.7825927734375,1,4.0,72.27999877929688,2022-09-04,2022-09-03,24.172609329223633,298.7847595214844,2022-09-05,86.77999877929688,37.5,2022-09-04,0.4141877591609955,4.0,"{""type"":""Point"",""coordinates"":[77.756367,10.367822]}"
483,10,0.27682608366012573,354.6197509765625,2020-01-29,1144.188720703125,1,4.0,0.0,2020-01-29,2020-01-28,24.35706329345703,297.8608703613281,2020-01-30,0.0,0.0,2020-01-29,0.17981529235839844,1.0,"{""type"":""Point"",""coordinates"":[77.753939,10.369194]}"
484,10,0.22987912595272064,0.4063083529472351,2023-10-21,1135.5062255859375,1,1.0,0.0,2023-10-21,2023-10-20,33.77592849731445,298.9165344238281,2023-10-22,0.7399999499320984,0.0,2023-10-21,0.3758493959903717,1.0,"{""type"":""Point"",""coordinates"":[77.751583,10.371556]}"
485,10,0.19548159837722778,39.06828689575195,2019-08-29,1219.3702392578125,1,2.0,2.6399998664855957,2019-08-29,2019-08-28,23.630447387695312,298.44171142578125,2019-08-30,7.239999771118164,16.66666603088379,2019-08-29,0.40066656470298767,2.0,"{""type"":""Point"",""coordinates"":[77.75747200000002,10.363958]}"
486,10,0.07627202570438385,5.9452433586120605,2021-07-22,676.8743896484375,1,2.0,2.940000057220459,2021-07-22,2021-07-21,32.712093353271484,298.79010009765625,2021-07-23,1.6299999952316284,2.0833332538604736,2021-07-22,0.3224220275878906,2.0,"{""type"":""Point"",""coordinates"":[77.781022,10.348139000000002]}"
487,10,0.142997607588768,112.45699310302734,2020-03-14,521.5858154296875,1,1.0,0.0,2020-03-14,2020-03-13,19.658594131469727,304.099609375,2020-03-15,0.0,0.0,2020-03-14,0.123291015625,1.0,"{""type"":""Point"",""coordinates"":[77.746044,10.471642000000001]}"
488,10,0.25859037041664124,343.8739929199219,2021-09-22,406.5227355957031,1,3.0,0.009999999776482582,2021-09-22,2021-09-21,32.00614929199219,301.2098083496094,2021-09-23,0.10999999195337296,0.0,2021-09-22,0.2777442932128906,1.0,"{""type"":""Point"",""coordinates"":[77.741753,10.472277999999998]}"
489,10,0.10766661912202835,112.78315734863281,2019-10-10,551.364013671875,1,1.0,0.0,2019-10-10,2019-10-09,31.584373474121094,301.5767517089844,2019-10-11,0.0,0.0,2019-10-10,0.22801335155963898,1.0,"{""type"":""Point"",""coordinates"":[77.745292,10.470050000000002]}"
490,10,0.2837033271789551,146.2888641357422,2019-02-25,579.8065185546875,1,2.0,0.0,2019-02-25,2019-02-24,28.162572860717773,301.6815185546875,2019-02-26,0.0,0.0,2019-02-25,0.12214342504739761,2.0,"{""type"":""Point"",""coordinates"":[77.74049200000002,10.466567]}"
491,10,0.3830508589744568,133.114501953125,2020-04-08,575.2958984375,1,2.0,1.8199999332427979,2020-04-08,2020-04-07,24.03351402282715,305.14605712890625,2020-04-09,16.329999923706055,16.66666603088379,2020-04-08,0.12297821044921875,2.0,"{""type"":""Point"",""coordinates"":[77.739114,10.465635999999998]}"
492,10,0.14118537306785583,335.5985107421875,2022-02-27,359.9188232421875,1,2.0,0.0,2022-02-27,2022-02-26,32.358707427978516,300.83636474609375,2022-02-28,0.0,0.0,2022-02-27,0.13657252490520477,2.0,"{""type"":""Point"",""coordinates"":[77.755372,10.479383]}"
493,10,0.29335421323776245,340.2099304199219,2022-07-12,361.0460205078125,1,2.0,27.439998626708984,2022-07-12,2022-07-11,31.401174545288086,300.3019714355469,2022-07-13,1.1399999856948853,2.0833332538604736,2022-07-12,0.2589639127254486,2.0,"{""type"":""Point"",""coordinates"":[77.756742,10.480044]}"
494,10,0.005136345978826284,332.7527770996094,2020-12-06,369.7401428222656,1,2.0,2.0399999618530273,2020-12-06,2020-12-05,34.47611618041992,295.9021301269531,2020-12-07,36.189998626708984,31.25,2020-12-06,0.4261442720890045,1.0,"{""type"":""Point"",""coordinates"":[77.754986,10.478985999999999]}"
495,10,0.33959150314331055,329.3489074707031,2021-03-04,353.3786926269531,1,2.0,0.0,2021-03-04,2021-03-03,27.01235008239746,299.6615905761719,2021-03-05,0.0,0.0,2021-03-04,0.14839617908000946,2.0,"{""type"":""Point"",""coordinates"":[77.75825800000001,10.481157999999999]}"
496,10,0.2479386031627655,322.99017333984375,2022-05-27,324.3285827636719,1,3.0,13.579999923706055,2022-05-27,2022-05-26,24.877506256103516,302.54144287109375,2022-05-28,4.110000133514404,8.333333015441895,2022-05-27,0.24533335864543915,1.0,"{""type"":""Point"",""coordinates"":[77.761886,10.484014]}"
497,10,0.4923534691333771,313.1945495605469,2022-07-16,1221.452392578125,1,2.0,0.0,2022-07-16,2022-07-15,28.256834030151367,297.7062683105469,2022-07-17,0.019999999552965164,0.0,2022-07-16,0.3640683591365814,1.0,"{""type"":""Point"",""coordinates"":[77.593025,10.354105999999996]}"
498,30,0.47870996594429016,83.38756561279297,2020-03-01,1230.08642578125,1,1.0,0.0,2020-03-01,2020-02-29,24.78255844116211,296.01531982421875,2020-03-02,0.01100000087171793,0.0,2020-03-01,0.2161051481962204,1.0,"{""type"":""Point"",""coordinates"":[77.574342,10.349056000000001]}"
499,10,0.43881043791770935,358.6329040527344,2020-04-04,1216.5738525390625,1,1.0,0.0,2020-04-04,2020-04-03,34.5953369140625,302.3653869628906,2020-04-05,0.0,0.0,2020-04-04,0.1313800811767578,1.0,"{""type"":""Point"",""coordinates"":[77.573764,10.352725]}"
500,10,0.04262364283204079,35.20501708984375,2021-12-06,1057.2774658203125,1,19.0,94.94999694824219,2021-12-06,2021-12-05,32.61149978637695,296.635498046875,2021-12-07,0.0,0.0,2021-12-06,0.39531198143959045,3.0,"{""type"":""Point"",""coordinates"":[77.556419,10.358003]}"
501,10,0.10415688157081604,33.32733917236328,2023-04-07,1233.1832275390625,1,1.0,8.149999618530273,2023-04-07,2023-04-06,34.627567291259766,299.17462158203125,2023-04-08,0.0,0.0,2023-04-07,0.34347596764564514,1.0,"{""type"":""Point"",""coordinates"":[77.572361,10.353233]}"
502,30,0.11737334728240967,60.04100799560547,2021-03-03,1666.932373046875,1,1.0,0.0,2021-03-03,2021-03-02,26.294458389282227,294.7991638183594,2021-03-04,0.0,0.0,2021-03-03,0.2710812985897064,1.0,"{""type"":""Point"",""coordinates"":[77.56619700000002,10.323417]}"
503,10,0.32818132638931274,55.811954498291016,2022-07-13,1627.465576171875,1,1.0,3.5899999141693115,2022-07-13,2022-07-12,43.832149505615234,296.0633544921875,2022-07-14,3.999999761581421,6.25,2022-07-13,0.40710386633872986,1.0,"{""type"":""Point"",""coordinates"":[77.563944,10.331650000000002]}"
504,10,0.5877764225006104,281.91961669921875,2019-02-08,1111.0035400390625,1,75.0,9.75,2019-02-08,2019-02-07,15.01971435546875,295.28668212890625,2019-02-09,0.12999999523162842,0.0,2019-02-08,0.2880439758300781,75.0,"{""type"":""Point"",""coordinates"":[77.576389,10.334857999999999]}"
505,10,0.051197223365306854,303.11004638671875,2023-12-16,1200.3642578125,1,75.0,0.0,2023-12-16,2023-12-15,43.268550872802734,294.1072692871094,2023-12-17,10.149999618530273,16.66666603088379,2023-12-16,0.3902168273925781,75.0,"{""type"":""Point"",""coordinates"":[77.578139,10.336118999999998]}"
506,10,-0.007641609758138657,125.69264221191406,2022-11-05,1358.329833984375,1,2.0,40.81999969482422,2022-11-05,2022-11-04,26.91168785095215,293.7398376464844,2022-11-06,3.450000047683716,8.333333015441895,2022-11-05,0.4256324768066406,2.0,"{""type"":""Point"",""coordinates"":[77.572733,10.340856000000002]}"
507,30,0.14931631088256836,107.56332397460938,2020-08-23,1306.89892578125,1,1.0,5.489999771118164,2020-08-23,2020-08-22,28.44546127319336,297.02618408203125,2020-08-24,11.239999771118164,14.583333015441895,2020-08-23,0.379547119140625,1.0,"{""type"":""Point"",""coordinates"":[77.574058,10.343769]}"
508,10,0.1326744556427002,58.34949493408203,2023-08-02,1247.5692138671875,1,1.0,0.13500000536441803,2023-08-02,2023-08-01,30.301105499267578,297.6239318847656,2023-08-03,0.0,0.0,2023-08-02,0.33862367272377014,1.0,"{""type"":""Point"",""coordinates"":[77.574575,10.346594]}"
509,10,0.3298899233341217,293.42510986328125,2019-08-03,1200.018798828125,1,1.0,5.529999732971191,2019-08-03,2019-08-02,20.148422241210938,298.68658447265625,2019-08-04,2.2300000190734863,2.0833332538604736,2019-08-03,0.29908499121665955,1.0,"{""type"":""Point"",""coordinates"":[77.631219,10.367647000000002]}"
510,10,0.3253278434276581,55.58218002319336,2023-04-26,1126.7381591796875,1,2.0,37.70000076293945,2023-04-26,2023-04-25,24.780858993530273,299.157470703125,2023-04-27,20.209999084472656,25.0,2023-04-26,0.3784860074520111,1.0,"{""type"":""Point"",""coordinates"":[77.662003,10.383917]}"
511,10,0.1116425096988678,102.2414779663086,2020-10-22,1073.03515625,1,2.0,0.05999999865889549,2020-10-22,2020-10-21,19.26746940612793,296.13568115234375,2020-10-23,1.5799999237060547,2.0833332538604736,2020-10-22,0.40929603576660156,1.0,"{""type"":""Point"",""coordinates"":[77.712683,10.302667]}"
512,10,0.2759435474872589,149.66983032226562,2023-07-09,1028.217041015625,1,3.0,21.119998931884766,2023-07-09,2023-07-08,26.261749267578125,296.7445068359375,2023-07-10,0.0,0.0,2023-07-09,0.418701171875,3.0,"{""type"":""Point"",""coordinates"":[77.643522,10.245033]}"
513,10,0.3791903555393219,343.5581359863281,2022-07-23,807.9253540039062,1,34.0,721.1400146484375,2022-07-23,2022-07-22,17.409698486328125,297.6532897949219,2022-07-24,11.5,16.66666603088379,2022-07-23,0.4159660339355469,34.0,"{""type"":""Point"",""coordinates"":[77.642778,10.231833]}"
514,10,0.64356929063797,322.6571044921875,2023-04-20,830.9534912109375,1,34.0,0.0,2023-04-20,2023-04-19,34.2668571472168,299.2346496582031,2023-04-21,0.0,0.0,2023-04-20,0.2506542205810547,34.0,"{""type"":""Point"",""coordinates"":[77.644389,10.231972]}"
515,10,0.04372577369213104,189.710205078125,2020-12-16,411.7167663574219,1,2.0,3.9599997997283936,2020-12-16,2020-12-15,31.939228057861328,294.86663818359375,2020-12-17,7.979999542236328,14.583333015441895,2020-12-16,0.35732588171958923,2.0,"{""type"":""Point"",""coordinates"":[77.660056,10.197261]}"
516,10,0.07577096670866013,248.3546600341797,2022-11-19,486.4425048828125,1,9.0,0.41999998688697815,2022-11-19,2022-11-18,24.3420352935791,295.4920959472656,2022-11-20,1.6699999570846558,2.0833332538604736,2022-11-19,0.3904743194580078,2.0,"{""type"":""Point"",""coordinates"":[77.65055600000001,10.20375]}"
517,10,0.18040698766708374,203.3311004638672,2022-03-15,549.0372314453125,1,8.0,0.0,2022-03-15,2022-03-14,32.07455825805664,297.0068664550781,2022-03-16,0.0,0.0,2022-03-15,0.2036488801240921,3.0,"{""type"":""Point"",""coordinates"":[77.645306,10.20825]}"
518,10,0.30270227789878845,334.9593811035156,2021-02-13,658.2450561523438,1,1.0,0.0,2021-02-13,2021-02-12,43.64572525024414,292.08575439453125,2021-02-14,0.0,0.0,2021-02-13,0.25337347388267517,1.0,"{""type"":""Point"",""coordinates"":[77.631167,10.218471999999998]}"
519,10,0.019817279651761055,190.33587646484375,2023-11-10,607.3003540039062,1,2.0,58.119998931884766,2023-11-10,2023-11-09,32.14085006713867,295.60858154296875,2023-11-11,9.50999927520752,10.416666984558105,2023-11-10,0.42215093970298767,1.0,"{""type"":""Point"",""coordinates"":[77.634417,10.212639000000001]}"
520,10,0.15359796583652496,200.84947204589844,2021-03-23,656.5599365234375,1,1.0,0.0,2021-03-23,2021-03-22,36.3157844543457,298.2460021972656,2021-03-24,0.0,0.0,2021-03-23,0.19121615588665009,1.0,"{""type"":""Point"",""coordinates"":[77.631111,10.213778]}"
521,10,0.26643121242523193,203.1125030517578,2021-09-03,586.7631225585938,1,3.0,80.87999725341797,2021-09-03,2021-09-02,28.03270149230957,296.890625,2021-09-04,23.309999465942383,35.41666793823242,2021-09-03,0.41882768273353577,3.0,"{""type"":""Point"",""coordinates"":[77.638222,10.210583]}"
522,10,0.3031355142593384,280.4676818847656,2019-05-29,1357.8111572265625,1,1.0,0.699999988079071,2019-05-29,2019-05-28,36.77035140991211,301.4342041015625,2019-05-30,1.1899999380111694,2.0833332538604736,2019-05-29,0.25860342383384705,1.0,"{""type"":""Point"",""coordinates"":[77.561167,10.226694]}"
523,10,0.2396479994058609,54.90683364868164,2022-01-09,1366.62646484375,1,1.0,0.0,2022-01-09,2022-01-08,25.243967056274414,294.2327880859375,2022-01-10,0.25999999046325684,0.0,2022-01-09,0.3703816831111908,1.0,"{""type"":""Point"",""coordinates"":[77.565056,10.233778]}"
524,10,0.12717008590698242,49.48069763183594,2022-05-02,1450.0108642578125,1,1.0,4.029999732971191,2022-05-02,2022-05-01,28.392976760864258,299.8410339355469,2022-05-03,0.0,0.0,2022-05-02,0.3010469973087311,1.0,"{""type"":""Point"",""coordinates"":[77.557194,10.246278]}"
525,10,0.2769777774810791,68.29474639892578,2023-03-01,1453.27490234375,1,1.0,0.0,2023-03-01,2023-02-28,25.969863891601562,293.95123291015625,2023-03-02,0.09100000560283661,0.0,2023-03-01,0.2303600311279297,1.0,"{""type"":""Point"",""coordinates"":[77.556861,10.246556]}"
526,10,0.2865052819252014,259.2381286621094,2019-01-25,1275.77783203125,1,5.0,0.0,2019-01-25,2019-01-24,36.580204010009766,293.922119140625,2019-01-26,0.0,0.0,2019-01-25,0.24588902294635773,2.0,"{""type"":""Point"",""coordinates"":[77.55480600000001,10.237]}"
527,10,0.20098476111888885,85.91219329833984,2022-04-29,1531.5379638671875,1,2.0,0.0,2022-04-29,2022-04-28,22.984148025512695,298.2947082519531,2022-04-30,0.0,0.0,2022-04-29,0.33718428015708923,2.0,"{""type"":""Point"",""coordinates"":[77.554889,10.260444000000001]}"
528,10,0.36005252599716187,311.1172180175781,2019-06-25,1495.6009521484375,1,2.0,3.9800000190734863,2019-06-25,2019-06-24,35.31306457519531,297.6340026855469,2019-06-26,4.759999752044678,4.166666507720947,2019-06-25,0.4029642641544342,1.0,"{""type"":""Point"",""coordinates"":[77.554083,10.261667000000001]}"
529,10,0.10670576244592667,35.076786041259766,2022-04-14,1469.3546142578125,1,1.0,39.0099983215332,2022-04-14,2022-04-13,23.84068489074707,295.3465270996094,2022-04-15,2.7699999809265137,6.25,2022-04-14,0.41409173607826233,1.0,"{""type"":""Point"",""coordinates"":[77.552639,10.261444000000001]}"
530,10,0.06894823163747787,243.87403869628906,2019-01-10,1465.7392578125,1,4.0,0.0,2019-01-10,2019-01-09,24.127622604370117,291.3117980957031,2019-01-11,0.0,0.0,2019-01-10,0.32349905371665955,1.0,"{""type"":""Point"",""coordinates"":[77.554333,10.269278]}"
531,10,0.32418563961982727,178.6739959716797,2022-06-05,1448.0008544921875,1,2.0,0.0,2022-06-05,2022-06-04,17.113550186157227,297.610595703125,2022-06-06,58.130001068115234,29.16666603088379,2022-06-05,0.4051767885684967,2.0,"{""type"":""Point"",""coordinates"":[77.558611,10.268417]}"
532,10,0.32843154668807983,323.2593688964844,2023-05-13,683.974365234375,1,8.0,0.0,2023-05-13,2023-05-12,31.067045211791992,298.5722351074219,2023-05-14,0.0,0.0,2023-05-13,0.3770192563533783,8.0,"{""type"":""Point"",""coordinates"":[77.632722,10.223278]}"
533,10,0.5782740712165833,329.8509521484375,2022-09-09,753.4695434570312,1,58.0,3.559999942779541,2022-09-09,2022-09-08,41.800193786621094,296.60443115234375,2022-09-10,1.1799999475479126,2.0833332538604736,2022-09-09,0.41387367248535156,4.0,"{""type"":""Point"",""coordinates"":[77.636694,10.228528]}"
534,10,0.0746471956372261,306.0059509277344,2023-11-09,797.9073486328125,1,38.0,1702.780029296875,2023-11-09,2023-11-08,16.649431228637695,295.4926452636719,2023-11-10,58.119998931884766,33.33333206176758,2023-11-09,0.4269784390926361,38.0,"{""type"":""Point"",""coordinates"":[77.640361,10.230444000000002]}"
535,10,0.3730892837047577,177.0203399658203,2022-07-11,841.2947998046875,1,38.0,107.15999603271484,2022-07-11,2022-07-10,15.703936576843262,296.58416748046875,2022-07-12,15.279999732971191,20.83333396911621,2022-07-11,0.4094937741756439,38.0,"{""type"":""Point"",""coordinates"":[77.640444,10.233332999999998]}"
536,10,0.2593936324119568,320.00946044921875,2020-01-14,905.0387573242188,1,6.0,0.41999998688697815,2020-01-14,2020-01-13,25.042007446289062,293.79541015625,2020-01-15,0.0,0.0,2020-01-14,0.31931495666503906,6.0,"{""type"":""Point"",""coordinates"":[77.640111,10.236778]}"
537,10,0.2612821161746979,21.074371337890625,2023-06-02,1769.539794921875,1,1.0,2.4789998531341553,2023-06-02,2023-06-01,42.510986328125,297.03521728515625,2023-06-03,1.1799999475479126,0.0,2023-06-02,0.41044679284095764,1.0,"{""type"":""Point"",""coordinates"":[77.577625,10.315452999999998]}"
538,10,0.03922278806567192,143.54884338378906,2022-12-24,1352.8428955078125,1,1.0,0.0,2022-12-24,2022-12-23,17.32294464111328,293.08135986328125,2022-12-25,0.0,0.0,2022-12-24,0.36503347754478455,1.0,"{""type"":""Point"",""coordinates"":[77.572278,10.272750000000002]}"
539,10,0.111330047249794,214.3119659423828,2020-08-23,1354.783203125,1,2.0,15.789999961853027,2020-08-23,2020-08-22,35.08155822753906,297.02618408203125,2020-08-24,1.96999990940094,4.166666507720947,2020-08-23,0.379547119140625,1.0,"{""type"":""Point"",""coordinates"":[77.567694,10.274917000000002]}"
540,10,0.18564797937870026,187.84848022460938,2020-08-05,1341.920166015625,1,31.0,96.95999908447266,2020-08-05,2020-08-04,21.919322967529297,295.7099914550781,2020-08-06,3.059999942779541,6.25,2020-08-05,0.4069347381591797,24.0,"{""type"":""Point"",""coordinates"":[77.56625,10.275]}"
541,10,0.013907451182603836,156.90016174316406,2020-11-27,1345.5552978515625,1,24.0,40.31999969482422,2020-11-27,2020-11-26,30.780237197875977,294.31842041015625,2020-11-28,24.739999771118164,16.66666603088379,2020-11-27,0.405548095703125,24.0,"{""type"":""Point"",""coordinates"":[77.565778,10.278611]}"
542,10,0.009160835295915604,355.8194274902344,2019-11-10,1406.3482666015625,1,5.0,56.20000076293945,2019-11-10,2019-11-09,6.040122032165527,295.1897277832031,2019-11-11,2.109999895095825,6.25,2019-11-10,0.4181722104549408,5.0,"{""type"":""Point"",""coordinates"":[77.55975000000001,10.275833]}"
543,10,0.3097895085811615,95.68753051757812,2021-07-01,1425.397705078125,1,1.0,1.0499999523162842,2021-07-01,2021-06-30,26.942062377929688,297.2906799316406,2021-07-02,58.2859992980957,35.41666793823242,2021-07-01,0.3983732759952545,1.0,"{""type"":""Point"",""coordinates"":[77.560667,10.272556]}"
544,10,0.05943296104669571,321.448486328125,2022-11-23,1632.9998779296875,1,5.0,2.5799999237060547,2022-11-23,2022-11-22,38.628875732421875,294.1432800292969,2022-11-24,0.0,0.0,2022-11-23,0.36221060156822205,2.0,"{""type"":""Point"",""coordinates"":[77.551875,10.299650000000002]}"
545,10,0.08736619353294373,311.0476379394531,2023-02-04,1660.6129150390625,1,2.0,0.25999999046325684,2023-02-04,2023-02-03,39.783058166503906,293.2729187011719,2023-02-05,0.3999999761581421,0.0,2023-02-04,0.3913961946964264,2.0,"{""type"":""Point"",""coordinates"":[77.55115,10.299047]}"
546,10,0.17226356267929077,249.39620971679688,2020-08-28,1618.6800537109375,1,1.0,0.08999999612569809,2020-08-28,2020-08-27,34.80670166015625,296.6718444824219,2020-08-29,2.059999942779541,6.25,2020-08-28,0.41198983788490295,1.0,"{""type"":""Point"",""coordinates"":[77.554861,10.306172000000002]}"
547,10,0.21462886035442352,106.29329681396484,2022-06-29,1693.9298095703125,1,4.0,1.4399999380111694,2022-06-29,2022-06-28,26.089866638183594,296.54779052734375,2022-06-30,0.0,0.0,2022-06-29,0.4005979001522064,2.0,"{""type"":""Point"",""coordinates"":[77.562853,10.310044000000001]}"
548,10,0.02763540670275688,0.8594292998313904,2019-11-22,1743.0889892578125,1,3.0,1.1099998950958252,2019-11-22,2019-11-21,18.550228118896484,295.1918029785156,2019-11-23,4.940000057220459,4.166666507720947,2019-11-22,0.4213066101074219,3.0,"{""type"":""Point"",""coordinates"":[77.566206,10.315249999999999]}"
549,10,0.1473097950220108,285.0194091796875,2020-10-25,1742.89013671875,1,2.0,3.940000057220459,2020-10-25,2020-10-24,29.93180274963379,296.10516357421875,2020-10-26,2.0899999141693115,0.0,2020-10-25,0.3807627260684967,2.0,"{""type"":""Point"",""coordinates"":[77.566256,10.311541999999998]}"
550,30,0.31764495372772217,137.22952270507812,2023-01-30,1683.42333984375,1,1.0,1.809999942779541,2023-01-30,2023-01-29,39.00344467163086,292.955322265625,2023-01-31,3.559999942779541,6.25,2023-01-30,0.31170716881752014,1.0,"{""type"":""Point"",""coordinates"":[77.565797,10.321139000000002]}"
551,30,0.2649901211261749,71.01144409179688,2019-08-23,1729.624755859375,1,1.0,1.7899999618530273,2019-08-23,2019-08-22,29.95286750793457,294.7294616699219,2019-08-24,2.5199999809265137,2.0833332538604736,2019-08-23,0.42757225036621094,1.0,"{""type"":""Point"",""coordinates"":[77.565611,10.317632999999999]}"
552,10,0.11180111020803452,57.267311096191406,2023-10-04,1723.1988525390625,1,1.0,0.0,2023-10-04,2023-10-03,34.81877136230469,295.98504638671875,2023-10-05,6.460000038146973,12.5,2023-10-04,0.4166717529296875,1.0,"{""type"":""Point"",""coordinates"":[77.565142,10.318242]}"
553,10,0.14474594593048096,276.34014892578125,2021-09-30,1705.0714111328125,1,1.0,6.429999828338623,2021-09-30,2021-09-29,31.398418426513672,296.0345458984375,2021-10-01,62.0,50.0,2021-09-30,0.41020646691322327,1.0,"{""type"":""Point"",""coordinates"":[77.559425,10.320264000000003]}"
554,30,0.190901979804039,332.6407470703125,2020-06-29,1636.7728271484375,1,3.0,3.5399999618530273,2020-06-29,2020-06-28,37.82240295410156,295.5556335449219,2020-06-30,44.81999969482422,31.25,2020-06-29,0.4017270505428314,3.0,"{""type"":""Point"",""coordinates"":[77.548397,10.294189]}"
555,10,0.4217940866947174,335.1578063964844,2023-06-17,1492.32763671875,1,1.0,0.07000000029802322,2023-06-17,2023-06-16,28.656837463378906,296.1120300292969,2023-06-18,0.6200000047683716,0.0,2023-06-17,0.382659912109375,1.0,"{""type"":""Point"",""coordinates"":[77.533722,10.281583]}"
556,10,0.21671853959560394,263.56683349609375,2022-02-14,1481.0469970703125,1,2.0,1.1799999475479126,2022-02-14,2022-02-13,18.799386978149414,292.53057861328125,2022-02-15,0.3100000023841858,0.0,2022-02-14,0.32049623131752014,2.0,"{""type"":""Point"",""coordinates"":[77.533861,10.273417]}"
557,10,0.5371639728546143,245.36508178710938,2023-04-02,1459.6859130859375,1,3.0,66.40799713134766,2023-04-02,2023-04-01,20.831071853637695,295.8049621582031,2023-04-03,8.119999885559082,10.416666984558105,2023-04-02,0.32781538367271423,2.0,"{""type"":""Point"",""coordinates"":[77.533528,10.275972000000001]}"
558,10,0.2855231463909149,227.95693969726562,2023-03-03,1302.8253173828125,1,11.0,0.0,2023-03-03,2023-03-02,25.430727005004883,292.96087646484375,2023-03-04,0.0,0.0,2023-03-03,0.23324012756347656,10.0,"{""type"":""Point"",""coordinates"":[77.530047,10.287006]}"
559,10,0.1445336788892746,245.54122924804688,2019-05-15,1431.368896484375,1,3.0,0.0,2019-05-15,2019-05-14,17.465139389038086,297.00750732421875,2019-05-16,7.369999885559082,10.416666984558105,2019-05-15,0.3904762268066406,3.0,"{""type"":""Point"",""coordinates"":[77.457444,10.286]}"
560,30,0.027764437720179558,172.69351196289062,2020-12-29,1832.0750732421875,1,1.0,4.46999979019165,2020-12-29,2020-12-28,24.6297664642334,291.5559387207031,2020-12-30,0.0,0.0,2020-12-29,0.36738714575767517,1.0,"{""type"":""Point"",""coordinates"":[77.467361,10.277639]}"
561,30,0.2658083140850067,157.531005859375,2019-03-28,1855.9278564453125,1,1.0,0.0,2019-03-28,2019-03-27,29.506742477416992,297.36737060546875,2019-03-29,0.0,0.0,2019-03-28,0.13046900928020477,1.0,"{""type"":""Point"",""coordinates"":[77.47144400000002,10.277167]}"
562,30,0.07268888503313065,184.36485290527344,2019-12-14,1835.2027587890625,1,4.0,3.5199999809265137,2019-12-14,2019-12-13,32.835914611816406,292.7339172363281,2019-12-15,0.7799999713897705,0.0,2019-12-14,0.39689764380455017,4.0,"{""type"":""Point"",""coordinates"":[77.498194,10.272500000000003]}"
563,10,0.3681107759475708,10.465685844421387,2023-03-28,1808.1990966796875,1,4.0,0.0,2023-03-28,2023-03-27,25.893939971923828,295.2290344238281,2023-03-29,24.93000030517578,29.16666603088379,2023-03-28,0.3935209810733795,3.0,"{""type"":""Point"",""coordinates"":[77.495639,10.270417]}"
564,30,0.09882938861846924,92.17709350585938,2020-03-28,1832.597412109375,1,3.0,0.0,2020-03-28,2020-03-27,17.64507484436035,296.7440185546875,2020-03-29,0.0,0.0,2020-03-28,0.21717707812786102,3.0,"{""type"":""Point"",""coordinates"":[77.4945,10.269972]}"
565,10,0.4568192958831787,79.39142608642578,2022-06-01,1915.3193359375,1,1.0,2.740000009536743,2022-06-01,2022-05-31,41.54705810546875,295.4324035644531,2022-06-02,34.694000244140625,18.75,2022-06-01,0.4079551696777344,1.0,"{""type"":""Point"",""coordinates"":[77.494028,10.265639]}"
566,10,0.047243326902389526,95.00482177734375,2020-11-18,1941.61669921875,1,1.0,41.209999084472656,2020-11-18,2020-11-17,37.47026824951172,292.7373352050781,2020-11-19,0.4000000059604645,0.0,2020-11-18,0.4272613525390625,1.0,"{""type"":""Point"",""coordinates"":[77.493889,10.265443999999999]}"
567,10,0.23149320483207703,80.30677795410156,2019-05-19,1942.6531982421875,1,1.0,1.0099999904632568,2019-05-19,2019-05-18,24.66846466064453,297.62677001953125,2019-05-20,0.0,0.0,2019-05-19,0.3632774353027344,1.0,"{""type"":""Point"",""coordinates"":[77.493889,10.264361]}"
568,10,0.3965517282485962,130.80345153808594,2019-06-12,1932.1322021484375,1,1.0,0.0,2019-06-12,2019-06-11,13.522512435913086,296.1585693359375,2019-06-13,0.26999998092651367,0.0,2019-06-12,0.38822999596595764,1.0,"{""type"":""Point"",""coordinates"":[77.494028,10.263832999999998]}"
569,30,0.286219984292984,81.37129211425781,2023-06-05,1970.1085205078125,1,2.0,18.399999618530273,2023-06-05,2023-06-04,28.613094329833984,296.07977294921875,2023-06-06,3.549999952316284,6.25,2023-06-05,0.4162025451660156,2.0,"{""type"":""Point"",""coordinates"":[77.493444,10.261444]}"
570,30,0.26543745398521423,120.16975402832031,2019-05-21,1987.2666015625,1,2.0,0.0,2019-05-21,2019-05-20,30.095661163330078,297.7125244140625,2019-05-22,0.0,0.0,2019-05-21,0.3219369351863861,2.0,"{""type"":""Point"",""coordinates"":[77.492667,10.259694]}"
571,10,0.10625487565994263,322.8041687011719,2021-10-06,2101.0087890625,1,3.0,25.010000228881836,2021-10-06,2021-10-05,34.10161590576172,294.40740966796875,2021-10-07,4.589999675750732,6.25,2021-10-06,0.42360177636146545,1.0,"{""type"":""Point"",""coordinates"":[77.491806,10.249944000000001]}"
572,30,0.048451222479343414,180.75730895996094,2020-08-31,2012.6195068359375,1,8.0,33.84000015258789,2020-08-31,2020-08-30,25.433488845825195,295.3381042480469,2020-09-01,32.099998474121094,18.75,2020-08-31,0.40588316321372986,8.0,"{""type"":""Point"",""coordinates"":[77.491778,10.258028]}"
573,30,0.16792942583560944,122.06866455078125,2023-01-12,2009.6143798828125,1,8.0,0.0,2023-01-12,2023-01-11,23.590892791748047,290.85260009765625,2023-01-13,0.0,0.0,2023-01-12,0.30690574645996094,8.0,"{""type"":""Point"",""coordinates"":[77.492139,10.257944]}"
574,30,0.08581190556287766,101.50186920166016,2022-12-03,1997.81396484375,1,8.0,0.7799999713897705,2022-12-03,2022-12-02,26.98581314086914,293.4543762207031,2022-12-04,20.15999984741211,16.66666603088379,2022-12-03,0.3938579559326172,2.0,"{""type"":""Point"",""coordinates"":[77.492361,10.259249999999998]}"
575,30,0.06767433881759644,87.92901611328125,2022-11-26,2025.7149658203125,1,8.0,0.0,2022-11-26,2022-11-25,27.118982315063477,293.6817932128906,2022-11-27,0.0,0.0,2022-11-26,0.34164175391197205,2.0,"{""type"":""Point"",""coordinates"":[77.491278,10.257667]}"
576,30,0.1140730008482933,301.1910095214844,2023-12-10,2086.016357421875,1,2.0,3.8499999046325684,2023-12-10,2023-12-09,21.43294334411621,293.9901123046875,2023-12-11,3.8399999141693115,4.166666507720947,2023-12-10,0.39421653747558594,1.0,"{""type"":""Point"",""coordinates"":[77.490833,10.249417]}"
577,50,0.07479281723499298,354.4857482910156,2021-05-03,2094.5703125,1,1.0,0.019999999552965164,2021-05-03,2021-05-02,15.692296981811523,296.0013427734375,2021-05-04,7.179999828338623,8.333333015441895,2021-05-03,0.35536321997642517,1.0,"{""type"":""Point"",""coordinates"":[77.49075,10.249]}"
578,10,0.017477428540587425,327.2611389160156,2022-12-15,2231.46337890625,1,1.0,2.549999952316284,2022-12-15,2022-12-14,33.912933349609375,292.4136962890625,2022-12-16,0.0,0.0,2022-12-15,0.4148305356502533,1.0,"{""type"":""Point"",""coordinates"":[77.48336100000002,10.255194000000001]}"
579,10,0.015189317986369133,38.96865463256836,2021-01-03,2123.3828125,1,19.0,0.0,2021-01-03,2021-01-02,24.18003273010254,292.26055908203125,2021-01-04,13.609999656677246,14.583333015441895,2021-01-03,0.39198556542396545,1.0,"{""type"":""Point"",""coordinates"":[77.482989,10.221917000000001]}"
580,30,0.13679157197475433,347.7008361816406,2022-01-05,1894.1199951171875,1,1.0,0.0,2022-01-05,2022-01-04,26.196107864379883,292.1260986328125,2022-01-06,0.0,0.0,2022-01-05,0.3768393099308014,1.0,"{""type"":""Point"",""coordinates"":[77.519611,10.239417000000001]}"
581,30,0.18510369956493378,358.65557861328125,2022-09-06,1893.90625,1,1.0,20.479999542236328,2022-09-06,2022-09-05,28.813058853149414,295.01507568359375,2022-09-07,18.799999237060547,29.16666603088379,2022-09-06,0.41541990637779236,1.0,"{""type"":""Point"",""coordinates"":[77.519972,10.239444000000002]}"
582,10,0.06870528310537338,323.2977600097656,2022-08-26,1986.8958740234375,1,1.0,14.829999923706055,2022-08-26,2022-08-25,39.84480285644531,293.85546875,2022-08-27,64.12999725341797,50.0,2022-08-26,0.4234809875488281,1.0,"{""type"":""Point"",""coordinates"":[77.523114,10.238875]}"
583,30,0.01572350785136223,0.16902202367782593,2021-11-19,1854.5106201171875,1,1.0,9.429999351501465,2021-11-19,2021-11-18,26.14055633544922,293.6990966796875,2021-11-20,3.4499998092651367,6.25,2021-11-19,0.4198697507381439,1.0,"{""type"":""Point"",""coordinates"":[77.512194,10.236556]}"
584,10,0.09679614752531052,307.7787780761719,2021-05-10,1858.7025146484375,1,1.0,13.869999885559082,2021-05-10,2021-05-09,26.52627944946289,295.9604797363281,2021-05-11,0.07000000029802322,0.0,2021-05-10,0.37863731384277344,1.0,"{""type"":""Point"",""coordinates"":[77.509972,10.235917]}"
585,50,0.37800133228302,117.00521087646484,2023-01-22,1967.4954833984375,1,6.0,2.4800000190734863,2023-01-22,2023-01-21,32.925045013427734,291.7060241699219,2023-01-23,0.5799999833106995,0.0,2023-01-22,0.21962420642375946,1.0,"{""type"":""Point"",""coordinates"":[77.504561,10.241371999999998]}"
586,50,0.0850197821855545,109.05641174316406,2020-09-09,1941.8594970703125,1,2.0,8.880000114440918,2020-09-09,2020-09-08,14.335102081298828,294.5813293457031,2020-09-10,6.839999675750732,8.333333015441895,2020-09-09,0.42066383361816406,1.0,"{""type"":""Point"",""coordinates"":[77.5049,10.240769]}"
587,10,0.22103086113929749,309.521728515625,2021-10-13,1646.939208984375,1,65.0,466.239990234375,2021-10-13,2021-10-12,28.540550231933594,293.95184326171875,2021-10-14,0.75,0.0,2021-10-13,0.42683157324790955,62.0,"{""type"":""Point"",""coordinates"":[77.5245,10.254027999999998]}"
588,10,0.0494876429438591,330.0677490234375,2019-12-14,1648.2425537109375,1,65.0,34.099998474121094,2019-12-14,2019-12-13,29.010684967041016,292.7339172363281,2019-12-15,1.3600000143051147,2.0833332538604736,2019-12-14,0.39689764380455017,62.0,"{""type"":""Point"",""coordinates"":[77.524139,10.253610999999998]}"
589,10,0.1900719255208969,312.15179443359375,2022-02-07,1689.1141357421875,1,58.0,0.0,2022-02-07,2022-02-06,30.634309768676758,293.5806884765625,2022-02-08,0.029999999329447746,0.0,2022-02-07,0.2532157897949219,58.0,"{""type"":""Point"",""coordinates"":[77.52025,10.248917]}"
590,10,0.13940195739269257,311.1875915527344,2020-07-04,1656.2044677734375,1,62.0,396.79998779296875,2020-07-04,2020-07-03,24.97072982788086,294.1732177734375,2020-07-05,1.3199999332427979,2.0833332538604736,2020-07-04,0.4237384796142578,62.0,"{""type"":""Point"",""coordinates"":[77.522833,10.252305999999999]}"
591,10,0.14634014666080475,314.9586486816406,2020-07-03,1613.730224609375,1,2.0,25.65999984741211,2020-07-03,2020-07-02,34.56052017211914,295.4580078125,2020-07-04,6.399999618530273,6.25,2020-07-03,0.4156767427921295,2.0,"{""type"":""Point"",""coordinates"":[77.531139,10.256638999999998]}"
592,10,0.22934094071388245,314.8038635253906,2022-08-01,1606.7283935546875,1,2.0,173.51998901367188,2022-08-01,2022-07-31,26.51862907409668,295.42156982421875,2022-08-02,2.111999988555908,2.0833332538604736,2022-08-01,0.4209798276424408,2.0,"{""type"":""Point"",""coordinates"":[77.531556,10.257556]}"
593,10,0.22550496459007263,4.268330097198486,2019-08-19,1639.490478515625,1,3.0,120.1199951171875,2019-08-19,2019-08-18,28.95923614501953,293.65911865234375,2019-08-20,6.109999656677246,8.333333015441895,2019-08-19,0.4238675534725189,3.0,"{""type"":""Point"",""coordinates"":[77.528611,10.255056]}"
594,10,0.06931785494089127,176.20083618164062,2019-12-07,1533.0775146484375,1,2.0,1.959999918937683,2019-12-07,2019-12-06,20.861543655395508,292.3311767578125,2019-12-08,0.1599999964237213,0.0,2019-12-07,0.4053414762020111,1.0,"{""type"":""Point"",""coordinates"":[77.534917,10.266472]}"
595,10,0.2195238620042801,276.3784484863281,2022-04-14,1542.6246337890625,1,2.0,78.0199966430664,2022-04-14,2022-04-13,16.09683609008789,294.42791748046875,2022-04-15,2.7699999809265137,6.25,2022-04-14,0.40409913659095764,2.0,"{""type"":""Point"",""coordinates"":[77.535944,10.266571999999998]}"
596,10,0.2779991924762726,263.13494873046875,2022-07-15,1558.0833740234375,1,1.0,1.1899999380111694,2022-07-15,2022-07-14,14.078551292419434,294.15625,2022-07-16,0.0,0.0,2022-07-15,0.3960202634334564,1.0,"{""type"":""Point"",""coordinates"":[77.535667,10.264333]}"
597,10,0.2761807143688202,310.698974609375,2022-06-22,1584.411376953125,1,1.0,3.109999895095825,2022-06-22,2022-06-21,28.947633743286133,295.1883239746094,2022-06-23,2.069999933242798,2.0833332538604736,2022-06-22,0.4173297882080078,1.0,"{""type"":""Point"",""coordinates"":[77.535278,10.260222]}"
598,10,0.06815886497497559,314.87139892578125,2021-09-05,1577.6552734375,1,1.0,52.38999938964844,2021-09-05,2021-09-04,16.272294998168945,293.9100341796875,2021-09-06,12.75,31.25,2021-09-05,0.42081770300865173,1.0,"{""type"":""Point"",""coordinates"":[77.537194,10.262583000000001]}"
599,10,0.47642335295677185,14.264602661132812,2020-03-01,1433.4769287109375,1,14.0,0.0,2020-03-01,2020-02-29,15.302370071411133,295.4111633300781,2020-03-02,0.013000000268220901,0.0,2020-03-01,0.16603533923625946,14.0,"{""type"":""Point"",""coordinates"":[77.547083,10.262667]}"
600,10,0.20870977640151978,16.420333862304688,2022-02-05,1878.245361328125,1,1.0,0.0,2022-02-05,2022-02-04,28.1646671295166,293.8033752441406,2022-02-06,0.0,0.0,2022-02-05,0.2683219909667969,1.0,"{""type"":""Point"",""coordinates"":[77.527361,10.242028]}"
601,30,0.16907565295696259,32.181785583496094,2019-08-09,1885.35107421875,1,1.0,69.80999755859375,2019-08-09,2019-08-08,32.057064056396484,294.1259460449219,2019-08-10,15.289999961853027,20.83333396911621,2019-08-09,0.4054647982120514,1.0,"{""type"":""Point"",""coordinates"":[77.527833,10.241861]}"
602,30,0.19606541097164154,75.46182250976562,2022-01-12,1877.59765625,1,1.0,0.0,2022-01-12,2022-01-11,27.636558532714844,293.107177734375,2022-01-13,0.0,0.0,2022-01-12,0.33447837829589844,1.0,"{""type"":""Point"",""coordinates"":[77.528889,10.241139000000002]}"
603,10,0.05958519130945206,78.62443542480469,2020-06-25,2113.67041015625,1,2.0,75.54000091552734,2020-06-25,2020-06-24,32.66252136230469,294.9039306640625,2020-06-26,64.18999481201172,33.33333206176758,2020-06-25,0.3895009458065033,2.0,"{""type"":""Point"",""coordinates"":[77.483833,10.219]}"
604,10,0.11952605098485947,86.41667938232422,2022-04-15,2112.340576171875,1,19.0,83.02999877929688,2022-04-15,2022-04-14,29.071807861328125,294.5088195800781,2022-04-16,22.6299991607666,20.83333396911621,2022-04-15,0.4108613431453705,19.0,"{""type"":""Point"",""coordinates"":[77.48355,10.22095]}"
605,10,0.5359444618225098,86.41667938232422,2021-03-03,2112.340576171875,1,19.0,0.0,2021-03-03,2021-03-02,29.071807861328125,293.410888671875,2021-03-04,0.0,0.0,2021-03-03,0.20242881774902344,19.0,"{""type"":""Point"",""coordinates"":[77.483703,10.220836]}"
606,10,-0.01135663315653801,95.33351135253906,2022-11-15,2236.9365234375,1,5.0,28.049999237060547,2022-11-15,2022-11-14,14.17605209350586,290.7200927734375,2022-11-16,3.859999895095825,6.25,2022-11-15,0.4188168942928314,5.0,"{""type"":""Point"",""coordinates"":[77.387694,10.177358]}"
607,10,0.029353056102991104,332.2965393066406,2020-12-23,2121.24755859375,1,3.0,10.65999984741211,2020-12-23,2020-12-22,25.58095359802246,289.991943359375,2020-12-24,0.10999999940395355,0.0,2020-12-23,0.38859811425209045,1.0,"{""type"":""Point"",""coordinates"":[77.372311,10.21225]}"
608,10,0.11148018389940262,340.9992980957031,2019-08-05,2119.317626953125,1,2.0,14.719999313354492,2019-08-05,2019-08-04,28.20659637451172,292.96044921875,2019-08-06,29.229999542236328,33.33333206176758,2019-08-05,0.3453407287597656,2.0,"{""type"":""Point"",""coordinates"":[77.37825,10.240167000000001]}"
609,10,0.07137962430715561,257.1624755859375,2022-08-06,2174.00439453125,1,2.0,124.6199951171875,2022-08-06,2022-08-05,32.1330451965332,290.54681396484375,2022-08-07,0.0,0.0,2022-08-06,0.4275856018066406,2.0,"{""type"":""Point"",""coordinates"":[77.366222,10.240805999999997]}"
610,10,0.7312611937522888,57.751991271972656,2021-04-10,2044.1951904296875,1,1.0,0.0,2021-04-10,2021-04-09,36.36537170410156,298.6987609863281,2021-04-11,0.19999998807907104,0.0,2021-04-10,0.10326703637838364,1.0,"{""type"":""Point"",""coordinates"":[77.373028,10.257889000000002]}"
611,30,0.1423906832933426,91.48040771484375,2023-07-08,1798.221435546875,1,2.0,60.279998779296875,2023-07-08,2023-07-07,30.635557174682617,292.6103210449219,2023-07-09,2.7100000381469727,2.0833332538604736,2023-07-08,0.42565855383872986,2.0,"{""type"":""Point"",""coordinates"":[77.396361,10.270444000000001]}"
612,30,0.30771708488464355,86.30937957763672,2023-08-15,1816.5264892578125,1,2.0,15.039999961853027,2023-08-15,2023-08-14,32.58584213256836,294.7938537597656,2023-08-16,2.8999998569488525,4.166666507720947,2023-08-15,0.3988710939884186,2.0,"{""type"":""Point"",""coordinates"":[77.396389,10.272111000000002]}"
613,30,0.5138105750083923,303.7502136230469,2021-04-03,1829.451904296875,1,70.0,0.0,2021-04-03,2021-04-02,28.61427879333496,299.9333801269531,2021-04-04,2.25,6.25,2021-04-03,0.10649427026510239,70.0,"{""type"":""Point"",""coordinates"":[77.404222,10.263666999999998]}"
614,30,0.21689051389694214,270.4830627441406,2023-09-19,1902.27099609375,1,1.0,18.829999923706055,2023-09-19,2023-09-18,21.967529296875,294.3695983886719,2023-09-20,33.65999984741211,31.25,2023-09-19,0.42181268334388733,1.0,"{""type"":""Point"",""coordinates"":[77.405333,10.260194000000002]}"
615,10,0.0837307870388031,294.5036315917969,2022-08-13,1654.7396240234375,1,2.0,0.6200000047683716,2022-08-13,2022-08-12,11.37977409362793,295.0678405761719,2022-08-14,3.440000057220459,6.25,2022-08-13,0.36086782813072205,2.0,"{""type"":""Point"",""coordinates"":[77.45325,10.271972]}"
616,30,0.2688002288341522,22.811182022094727,2022-06-13,1634.7918701171875,1,2.0,13.880000114440918,2022-06-13,2022-06-12,24.222501754760742,295.5546875,2022-06-14,5.909999847412109,10.416666984558105,2022-06-13,0.4157002866268158,1.0,"{""type"":""Point"",""coordinates"":[77.451417,10.270417]}"
617,10,0.26312947273254395,43.79148864746094,2020-02-15,2081.127197265625,1,1.0,0.0,2020-02-15,2020-02-14,19.60669708251953,294.4452209472656,2020-02-16,0.0,0.0,2020-02-15,0.18559010326862335,1.0,"{""type"":""Point"",""coordinates"":[77.412556,10.250556]}"
618,30,0.09946226328611374,238.6415557861328,2022-01-02,1608.5616455078125,1,62.0,1376.5859375,2022-01-02,2022-01-01,26.00333595275879,291.5704650878906,2022-01-03,1.6899999380111694,2.0833332538604736,2022-01-02,0.4029203951358795,62.0,"{""type"":""Point"",""coordinates"":[77.449389,10.277056]}"
619,30,0.021056752651929855,189.3978729248047,2019-11-07,1672.208251953125,1,17.0,4.25,2019-11-07,2019-11-06,17.286409378051758,294.4473571777344,2019-11-08,15.859999656677246,18.75,2019-11-07,0.37322744727134705,17.0,"{""type"":""Point"",""coordinates"":[77.454472,10.272861]}"
620,30,0.05086439102888107,326.906982421875,2022-04-19,1439.01171875,1,3.0,10.319999694824219,2022-04-19,2022-04-18,29.062026977539062,296.18988037109375,2022-04-20,2.369999885559082,4.166666507720947,2022-04-19,0.3962313234806061,3.0,"{""type"":""Point"",""coordinates"":[77.456,10.284361000000002]}"
621,10,0.7168461084365845,342.52630615234375,2023-03-08,1512.545166015625,1,1.0,0.0,2023-03-08,2023-03-07,28.109004974365234,294.4382019042969,2023-03-09,0.0,0.0,2023-03-08,0.19200198352336884,1.0,"{""type"":""Point"",""coordinates"":[77.45125,10.282194]}"
622,30,0.35148563981056213,352.7582702636719,2020-01-27,1564.13330078125,1,1.0,0.0,2020-01-27,2020-01-26,34.896087646484375,292.4473571777344,2020-01-28,0.0,0.0,2020-01-27,0.16839027404785156,1.0,"{""type"":""Point"",""coordinates"":[77.449222,10.281278]}"
623,30,0.18157486617565155,351.8553161621094,2021-09-01,1543.043212890625,1,1.0,6.299999713897705,2021-09-01,2021-08-31,32.38803482055664,293.75872802734375,2021-09-02,17.871000289916992,31.25,2021-09-01,0.4211273193359375,1.0,"{""type"":""Point"",""coordinates"":[77.449,10.281583]}"
624,30,0.15526944398880005,346.583740234375,2020-09-02,1559.8192138671875,1,1.0,35.847999572753906,2020-09-02,2020-09-01,31.33685874938965,294.3052978515625,2020-09-03,16.479999542236328,20.83333396911621,2020-09-02,0.4203071594238281,1.0,"{""type"":""Point"",""coordinates"":[77.448889,10.281333000000002]}"
625,10,0.05734996125102043,5.4514384269714355,2019-10-07,1822.2060546875,1,14.0,35.37999725341797,2019-10-07,2019-10-06,34.42802047729492,294.1988525390625,2019-10-08,30.979999542236328,18.75,2019-10-07,0.41054534912109375,2.0,"{""type"":""Point"",""coordinates"":[77.395944,10.274667000000003]}"
626,30,0.2662018835544586,320.3450927734375,2023-10-16,1814.167724609375,1,7.0,55.40999984741211,2023-10-16,2023-10-15,20.188947677612305,293.9254150390625,2023-10-17,26.53999900817871,20.83333396911621,2023-10-16,0.41346868872642517,1.0,"{""type"":""Point"",""coordinates"":[77.3935,10.274778]}"
627,30,0.24868401885032654,30.830379486083984,2023-07-16,1792.15185546875,1,14.0,2.93999981880188,2023-07-16,2023-07-15,25.963289260864258,295.05584716796875,2023-07-17,2.75,6.25,2023-07-16,0.3958517611026764,7.0,"{""type"":""Point"",""coordinates"":[77.395889,10.275444]}"
628,30,0.09252720326185226,147.56016540527344,2022-05-10,1799.7615966796875,1,3.0,32.0099983215332,2022-05-10,2022-05-09,28.122406005859375,296.0484313964844,2022-05-11,18.079999923706055,25.0,2022-05-10,0.2624448239803314,3.0,"{""type"":""Point"",""coordinates"":[77.3945,10.285889000000001]}"
629,30,0.056367065757513046,190.3153839111328,2020-07-07,1842.34521484375,1,3.0,0.07999999821186066,2020-07-07,2020-07-06,23.597379684448242,294.6232604980469,2020-07-08,6.049999713897705,4.166666507720947,2020-07-07,0.3840198516845703,1.0,"{""type"":""Point"",""coordinates"":[77.396306,10.286917000000003]}"
630,10,0.35513168573379517,113.00064086914062,2021-02-22,1851.2115478515625,1,1.0,0.11999999731779099,2021-02-22,2021-02-21,27.608997344970703,292.43597412109375,2021-02-23,6.460000038146973,12.5,2021-02-22,0.3277912139892578,1.0,"{""type"":""Point"",""coordinates"":[77.398389,10.288083]}"
631,10,0.09150655567646027,293.76007080078125,2023-12-03,1818.3521728515625,1,3.0,15.389999389648438,2023-12-03,2023-12-02,29.542617797851562,294.0108947753906,2023-12-04,0.1599999964237213,0.0,2023-12-03,0.39048194885253906,3.0,"{""type"":""Point"",""coordinates"":[77.376694,10.285833000000002]}"
632,10,0.8242992758750916,293.76007080078125,2021-03-27,1818.3521728515625,1,3.0,0.0,2021-03-27,2021-03-26,29.542617797851562,297.9691162109375,2021-03-28,0.28999999165534973,0.0,2021-03-27,0.10819181054830551,3.0,"{""type"":""Point"",""coordinates"":[77.3765,10.285694000000001]}"
633,10,0.1241462454199791,348.38690185546875,2019-09-17,715.5452270507812,1,3.0,56.57999801635742,2019-09-17,2019-09-16,32.86867904663086,297.3184509277344,2019-09-18,4.369999885559082,8.333333015441895,2019-09-17,0.4522183835506439,3.0,"{""type"":""Point"",""coordinates"":[77.528139,10.3608]}"
634,10,0.37287673354148865,314.68096923828125,2022-06-06,824.9864501953125,1,3.0,235.1699981689453,2022-06-06,2022-06-05,29.43388557434082,299.8208923339844,2022-06-07,19.479999542236328,27.08333396911621,2022-06-06,0.43144798278808594,3.0,"{""type"":""Point"",""coordinates"":[77.539144,10.363467000000002]}"
635,10,0.1611310839653015,287.4211730957031,2020-09-22,833.3850708007812,1,3.0,27.56999969482422,2020-09-22,2020-09-21,26.205516815185547,296.28436279296875,2020-09-23,0.41999998688697815,0.0,2020-09-22,0.45835432410240173,3.0,"{""type"":""Point"",""coordinates"":[77.539483,10.364683]}"
636,10,0.07424300163984299,68.56615447998047,2019-11-09,994.1144409179688,1,1.0,30.689998626708984,2019-11-09,2019-11-08,35.56575393676758,297.1741943359375,2019-11-10,14.319999694824219,12.5,2019-11-09,0.443316787481308,1.0,"{""type"":""Point"",""coordinates"":[77.547044,10.364186000000002]}"
637,10,0.06369142234325409,161.40728759765625,2021-11-18,867.05078125,1,1.0,41.25,2021-11-18,2021-11-17,27.651288986206055,296.90667724609375,2021-11-19,10.710000038146973,20.83333396911621,2021-11-18,0.4560178220272064,1.0,"{""type"":""Point"",""coordinates"":[77.539,10.367658]}"
638,50,0.11986245214939117,212.48194885253906,2022-04-08,865.8822631835938,1,1.0,0.07999999821186066,2022-04-08,2022-04-07,24.877666473388672,302.7919006347656,2022-04-09,11.569999694824219,10.416666984558105,2022-04-08,0.1885344237089157,1.0,"{""type"":""Point"",""coordinates"":[77.538181,10.367825]}"
639,10,0.3219243586063385,35.953880310058594,2023-08-15,786.42822265625,1,6.0,109.27999877929688,2023-08-15,2023-08-14,35.22542190551758,299.2221374511719,2023-08-16,3.869999885559082,4.166666507720947,2023-08-15,0.40750059485435486,2.0,"{""type"":""Point"",""coordinates"":[77.535025,10.361797]}"
640,10,0.09346091002225876,280.07550048828125,2020-06-30,823.0454711914062,1,6.0,66.19999694824219,2020-06-30,2020-06-29,25.404644012451172,299.3282775878906,2020-07-01,0.04999999701976776,0.0,2020-06-30,0.4135347902774811,2.0,"{""type"":""Point"",""coordinates"":[77.533794,10.361656]}"
641,10,0.3031490445137024,306.94757080078125,2019-02-17,645.93896484375,1,10.0,0.0,2019-02-17,2019-02-16,35.72587203979492,298.7789611816406,2019-02-18,0.6499999761581421,0.0,2019-02-17,0.2446848601102829,3.0,"{""type"":""Point"",""coordinates"":[77.529744,10.362906000000002]}"
642,50,0.2816535234451294,321.6743469238281,2023-09-07,635.8116455078125,1,3.0,36.5099983215332,2023-09-07,2023-09-06,32.40153503417969,298.064453125,2023-09-08,9.949999809265137,12.5,2023-09-07,0.4471823275089264,3.0,"{""type"":""Point"",""coordinates"":[77.530231,10.364092]}"
643,10,0.4285930395126343,137.4671630859375,2023-05-07,353.8392028808594,1,9.0,405.17999267578125,2023-05-07,2023-05-06,3.9720184803009033,298.7259521484375,2023-05-08,3.359999895095825,6.25,2023-05-07,0.3792788088321686,9.0,"{""type"":""Point"",""coordinates"":[76.938889,11.341110999999998]}"
644,10,0.13040438294410706,124.81256103515625,2022-04-17,447.7958068847656,1,2.0,17.200000762939453,2022-04-17,2022-04-16,29.850061416625977,299.51202392578125,2022-04-18,35.75,16.66666603088379,2022-04-17,0.3157978057861328,2.0,"{""type"":""Point"",""coordinates"":[76.935556,11.341111]}"
645,10,0.3004227876663208,167.26206970214844,2022-10-04,540.4959716796875,1,2.0,0.019999999552965164,2022-10-04,2022-10-03,30.656259536743164,297.9603271484375,2022-10-05,3.1999998092651367,2.0833332538604736,2022-10-04,0.35451698303222656,2.0,"{""type"":""Point"",""coordinates"":[76.868144,11.339943]}"
646,10,0.65919429063797,160.70742797851562,2019-03-09,558.310546875,1,3.0,0.0,2019-03-09,2019-03-08,18.174623489379883,300.54193115234375,2019-03-10,3.7699999809265137,8.333333015441895,2019-03-09,0.17643101513385773,3.0,"{""type"":""Point"",""coordinates"":[76.863978,11.339943]}"
647,10,0.3967329263687134,232.57388305664062,2023-09-03,593.419677734375,1,3.0,36.56999969482422,2023-09-03,2023-09-02,33.1181755065918,298.8453063964844,2023-09-04,16.139999389648438,14.583333015441895,2023-09-03,0.3951606750488281,3.0,"{""type"":""Point"",""coordinates"":[76.864811,11.34022]}"
648,10,0.09268493950366974,122.06438446044922,2022-11-10,593.2268676757812,1,3.0,0.0,2022-11-10,2022-11-09,27.827199935913086,296.34326171875,2022-11-11,0.07999999821186066,0.0,2022-11-10,0.363086074590683,3.0,"{""type"":""Point"",""coordinates"":[76.862311,11.340498]}"
649,10,0.2754262387752533,164.7660369873047,2023-03-12,609.4537353515625,1,626.0,0.0,2023-03-12,2023-03-11,28.676504135131836,297.4372253417969,2023-03-13,0.0,0.0,2023-03-12,0.1344738006591797,3.0,"{""type"":""Point"",""coordinates"":[76.860089,11.33772]}"
650,10,0.14127658307552338,220.29660034179688,2023-01-14,651.7369995117188,1,4.0,19.15999984741211,2023-01-14,2023-01-13,26.27150535583496,293.1813659667969,2023-01-15,0.0,0.0,2023-01-14,0.22889010608196259,4.0,"{""type"":""Point"",""coordinates"":[76.857033,11.340776000000002]}"
651,10,0.1465476155281067,255.87388610839844,2020-06-24,645.2855834960938,1,4.0,9.679999351501465,2020-06-24,2020-06-23,27.659423828125,297.6254577636719,2020-06-25,83.5,27.08333396911621,2020-06-24,0.37378057837486267,4.0,"{""type"":""Point"",""coordinates"":[76.857589,11.339387]}"
652,10,0.3308551609516144,202.2972869873047,2019-06-09,705.4411010742188,1,4.0,0.44999998807907104,2019-06-09,2019-06-08,20.283641815185547,301.5209655761719,2019-06-10,2.3499999046325684,4.166666507720947,2019-06-09,0.2278900146484375,1.0,"{""type"":""Point"",""coordinates"":[76.8537,11.339943]}"
653,10,0.005568293388932943,143.65768432617188,2021-12-22,697.99462890625,1,1.0,0.0,2021-12-22,2021-12-21,16.004310607910156,293.2132873535156,2021-12-23,0.0,0.0,2021-12-22,0.3139279782772064,1.0,"{""type"":""Point"",""coordinates"":[76.852589,11.339943]}"
654,10,-0.018758773803710938,93.9672622680664,2021-01-17,650.6170654296875,1,4.0,6.239999771118164,2021-01-17,2021-01-16,24.644603729248047,295.1726379394531,2021-01-18,0.0,0.0,2021-01-17,0.3983440399169922,4.0,"{""type"":""Point"",""coordinates"":[76.855089,11.339665]}"
655,10,0.27589598298072815,268.9641418457031,2022-09-02,731.3140869140625,1,35.0,736.0849609375,2022-09-02,2022-09-01,28.869728088378906,294.53118896484375,2022-09-03,2.809999942779541,6.25,2022-09-02,0.42051759362220764,35.0,"{""type"":""Point"",""coordinates"":[76.849811,11.34022]}"
656,10,0.10951613634824753,120.29306030273438,2021-10-15,834.6893310546875,1,5.0,0.2499999850988388,2021-10-15,2021-10-14,16.397686004638672,294.5583801269531,2021-10-16,0.9300000071525574,2.0833332538604736,2021-10-15,0.42172303795814514,5.0,"{""type"":""Point"",""coordinates"":[76.8437,11.339943]}"
657,10,0.7268428802490234,172.1374053955078,2021-03-04,808.5418090820312,1,555.0,0.0,2021-03-04,2021-03-03,17.724956512451172,294.4532775878906,2021-03-05,0.0,0.0,2021-03-04,0.283740371465683,555.0,"{""type"":""Point"",""coordinates"":[76.839722,11.336667]}"
658,10,0.1440243273973465,189.81326293945312,2020-06-18,772.1896362304688,1,563.0,3102.1298828125,2020-06-18,2020-06-17,30.401660919189453,295.4911193847656,2020-06-19,3.629999876022339,4.166666507720947,2020-06-18,0.4044412076473236,563.0,"{""type"":""Point"",""coordinates"":[76.843333,11.337500000000002]}"
659,10,-0.02622109279036522,182.89356994628906,2022-12-01,835.9521484375,1,555.0,660.0,2022-12-01,2022-11-30,39.4919548034668,293.512451171875,2022-12-02,0.14600001275539398,0.0,2022-12-01,0.38459649682044983,550.0,"{""type"":""Point"",""coordinates"":[76.837222,11.336943999999999]}"
660,10,0.790866494178772,209.64955139160156,2020-04-16,950.3746337890625,1,536.0,0.0,2020-04-16,2020-04-15,30.052703857421875,298.62701416015625,2020-04-17,0.0,0.0,2020-04-16,0.2626310884952545,13.0,"{""type"":""Point"",""coordinates"":[76.832033,11.33772]}"
661,10,0.11497824639081955,75.83816528320312,2023-09-26,1056.1519775390625,1,3.0,91.5,2023-09-26,2023-09-25,35.92908477783203,295.578369140625,2023-09-27,0.3999999761581421,0.0,2023-09-26,0.4164314270019531,3.0,"{""type"":""Point"",""coordinates"":[76.827867,11.338554]}"
662,10,0.3470565974712372,92.81072235107422,2021-05-05,1083.4248046875,1,1.0,0.09999999403953552,2021-05-05,2021-05-04,33.94392395019531,296.8900451660156,2021-05-06,0.0,0.0,2021-05-05,0.3490924835205078,1.0,"{""type"":""Point"",""coordinates"":[76.827033,11.336332000000002]}"
663,10,0.15559467673301697,125.90029907226562,2021-07-07,1032.3538818359375,1,1.0,0.0,2021-07-07,2021-07-06,18.662792205810547,296.4957275390625,2021-07-08,47.04999923706055,29.16666603088379,2021-07-07,0.41683387756347656,1.0,"{""type"":""Point"",""coordinates"":[76.827867,11.336054000000003]}"
664,10,0.2936742305755615,138.68777465820312,2023-05-29,1060.7513427734375,1,1.0,0.1599999964237213,2023-05-29,2023-05-28,24.11377716064453,297.0192565917969,2023-05-30,4.449999809265137,8.333333015441895,2023-05-29,0.39445433020591736,1.0,"{""type"":""Point"",""coordinates"":[76.827778,11.336667]}"
665,10,0.22148792445659637,135.4059295654297,2019-09-11,1109.8701171875,1,500.0,27.84000015258789,2019-09-11,2019-09-10,38.45161056518555,295.569091796875,2019-09-12,47.619998931884766,33.33333206176758,2019-09-11,0.3775348663330078,16.0,"{""type"":""Point"",""coordinates"":[76.821389,11.333889]}"
666,10,8.747120591579005E-5,42.70354461669922,2022-12-26,1118.142333984375,1,16.0,28.639999389648438,2022-12-26,2022-12-25,33.78266143798828,293.1842041015625,2022-12-27,0.0,0.0,2022-12-26,0.3471132814884186,16.0,"{""type"":""Point"",""coordinates"":[76.822222,11.335278]}"
667,10,0.02252557873725891,185.98715209960938,2023-12-20,1103.1611328125,1,1.0,0.04999999701976776,2023-12-20,2023-12-19,24.241727828979492,293.12872314453125,2023-12-21,0.42000001668930054,0.0,2023-12-20,0.4064706265926361,1.0,"{""type"":""Point"",""coordinates"":[76.825922,11.336054000000003]}"
668,10,0.21173124015331268,183.8601837158203,2020-06-27,1168.087646484375,1,16.0,0.0,2020-06-27,2020-06-26,21.733861923217773,295.4281005859375,2020-06-28,0.0,0.0,2020-06-27,0.4128011167049408,16.0,"{""type"":""Point"",""coordinates"":[76.825089,11.337443]}"
669,10,0.14919430017471313,138.88417053222656,2023-01-06,1143.2413330078125,1,3.0,0.0,2023-01-06,2023-01-05,24.88495635986328,291.83306884765625,2023-01-07,0.08999999612569809,0.0,2023-01-06,0.3207111358642578,1.0,"{""type"":""Point"",""coordinates"":[76.825922,11.336886999999999]}"
670,10,0.12022626399993896,178.2768096923828,2023-07-27,1173.64599609375,1,16.0,101.5199966430664,2023-07-27,2023-07-26,29.244253158569336,294.1693115234375,2023-07-28,2.129999876022339,2.0833332538604736,2023-07-27,0.414752334356308,9.0,"{""type"":""Point"",""coordinates"":[76.8237,11.33772]}"
671,10,0.2759987413883209,142.45785522460938,2019-01-21,1300.4068603515625,1,3.0,0.0,2019-01-21,2019-01-20,28.33547592163086,291.168701171875,2019-01-22,0.0,0.0,2019-01-21,0.2568295896053314,3.0,"{""type"":""Point"",""coordinates"":[76.818611,11.336389]}"
672,10,0.09595420211553574,171.5015106201172,2020-01-03,1262.9107666015625,1,3.0,0.0,2020-01-03,2020-01-02,22.15523338317871,293.1771240234375,2020-01-04,0.0,0.0,2020-01-03,0.3578929901123047,3.0,"{""type"":""Point"",""coordinates"":[76.818422,11.335498]}"
673,10,0.0778195858001709,165.59642028808594,2021-09-29,1308.69580078125,1,2.0,0.0,2021-09-29,2021-09-28,26.769746780395508,294.491455078125,2021-09-30,0.2199999988079071,0.0,2021-09-29,0.39675775170326233,2.0,"{""type"":""Point"",""coordinates"":[76.813611,11.334722]}"
674,10,0.0510762557387352,173.7339630126953,2020-08-31,1195.80224609375,1,3.0,45.47999954223633,2020-08-31,2020-08-30,38.62790298461914,296.2904968261719,2020-09-01,64.0199966430664,25.0,2020-08-31,0.3753242492675781,3.0,"{""type"":""Point"",""coordinates"":[76.818422,11.334665]}"
675,10,0.3077909052371979,167.13133239746094,2022-10-14,1163.056884765625,1,16.0,58.16999816894531,2022-10-14,2022-10-13,18.409847259521484,294.8869323730469,2022-10-15,50.16999816894531,35.41666793823242,2022-10-14,0.41948381066322327,3.0,"{""type"":""Point"",""coordinates"":[76.82,11.334167]}"
676,10,0.07596228271722794,238.20460510253906,2019-12-25,910.840576171875,1,12.0,0.11999999731779099,2019-12-25,2019-12-24,26.627399444580078,297.0656433105469,2019-12-26,0.0,0.0,2019-12-25,0.34523454308509827,12.0,"{""type"":""Point"",""coordinates"":[76.627582,10.974536999999998]}"
677,10,0.12203118205070496,272.9206237792969,2020-11-07,849.0335693359375,1,64.0,0.0,2020-11-07,2020-11-06,35.312774658203125,295.8511657714844,2020-11-08,1.659999966621399,2.0833332538604736,2020-11-07,0.4652799069881439,64.0,"{""type"":""Point"",""coordinates"":[76.664311,11.018503]}"
678,10,0.055216263979673386,279.8509216308594,2021-01-22,840.878662109375,1,64.0,0.0,2021-01-22,2021-01-21,21.14848518371582,295.79473876953125,2021-01-23,0.0,0.0,2021-01-22,0.3895244598388672,64.0,"{""type"":""Point"",""coordinates"":[76.664319,11.019092]}"
679,10,0.3533494770526886,328.74713134765625,2019-01-31,832.1497802734375,1,69.0,165.75999450683594,2019-01-31,2019-01-30,17.593013763427734,295.9593200683594,2019-02-01,0.0,0.0,2019-01-31,0.29539361596107483,64.0,"{""type"":""Point"",""coordinates"":[76.665867,11.020853]}"
680,10,0.10041879117488861,285.656005859375,2021-07-11,855.416748046875,1,64.0,1696.0,2021-07-11,2021-07-10,19.79449462890625,294.2727966308594,2021-07-12,33.45000076293945,47.91666793823242,2021-07-11,0.4862607419490814,64.0,"{""type"":""Point"",""coordinates"":[76.664061,11.017189]}"
681,10,0.6985655426979065,304.6120300292969,2019-03-16,877.0740356445312,1,72.0,0.0,2019-03-16,2019-03-15,21.47506332397461,298.9393005371094,2019-03-17,0.0,0.0,2019-03-16,0.28519248962402344,72.0,"{""type"":""Point"",""coordinates"":[76.661681,11.027735999999999]}"
682,30,0.01210774015635252,61.75220489501953,2022-07-30,870.9500732421875,1,72.0,6.439999580383301,2022-07-30,2022-07-29,14.581501960754395,296.4385070800781,2022-07-31,15.029999732971191,14.583333015441895,2022-07-30,0.472381591796875,1.0,"{""type"":""Point"",""coordinates"":[76.662803,11.027631000000001]}"
683,10,0.22097378969192505,281.00506591796875,2023-11-14,858.8644409179688,1,69.0,1.3799999952316284,2023-11-14,2023-11-13,31.227783203125,295.64752197265625,2023-11-15,0.4599999785423279,0.0,2023-11-14,0.4482968747615814,69.0,"{""type"":""Point"",""coordinates"":[76.66614200000001,11.024278000000002]}"
684,10,0.20421212911605835,64.03280639648438,2021-12-25,803.0728149414062,1,85.0,0.0,2021-12-25,2021-12-24,18.022945404052734,294.2450256347656,2021-12-26,0.0,0.0,2021-12-25,0.327160507440567,1.0,"{""type"":""Point"",""coordinates"":[76.657797,11.033492000000003]}"
685,10,0.04273384064435959,12.953268051147461,2020-08-13,790.3141479492188,1,81.0,2.9800000190734863,2020-08-13,2020-08-12,24.233779907226562,295.65386962890625,2020-08-14,2.5799999237060547,6.25,2020-08-13,0.45917510986328125,1.0,"{""type"":""Point"",""coordinates"":[76.656672,11.033892000000002]}"
686,10,0.29964980483055115,6.545686721801758,2020-12-08,815.0897827148438,1,81.0,7.639999866485596,2020-12-08,2020-12-07,25.495101928710938,294.36529541015625,2020-12-09,11.579999923706055,14.583333015441895,2020-12-08,0.4693336486816406,1.0,"{""type"":""Point"",""coordinates"":[76.656164,11.033667000000001]}"
687,10,0.23780091106891632,9.796181678771973,2021-05-31,865.82568359375,1,1.0,0.0,2021-05-31,2021-05-30,11.60184383392334,296.8609619140625,2021-06-01,0.0,0.0,2021-05-31,0.4470176696777344,1.0,"{""type"":""Point"",""coordinates"":[76.653756,11.034749999999999]}"
688,10,0.6349521279335022,65.87297058105469,2021-02-21,861.0825805664062,1,81.0,5.110000133514404,2021-02-21,2021-02-20,22.69384765625,296.3608093261719,2021-02-22,1.2399998903274536,2.0833332538604736,2021-02-21,0.2769235074520111,1.0,"{""type"":""Point"",""coordinates"":[76.653478,11.031553]}"
689,10,0.3957747220993042,356.6249084472656,2023-02-05,825.051513671875,1,81.0,0.0,2023-02-05,2023-02-04,17.617353439331055,296.1902160644531,2023-02-06,0.0,0.0,2023-02-05,0.2874787747859955,81.0,"{""type"":""Point"",""coordinates"":[76.657136,11.032022]}"
690,10,0.035492103546857834,61.0721321105957,2020-07-06,697.7987670898438,1,38.0,34.34000015258789,2020-07-06,2020-07-05,27.999006271362305,295.7727966308594,2020-07-07,32.61000061035156,29.16666603088379,2020-07-06,0.5053170323371887,2.0,"{""type"":""Point"",""coordinates"":[76.626281,11.024856000000002]}"
691,10,0.5275885462760925,47.831295013427734,2020-03-21,660.3026123046875,1,38.0,1261.97998046875,2020-03-21,2020-03-20,24.428958892822266,299.7376708984375,2020-03-22,0.0,0.0,2020-03-21,0.34450531005859375,38.0,"{""type"":""Point"",""coordinates"":[76.626261,11.026083000000002]}"
692,10,0.11520542949438095,355.41180419921875,2021-07-29,646.4928588867188,1,11.0,0.0,2021-07-29,2021-07-28,27.76460075378418,296.245361328125,2021-07-30,1.7599999904632568,2.0833332538604736,2021-07-29,0.47394371032714844,11.0,"{""type"":""Point"",""coordinates"":[76.639231,11.043378]}"
693,10,0.18533217906951904,310.11956787109375,2020-01-14,628.8521728515625,1,15.0,0.0,2020-01-14,2020-01-13,2.9704625606536865,296.4064025878906,2020-01-15,0.0,0.0,2020-01-14,0.1964397430419922,15.0,"{""type"":""Point"",""coordinates"":[76.640972,11.0755]}"
694,10,0.6980598568916321,334.6943054199219,2020-03-06,614.407470703125,1,15.0,0.0,2020-03-06,2020-03-05,6.4485039710998535,298.1009826660156,2020-03-07,0.0,0.0,2020-03-06,0.37189292907714844,15.0,"{""type"":""Point"",""coordinates"":[76.639056,11.077222]}"
695,10,0.6844950914382935,167.5789794921875,2019-06-02,625.1729736328125,1,15.0,4.394999980926514,2019-06-02,2019-06-01,20.059110641479492,298.1505432128906,2019-06-03,33.81999969482422,25.0,2019-06-02,0.44602712988853455,15.0,"{""type"":""Point"",""coordinates"":[76.639,11.077832999999998]}"
696,10,0.5482993125915527,352.9607238769531,2023-05-18,613.4758911132812,1,15.0,149.54998779296875,2023-05-18,2023-05-17,10.783581733703613,298.7223205566406,2023-05-19,0.8299999833106995,0.0,2023-05-18,0.41794395446777344,15.0,"{""type"":""Point"",""coordinates"":[76.640694,11.077832999999998]}"
697,10,0.14155519008636475,322.0752258300781,2022-07-09,612.0780029296875,1,20.0,707.2000122070312,2022-07-09,2022-07-08,21.95694351196289,294.5513610839844,2022-07-10,104.43000030517578,72.91666412353516,2022-07-09,0.45066705346107483,20.0,"{""type"":""Point"",""coordinates"":[76.644806,11.081139]}"
698,10,0.46604588627815247,224.55235290527344,2019-10-14,658.3143310546875,1,2.0,63.73999786376953,2019-10-14,2019-10-13,14.526622772216797,296.7658996582031,2019-10-15,43.5,20.83333396911621,2019-10-14,0.45908355712890625,2.0,"{""type"":""Point"",""coordinates"":[76.644222,11.078111]}"
699,10,0.39359191060066223,320.1861877441406,2023-02-11,618.0684204101562,1,20.0,0.0,2023-02-11,2023-02-10,22.87925148010254,296.76763916015625,2023-02-12,0.0,0.0,2023-02-11,0.21751467883586884,20.0,"{""type"":""Point"",""coordinates"":[76.642833,11.079833000000002]}"
700,10,0.27536994218826294,327.126953125,2019-12-12,615.4437866210938,1,15.0,0.0,2019-12-12,2019-12-11,22.529399871826172,295.66552734375,2019-12-13,0.0,0.0,2019-12-12,0.33546891808509827,2.0,"{""type"":""Point"",""coordinates"":[76.641944,11.078167]}"
701,10,0.6257551908493042,9.998930931091309,2019-01-24,607.8261108398438,1,15.0,0.0,2019-01-24,2019-01-23,12.121846199035645,296.3973083496094,2019-01-25,0.0,0.0,2019-01-24,0.18166542053222656,15.0,"{""type"":""Point"",""coordinates"":[76.641556,11.078111]}"
702,10,0.1760418713092804,249.39105224609375,2021-09-22,643.064208984375,1,15.0,17.69999885559082,2021-09-22,2021-09-21,27.270950317382812,296.8409118652344,2021-09-23,0.4699999690055847,0.0,2021-09-22,0.44332948327064514,15.0,"{""type"":""Point"",""coordinates"":[76.641167,11.076611000000002]}"
703,10,0.593882143497467,238.61575317382812,2023-04-24,651.3331298828125,1,15.0,215.25,2023-04-24,2023-04-23,25.338970184326172,298.97943115234375,2023-04-25,12.25999927520752,14.583333015441895,2023-04-24,0.4095102846622467,15.0,"{""type"":""Point"",""coordinates"":[76.641472,11.076167]}"
704,10,0.19147814810276031,178.6322784423828,2023-10-20,666.9595947265625,1,15.0,0.0,2023-10-20,2023-10-19,23.679393768310547,296.7779235839844,2023-10-21,0.0,0.0,2023-10-20,0.4487171173095703,2.0,"{""type"":""Point"",""coordinates"":[76.641972,11.075972]}"
705,10,0.10841391980648041,178.6322784423828,2019-07-28,666.9595947265625,1,15.0,28.779998779296875,2019-07-28,2019-07-27,23.679393768310547,295.7641296386719,2019-07-29,0.1599999964237213,0.0,2019-07-28,0.4458242952823639,2.0,"{""type"":""Point"",""coordinates"":[76.642083,11.076278]}"
706,10,0.227566659450531,178.6322784423828,2021-02-05,666.9595947265625,1,15.0,0.0,2021-02-05,2021-02-04,23.679393768310547,296.5314636230469,2021-02-06,0.0,0.0,2021-02-05,0.2227935791015625,2.0,"{""type"":""Point"",""coordinates"":[76.642111,11.076194]}"
707,10,0.34598079323768616,336.71893310546875,2019-02-06,671.4946899414062,1,2.0,0.0,2019-02-06,2019-02-05,14.095099449157715,298.05255126953125,2019-02-07,0.0,0.0,2019-02-06,0.18716685473918915,2.0,"{""type"":""Point"",""coordinates"":[76.643944,11.076028]}"
708,10,0.6708455681800842,336.7286071777344,2020-11-20,710.3853759765625,1,1.0,1.0799999237060547,2020-11-20,2020-11-19,18.959617614746094,296.0183410644531,2020-11-21,0.5899999737739563,2.0833332538604736,2020-11-20,0.437389999628067,1.0,"{""type"":""Point"",""coordinates"":[76.642528,11.07025]}"
709,10,0.06638859957456589,223.7854461669922,2019-09-19,687.3564453125,1,2.0,9.579999923706055,2019-09-19,2019-09-18,10.47749137878418,295.6415100097656,2019-09-20,11.84000015258789,20.83333396911621,2019-09-19,0.4474729001522064,1.0,"{""type"":""Point"",""coordinates"":[76.641583,11.070917]}"
710,10,0.7689992189407349,315.9141540527344,2019-01-27,693.6137084960938,1,2.0,0.0,2019-01-27,2019-01-26,9.978469848632812,297.2314758300781,2019-01-28,0.0,0.0,2019-01-27,0.18368403613567352,1.0,"{""type"":""Point"",""coordinates"":[76.641556,11.070167000000001]}"
711,10,0.05495181679725647,340.372802734375,2019-08-09,687.5079956054688,1,2.0,323.32000732421875,2019-08-09,2019-08-08,6.646943092346191,294.7528381347656,2019-08-10,116.07999420166016,68.75,2019-08-09,0.4632225036621094,1.0,"{""type"":""Point"",""coordinates"":[76.641389,11.070667]}"
712,10,0.1672113686800003,313.63494873046875,2022-10-03,664.8377685546875,1,2.0,10.359999656677246,2022-10-03,2022-10-02,19.10016632080078,295.9394226074219,2022-10-04,1.559999942779541,2.0833332538604736,2022-10-03,0.3996734619140625,2.0,"{""type"":""Point"",""coordinates"":[76.640861,11.072083000000001]}"
713,10,0.3609197735786438,152.7698211669922,2020-10-30,630.0051879882812,1,9.0,0.0,2020-10-30,2020-10-29,22.542089462280273,297.1751708984375,2020-10-31,0.0,0.0,2020-10-30,0.4624265134334564,9.0,"{""type"":""Point"",""coordinates"":[76.652389,11.066278]}"
714,10,0.44227439165115356,130.70635986328125,2019-03-01,583.8187255859375,1,506.0,0.0,2019-03-01,2019-02-28,33.3293342590332,300.1458435058594,2019-03-02,0.010000000707805157,0.0,2019-03-01,0.2346445769071579,2.0,"{""type"":""Point"",""coordinates"":[76.65413900000001,11.067333]}"
715,10,0.24008069932460785,130.63058471679688,2019-10-13,601.083984375,1,506.0,107.72000122070312,2019-10-13,2019-10-12,35.14847946166992,297.6682434082031,2019-10-14,31.869998931884766,20.83333396911621,2019-10-13,0.46923765540122986,2.0,"{""type"":""Point"",""coordinates"":[76.653944,11.067167000000001]}"
716,10,0.5915815830230713,112.70301818847656,2019-05-29,601.653564453125,1,2.0,121.19999694824219,2019-05-29,2019-05-28,31.211383819580078,300.6892395019531,2019-05-30,11.859999656677246,12.5,2019-05-29,0.4372825622558594,2.0,"{""type"":""Point"",""coordinates"":[76.653306,11.070222]}"
717,10,0.15074564516544342,106.67373657226562,2020-08-30,580.8682861328125,1,506.0,0.0,2020-08-30,2020-08-29,22.578025817871094,297.9615478515625,2020-08-31,8.819999694824219,8.333333015441895,2020-08-30,0.4062875211238861,2.0,"{""type"":""Point"",""coordinates"":[76.653567,11.069943999999998]}"
718,10,0.5164443254470825,99.26299285888672,2019-03-30,594.7718505859375,1,2.0,0.0,2019-03-30,2019-03-29,28.564319610595703,303.4785461425781,2019-03-31,0.0,0.0,2019-03-30,0.21745936572551727,2.0,"{""type"":""Point"",""coordinates"":[76.653333,11.069694]}"
719,10,0.3451927602291107,5.350919246673584,2021-12-31,553.7166137695312,1,533.0,0.0,2021-12-31,2021-12-30,22.3116512298584,296.08001708984375,2022-01-01,0.0,0.0,2021-12-31,0.22691281139850616,533.0,"{""type"":""Point"",""coordinates"":[76.658361,11.071614]}"
720,10,0.5492063760757446,130.84532165527344,2019-04-19,568.6810302734375,1,3.0,164.39999389648438,2019-04-19,2019-04-18,22.143016815185547,301.2287902832031,2019-04-20,64.94999694824219,14.583333015441895,2019-04-19,0.441009521484375,3.0,"{""type"":""Point"",""coordinates"":[76.655056,11.071944]}"
721,10,0.36006733775138855,277.54144287109375,2021-09-24,576.10595703125,1,3.0,49.88999938964844,2021-09-24,2021-09-23,10.543639183044434,296.75689697265625,2021-09-25,83.98999786376953,35.41666793823242,2021-09-24,0.44097962975502014,3.0,"{""type"":""Point"",""coordinates"":[76.647694,11.084028000000002]}"
722,10,0.12533219158649445,142.22015380859375,2021-12-13,597.9202880859375,1,540.0,707.3999633789062,2021-12-13,2021-12-12,30.485353469848633,295.9097900390625,2021-12-14,1.1799999475479126,0.0,2021-12-13,0.4020474851131439,540.0,"{""type"":""Point"",""coordinates"":[76.661444,11.078278000000001]}"
723,10,0.07569291442632675,142.77764892578125,2021-02-07,577.5152587890625,1,540.0,0.0,2021-02-07,2021-02-06,30.3068790435791,297.5899658203125,2021-02-08,0.0,0.0,2021-02-07,0.21893310546875,540.0,"{""type"":""Point"",""coordinates"":[76.659667,11.077361]}"
724,10,0.26231831312179565,128.2648162841797,2023-09-21,587.135498046875,1,657.0,414.1999816894531,2023-09-21,2023-09-20,31.883182525634766,297.3369445800781,2023-09-22,2.509999990463257,2.0833332538604736,2023-09-21,0.45775094628334045,545.0,"{""type"":""Point"",""coordinates"":[76.663083,11.082806]}"
725,10,0.2688951790332794,87.30615997314453,2023-08-07,552.89501953125,1,545.0,299.75,2023-08-07,2023-08-06,23.962799072265625,298.1793518066406,2023-08-08,0.0,0.0,2023-08-07,0.34687742590904236,545.0,"{""type"":""Point"",""coordinates"":[76.662917,11.081055999999998]}"
726,10,0.36014512181282043,68.5573959350586,2023-08-19,805.5223388671875,1,12.0,0.0,2023-08-19,2023-08-18,13.005683898925781,297.0576171875,2023-08-20,15.710000038146973,18.75,2023-08-19,0.4239228665828705,11.0,"{""type"":""Point"",""coordinates"":[76.662889,11.038603]}"
727,10,0.5276749730110168,232.14830017089844,2023-01-26,788.5004272460938,1,11.0,0.0,2023-01-26,2023-01-25,20.323495864868164,295.4667053222656,2023-01-27,0.0,0.0,2023-01-26,0.30273565649986267,11.0,"{""type"":""Point"",""coordinates"":[76.663894,11.039831]}"
728,10,0.2510759234428406,258.4502868652344,2022-05-24,844.8723754882812,1,6.0,0.0,2022-05-24,2022-05-23,17.87987518310547,296.2944030761719,2022-05-25,0.0,0.0,2022-05-24,0.4771658480167389,6.0,"{""type"":""Point"",""coordinates"":[76.675072,11.040533]}"
729,10,0.3133511543273926,303.7623596191406,2022-05-08,887.4742431640625,1,6.0,167.87998962402344,2022-05-08,2022-05-07,20.45870018005371,298.08172607421875,2022-05-09,75.25999450683594,22.91666603088379,2022-05-08,0.43921852111816406,2.0,"{""type"":""Point"",""coordinates"":[76.67454200000002,11.038639]}"
730,10,0.10694564878940582,256.9294738769531,2019-09-14,824.5750732421875,1,9.0,173.42999267578125,2019-09-14,2019-09-13,12.88308048248291,296.9287109375,2019-09-15,2.8899998664855957,6.25,2019-09-14,0.484027236700058,9.0,"{""type"":""Point"",""coordinates"":[76.686006,11.054544]}"
731,30,0.42659348249435425,323.279296875,2021-01-03,747.0718383789062,1,1.0,0.4699999988079071,2021-01-03,2021-01-02,29.303922653198242,295.38116455078125,2021-01-04,2.2100000381469727,2.0833332538604736,2021-01-03,0.30243363976478577,1.0,"{""type"":""Point"",""coordinates"":[76.676211,11.078136000000002]}"
732,10,0.28034377098083496,259.1152648925781,2021-07-14,799.3236694335938,1,2.0,22.939998626708984,2021-07-14,2021-07-13,16.608495712280273,295.7574462890625,2021-07-15,35.93000030517578,39.58333206176758,2021-07-14,0.49363264441490173,1.0,"{""type"":""Point"",""coordinates"":[76.696414,11.090833000000002]}"
733,10,0.12029097974300385,169.20196533203125,2020-10-15,576.6331787109375,1,94.0,0.0,2020-10-15,2020-10-14,7.20659065246582,295.2347717285156,2020-10-16,0.0,0.0,2020-10-15,0.4427909851074219,94.0,"{""type"":""Point"",""coordinates"":[76.629497,11.087961000000002]}"
734,10,0.09770772606134415,139.64573669433594,2022-01-17,850.9392700195312,1,54.0,0.0,2022-01-17,2022-01-16,28.52695655822754,293.7640686035156,2022-01-18,0.0,0.0,2022-01-17,0.20700199902057648,2.0,"{""type"":""Point"",""coordinates"":[76.644386,11.184089]}"
735,10,0.17117498815059662,180.9617156982422,2020-03-22,1760.85693359375,1,1.0,0.7999999523162842,2020-03-22,2020-03-21,28.660232543945312,296.1219482421875,2020-03-23,0.0,0.0,2020-03-22,0.2452106475830078,1.0,"{""type"":""Point"",""coordinates"":[76.64500000000001,11.210556]}"
736,10,0.008069366216659546,159.5089111328125,2019-10-16,1767.5111083984375,1,1.0,31.739999771118164,2019-10-16,2019-10-15,27.461278915405273,294.1846923828125,2019-10-17,77.94999694824219,45.83333206176758,2019-10-16,0.42120423913002014,1.0,"{""type"":""Point"",""coordinates"":[76.644722,11.210556]}"
737,10,0.049734991043806076,178.32672119140625,2021-10-02,1817.84814453125,1,1.0,51.67499923706055,2021-10-02,2021-10-01,28.8675594329834,294.0149841308594,2021-10-03,58.37999725341797,29.16666603088379,2021-10-02,0.4235471189022064,1.0,"{""type"":""Point"",""coordinates"":[76.643889,11.211389]}"
738,10,0.08704610168933868,159.7966766357422,2020-10-11,1976.3223876953125,1,4.0,47.02000045776367,2020-10-11,2020-10-10,50.90822219848633,293.2472229003906,2020-10-12,6.319999694824219,10.416666984558105,2020-10-11,0.4236361086368561,2.0,"{""type"":""Point"",""coordinates"":[76.629167,11.211110999999999]}"
739,10,0.047579724341630936,141.9003143310547,2021-12-29,2078.918701171875,1,1.0,0.0,2021-12-29,2021-12-28,17.84061622619629,291.99920654296875,2021-12-30,0.0,0.0,2021-12-29,0.25330987572669983,1.0,"{""type"":""Point"",""coordinates"":[76.626111,11.213332999999999]}"
740,10,0.14199243485927582,147.55105590820312,2020-06-06,1870.1763916015625,1,4.0,15.919999122619629,2020-06-06,2020-06-05,26.34676742553711,294.72259521484375,2020-06-07,73.41999816894531,56.25,2020-06-06,0.3997650146484375,4.0,"{""type"":""Point"",""coordinates"":[76.625278,11.233611000000002]}"
741,10,0.36969897150993347,345.8238525390625,2020-01-09,1462.7310791015625,1,67.0,0.0,2020-01-09,2020-01-08,23.352252960205078,293.60650634765625,2020-01-10,0.09999999403953552,0.0,2020-01-09,0.2588094174861908,67.0,"{""type"":""Point"",""coordinates"":[76.634722,11.229722]}"
742,30,0.07530030608177185,351.472412109375,2020-08-28,1506.1700439453125,1,67.0,4.079999923706055,2020-08-28,2020-08-27,37.360504150390625,294.7987976074219,2020-08-29,0.0,0.0,2020-08-28,0.37257513403892517,4.0,"{""type"":""Point"",""coordinates"":[76.63555600000001,11.229167]}"
743,30,0.06262117624282837,166.3775634765625,2023-12-25,1666.8193359375,1,2.0,0.0,2023-12-25,2023-12-24,20.106124877929688,295.13812255859375,2023-12-26,0.0,0.0,2023-12-25,0.34344419836997986,1.0,"{""type"":""Point"",""coordinates"":[76.679189,11.216442]}"
744,10,0.18847571313381195,172.8656005859375,2021-09-21,644.7568969726562,1,1.0,1.6799999475479126,2021-09-21,2021-09-20,28.644075393676758,298.26361083984375,2021-09-22,2.109999895095825,2.0833332538604736,2021-09-21,0.4704863131046295,1.0,"{""type"":""Point"",""coordinates"":[76.781,11.209639]}"
745,10,0.26757392287254333,201.8265838623047,2020-11-03,539.0462036132812,1,3.0,117.23999786376953,2020-11-03,2020-11-02,28.894317626953125,298.43121337890625,2020-11-04,14.429999351501465,14.583333015441895,2020-11-03,0.43279075622558594,3.0,"{""type"":""Point"",""coordinates"":[76.785,11.208332999999998]}"
746,10,0.20891454815864563,132.31573486328125,2022-04-24,554.3960571289062,1,3.0,170.0399932861328,2022-04-24,2022-04-23,28.37814712524414,300.5115661621094,2022-04-25,0.04999999701976776,0.0,2022-04-24,0.3741722106933594,3.0,"{""type"":""Point"",""coordinates"":[76.786222,11.208889000000003]}"
747,10,0.18281738460063934,112.04586029052734,2023-09-11,599.4766235351562,1,3.0,16.260000228881836,2023-09-11,2023-09-10,26.902694702148438,297.8822021484375,2023-09-12,22.69999885559082,20.83333396911621,2023-09-11,0.478954941034317,3.0,"{""type"":""Point"",""coordinates"":[76.785861,11.210638999999999]}"
748,10,0.20580194890499115,338.0148010253906,2022-06-08,1528.8792724609375,1,6.0,0.9800000190734863,2022-06-08,2022-06-07,17.447534561157227,296.02630615234375,2022-06-09,25.31999969482422,12.5,2022-06-08,0.4077237546443939,2.0,"{""type"":""Point"",""coordinates"":[76.790556,11.325833]}"
749,10,0.09568435698747635,318.33294677734375,2021-01-31,1542.572998046875,1,6.0,0.6799999475479126,2021-01-31,2021-01-30,20.392404556274414,292.85186767578125,2021-02-01,0.0,0.0,2021-01-31,0.333160400390625,2.0,"{""type"":""Point"",""coordinates"":[76.790833,11.325556]}"
750,10,0.20910103619098663,335.363525390625,2022-08-31,1603.353271484375,1,6.0,296.03997802734375,2022-08-31,2022-08-30,35.35319519042969,295.455810546875,2022-09-01,19.34000015258789,22.91666603088379,2022-08-31,0.4170290529727936,6.0,"{""type"":""Point"",""coordinates"":[76.790278,11.324444]}"
751,30,0.12125658243894577,322.12371826171875,2020-09-13,1678.30224609375,1,6.0,82.26000213623047,2020-09-13,2020-09-12,27.450857162475586,293.72259521484375,2020-09-14,48.099998474121094,64.58333587646484,2020-09-13,0.4248898923397064,6.0,"{""type"":""Point"",""coordinates"":[76.791389,11.323611000000001]}"
752,10,0.08590161055326462,15.145304679870605,2019-01-04,1618.2584228515625,1,7.0,0.0,2019-01-04,2019-01-03,29.858060836791992,290.3899230957031,2019-01-05,0.0,0.0,2019-01-04,0.3319784700870514,2.0,"{""type"":""Point"",""coordinates"":[76.793056,11.324444]}"
753,30,0.21602044999599457,351.9420166015625,2023-08-21,1494.7960205078125,1,7.0,2.240000009536743,2023-08-21,2023-08-20,17.962060928344727,296.31927490234375,2023-08-22,0.0,0.0,2023-08-21,0.34224700927734375,7.0,"{""type"":""Point"",""coordinates"":[76.793889,11.327500000000002]}"
754,10,0.20761939883232117,37.044593811035156,2023-01-22,1412.498291015625,1,480.0,0.0,2023-01-22,2023-01-21,31.233060836791992,291.6055908203125,2023-01-23,1.5199999809265137,0.0,2023-01-22,0.26005998253822327,8.0,"{""type"":""Point"",""coordinates"":[76.80389,11.327219999999999]}"
755,10,0.6289728879928589,28.254989624023438,2023-04-09,1404.9639892578125,1,480.0,0.0,2023-04-09,2023-04-08,31.731975555419922,296.4383239746094,2023-04-10,0.0,0.0,2023-04-09,0.29832586646080017,480.0,"{""type"":""Point"",""coordinates"":[76.804167,11.327222]}"
756,10,0.20208045840263367,60.390846252441406,2022-05-31,1391.95458984375,1,480.0,3883.199951171875,2022-05-31,2022-05-30,16.08098030090332,296.6475524902344,2022-06-01,13.309999465942383,10.416666984558105,2022-05-31,0.38998666405677795,480.0,"{""type"":""Point"",""coordinates"":[76.804167,11.327778]}"
757,10,0.38242945075035095,45.810123443603516,2022-02-03,1412.331787109375,1,8.0,0.3999999761581421,2022-02-03,2022-02-02,21.626502990722656,293.76092529296875,2022-02-04,0.04999999701976776,0.0,2022-02-03,0.2912991940975189,8.0,"{""type"":""Point"",""coordinates"":[76.801111,11.328333]}"
758,10,0.0831926241517067,13.435664176940918,2021-10-12,1503.091796875,1,5.0,186.4499969482422,2021-10-12,2021-10-11,18.614715576171875,294.7593688964844,2021-10-13,14.709999084472656,22.91666603088379,2021-10-12,0.424517959356308,5.0,"{""type"":""Point"",""coordinates"":[76.798333,11.326389000000002]}"
759,10,0.2842916250228882,140.59242248535156,2022-04-23,1529.545654296875,1,251.0,20.079999923706055,2022-04-23,2022-04-22,25.223350524902344,297.84149169921875,2022-04-24,41.37999725341797,37.5,2022-04-23,0.33606910705566406,251.0,"{""type"":""Point"",""coordinates"":[76.798056,11.332222]}"
760,10,0.7978141903877258,109.26233673095703,2021-04-02,1594.72705078125,1,217.0,0.09100000560283661,2021-04-02,2021-04-01,31.943761825561523,299.10968017578125,2021-04-03,0.0,0.0,2021-04-02,0.19700177013874054,1.0,"{""type"":""Point"",""coordinates"":[76.799722,11.334722]}"
761,10,0.1271315962076187,99.99761962890625,2020-08-15,1417.618896484375,1,469.0,998.969970703125,2020-08-15,2020-08-14,8.433553695678711,295.6885986328125,2020-08-16,0.0,0.0,2020-08-15,0.38790765404701233,469.0,"{""type"":""Point"",""coordinates"":[76.800556,11.330278000000002]}"
762,10,-0.029692381620407104,112.7798080444336,2021-11-06,1363.626220703125,1,484.0,8136.0400390625,2021-11-06,2021-11-05,35.04429244995117,294.0616760253906,2021-11-07,36.02000045776367,35.41666793823242,2021-11-06,0.42351850867271423,484.0,"{""type"":""Point"",""coordinates"":[76.808611,11.330833]}"
763,10,0.08425537496805191,103.96890258789062,2019-11-14,1389.6103515625,1,484.0,629.2000122070312,2019-11-14,2019-11-13,35.2629280090332,293.7895812988281,2019-11-15,0.0,0.0,2019-11-14,0.3931903839111328,484.0,"{""type"":""Point"",""coordinates"":[76.80842200000001,11.331609000000002]}"
764,10,0.5586874485015869,311.6267395019531,2019-03-25,1683.700439453125,1,1.0,0.0,2019-03-25,2019-03-24,17.236221313476562,298.2701721191406,2019-03-26,0.0,0.0,2019-03-25,0.19756507873535156,1.0,"{""type"":""Point"",""coordinates"":[76.801667,11.338889]}"
765,10,0.26882898807525635,82.68954467773438,2021-04-28,1683.4598388671875,1,213.0,658.1699829101562,2021-04-28,2021-04-27,28.363676071166992,297.9950256347656,2021-04-29,0.11999999731779099,0.0,2021-04-28,0.3377755582332611,213.0,"{""type"":""Point"",""coordinates"":[76.798422,11.338554]}"
766,10,0.44896015524864197,102.7293701171875,2023-05-09,1686.686279296875,1,213.0,4500.68994140625,2023-05-09,2023-05-08,22.661035537719727,295.9552001953125,2023-05-10,4.069999694824219,6.25,2023-05-09,0.4081306457519531,213.0,"{""type"":""Point"",""coordinates"":[76.797778,11.340278000000001]}"
767,10,0.3136745095252991,62.73116683959961,2021-04-30,1682.3154296875,1,213.0,958.5,2021-04-30,2021-04-29,23.018898010253906,298.26922607421875,2021-05-01,1.3199999332427979,2.0833332538604736,2021-04-30,0.3199971616268158,213.0,"{""type"":""Point"",""coordinates"":[76.797867,11.341054]}"
768,10,0.7544334530830383,79.37481689453125,2019-03-01,1730.643310546875,1,213.0,0.0,2019-03-01,2019-02-28,23.64751625061035,295.8199157714844,2019-03-02,9.75,4.166666507720947,2019-03-01,0.28953108191490173,213.0,"{""type"":""Point"",""coordinates"":[76.796667,11.340555999999998]}"
769,10,0.188472181558609,110.8028793334961,2022-06-27,1713.2149658203125,1,213.0,0.0,2022-06-27,2022-06-26,17.745697021484375,295.5495300292969,2022-06-28,0.6800000071525574,0.0,2022-06-27,0.4025205075740814,213.0,"{""type"":""Point"",""coordinates"":[76.797222,11.340278000000001]}"
770,10,0.7102015018463135,175.71920776367188,2019-05-08,1502.567626953125,1,251.0,7.46999979019165,2019-05-08,2019-05-07,16.867237091064453,299.4624328613281,2019-05-09,1.4700000286102295,4.166666507720947,2019-05-08,0.22204144299030304,249.0,"{""type"":""Point"",""coordinates"":[76.795,11.330833]}"
771,10,0.3364422023296356,214.76954650878906,2023-09-26,1506.8905029296875,1,249.0,4716.06005859375,2023-09-26,2023-09-25,12.464710235595703,295.578369140625,2023-09-27,7.659999847412109,14.583333015441895,2023-09-26,0.4164314270019531,249.0,"{""type"":""Point"",""coordinates"":[76.793889,11.331389000000001]}"
772,30,0.3552022874355316,225.53021240234375,2019-01-20,1496.4893798828125,1,249.0,0.0,2019-01-20,2019-01-19,10.697373390197754,291.7422180175781,2019-01-21,0.0,0.0,2019-01-20,0.26036199927330017,240.0,"{""type"":""Point"",""coordinates"":[76.791667,11.332500000000001]}"
773,10,0.22584331035614014,184.24501037597656,2020-10-10,1525.1502685546875,1,249.0,12352.8896484375,2020-10-10,2020-10-09,27.54178810119629,295.33428955078125,2020-10-11,28.389999389648438,35.41666793823242,2020-10-10,0.4203147888183594,249.0,"{""type"":""Point"",""coordinates"":[76.793978,11.33272]}"
774,30,0.16404162347316742,180.9438018798828,2019-07-19,1568.69677734375,1,1.0,33.61000061035156,2019-07-19,2019-07-18,21.028291702270508,295.7116394042969,2019-07-20,23.69999885559082,37.5,2019-07-19,0.4176248013973236,1.0,"{""type"":""Point"",""coordinates"":[76.793333,11.334444]}"
775,10,0.12342364341020584,3.4131720066070557,2022-11-12,1562.8314208984375,1,240.0,31641.599609375,2022-11-12,2022-11-11,30.71072769165039,292.69268798828125,2022-11-13,72.97999572753906,45.83333206176758,2022-11-12,0.4097862243652344,240.0,"{""type"":""Point"",""coordinates"":[76.788889,11.330278000000002]}"
776,10,0.12196291238069534,70.72743225097656,2020-08-26,1521.1533203125,1,240.0,0.0,2020-08-26,2020-08-25,16.256540298461914,296.236572265625,2020-08-27,3.9699997901916504,6.25,2020-08-26,0.4023094177246094,240.0,"{""type"":""Point"",""coordinates"":[76.7875,11.331389000000001]}"
777,50,0.3536287248134613,81.31539154052734,2023-03-27,1536.46923828125,1,240.0,10.960000038146973,2023-03-27,2023-03-26,7.07953405380249,296.3199768066406,2023-03-28,0.0,0.0,2023-03-27,0.3518390655517578,1.0,"{""type"":""Point"",""coordinates"":[76.786667,11.331389]}"
778,10,0.03760002180933952,178.8577423095703,2023-07-30,1500.2283935546875,1,240.0,143.99998474121094,2023-07-30,2023-07-29,10.817249298095703,295.96612548828125,2023-07-31,0.0,0.0,2023-07-30,0.39212164282798767,240.0,"{""type"":""Point"",""coordinates"":[76.787778,11.332500000000003]}"
779,10,0.7304097414016724,7.221307754516602,2020-05-08,1595.0557861328125,1,2.0,0.0,2020-05-08,2020-05-07,31.486576080322266,299.4342041015625,2020-05-09,0.0,0.0,2020-05-08,0.252063125371933,2.0,"{""type"":""Point"",""coordinates"":[76.779167,11.332222]}"
780,10,0.1890389770269394,32.4384880065918,2020-03-05,1544.078125,1,225.0,3.059999942779541,2020-03-05,2020-03-04,22.98444175720215,295.5289306640625,2020-03-06,0.0,0.0,2020-03-05,0.3577798306941986,2.0,"{""type"":""Point"",""coordinates"":[76.7825,11.332778]}"
781,10,0.5163976550102234,20.650833129882812,2021-06-08,1533.9688720703125,1,228.0,9.319999694824219,2021-06-08,2021-06-07,19.926959991455078,296.4722595214844,2021-06-09,4.779999732971191,6.25,2021-06-08,0.40413984656333923,2.0,"{""type"":""Point"",""coordinates"":[76.78333300000001,11.332778]}"
782,30,0.34822601079940796,352.177490234375,2020-01-30,1526.8870849609375,1,228.0,0.0,2020-01-30,2020-01-29,15.62364387512207,294.5117492675781,2020-01-31,1.7999999523162842,0.0,2020-01-30,0.26216253638267517,1.0,"{""type"":""Point"",""coordinates"":[76.78527800000002,11.332778]}"
783,30,0.1485462486743927,8.938523292541504,2022-07-03,1541.5980224609375,1,228.0,2.009999990463257,2022-07-03,2022-07-02,19.17833709716797,295.3990478515625,2022-07-04,70.41999816894531,68.75,2022-07-03,0.4120044708251953,1.0,"{""type"":""Point"",""coordinates"":[76.784722,11.332500000000001]}"
784,30,0.18024177849292755,7.8144707679748535,2021-10-10,1554.4173583984375,1,1.0,7.239999771118164,2021-10-10,2021-10-09,17.707687377929688,294.11285400390625,2021-10-11,8.679999351501465,8.333333015441895,2021-10-10,0.42552438378334045,1.0,"{""type"":""Point"",""coordinates"":[76.785,11.331944000000002]}"
785,60,0.2964997887611389,15.259383201599121,2023-08-22,1567.894287109375,1,1.0,0.0,2023-08-22,2023-08-21,21.57587432861328,296.62835693359375,2023-08-23,11.539999961853027,12.5,2023-08-22,0.3504219055175781,1.0,"{""type"":""Point"",""coordinates"":[76.784722,11.331667]}"
786,10,0.22463786602020264,105.00360870361328,2023-02-02,1618.52490234375,1,190.0,254.7899932861328,2023-02-02,2023-02-01,0.6144422888755798,293.62274169921875,2023-02-03,0.0,0.0,2023-02-02,0.28610673546791077,190.0,"{""type"":""Point"",""coordinates"":[76.763889,11.332778]}"
787,30,0.08467896282672882,302.3191223144531,2020-07-24,1621.1573486328125,1,7.0,169.61000061035156,2020-07-24,2020-07-23,24.24060821533203,295.7322082519531,2020-07-25,8.380000114440918,8.333333015441895,2020-07-24,0.4129117429256439,7.0,"{""type"":""Point"",""coordinates"":[76.7675,11.332222]}"
788,10,0.5407477617263794,234.82687377929688,2019-03-10,1654.2410888671875,1,182.0,544.1799926757812,2019-03-10,2019-03-09,23.337356567382812,297.19708251953125,2019-03-11,0.0,0.0,2019-03-10,0.25713667273521423,182.0,"{""type"":""Point"",""coordinates"":[76.75694400000002,11.336111]}"
789,10,0.20057162642478943,115.37149047851562,2020-06-26,1669.8121337890625,1,154.0,119.87999725341797,2020-06-26,2020-06-25,18.527652740478516,295.4929504394531,2020-06-27,26.84000015258789,10.416666984558105,2020-06-26,0.420849472284317,2.0,"{""type"":""Point"",""coordinates"":[76.753333,11.333889]}"
790,30,0.1812693327665329,22.987119674682617,2022-01-08,1733.023681640625,1,4.0,0.0,2022-01-08,2022-01-07,21.959585189819336,291.969970703125,2022-01-09,6.199999809265137,16.66666603088379,2022-01-08,0.29547056555747986,4.0,"{""type"":""Point"",""coordinates"":[76.739444,11.331111]}"
791,10,0.17174436151981354,314.4813232421875,2019-12-26,1695.956298828125,1,151.0,0.0,2019-12-26,2019-12-25,19.023181915283203,292.21002197265625,2019-12-27,0.22999998927116394,0.0,2019-12-26,0.3593425750732422,1.0,"{""type"":""Point"",""coordinates"":[76.747778,11.329166999999998]}"
792,10,0.1454080194234848,19.32674217224121,2022-04-03,1702.6329345703125,1,1.0,0.0,2022-04-03,2022-04-02,21.14056968688965,295.7256164550781,2022-04-04,0.0,0.0,2022-04-03,0.2308673858642578,1.0,"{""type"":""Point"",""coordinates"":[76.749722,11.328333]}"
793,30,0.19134469330310822,204.7771759033203,2020-03-14,1767.0260009765625,1,3.0,0.0,2020-03-14,2020-03-13,14.393774032592773,294.73736572265625,2020-03-15,0.0,0.0,2020-03-14,0.27252325415611267,3.0,"{""type"":""Point"",""coordinates"":[76.748333,11.324444]}"
794,10,0.28801673650741577,203.7943572998047,2020-01-17,1696.6473388671875,1,3.0,3.7799997329711914,2020-01-17,2020-01-16,21.90382194519043,291.47540283203125,2020-01-18,5.259999752044678,10.416666984558105,2020-01-17,0.28788819909095764,3.0,"{""type"":""Point"",""coordinates"":[76.747222,11.322778]}"
795,10,0.3080848455429077,135.1711883544922,2019-06-03,1598.56201171875,1,1.0,24.639999389648438,2019-06-03,2019-06-02,9.637005805969238,295.74945068359375,2019-06-04,4.519999980926514,6.25,2019-06-03,0.40929603576660156,1.0,"{""type"":""Point"",""coordinates"":[76.741389,11.321944000000002]}"
796,30,0.24138206243515015,300.75335693359375,2021-09-03,1710.5242919921875,1,3.0,97.93999481201172,2021-09-03,2021-09-02,29.676050186157227,294.613525390625,2021-09-04,15.469999313354492,20.83333396911621,2021-09-03,0.4208761751651764,2.0,"{""type"":""Point"",""coordinates"":[76.75,11.321111]}"
797,10,0.06517700105905533,198.6318359375,2021-11-03,1475.1290283203125,1,110.0,17.479999542236328,2021-11-03,2021-11-02,11.005305290222168,292.36370849609375,2021-11-04,5.389999866485596,4.166666507720947,2021-11-03,0.42760148644447327,1.0,"{""type"":""Point"",""coordinates"":[76.745833,11.302778]}"
798,30,0.042179737240076065,171.28526306152344,2022-11-13,1567.5015869140625,1,1.0,72.97999572753906,2022-11-13,2022-11-12,19.658245086669922,290.85626220703125,2022-11-14,4.049999713897705,6.25,2022-11-13,0.426501601934433,1.0,"{""type"":""Point"",""coordinates"":[76.748611,11.309721999999999]}"
799,10,0.054124876856803894,99.28815460205078,2022-12-14,1820.80517578125,1,1.0,45.0099983215332,2022-12-14,2022-12-13,21.017539978027344,291.1408996582031,2022-12-15,1.9800000190734863,4.166666507720947,2022-12-14,0.42236074805259705,1.0,"{""type"":""Point"",""coordinates"":[76.731667,11.303611000000002]}"
800,30,0.1412784606218338,145.21282958984375,2019-09-14,1696.948974609375,1,2.0,70.0,2019-09-14,2019-09-13,9.211801528930664,293.38055419921875,2019-09-15,6.169999599456787,10.416666984558105,2019-09-14,0.3984731137752533,2.0,"{""type"":""Point"",""coordinates"":[76.7275,11.326389000000002]}"
801,10,0.7797169089317322,196.2526092529297,2021-03-14,1676.2606201171875,1,5.0,0.0,2021-03-14,2021-03-13,9.710576057434082,293.74737548828125,2021-03-15,0.0,0.0,2021-03-14,0.21636708080768585,5.0,"{""type"":""Point"",""coordinates"":[76.726389,11.321666999999998]}"
802,10,0.06447184085845947,345.4839172363281,2019-11-19,1678.2869873046875,1,5.0,0.0,2019-11-19,2019-11-18,19.594003677368164,293.1009216308594,2019-11-20,1.619999885559082,2.0833332538604736,2019-11-19,0.4009857177734375,5.0,"{""type"":""Point"",""coordinates"":[76.726389,11.320833]}"
803,10,0.11851073801517487,345.4839172363281,2021-12-27,1678.2869873046875,1,5.0,0.0,2021-12-27,2021-12-26,19.594003677368164,290.8136291503906,2021-12-28,1.9499999284744263,2.0833332538604736,2021-12-27,0.30700555443763733,5.0,"{""type"":""Point"",""coordinates"":[76.726389,11.320833]}"
804,30,0.13461655378341675,278.08270263671875,2020-01-19,1664.5294189453125,1,1.0,0.0,2020-01-19,2020-01-18,8.060033798217773,292.36541748046875,2020-01-20,1.9199999570846558,2.0833332538604736,2020-01-19,0.28045591711997986,1.0,"{""type"":""Point"",""coordinates"":[76.739167,11.323611000000001]}"
805,10,0.08687237650156021,295.3879089355469,2023-12-12,1749.9261474609375,1,1.0,0.07000000029802322,2023-12-12,2023-12-11,12.975262641906738,292.693603515625,2023-12-13,0.0,0.0,2023-12-12,0.39367103576660156,1.0,"{""type"":""Point"",""coordinates"":[76.735278,11.328610999999999]}"
806,10,0.005543114151805639,64.93427276611328,2022-08-06,1796.567138671875,1,11.0,99.0,2022-08-06,2022-08-05,17.276826858520508,291.703857421875,2022-08-07,0.5600000023841858,2.0833332538604736,2022-08-06,0.4286956787109375,11.0,"{""type"":""Point"",""coordinates"":[76.736389,11.334722]}"
807,10,0.20111368596553802,130.355712890625,2023-08-23,2055.510986328125,1,1.0,15.269999504089355,2023-08-23,2023-08-22,13.885311126708984,293.76678466796875,2023-08-24,1.1399999856948853,2.0833332538604736,2023-08-23,0.38798078894615173,1.0,"{""type"":""Point"",""coordinates"":[76.682222,11.339443999999999]}"
808,10,0.6190319657325745,177.70443725585938,2020-02-16,2039.8192138671875,1,4.0,0.25999999046325684,2020-02-16,2020-02-15,21.79076385498047,293.9185485839844,2020-02-17,0.0,0.0,2020-02-16,0.20775286853313446,1.0,"{""type"":""Point"",""coordinates"":[76.678611,11.318333000000003]}"
809,30,0.5180861949920654,127.21401977539062,2023-02-25,2062.318603515625,1,4.0,0.0,2023-02-25,2023-02-24,21.79800796508789,292.011474609375,2023-02-26,0.0,0.0,2023-02-25,0.19380633533000946,4.0,"{""type"":""Point"",""coordinates"":[76.680278,11.319721999999999]}"
810,10,0.4168071746826172,30.430389404296875,2021-06-17,1908.0966796875,1,10.0,41.599998474121094,2021-06-17,2021-06-16,25.096698760986328,292.3578796386719,2021-06-18,1.8899999856948853,2.0833332538604736,2021-06-17,0.42476144433021545,10.0,"{""type"":""Point"",""coordinates"":[76.688333,11.316389]}"
811,10,0.10673321038484573,30.430389404296875,2021-05-11,1908.0966796875,1,10.0,41.79999923706055,2021-05-11,2021-05-10,25.096698760986328,295.5588073730469,2021-05-12,16.829999923706055,20.83333396911621,2021-05-11,0.3700472414493561,10.0,"{""type"":""Point"",""coordinates"":[76.688333,11.316389]}"
812,30,0.027896717190742493,169.9894256591797,2022-11-28,1884.184814453125,1,10.0,1.5,2022-11-28,2022-11-27,10.636106491088867,291.8902893066406,2022-11-29,2.2699999809265137,4.166666507720947,2022-11-28,0.3891385495662689,6.0,"{""type"":""Point"",""coordinates"":[76.69,11.317499999999999]}"
813,30,0.006356695666909218,234.2890167236328,2022-12-17,1877.1011962890625,1,10.0,55.31999588012695,2022-12-17,2022-12-16,14.738802909851074,290.70068359375,2022-12-18,2.379999876022339,0.0,2022-12-17,0.3870887756347656,6.0,"{""type"":""Point"",""coordinates"":[76.690833,11.3175]}"
814,10,0.4013523459434509,222.7880401611328,2020-05-02,1934.8526611328125,1,6.0,20.399999618530273,2020-05-02,2020-05-01,33.31372833251953,295.9340515136719,2020-05-03,4.149999618530273,6.25,2020-05-02,0.36154046654701233,6.0,"{""type"":""Point"",""coordinates"":[76.691111,11.318333000000003]}"
815,10,0.08193184435367584,127.27493286132812,2020-08-15,1870.5621337890625,1,10.0,4.759999752044678,2020-08-15,2020-08-14,23.335018157958984,293.5274658203125,2020-08-16,0.0,0.0,2020-08-15,0.38988175988197327,1.0,"{""type"":""Point"",""coordinates"":[76.691111,11.311666999999998]}"
816,10,0.07087989151477814,189.93247985839844,2021-05-22,2031.97265625,1,4.0,16.65999984741211,2021-05-22,2021-05-21,19.86728858947754,293.079345703125,2021-05-23,66.13999938964844,27.08333396911621,2021-05-22,0.4239603579044342,1.0,"{""type"":""Point"",""coordinates"":[76.681944,11.304167]}"
817,10,0.2136317938566208,8.112530708312988,2023-02-12,1975.59375,1,10.0,0.0,2023-02-12,2023-02-11,20.323402404785156,292.15472412109375,2023-02-13,0.0,0.0,2023-02-12,0.2505105435848236,8.0,"{""type"":""Point"",""coordinates"":[76.686944,11.314722]}"
818,10,0.3325735330581665,86.63400268554688,2023-06-30,1813.412353515625,1,10.0,102.19999694824219,2023-06-30,2023-06-29,13.417150497436523,292.2035217285156,2023-07-01,1.5199999809265137,2.0833332538604736,2023-06-30,0.42591986060142517,10.0,"{""type"":""Point"",""coordinates"":[76.679444,11.296111]}"
819,10,0.23462173342704773,103.27050018310547,2020-03-19,1799.2349853515625,1,1.0,0.0,2020-03-19,2020-03-18,11.2932710647583,294.78662109375,2020-03-20,0.28999999165534973,0.0,2020-03-19,0.2391255646944046,1.0,"{""type"":""Point"",""coordinates"":[76.679722,11.293611]}"
820,10,0.40953296422958374,103.27050018310547,2019-02-15,1799.2349853515625,1,1.0,1.5499999523162842,2019-02-15,2019-02-14,11.2932710647583,292.9079284667969,2019-02-16,0.38999998569488525,0.0,2019-02-15,0.30460676550865173,1.0,"{""type"":""Point"",""coordinates"":[76.679722,11.293611]}"
821,10,0.1335492581129074,74.95836639404297,2020-08-21,1874.2772216796875,1,1.0,3.3999998569488525,2020-08-21,2020-08-20,17.43003273010254,293.5322570800781,2020-08-22,15.319999694824219,22.91666603088379,2020-08-21,0.37504449486732483,1.0,"{""type"":""Point"",""coordinates"":[76.688611,11.302222]}"
822,10,0.2741495370864868,70.78042602539062,2021-04-29,1823.3309326171875,1,1.0,0.7299999594688416,2021-04-29,2021-04-28,10.590216636657715,295.74951171875,2021-04-30,1.0099999904632568,0.0,2021-04-29,0.35292115807533264,1.0,"{""type"":""Point"",""coordinates"":[76.69,11.3025]}"
823,30,0.42469966411590576,0.049616288393735886,2019-02-11,1791.177978515625,1,22.0,0.2800000011920929,2019-02-11,2019-02-10,17.924684524536133,292.7284240722656,2019-02-12,0.0,0.0,2019-02-11,0.3611990511417389,2.0,"{""type"":""Point"",""coordinates"":[76.698056,11.311944000000002]}"
824,30,0.7586785554885864,121.59660339355469,2019-03-08,1811.49365234375,1,53.0,0.8399999737739563,2019-03-08,2019-03-07,9.960612297058105,295.8457336425781,2019-03-09,0.32999998331069946,0.0,2019-03-08,0.25648054480552673,1.0,"{""type"":""Point"",""coordinates"":[76.712222,11.312778]}"
825,10,0.32418546080589294,209.89300537109375,2023-09-08,1034.80615234375,1,1.0,63.31999969482422,2023-09-08,2023-09-07,31.973968505859375,291.9805908203125,2023-09-09,12.199999809265137,18.75,2023-09-08,0.4282144010066986,1.0,"{""type"":""Point"",""coordinates"":[76.691111,11.251667]}"
826,30,0.11374010890722275,154.5962677001953,2020-12-01,1687.5465087890625,1,1.0,0.0,2020-12-01,2020-11-30,3.264411449432373,292.5870666503906,2020-12-02,0.0950000062584877,0.0,2020-12-01,0.3687845766544342,1.0,"{""type"":""Point"",""coordinates"":[76.690278,11.286111]}"
827,10,0.7155665159225464,239.36605834960938,2019-01-30,1761.974365234375,1,5.0,7.699999809265137,2019-01-30,2019-01-29,16.03339385986328,291.3562927246094,2019-01-31,6.960000038146973,12.5,2019-01-30,0.37852415442466736,5.0,"{""type"":""Point"",""coordinates"":[76.668333,11.288332999999998]}"
828,10,0.2538265287876129,349.8013610839844,2022-09-28,1595.6846923828125,1,869.0,312.8399963378906,2022-09-28,2022-09-27,36.65839385986328,293.4506530761719,2022-09-29,5.199999809265137,10.416666984558105,2022-09-28,0.39442887902259827,869.0,"{""type"":""Point"",""coordinates"":[76.658611,11.281388999999999]}"
829,80,0.17832830548286438,-0.0,2021-04-10,1621.0,1,863.0,2.2699999809265137,2021-04-10,2021-04-09,0.0,295.9663391113281,2021-04-11,1.8899999856948853,0.0,2021-04-10,0.20969390869140625,1.0,"{""type"":""Point"",""coordinates"":[76.65,11.283333000000002]}"
830,30,0.1260763704776764,270.91802978515625,2019-09-28,1717.0018310546875,1,1.0,46.56999969482422,2019-09-28,2019-09-27,19.968326568603516,293.07403564453125,2019-09-29,0.6599999666213989,2.0833332538604736,2019-09-28,0.4168669283390045,1.0,"{""type"":""Point"",""coordinates"":[76.651111,11.280555999999999]}"
831,10,0.3016778528690338,354.8321533203125,2020-04-03,1630.0145263671875,1,867.0,0.0,2020-04-03,2020-04-02,41.49846649169922,295.88214111328125,2020-04-04,0.07000000029802322,0.0,2020-04-03,0.2266489714384079,867.0,"{""type"":""Point"",""coordinates"":[76.656667,11.280832999999998]}"
832,10,0.3531891703605652,156.443359375,2021-02-13,1047.8690185546875,1,139.0,0.0,2021-02-13,2021-02-12,31.62801742553711,290.9364013671875,2021-02-14,0.3100000023841858,0.0,2021-02-13,0.26960182189941406,1.0,"{""type"":""Point"",""coordinates"":[76.665278,11.249999999999998]}"
833,10,0.5457802414894104,165.03964233398438,2023-05-04,975.1317138671875,1,139.0,726.969970703125,2023-05-04,2023-05-03,22.287885665893555,297.40460205078125,2023-05-05,0.9899999499320984,0.0,2023-05-04,0.38804563879966736,139.0,"{""type"":""Point"",""coordinates"":[76.664167,11.248333]}"
834,10,0.07198121398687363,157.13711547851562,2019-11-24,1017.9720458984375,1,139.0,176.52999877929688,2019-11-24,2019-11-23,24.741806030273438,296.2766418457031,2019-11-25,0.0,0.0,2019-11-24,0.37288475036621094,139.0,"{""type"":""Point"",""coordinates"":[76.663889,11.249167000000002]}"
835,30,0.1413411945104599,8.503580093383789,2020-12-18,1848.0308837890625,1,1.0,5.710000038146973,2020-12-18,2020-12-17,21.32782745361328,289.8218078613281,2020-12-19,2.359999895095825,4.166666507720947,2020-12-18,0.3988088071346283,1.0,"{""type"":""Point"",""coordinates"":[76.626944,11.251944]}"
836,30,0.3504592180252075,69.77409362792969,2021-03-18,1824.9783935546875,1,1.0,0.0,2021-03-18,2021-03-17,24.822031021118164,292.8626708984375,2021-03-19,0.0,0.0,2021-03-18,0.16569073498249054,1.0,"{""type"":""Point"",""coordinates"":[76.626111,11.253333]}"
837,10,0.4132063686847687,214.96241760253906,2023-05-02,1782.87158203125,1,1.0,5.798999786376953,2023-05-02,2023-05-01,18.721094131469727,291.88275146484375,2023-05-03,33.73999786376953,25.0,2023-05-02,0.4111347198486328,1.0,"{""type"":""Point"",""coordinates"":[76.628611,11.255278]}"
838,10,0.1981104016304016,77.55085754394531,2021-05-31,1784.38916015625,1,1.0,0.0,2021-05-31,2021-05-30,13.874358177185059,292.18389892578125,2021-06-01,0.7899999618530273,0.0,2021-05-31,0.3875071108341217,1.0,"{""type"":""Point"",""coordinates"":[76.626667,11.254443999999998]}"
839,10,0.08539066463708878,77.55085754394531,2021-08-27,1784.38916015625,1,1.0,5.289999961853027,2021-08-27,2021-08-26,13.874358177185059,291.6583251953125,2021-08-28,30.920000076293945,45.83333206176758,2021-08-27,0.41499391198158264,1.0,"{""type"":""Point"",""coordinates"":[76.626667,11.254443999999998]}"
840,10,0.5664641261100769,140.79360961914062,2020-03-04,1775.644287109375,1,1.0,2.2699999809265137,2020-03-04,2020-03-03,11.075582504272461,292.13189697265625,2020-03-05,0.6899999976158142,0.0,2020-03-04,0.25193023681640625,1.0,"{""type"":""Point"",""coordinates"":[76.6275,11.254722]}"
841,10,0.1803477257490158,226.6280517578125,2019-10-22,1805.7020263671875,1,1.0,39.98999786376953,2019-10-22,2019-10-21,20.668548583984375,290.0729064941406,2019-10-23,15.65999984741211,20.83333396911621,2019-10-22,0.4283841550350189,1.0,"{""type"":""Point"",""coordinates"":[76.631389,11.256389]}"
842,10,0.14411954581737518,122.13008117675781,2020-06-18,1802.2288818359375,1,4.0,119.5199966430664,2020-06-18,2020-06-17,29.467092514038086,291.2703552246094,2020-06-19,3.5799999237060547,4.166666507720947,2020-06-18,0.4210681915283203,4.0,"{""type"":""Point"",""coordinates"":[76.646667,11.289722]}"
843,10,0.11152607947587967,1.4108738899230957,2022-11-29,2035.798828125,1,1.0,2.2699999809265137,2022-11-29,2022-11-28,14.632229804992676,289.9520263671875,2022-11-30,3.129999876022339,8.333333015441895,2022-11-29,0.4121500551700592,1.0,"{""type"":""Point"",""coordinates"":[76.626111,11.305277999999998]}"
844,60,0.07306940853595734,316.6184387207031,2020-12-18,1962.9969482421875,1,9.0,7.409999847412109,2020-12-18,2020-12-17,20.795740127563477,289.8218078613281,2020-12-19,2.309999942779541,4.166666507720947,2020-12-18,0.3988088071346283,1.0,"{""type"":""Point"",""coordinates"":[76.625556,11.311944000000002]}"
845,10,0.20215655863285065,332.8525085449219,2022-06-11,1965.3294677734375,1,3.0,7.590000152587891,2022-06-11,2022-06-10,16.58954429626465,292.2168273925781,2022-06-12,1.7399998903274536,2.0833332538604736,2022-06-11,0.3978067934513092,1.0,"{""type"":""Point"",""coordinates"":[76.631944,11.303889000000002]}"
846,10,0.5936478972434998,72.2146987915039,2023-02-27,1959.2083740234375,1,1.0,0.0,2023-02-27,2023-02-26,20.796358108520508,291.1756896972656,2023-02-28,0.0,0.0,2023-02-27,0.16179847717285156,1.0,"{""type"":""Point"",""coordinates"":[76.642778,11.310278]}"
847,10,0.11316155642271042,112.11886596679688,2022-09-01,1835.0289306640625,1,663.0,15858.9599609375,2022-09-01,2022-08-31,21.17954444885254,291.9275817871094,2022-09-02,24.498998641967773,37.5,2022-09-01,0.41635385155677795,663.0,"{""type"":""Point"",""coordinates"":[76.647778,11.302222]}"
848,30,0.6223699450492859,294.29876708984375,2023-03-14,2002.15625,1,1.0,0.009999999776482582,2023-03-14,2023-03-13,9.042888641357422,293.9270324707031,2023-03-15,1.709999918937683,2.0833332538604736,2023-03-14,0.1621990203857422,1.0,"{""type"":""Point"",""coordinates"":[76.661944,11.310556]}"
849,40,0.5838661193847656,16.54708480834961,2020-02-12,1985.4495849609375,1,5.0,0.0,2020-02-12,2020-02-11,1.9500783681869507,292.8373107910156,2020-02-13,0.0,0.0,2020-02-12,0.22449493408203125,1.0,"{""type"":""Point"",""coordinates"":[76.661944,11.311666999999998]}"
850,30,0.1193622574210167,227.07089233398438,2021-11-11,2026.1700439453125,1,7.0,98.97999572753906,2021-11-11,2021-11-10,8.578851699829102,291.6861267089844,2021-11-12,7.569999694824219,8.333333015441895,2021-11-11,0.42201295495033264,7.0,"{""type"":""Point"",""coordinates"":[76.6575,11.309722]}"
851,10,0.22103433310985565,268.1695861816406,2021-09-04,1991.47119140625,1,9.0,15.899999618530273,2021-09-04,2021-09-03,13.718679428100586,291.94305419921875,2021-09-05,17.670000076293945,27.08333396911621,2021-09-04,0.42583784461021423,1.0,"{""type"":""Point"",""coordinates"":[76.653056,11.308333]}"
852,10,0.011327829211950302,237.12652587890625,2022-12-13,1894.2781982421875,1,267.0,15.399999618530273,2022-12-13,2022-12-12,27.157791137695312,290.57513427734375,2022-12-14,74.44999694824219,27.08333396911621,2022-12-13,0.42063966393470764,2.0,"{""type"":""Point"",""coordinates"":[76.650278,11.313888999999998]}"
853,10,0.1969793438911438,267.0954284667969,2021-11-01,1916.665283203125,1,267.0,47.31999969482422,2021-11-01,2021-10-31,23.215564727783203,292.58953857421875,2021-11-02,45.961997985839844,33.33333206176758,2021-11-01,0.4174842834472656,2.0,"{""type"":""Point"",""coordinates"":[76.65,11.315556]}"
854,10,0.16980530321598053,80.49979400634766,2021-01-01,1909.928955078125,1,267.0,7839.11962890625,2021-01-01,2020-12-31,23.158100128173828,289.892578125,2021-01-02,5.769999980926514,8.333333015441895,2021-01-01,0.38155683875083923,267.0,"{""type"":""Point"",""coordinates"":[76.64861,11.314720000000001]}"
855,10,0.3646993935108185,66.35208129882812,2021-06-26,1924.7012939453125,1,267.0,838.3799438476562,2021-06-26,2021-06-25,22.548236846923828,291.8222961425781,2021-06-27,8.75,16.66666603088379,2021-06-26,0.3885752260684967,267.0,"{""type"":""Point"",""coordinates"":[76.648333,11.314444]}"
856,10,0.2184288054704666,78.2105484008789,2022-05-25,1934.71875,1,267.0,245.63999938964844,2022-05-25,2022-05-24,26.691194534301758,292.7120056152344,2022-05-26,0.009999999776482582,0.0,2022-05-25,0.4020805358886719,267.0,"{""type"":""Point"",""coordinates"":[76.648333,11.313611]}"
857,10,0.48061099648475647,85.59779357910156,2020-02-06,1918.23291015625,1,267.0,0.0,2020-02-06,2020-02-05,27.93820571899414,291.6518859863281,2020-02-07,0.0,0.0,2020-02-06,0.18265406787395477,267.0,"{""type"":""Point"",""coordinates"":[76.648611,11.313889]}"
858,30,0.34097182750701904,185.96290588378906,2023-08-29,2055.80224609375,1,2.0,6.699999809265137,2023-08-29,2023-08-28,25.00370979309082,294.1199035644531,2023-08-30,63.849998474121094,43.75,2023-08-29,0.36954498291015625,2.0,"{""type"":""Point"",""coordinates"":[76.663889,11.318611]}"
859,30,0.21477554738521576,355.0570068359375,2023-01-05,2116.65380859375,1,2.0,0.3999999761581421,2023-01-05,2023-01-04,21.49750328063965,290.8297119140625,2023-01-06,0.0,0.0,2023-01-05,0.3111368715763092,2.0,"{""type"":""Point"",""coordinates"":[76.666389,11.318889000000002]}"
860,30,0.12862232327461243,215.10595703125,2021-12-25,2045.0770263671875,1,1.0,0.0,2021-12-25,2021-12-24,10.434557914733887,290.8501892089844,2021-12-26,0.0,0.0,2021-12-25,0.3173198699951172,1.0,"{""type"":""Point"",""coordinates"":[76.665556,11.325278]}"
861,10,0.5287179946899414,191.4718780517578,2021-03-17,2039.34716796875,1,14.0,0.0,2021-03-17,2021-03-16,15.845551490783691,294.14410400390625,2021-03-18,0.0,0.0,2021-03-17,0.20493189990520477,14.0,"{""type"":""Point"",""coordinates"":[76.66583300000002,11.335]}"
862,10,0.0722055733203888,274.9150695800781,2020-11-12,1976.7109375,1,14.0,21.69999885559082,2020-11-12,2020-11-11,27.630746841430664,292.32476806640625,2020-11-13,5.75,6.25,2020-11-12,0.36563873291015625,14.0,"{""type"":""Point"",""coordinates"":[76.663889,11.336111]}"
863,30,0.016950031742453575,232.96212768554688,2022-08-09,1983.861572265625,1,13.0,27.479999542236328,2022-08-09,2022-08-08,16.476245880126953,290.054931640625,2022-08-10,4.849999904632568,6.25,2022-08-09,0.42743682861328125,2.0,"{""type"":""Point"",""coordinates"":[76.645833,11.329999999999998]}"
864,60,0.17361147701740265,28.164541244506836,2021-03-02,1945.981689453125,1,348.0,7.896000385284424,2021-03-02,2021-03-01,20.57732582092285,291.5199279785156,2021-03-03,0.0,0.0,2021-03-02,0.24453608691692352,168.0,"{""type"":""Point"",""coordinates"":[76.624444,11.318333000000003]}"
865,50,0.13162918388843536,323.0614013671875,2022-04-09,1993.0355224609375,1,5.0,80.04999542236328,2022-04-09,2022-04-08,16.564210891723633,293.1643371582031,2022-04-10,22.76999855041504,29.16666603088379,2022-04-09,0.2191499024629593,5.0,"{""type"":""Point"",""coordinates"":[76.629167,11.323611000000001]}"
866,30,0.10062719136476517,103.47764587402344,2021-09-24,2106.84130859375,1,2.0,38.05999755859375,2021-09-24,2021-09-23,21.713306427001953,291.90728759765625,2021-09-25,71.22000122070312,52.08333206176758,2021-09-24,0.3984292447566986,2.0,"{""type"":""Point"",""coordinates"":[76.630556,11.329166999999998]}"
867,30,0.17365102469921112,194.68101501464844,2021-09-16,2080.318603515625,1,1.0,6.190000057220459,2021-09-16,2021-09-15,16.431964874267578,291.6864013671875,2021-09-17,4.699999809265137,6.25,2021-09-16,0.3964761197566986,1.0,"{""type"":""Point"",""coordinates"":[76.633333,11.330556000000001]}"
868,40,0.5344205498695374,107.16582489013672,2019-04-16,2103.654296875,1,1.0,0.23999999463558197,2019-04-16,2019-04-15,7.392374515533447,294.707275390625,2019-04-17,0.029999999329447746,0.0,2019-04-16,0.22549884021282196,1.0,"{""type"":""Point"",""coordinates"":[76.635,11.339722]}"
869,10,0.12649749219417572,332.18353271484375,2020-06-12,2100.012451171875,1,1.0,26.8799991607666,2020-06-12,2020-06-11,26.26358413696289,291.3854675292969,2020-06-13,1.4299999475479126,0.0,2020-06-12,0.405017226934433,1.0,"{""type"":""Point"",""coordinates"":[76.632222,11.341111]}"
870,10,0.15853191912174225,178.4905548095703,2020-06-26,2108.018310546875,1,1.0,36.12999725341797,2020-06-26,2020-06-25,25.81316566467285,291.70477294921875,2020-06-27,21.69999885559082,10.416666984558105,2020-06-26,0.4232139587402344,1.0,"{""type"":""Point"",""coordinates"":[76.641389,11.346944]}"
871,10,0.19983115792274475,0.7166984677314758,2023-09-07,2168.714599609375,1,1.0,26.40999984741211,2023-09-07,2023-09-06,10.390544891357422,290.5133361816406,2023-09-08,34.709999084472656,62.5,2023-09-07,0.42573675513267517,1.0,"{""type"":""Point"",""coordinates"":[76.6425,11.349444000000002]}"
872,10,0.11001262813806534,23.289596557617188,2020-11-09,2145.019775390625,1,1.0,1.209999918937683,2020-11-09,2020-11-08,13.053165435791016,291.3426513671875,2020-11-10,0.4399999976158142,0.0,2020-11-09,0.3944670259952545,1.0,"{""type"":""Point"",""coordinates"":[76.643333,11.348889]}"
873,30,0.16335654258728027,175.53273010253906,2021-12-12,2175.080322265625,1,1.0,0.8499999642372131,2021-12-12,2021-12-11,2.8888919353485107,289.3140869140625,2021-12-13,5.489999771118164,12.5,2021-12-12,0.3666248321533203,1.0,"{""type"":""Point"",""coordinates"":[76.642778,11.381389]}"
874,10,0.6090214252471924,194.1894989013672,2021-03-25,2155.3173828125,1,2.0,0.8799999952316284,2021-03-25,2021-03-24,18.285947799682617,292.4737243652344,2021-03-26,5.96999979019165,10.416666984558105,2021-03-25,0.163299560546875,1.0,"{""type"":""Point"",""coordinates"":[76.641944,11.381110999999999]}"
875,40,0.2742152214050293,237.1474151611328,2021-07-21,2020.52294921875,1,8.0,14.880000114440918,2021-07-21,2021-07-20,9.48128604888916,290.74652099609375,2021-07-22,38.55999755859375,52.08333206176758,2021-07-21,0.4025001525878906,8.0,"{""type"":""Point"",""coordinates"":[76.664167,11.372499999999999]}"
876,40,0.12990333139896393,237.1474151611328,2019-07-08,2020.52294921875,1,8.0,6.0,2019-07-08,2019-07-07,9.48128604888916,291.5377197265625,2019-07-09,7.440000057220459,8.333333015441895,2019-07-08,0.36483001708984375,8.0,"{""type"":""Point"",""coordinates"":[76.664167,11.372499999999999]}"
877,40,0.07693053781986237,226.898681640625,2020-08-26,2009.7259521484375,1,2.0,39.7599983215332,2020-08-26,2020-08-25,3.8578786849975586,291.485107421875,2020-08-27,4.819999694824219,8.333333015441895,2020-08-26,0.3942025601863861,2.0,"{""type"":""Point"",""coordinates"":[76.668056,11.358333]}"
878,10,0.13341978192329407,334.95440673828125,2020-12-04,2074.61865234375,1,82.0,2165.179931640625,2020-12-04,2020-12-03,15.447436332702637,288.6473693847656,2020-12-05,3.0299999713897705,0.0,2020-12-04,0.41932424902915955,73.0,"{""type"":""Point"",""coordinates"":[76.6625,11.366667]}"
879,10,0.16654367744922638,308.169189453125,2020-12-07,2126.79736328125,1,1.0,8.050000190734863,2020-12-07,2020-12-06,8.2265043258667,289.2307434082031,2020-12-08,3.169999837875366,4.166666507720947,2020-12-07,0.4241689145565033,1.0,"{""type"":""Point"",""coordinates"":[76.650833,11.357222]}"
880,10,0.1644742339849472,74.87515258789062,2020-12-20,2105.275146484375,1,173.0,307.94000244140625,2020-12-20,2020-12-19,44.6593132019043,291.38677978515625,2020-12-21,0.03999999910593033,0.0,2020-12-20,0.38583502173423767,173.0,"{""type"":""Point"",""coordinates"":[76.666944,11.347777999999998]}"
881,30,0.17121770977973938,112.8813705444336,2020-08-18,2098.526611328125,1,1.0,0.6599999666213989,2020-08-18,2020-08-17,26.84426498413086,290.450927734375,2020-08-19,0.0,0.0,2020-08-18,0.37954965233802795,1.0,"{""type"":""Point"",""coordinates"":[76.705833,11.360278000000001]}"
882,30,0.6265825629234314,200.63644409179688,2021-03-28,2227.217529296875,1,2.0,0.0,2021-03-28,2021-03-27,16.049205780029297,293.05743408203125,2021-03-29,0.3700000047683716,0.0,2021-03-28,0.15916188061237335,1.0,"{""type"":""Point"",""coordinates"":[76.708056,11.365556000000002]}"
883,30,0.09564807265996933,230.5130157470703,2020-05-21,2236.47021484375,1,2.0,0.0,2020-05-21,2020-05-20,20.24649429321289,293.0596923828125,2020-05-22,0.0,0.0,2020-05-21,0.3138866424560547,2.0,"{""type"":""Point"",""coordinates"":[76.708611,11.365278]}"
884,30,0.1597272753715515,243.99215698242188,2019-06-28,2135.75439453125,1,2.0,0.800000011920929,2019-06-28,2019-06-27,24.494897842407227,291.850341796875,2019-06-29,1.2400000095367432,0.0,2019-06-28,0.3712196350097656,2.0,"{""type"":""Point"",""coordinates"":[76.703056,11.360278000000001]}"
885,10,0.03714214637875557,128.74481201171875,2022-10-29,2100.587158203125,1,3.0,0.0,2022-10-29,2022-10-28,10.637311935424805,289.1373596191406,2022-10-30,0.9300000071525574,2.0833332538604736,2022-10-29,0.3575712740421295,1.0,"{""type"":""Point"",""coordinates"":[76.696944,11.357778000000001]}"
886,30,0.3369692265987396,167.8639678955078,2019-04-03,2070.808837890625,1,3.0,0.0,2019-04-03,2019-04-02,17.287771224975586,293.5719299316406,2019-04-04,0.0,0.0,2019-04-03,0.1525370329618454,3.0,"{""type"":""Point"",""coordinates"":[76.693611,11.355278]}"
887,10,0.4383035898208618,161.92185974121094,2019-04-29,2203.00439453125,1,1.0,0.0,2019-04-29,2019-04-28,13.714344024658203,293.9539489746094,2019-04-30,4.329999923706055,4.166666507720947,2019-04-29,0.2724221646785736,1.0,"{""type"":""Point"",""coordinates"":[76.7025,11.379167]}"
888,10,0.1372506469488144,49.0576286315918,2019-09-16,2108.777587890625,1,9.0,15.84999942779541,2019-09-16,2019-09-15,20.136823654174805,290.8985290527344,2019-09-17,32.71999740600586,37.5,2019-09-16,0.3955955505371094,1.0,"{""type"":""Point"",""coordinates"":[76.711111,11.374444]}"
889,30,0.19410154223442078,132.50013732910156,2019-05-09,2012.9107666015625,1,21.0,30.8700008392334,2019-05-09,2019-05-08,13.237997055053711,292.5580749511719,2019-05-10,0.32999998331069946,0.0,2019-05-09,0.3390413820743561,21.0,"{""type"":""Point"",""coordinates"":[76.715278,11.379443999999998]}"
890,30,0.11807644367218018,68.05335235595703,2022-12-08,2119.05615234375,1,9.0,16.020000457763672,2022-12-08,2022-12-07,20.282991409301758,288.7328186035156,2022-12-09,42.40999984741211,50.0,2022-12-08,0.3591136932373047,9.0,"{""type"":""Point"",""coordinates"":[76.710278,11.375]}"
891,50,0.0748174786567688,161.9564666748047,2019-12-30,2220.9296875,1,5.0,3.0,2019-12-30,2019-12-29,12.180952072143555,289.87835693359375,2019-12-31,0.04999999701976776,0.0,2019-12-30,0.3581644594669342,5.0,"{""type"":""Point"",""coordinates"":[76.706111,11.381667]}"
892,10,0.41779661178588867,267.828857421875,2023-04-20,2242.63427734375,1,5.0,0.0,2023-04-20,2023-04-19,29.493511199951172,292.80877685546875,2023-04-21,0.0,0.0,2023-04-20,0.21854782104492188,5.0,"{""type"":""Point"",""coordinates"":[76.706389,11.383056000000002]}"
893,30,0.16888077557086945,315.52392578125,2023-12-12,2256.10107421875,1,11.0,0.07000000029802322,2023-12-12,2023-12-11,13.971695899963379,290.3203125,2023-12-13,0.0,0.0,2023-12-12,0.39187493920326233,1.0,"{""type"":""Point"",""coordinates"":[76.713889,11.391389]}"
894,10,0.10286092013120651,243.9622344970703,2021-07-03,2105.08349609375,1,20.0,186.1999969482422,2021-07-03,2021-07-02,16.06664276123047,291.258544921875,2021-07-04,7.71999979019165,10.416666984558105,2021-07-03,0.4148038327693939,20.0,"{""type"":""Point"",""coordinates"":[76.674444,11.385833]}"
895,10,0.11095016449689865,231.19908142089844,2023-06-02,2161.198974609375,1,17.0,7.305999755859375,2023-06-02,2023-06-01,18.397205352783203,291.7082214355469,2023-06-03,4.5,8.333333015441895,2023-06-02,0.409716933965683,1.0,"{""type"":""Point"",""coordinates"":[76.675556,11.391111000000002]}"
896,10,0.1790982037782669,241.08447265625,2021-12-21,2113.130126953125,1,17.0,0.0,2021-12-21,2021-12-20,12.908988952636719,289.25482177734375,2021-12-22,0.7999999523162842,0.0,2021-12-21,0.33564314246177673,17.0,"{""type"":""Point"",""coordinates"":[76.674444,11.389444]}"
897,10,0.13132281601428986,313.83099365234375,2022-12-08,2179.0849609375,1,6.0,24.479999542236328,2022-12-08,2022-12-07,15.797974586486816,288.7328186035156,2022-12-09,37.40999984741211,52.08333206176758,2022-12-08,0.3591136932373047,6.0,"{""type"":""Point"",""coordinates"":[76.676667,11.392499999999998]}"
898,10,0.09292389452457428,274.2266845703125,2019-11-01,2175.849853515625,1,6.0,63.959999084472656,2019-11-01,2019-10-31,13.827094078063965,288.94232177734375,2019-11-02,0.8579999804496765,0.0,2019-11-01,0.4251333773136139,6.0,"{""type"":""Point"",""coordinates"":[76.676667,11.392778]}"
899,10,0.07020986080169678,39.098087310791016,2021-07-20,2176.8095703125,1,6.0,54.3599967956543,2021-07-20,2021-07-19,10.496671676635742,290.14697265625,2021-07-21,1.8600000143051147,2.0833332538604736,2021-07-20,0.4111684262752533,6.0,"{""type"":""Point"",""coordinates"":[76.678056,11.393611]}"
900,10,0.22487035393714905,83.18985748291016,2023-05-12,2196.35791015625,1,6.0,39.71999740600586,2023-05-12,2023-05-11,10.798845291137695,292.15899658203125,2023-05-13,0.4599999785423279,0.0,2023-05-12,0.4135398864746094,6.0,"{""type"":""Point"",""coordinates"":[76.6775,11.393333]}"
901,10,0.04686708375811577,33.189170837402344,2023-07-25,2198.740966796875,1,6.0,466.79998779296875,2023-07-25,2023-07-24,6.767176151275635,289.06439208984375,2023-07-26,41.96999740600586,81.25,2023-07-25,0.426098495721817,6.0,"{""type"":""Point"",""coordinates"":[76.6775,11.393056]}"
902,10,0.20727120339870453,308.36444091796875,2019-06-22,2364.610595703125,1,1.0,35.93000030517578,2019-06-22,2019-06-21,15.539706230163574,291.2766418457031,2019-06-23,58.07999801635742,56.25,2019-06-22,0.4050394594669342,1.0,"{""type"":""Point"",""coordinates"":[76.708056,11.398611]}"
903,10,0.09890110045671463,1.0093892812728882,2022-03-09,2343.824951171875,1,3.0,0.0,2022-03-09,2022-03-08,18.10976219177246,290.4898986816406,2022-03-10,0.0,0.0,2022-03-09,0.1982065886259079,1.0,"{""type"":""Point"",""coordinates"":[76.708333,11.4]}"
904,10,0.47880831360816956,188.67694091796875,2020-01-20,2258.656982421875,1,2.0,7.479999542236328,2020-01-20,2020-01-19,13.396652221679688,289.89453125,2020-01-21,1.3199999332427979,0.0,2020-01-20,0.27242913842201233,2.0,"{""type"":""Point"",""coordinates"":[76.6275,11.411389]}"
905,10,0.13127046823501587,84.64743041992188,2021-07-09,2254.52099609375,1,2.0,41.05999755859375,2021-07-09,2021-07-08,23.723787307739258,291.3562927246094,2021-07-10,27.8799991607666,37.5,2021-07-09,0.4184958040714264,2.0,"{""type"":""Point"",""coordinates"":[76.628333,11.428333]}"
906,10,0.057919882237911224,34.56216812133789,2020-08-01,2272.658447265625,1,2.0,137.6199951171875,2020-08-01,2020-07-31,25.432527542114258,290.0403137207031,2020-08-02,26.256999969482422,33.33333206176758,2020-08-01,0.4260183870792389,2.0,"{""type"":""Point"",""coordinates"":[76.6275,11.425556]}"
907,10,0.6431657075881958,18.76154136657715,2021-04-01,2105.80517578125,1,245.0,203.34999084472656,2021-04-01,2021-03-31,29.087078094482422,296.5606689453125,2021-04-02,0.10000000149011612,0.0,2021-04-01,0.1841023713350296,245.0,"{""type"":""Point"",""coordinates"":[76.646111,11.454722000000002]}"
908,10,0.2032719999551773,330.9534606933594,2023-12-14,2136.396240234375,1,2.0,1.0800000429153442,2023-12-14,2023-12-13,5.153422832489014,292.5549621582031,2023-12-15,0.07999999821186066,0.0,2023-12-14,0.3665669858455658,2.0,"{""type"":""Point"",""coordinates"":[76.64500000000001,11.454166999999998]}"
909,10,0.18040314316749573,61.95881271362305,2022-11-11,2154.884521484375,1,2.0,0.7799999713897705,2022-11-11,2022-11-10,18.91978645324707,292.1891784667969,2022-11-12,133.66000366210938,75.0,2022-11-11,0.378466933965683,2.0,"{""type"":""Point"",""coordinates"":[76.641667,11.452778]}"
910,50,0.07342179864645004,60.08477020263672,2022-07-31,2094.253662109375,1,1.0,41.59000015258789,2022-07-31,2022-07-30,25.66032600402832,293.604248046875,2022-08-01,46.880001068115234,50.0,2022-07-31,0.41984686255455017,1.0,"{""type"":""Point"",""coordinates"":[76.678056,11.457222]}"
911,30,0.11583416908979416,90.0035629272461,2019-07-12,2102.459228515625,1,1.0,73.12999725341797,2019-07-12,2019-07-11,23.96425437927246,292.8403625488281,2019-07-13,14.799999237060547,22.91666603088379,2019-07-12,0.40079307556152344,1.0,"{""type"":""Point"",""coordinates"":[76.678056,11.455278]}"
912,30,0.11184851825237274,333.2258605957031,2022-11-21,1990.9390869140625,1,19.0,0.6800000071525574,2022-11-21,2022-11-20,7.020390510559082,288.6672058105469,2022-11-22,0.0,0.0,2022-11-21,0.36581549048423767,2.0,"{""type"":""Point"",""coordinates"":[76.744444,11.445556]}"
913,10,0.6176357865333557,21.7232666015625,2023-05-04,2032.0140380859375,1,1.0,2.4499998092651367,2023-05-04,2023-05-03,14.687098503112793,293.80938720703125,2023-05-05,5.579999923706055,6.25,2023-05-04,0.3896369934082031,1.0,"{""type"":""Point"",""coordinates"":[76.757222,11.453056000000002]}"
914,30,0.7176387906074524,317.6669616699219,2021-03-25,1971.48876953125,1,1.0,0.0,2021-03-25,2021-03-24,18.427412033081055,295.21533203125,2021-03-26,6.289999961853027,8.333333015441895,2021-03-25,0.15895526111125946,1.0,"{""type"":""Point"",""coordinates"":[76.765556,11.454444]}"
915,10,0.2423042356967926,322.5838623046875,2019-08-01,1799.4532470703125,1,93.0,56.79999542236328,2019-08-01,2019-07-31,19.781604766845703,291.79315185546875,2019-08-02,2.386000156402588,6.25,2019-08-01,0.38448524475097656,71.0,"{""type"":""Point"",""coordinates"":[76.8,11.437222]}"
916,10,0.7068297266960144,327.46820068359375,2019-05-14,1767.56494140625,1,93.0,91.69999694824219,2019-05-14,2019-05-13,18.80797576904297,294.27777099609375,2019-05-15,0.0,0.0,2019-05-14,0.345599502325058,10.0,"{""type"":""Point"",""coordinates"":[76.800833,11.44]}"
917,30,0.6435954570770264,88.00153350830078,2022-01-14,2072.064208984375,1,2.0,0.0,2022-01-14,2022-01-13,17.487255096435547,289.8739929199219,2022-01-15,9.960000038146973,12.5,2022-01-14,0.36295828223228455,2.0,"{""type"":""Point"",""coordinates"":[76.808611,11.407500000000002]}"
918,10,0.2101035714149475,359.20941162109375,2020-11-17,2084.389892578125,1,3.0,68.02999877929688,2020-11-17,2020-11-16,15.529458045959473,290.58489990234375,2020-11-18,26.509998321533203,25.0,2020-11-17,0.4233468472957611,1.0,"{""type"":""Point"",""coordinates"":[76.807778,11.408055999999998]}"
919,10,0.05368554964661598,351.8689880371094,2022-06-13,2224.55126953125,1,1.0,7.75,2022-06-13,2022-06-12,11.770313262939453,292.186279296875,2022-06-14,4.089999675750732,8.333333015441895,2022-06-13,0.4075826108455658,1.0,"{""type"":""Point"",""coordinates"":[76.800556,11.400278000000002]}"
920,30,0.7792704701423645,6.360358238220215,2021-03-22,2046.0194091796875,1,5.0,0.3999999761581421,2021-03-22,2021-03-21,18.839515686035156,292.5130920410156,2021-03-23,1.0199999809265137,2.0833332538604736,2021-03-22,0.23718707263469696,5.0,"{""type"":""Point"",""coordinates"":[76.79596,11.413253]}"
921,10,0.2396090030670166,159.1487579345703,2019-06-27,1991.0303955078125,1,7.0,11.800000190734863,2019-06-27,2019-06-26,14.19093132019043,293.20654296875,2019-06-28,3.8399999141693115,6.25,2019-06-27,0.36788177490234375,5.0,"{""type"":""Point"",""coordinates"":[76.796238,11.416586]}"
922,10,-0.002303005661815405,107.57925415039062,2021-11-08,2121.577392578125,1,1.0,5.599999904632568,2021-11-08,2021-11-07,19.216197967529297,290.3394775390625,2021-11-09,20.149999618530273,33.33333206176758,2021-11-08,0.42262712121009827,1.0,"{""type"":""Point"",""coordinates"":[76.792626,11.414920000000004]}"
923,30,0.09400542825460434,337.35528564453125,2021-09-24,2043.1376953125,1,2.0,17.099998474121094,2021-09-24,2021-09-23,20.30047607421875,292.28717041015625,2021-09-25,75.1500015258789,43.75,2021-09-24,0.3790334165096283,2.0,"{""type"":""Point"",""coordinates"":[76.78957100000001,11.415753]}"
924,30,0.05966006964445114,348.66217041015625,2023-09-20,2083.725341796875,1,2.0,14.139999389648438,2023-09-20,2023-09-19,28.094043731689453,291.6999816894531,2023-09-21,19.510000228881836,14.583333015441895,2023-09-20,0.4105701446533203,2.0,"{""type"":""Point"",""coordinates"":[76.788738,11.414920000000002]}"
925,30,0.4810743033885956,322.5721740722656,2020-04-23,2070.902587890625,1,3.0,0.6899999976158142,2020-04-23,2020-04-22,25.276166915893555,294.83099365234375,2020-04-24,3.109999895095825,4.166666507720947,2020-04-23,0.24361546337604523,3.0,"{""type"":""Point"",""coordinates"":[76.786515,11.414642000000002]}"
926,30,0.1821102499961853,1.3169559240341187,2021-04-28,2176.83203125,1,3.0,6.480000019073486,2021-04-28,2021-04-27,16.39327621459961,293.5197448730469,2021-04-29,0.05999999865889549,0.0,2021-04-28,0.34049925208091736,3.0,"{""type"":""Point"",""coordinates"":[76.78096,11.414363999999999]}"
927,10,0.04082082211971283,283.0609436035156,2019-09-15,2244.15869140625,1,2.0,20.100000381469727,2019-09-15,2019-09-14,19.76478385925293,291.95294189453125,2019-09-16,13.989999771118164,18.75,2019-09-15,0.38418707251548767,2.0,"{""type"":""Point"",""coordinates"":[76.777349,11.411586000000002]}"
928,30,0.7469258308410645,315.2244567871094,2019-01-28,2136.8095703125,1,3.0,3.1499998569488525,2019-01-28,2019-01-27,45.87410354614258,289.29742431640625,2019-01-29,0.5,0.0,2019-01-28,0.3579235076904297,3.0,"{""type"":""Point"",""coordinates"":[76.77846,11.413809]}"
929,10,0.20800445973873138,336.99371337890625,2023-06-01,2189.033447265625,1,1.0,14.25,2023-06-01,2023-05-31,27.020891189575195,293.00177001953125,2023-06-02,6.547999858856201,12.5,2023-06-01,0.39002418518066406,1.0,"{""type"":""Point"",""coordinates"":[76.77262600000002,11.409364]}"
930,10,0.09089788049459457,27.274028778076172,2022-08-21,2196.071044921875,1,3.0,0.0,2022-08-21,2022-08-20,11.839776992797852,292.1995544433594,2022-08-22,7.689999580383301,8.333333015441895,2022-08-21,0.3677590787410736,3.0,"{""type"":""Point"",""coordinates"":[76.769849,11.409086000000004]}"
931,10,0.18617354333400726,151.3800506591797,2021-05-10,1978.5848388671875,1,17.0,0.0,2021-05-10,2021-05-09,13.10755729675293,293.9293212890625,2021-05-11,6.300000190734863,4.166666507720947,2021-05-10,0.32011985778808594,17.0,"{""type"":""Point"",""coordinates"":[76.780556,11.425]}"
932,30,0.11951898783445358,127.7481918334961,2023-11-20,2027.9161376953125,1,17.0,0.019999999552965164,2023-11-20,2023-11-19,24.33592414855957,290.875,2023-11-21,0.6699999570846558,0.0,2023-11-20,0.3724091947078705,1.0,"{""type"":""Point"",""coordinates"":[76.779167,11.425556]}"
933,30,0.06479670852422714,272.67596435546875,2022-11-04,2338.1220703125,1,3.0,5.699999809265137,2022-11-04,2022-11-03,20.755727767944336,289.01953125,2022-11-05,1.5299999713897705,2.0833332538604736,2022-11-04,0.4183889925479889,3.0,"{""type"":""Point"",""coordinates"":[76.740833,11.418889]}"
934,30,0.04914906248450279,293.9056701660156,2021-07-22,2131.279296875,1,2.0,20.28999900817871,2021-07-22,2021-07-21,24.03870391845703,289.8268127441406,2021-07-23,21.260000228881836,37.5,2021-07-22,0.41714540123939514,1.0,"{""type"":""Point"",""coordinates"":[76.742222,11.435833]}"
935,30,0.15615004301071167,141.55584716796875,2023-10-08,2153.2060546875,1,1.0,0.0,2023-10-08,2023-10-07,26.680673599243164,290.796875,2023-10-09,17.510000228881836,14.583333015441895,2023-10-08,0.36451849341392517,1.0,"{""type"":""Point"",""coordinates"":[76.74475,11.431389]}"
936,30,0.0750492587685585,352.8227233886719,2019-12-04,2065.8818359375,1,1.0,9.699999809265137,2019-12-04,2019-12-03,15.935065269470215,289.0426025390625,2019-12-05,0.9900000095367432,0.0,2019-12-04,0.42306581139564514,1.0,"{""type"":""Point"",""coordinates"":[76.747778,11.438889]}"
937,30,0.2746485769748688,350.0968322753906,2022-05-09,2180.279052734375,1,1.0,29.56999969482422,2022-05-09,2022-05-08,17.87108612060547,292.7965087890625,2022-05-10,3.0899999141693115,4.166666507720947,2022-05-09,0.3937091827392578,1.0,"{""type"":""Point"",""coordinates"":[76.738889,11.432221999999998]}"
938,30,0.05796847119927406,146.22816467285156,2019-07-24,2328.850341796875,1,7.0,5.039999961853027,2019-07-24,2019-07-23,23.143802642822266,289.4128112792969,2019-07-25,16.229999542236328,14.583333015441895,2019-07-24,0.42138800024986267,3.0,"{""type"":""Point"",""coordinates"":[76.720833,11.419444]}"
939,10,0.030275983735919,346.9029235839844,2020-08-17,2428.27392578125,1,1.0,1.6299998760223389,2020-08-17,2020-08-16,16.184364318847656,290.7173156738281,2020-08-18,0.0,0.0,2020-08-17,0.37482643127441406,1.0,"{""type"":""Point"",""coordinates"":[76.726389,11.4125]}"
940,40,0.1153561994433403,317.75,2020-06-03,2321.460205078125,1,3.0,6.899999618530273,2020-06-03,2020-06-02,14.641694068908691,291.3275146484375,2020-06-04,3.929999828338623,6.25,2020-06-03,0.39768728613853455,3.0,"{""type"":""Point"",""coordinates"":[76.722778,11.4175]}"
941,30,0.14626272022724152,135.99652099609375,2023-12-22,2336.20751953125,1,6.0,0.35999998450279236,2023-12-22,2023-12-21,10.783546447753906,290.0166320800781,2023-12-23,0.0,0.0,2023-12-22,0.38950982689857483,6.0,"{""type"":""Point"",""coordinates"":[76.721389,11.401388999999998]}"
942,40,-0.005141803994774818,169.80413818359375,2022-12-19,2253.8896484375,1,9.0,70.83000183105469,2022-12-19,2022-12-18,7.0642194747924805,288.6537780761719,2022-12-20,3.1399998664855957,0.0,2022-12-19,0.3709646761417389,9.0,"{""type"":""Point"",""coordinates"":[76.718333,11.398056]}"
943,10,0.1418955773115158,3.0140559673309326,2023-02-10,2426.80322265625,1,2.0,0.0,2023-02-10,2023-02-09,26.63897132873535,289.39080810546875,2023-02-11,0.0,0.0,2023-02-10,0.25661659240722656,1.0,"{""type"":""Point"",""coordinates"":[76.744444,11.404166999999998]}"
944,10,0.09552904218435287,24.557661056518555,2020-09-07,2377.934326171875,1,1.0,21.079999923706055,2020-09-07,2020-09-06,13.894264221191406,291.3504333496094,2020-09-08,1.869999885559082,0.0,2020-09-07,0.4253781735897064,1.0,"{""type"":""Point"",""coordinates"":[76.742778,11.405556000000002]}"
945,10,0.3090920150279999,124.47137451171875,2019-03-23,2249.845703125,1,2.0,0.0,2019-03-23,2019-03-22,31.9605770111084,292.8750305175781,2019-03-24,0.0,0.0,2019-03-23,0.1675313264131546,2.0,"{""type"":""Point"",""coordinates"":[76.744167,11.415556]}"
946,50,-0.0037596651818603277,266.4436950683594,2021-11-12,2012.7618408203125,1,2.0,9.869999885559082,2021-11-12,2021-11-11,16.39708709716797,289.500732421875,2021-11-13,5.679999828338623,6.25,2021-11-12,0.4160092771053314,1.0,"{""type"":""Point"",""coordinates"":[76.75842200000001,11.374665000000002]}"
947,30,0.058808308094739914,165.7016143798828,2022-08-06,2011.505859375,1,2.0,9.0,2022-08-06,2022-08-05,23.16582679748535,290.03900146484375,2022-08-07,0.5600000023841858,2.0833332538604736,2022-08-06,0.4280160367488861,1.0,"{""type"":""Point"",""coordinates"":[76.755922,11.375219999999999]}"
948,30,0.4478442668914795,33.93104934692383,2023-03-04,2038.9638671875,1,1.0,0.0,2023-03-04,2023-03-03,15.151201248168945,289.189208984375,2023-03-05,0.0,0.0,2023-03-04,0.167724609375,1.0,"{""type"":""Point"",""coordinates"":[76.748889,11.369444000000001]}"
949,10,0.1911546289920807,113.66484832763672,2020-10-14,2057.4287109375,1,1.0,12.679999351501465,2020-10-14,2020-10-13,8.193126678466797,289.9836120605469,2020-10-15,6.239999771118164,10.416666984558105,2020-10-14,0.4180552065372467,1.0,"{""type"":""Point"",""coordinates"":[76.748056,11.368888999999998]}"
950,30,0.13959811627864838,88.36190795898438,2019-05-19,1998.9696044921875,1,5.0,0.0,2019-05-19,2019-05-18,10.529928207397461,293.35430908203125,2019-05-20,0.0,0.0,2019-05-19,0.3800900876522064,2.0,"{""type"":""Point"",""coordinates"":[76.741389,11.374722]}"
951,50,0.17273616790771484,177.71435546875,2022-03-20,2065.945068359375,1,4.0,26.8799991607666,2022-03-20,2022-03-19,25.515626907348633,291.6827697753906,2022-03-21,8.399999618530273,16.66666603088379,2022-03-20,0.18659909069538116,4.0,"{""type"":""Point"",""coordinates"":[76.743056,11.377778]}"
952,10,0.12375722080469131,64.91041564941406,2021-02-05,2096.673095703125,1,1.0,0.11999999731779099,2021-02-05,2021-02-04,37.1866569519043,289.4903564453125,2021-02-06,0.0,0.0,2021-02-05,0.30390802025794983,1.0,"{""type"":""Point"",""coordinates"":[76.740278,11.378055999999999]}"
953,10,0.7366911768913269,64.91041564941406,2019-02-08,2096.673095703125,1,1.0,8.550000190734863,2019-02-08,2019-02-07,37.1866569519043,290.7228088378906,2019-02-09,1.0399999618530273,2.0833332538604736,2019-02-08,0.2894376218318939,1.0,"{""type"":""Point"",""coordinates"":[76.740278,11.378055999999999]}"
954,10,0.14236395061016083,287.7745666503906,2022-07-24,2202.64208984375,1,1.0,8.09999942779541,2022-07-24,2022-07-23,25.345619201660156,290.6190185546875,2022-07-25,14.529999732971191,10.416666984558105,2022-07-24,0.4144096374511719,1.0,"{""type"":""Point"",""coordinates"":[76.734722,11.386389000000001]}"
955,30,0.31922951340675354,160.1157989501953,2020-03-24,2214.568603515625,1,1.0,10.059999465942383,2020-03-24,2020-03-23,20.047183990478516,291.5337219238281,2020-03-25,0.05999999865889549,0.0,2020-03-24,0.3310050964355469,1.0,"{""type"":""Point"",""coordinates"":[76.735278,11.384167000000001]}"
956,10,0.2690131962299347,314.3597106933594,2019-04-16,2200.939208984375,1,1.0,0.0,2019-04-16,2019-04-15,17.08955192565918,294.38812255859375,2019-04-17,0.17999999225139618,0.0,2019-04-16,0.1483898162841797,1.0,"{""type"":""Point"",""coordinates"":[76.734167,11.385]}"
957,30,0.0802626833319664,191.97955322265625,2019-07-30,2145.739501953125,1,8.0,6.880000114440918,2019-07-30,2019-07-29,17.096811294555664,290.5690002441406,2019-07-31,43.38999938964844,10.416666984558105,2019-07-30,0.3948249816894531,1.0,"{""type"":""Point"",""coordinates"":[76.73333300000002,11.386667]}"
958,30,0.042739637196063995,147.1586456298828,2023-05-21,2150.54150390625,1,3.0,2.069999933242798,2023-05-21,2023-05-20,35.793663024902344,291.99761962890625,2023-05-22,10.519999504089355,12.5,2023-05-21,0.3871084749698639,3.0,"{""type"":""Point"",""coordinates"":[76.723333,11.387221999999998]}"
959,30,0.6415204405784607,212.7814483642578,2023-03-16,2322.35595703125,1,2.0,21.8799991607666,2023-03-16,2023-03-15,27.65997314453125,291.43658447265625,2023-03-17,0.0,0.0,2023-03-16,0.14799053966999054,2.0,"{""type"":""Point"",""coordinates"":[76.719444,11.391389]}"
960,50,0.05367977172136307,183.35711669921875,2019-08-19,2271.658447265625,1,2.0,10.760000228881836,2019-08-19,2019-08-18,13.196575164794922,289.5268859863281,2019-08-20,17.100000381469727,16.66666603088379,2019-08-19,0.4264965057373047,2.0,"{""type"":""Point"",""coordinates"":[76.718611,11.39]}"
961,50,0.012291805818676949,183.35711669921875,2021-10-10,2271.658447265625,1,2.0,14.479999542236328,2021-10-10,2021-10-09,13.196575164794922,289.6755065917969,2021-10-11,8.679999351501465,8.333333015441895,2021-10-10,0.4258918762207031,2.0,"{""type"":""Point"",""coordinates"":[76.718611,11.39]}"
962,30,0.27907687425613403,139.89280700683594,2020-11-05,1935.5157470703125,1,2.0,44.099998474121094,2020-11-05,2020-11-04,10.84386157989502,290.732421875,2020-11-06,53.2599983215332,58.33333206176758,2020-11-05,0.3977425992488861,2.0,"{""type"":""Point"",""coordinates"":[76.722222,11.363889]}"
963,10,0.41773971915245056,69.80797576904297,2023-03-30,1933.507080078125,1,18.0,0.0,2023-03-30,2023-03-29,11.48009204864502,292.5171813964844,2023-03-31,7.559999942779541,12.5,2023-03-30,0.3397725522518158,18.0,"{""type"":""Point"",""coordinates"":[76.761389,11.362778]}"
964,30,0.785266101360321,302.81964111328125,2019-03-27,1806.09326171875,1,6.0,0.0,2019-03-27,2019-03-26,26.743654251098633,297.93243408203125,2019-03-28,0.07999999821186066,0.0,2019-03-27,0.19256336987018585,6.0,"{""type"":""Point"",""coordinates"":[76.75694400000002,11.344166999999999]}"
965,60,0.07301539927721024,195.1287384033203,2023-06-17,1899.4034423828125,1,2.0,0.0,2023-06-17,2023-06-16,22.0123348236084,293.5929870605469,2023-06-18,1.209999918937683,0.0,2023-06-17,0.35404905676841736,1.0,"{""type"":""Point"",""coordinates"":[76.763889,11.350555999999997]}"
966,10,0.37527409195899963,234.4958953857422,2022-09-18,1753.349365234375,1,5.0,0.0,2022-09-18,2022-09-17,25.17762565612793,295.5790710449219,2022-09-19,1.0799999237060547,0.0,2022-09-18,0.3820323944091797,5.0,"{""type"":""Point"",""coordinates"":[76.775833,11.3425]}"
967,30,0.028296208009123802,2.0559208393096924,2021-12-18,1911.2158203125,1,1.0,3.049999952316284,2021-12-18,2021-12-17,26.27951431274414,290.09222412109375,2021-12-19,0.3700000047683716,0.0,2021-12-18,0.3711942136287689,1.0,"{""type"":""Point"",""coordinates"":[76.775833,11.36]}"
968,10,0.05251336470246315,65.40340423583984,2020-08-20,1792.1461181640625,1,120.0,524.3999633789062,2020-08-20,2020-08-19,26.082977294921875,292.204833984375,2020-08-21,1.4399999380111694,2.0833332538604736,2020-08-20,0.3801015317440033,120.0,"{""type"":""Point"",""coordinates"":[76.781667,11.359444]}"
969,10,0.18690866231918335,62.203025817871094,2023-02-05,2082.569091796875,1,1.0,0.0,2023-02-05,2023-02-04,13.355356216430664,290.0840148925781,2023-02-06,0.0,0.0,2023-02-05,0.32537713646888733,1.0,"{""type"":""Point"",""coordinates"":[76.788611,11.381943999999999]}"
970,10,0.32585281133651733,323.0947570800781,2019-10-08,1743.7335205078125,1,191.0,8243.5595703125,2019-10-08,2019-10-07,13.240460395812988,291.54443359375,2019-10-09,3.18999981880188,6.25,2019-10-08,0.4078877866268158,191.0,"{""type"":""Point"",""coordinates"":[76.786389,11.349999999999998]}"
971,30,0.15135225653648376,286.1618957519531,2021-01-11,1925.168701171875,1,1.0,15.589999198913574,2021-01-11,2021-01-10,21.639453887939453,290.3514709472656,2021-01-12,42.06999969482422,50.0,2021-01-11,0.40822792053222656,1.0,"{""type"":""Point"",""coordinates"":[76.808889,11.359444]}"
972,10,0.5029779672622681,306.3638610839844,2022-03-19,2005.4071044921875,1,1.0,0.0,2022-03-19,2022-03-18,20.168781280517578,292.9447326660156,2022-03-20,15.269999504089355,8.333333015441895,2022-03-19,0.22410519421100616,1.0,"{""type"":""Point"",""coordinates"":[76.818056,11.365277999999998]}"
973,10,0.24709922075271606,142.6257781982422,2019-07-26,811.2175903320312,1,30.0,585.5999755859375,2019-07-26,2019-07-25,21.53843879699707,294.7052307128906,2019-07-27,28.759998321533203,29.16666603088379,2019-07-26,0.4278278350830078,30.0,"{""type"":""Point"",""coordinates"":[76.84675500000002,11.343276]}"
974,10,0.16652818024158478,134.76229858398438,2022-02-10,809.7073974609375,1,30.0,0.0,2022-02-10,2022-02-09,22.69129753112793,293.49658203125,2022-02-11,0.0,0.0,2022-02-10,0.2704486846923828,30.0,"{""type"":""Point"",""coordinates"":[76.847311,11.343554]}"
975,10,0.2718241214752197,276.817626953125,2020-03-24,744.9027709960938,1,30.0,15.859999656677246,2020-03-24,2020-03-23,41.97916030883789,299.34027099609375,2020-03-25,0.0,0.0,2020-03-24,0.22931861877441406,2.0,"{""type"":""Point"",""coordinates"":[76.850089,11.342164999999998]}"
976,10,0.2761290669441223,146.54759216308594,2019-08-02,721.6334228515625,1,30.0,24.21000099182129,2019-08-02,2019-08-01,15.623669624328613,296.03363037109375,2019-08-03,6.899999618530273,6.25,2019-08-02,0.3758220672607422,30.0,"{""type"":""Point"",""coordinates"":[76.849444,11.3425]}"
977,10,0.6615378260612488,279.72601318359375,2023-04-26,804.2584838867188,1,2.0,26.920000076293945,2023-04-26,2023-04-25,27.19068145751953,299.482421875,2023-04-27,28.76999855041504,18.75,2023-04-26,0.2509187161922455,2.0,"{""type"":""Point"",""coordinates"":[76.85083300000001,11.342778000000001]}"
978,10,0.1631178855895996,217.1547393798828,2020-01-22,804.8173828125,1,2.0,0.0,2020-01-22,2020-01-21,19.611295700073242,294.70343017578125,2020-01-23,0.0,0.0,2020-01-22,0.26711082458496094,2.0,"{""type"":""Point"",""coordinates"":[76.85083300000001,11.342222000000001]}"
979,10,0.6574822068214417,132.46649169921875,2019-04-22,803.8284912109375,1,3.0,0.3400000035762787,2019-04-22,2019-04-21,29.043703079223633,300.9269104003906,2019-04-23,4.289999961853027,4.166666507720947,2019-04-22,0.2618255615234375,2.0,"{""type"":""Point"",""coordinates"":[76.853889,11.342778]}"
980,30,0.06322084367275238,96.61880493164062,2022-12-31,1816.0704345703125,1,5.0,0.0,2022-12-31,2022-12-30,20.891311645507812,289.2159729003906,2023-01-01,0.0,0.0,2022-12-31,0.3585968017578125,1.0,"{""type"":""Point"",""coordinates"":[76.834167,11.3625]}"
981,10,0.22906778752803802,7.2060441970825195,2022-10-22,1955.53076171875,1,1.0,37.87999725341797,2022-10-22,2022-10-21,33.36776351928711,290.59991455078125,2022-10-23,0.0,0.0,2022-10-22,0.41752877831459045,1.0,"{""type"":""Point"",""coordinates"":[76.833056,11.378056]}"
982,10,0.5317826867103577,97.8421401977539,2023-04-21,1879.6036376953125,1,8.0,0.0,2023-04-21,2023-04-20,28.413665771484375,293.9194030761719,2023-04-22,0.3700000047683716,0.0,2023-04-21,0.24715550243854523,5.0,"{""type"":""Point"",""coordinates"":[76.82444400000001,11.380556]}"
983,10,0.12717486917972565,31.657821655273438,2019-08-24,1990.158935546875,1,3.0,5.529999732971191,2019-08-24,2019-08-23,18.69241714477539,290.7518615722656,2019-08-25,2.2300000190734863,2.0833332538604736,2019-08-24,0.41843223571777344,1.0,"{""type"":""Point"",""coordinates"":[76.817222,11.373611]}"
984,30,0.56170254945755,87.38639831542969,2020-02-13,2082.854736328125,1,6.0,0.0,2020-02-13,2020-02-12,14.495389938354492,290.58660888671875,2020-02-14,0.0,0.0,2020-02-13,0.2681191861629486,1.0,"{""type"":""Point"",""coordinates"":[76.813056,11.400556000000002]}"
985,10,0.06398417055606842,60.69157791137695,2020-09-05,1965.21484375,1,2.0,74.15999603271484,2020-09-05,2020-09-04,8.647147178649902,292.2564697265625,2020-09-06,24.40999984741211,10.416666984558105,2020-09-05,0.40683555603027344,2.0,"{""type"":""Point"",""coordinates"":[76.815556,11.393056]}"
986,10,0.08465892821550369,120.43339538574219,2022-11-12,1939.0311279296875,1,15.0,1969.6500244140625,2022-11-12,2022-11-11,20.774837493896484,289.3282775878906,2022-11-13,65.40999603271484,43.75,2022-11-12,0.4120807647705078,15.0,"{""type"":""Point"",""coordinates"":[76.820833,11.407500000000002]}"
987,10,0.05059241130948067,163.09461975097656,2019-11-30,1939.57470703125,1,4.0,2.629999876022339,2019-11-30,2019-11-29,7.159031391143799,290.57513427734375,2019-12-01,31.149999618530273,31.25,2019-11-30,0.39249739050865173,1.0,"{""type"":""Point"",""coordinates"":[76.816667,11.413889000000001]}"
988,30,0.31316807866096497,290.8153076171875,2019-02-03,1963.62353515625,1,1.0,0.0,2019-02-03,2019-02-02,15.66145133972168,288.92218017578125,2019-02-04,0.0,0.0,2019-02-03,0.36411795020103455,1.0,"{""type"":""Point"",""coordinates"":[76.814722,11.411389]}"
989,30,0.31060460209846497,17.94707679748535,2022-09-21,1961.8997802734375,1,1.0,0.1899999976158142,2022-09-21,2022-09-20,8.030394554138184,291.6871337890625,2022-09-22,0.0,0.0,2022-09-21,0.36959710717201233,1.0,"{""type"":""Point"",""coordinates"":[76.813889,11.410833]}"
990,10,0.02351468615233898,98.13159942626953,2021-11-19,2059.29345703125,1,2.0,57.97999954223633,2021-11-19,2021-11-18,22.268840789794922,290.5510559082031,2021-11-20,4.949999809265137,10.416666984558105,2021-11-19,0.4176095426082611,2.0,"{""type"":""Point"",""coordinates"":[76.808889,11.407777999999999]}"
991,30,0.5427215695381165,293.0610656738281,2019-02-18,1962.8385009765625,1,1.0,0.0,2019-02-18,2019-02-17,14.136438369750977,291.523193359375,2019-02-19,0.0,0.0,2019-02-18,0.37235769629478455,1.0,"{""type"":""Point"",""coordinates"":[76.809444,11.415]}"
992,30,0.09395336359739304,109.72380828857422,2019-11-30,1879.9609375,1,5.0,13.149999618530273,2019-11-30,2019-11-29,8.524430274963379,290.57513427734375,2019-12-01,31.149999618530273,31.25,2019-11-30,0.39249739050865173,5.0,"{""type"":""Point"",""coordinates"":[76.830278,11.420556]}"
993,10,0.12314652651548386,251.4681854248047,2021-10-20,1979.4154052734375,1,1.0,0.13999998569488525,2021-10-20,2021-10-19,31.461374282836914,294.6436462402344,2021-10-21,61.11000061035156,35.41666793823242,2021-10-20,0.4111550748348236,1.0,"{""type"":""Point"",""coordinates"":[76.873611,11.442778]}"
994,10,0.004180585034191608,184.82669067382812,2022-11-16,1797.4322509765625,1,3.0,0.0,2022-11-16,2022-11-15,12.614402770996094,292.86962890625,2022-11-17,0.0,0.0,2022-11-16,0.40507635474205017,3.0,"{""type"":""Point"",""coordinates"":[76.885556,11.436943999999999]}"
995,10,0.04510142281651497,67.44144439697266,2022-02-01,1702.3714599609375,1,7.0,0.0,2022-02-01,2022-01-31,31.500757217407227,292.7816162109375,2022-02-02,0.0010000000474974513,0.0,2022-02-01,0.32019615173339844,7.0,"{""type"":""Point"",""coordinates"":[76.880833,11.409443999999999]}"
996,30,0.3240867853164673,218.38052368164062,2021-06-11,1700.8424072265625,1,11.0,2.700000047683716,2021-06-11,2021-06-10,27.0589542388916,295.88873291015625,2021-06-12,0.0,0.0,2021-06-11,0.37997564673423767,2.0,"{""type"":""Point"",""coordinates"":[76.884438,11.408521]}"
997,30,0.13510526716709137,66.8331069946289,2021-08-15,1420.8984375,1,38.0,15.679999351501465,2021-08-15,2021-08-14,15.076241493225098,293.7935791015625,2021-08-16,5.099999904632568,6.25,2021-08-15,0.41449737548828125,4.0,"{""type"":""Point"",""coordinates"":[76.891944,11.382778]}"
998,10,0.10359098017215729,154.41517639160156,2020-06-15,1372.0582275390625,1,45.0,0.0,2020-06-15,2020-06-14,17.635080337524414,296.0423889160156,2020-06-16,6.689999580383301,8.333333015441895,2020-06-15,0.3833262026309967,1.0,"{""type"":""Point"",""coordinates"":[76.899444,11.378889000000001]}"
999,10,0.07558184117078781,95.60749816894531,2021-10-02,1434.397216796875,1,1.0,35.6619987487793,2021-10-02,2021-10-01,32.856788635253906,294.3657531738281,2021-10-03,96.15999603271484,22.91666603088379,2021-10-02,0.4106057584285736,1.0,"{""type"":""Point"",""coordinates"":[76.897222,11.375]}"
