system:index,Map,NDVI,aspect,current_date,elevation,is_landslide,max_water_accumulation,prev_day_water_accumulation,prev_end,prev_start,slope,soil_temperature,today_end,today_expected_rain,today_rain_probability,today_start,volumetric_soil_moisture,water_accumulation,.geo
0,10,0.8242902159690857,143.05921936035156,2022-03-19,399.0948181152344,0,1.0,0.0,2022-03-19,2022-03-18,28.5140438079834,295.7713928222656,2022-03-20,0.0,0.0,2022-03-19,0.16112899780273438,1.0,"{""type"":""Point"",""coordinates"":[93.45811831938684,24.728286754918518]}"
1,40,0.6062920093536377,36.74772644042969,2019-01-25,213.80274963378906,0,4.0,0.0,2019-01-25,2019-01-24,4.262768268585205,294.0382385253906,2019-01-26,0.0,0.0,2019-01-25,0.2627932131290436,1.0,"{""type"":""Point"",""coordinates"":[95.80552342629754,23.1454454683993]}"
2,10,0.38202011585235596,222.9241180419922,2020-02-24,1465.0548095703125,0,1.0,10.069999694824219,2020-02-24,2020-02-23,25.405065536499023,287.7513732910156,2020-02-25,0.8799999952316284,0.0,2020-02-24,0.4511350095272064,1.0,"{""type"":""Point"",""coordinates"":[95.77579854531189,26.889481232788803]}"
3,10,0.1938214749097824,215.29962158203125,2023-01-08,411.3224792480469,0,4.0,0.0,2023-01-08,2023-01-07,9.50058650970459,287.37255859375,2023-01-09,0.0,0.0,2023-01-08,0.2462615966796875,3.0,"{""type"":""Point"",""coordinates"":[96.10442095940023,28.029558465087426]}"
4,40,0.03729898855090141,235.03530883789062,2020-08-11,19.804447174072266,0,939.0,3173.81982421875,2020-08-11,2020-08-10,0.31085070967674255,301.5343933105469,2020-08-12,53.5,43.75,2020-08-11,0.4065793454647064,939.0,"{""type"":""Point"",""coordinates"":[90.08104762414727,25.181059566191067]}"
5,10,0.022420329973101616,48.583717346191406,2023-07-07,140.26451110839844,0,1.0,81.29000091552734,2023-07-07,2023-07-06,3.461904525756836,300.8509521484375,2023-07-08,51.72999954223633,50.0,2023-07-07,0.4844703674316406,1.0,"{""type"":""Point"",""coordinates"":[95.48472969341513,27.941690142854718]}"
6,10,0.25049281120300293,311.2720642089844,2019-12-08,329.4127502441406,0,18.0,0.0,2019-12-08,2019-12-07,3.693267345428467,287.9185791015625,2019-12-09,0.0,0.0,2019-12-08,0.34694162011146545,1.0,"{""type"":""Point"",""coordinates"":[95.87251696884012,26.400011112923092]}"
7,10,0.11855104565620422,357.7983703613281,2019-12-23,1471.9656982421875,0,1.0,0.3199999928474426,2019-12-23,2019-12-22,19.216064453125,286.5700988769531,2019-12-24,2.4600000381469727,0.0,2019-12-23,0.3080832064151764,1.0,"{""type"":""Point"",""coordinates"":[95.8790831674606,26.52294137877306]}"
8,80,-0.050713635981082916,-0.0,2023-12-06,0.0,0,0.0,0.0,2023-12-06,2023-12-05,0.0,0.0,2023-12-07,0.6599999666213989,0.0,2023-12-06,0.0,0.0,"{""type"":""Point"",""coordinates"":[90.10015634884151,21.607780181836954]}"
9,30,0.010572217404842377,142.75282287597656,2022-04-06,1307.959228515625,0,1.0,0.0,2022-04-06,2022-04-05,11.074769020080566,291.7911376953125,2022-04-07,0.0,0.0,2022-04-06,0.32763800024986267,1.0,"{""type"":""Point"",""coordinates"":[93.92459799695435,25.121262738705212]}"
10,10,0.12387753278017044,286.33245849609375,2020-07-22,172.43801879882812,0,1157.0,30429.099609375,2020-07-22,2020-07-21,9.072545051574707,298.2611389160156,2020-07-23,21.299999237060547,25.0,2020-07-22,0.47491583228111267,1157.0,"{""type"":""Point"",""coordinates"":[94.29882835596875,26.434336457548966]}"
11,10,0.6032755970954895,94.5357437133789,2021-01-02,1540.7242431640625,0,1.0,0.007000000216066837,2021-01-02,2021-01-01,11.869150161743164,285.4198303222656,2021-01-03,0.0,0.0,2021-01-02,0.2400684356689453,1.0,"{""type"":""Point"",""coordinates"":[94.55520662509211,25.452918766783217]}"
12,40,0.3880358934402466,75.07207489013672,2021-04-13,51.341835021972656,0,2.0,0.0,2021-04-13,2021-04-12,0.25923967361450195,301.2846374511719,2021-04-14,0.0,0.0,2021-04-13,0.22168922424316406,2.0,"{""type"":""Point"",""coordinates"":[89.10960274064422,26.210216066802406]}"
13,10,-2.487589081283659E-4,143.718505859375,2021-05-31,1383.7564697265625,0,2.0,18.219999313354492,2021-05-31,2021-05-30,29.770095825195312,295.63214111328125,2021-06-01,69.80999755859375,41.66666793823242,2021-05-31,0.46326637268066406,2.0,"{""type"":""Point"",""coordinates"":[95.8319939202095,26.93837596230106]}"
14,10,0.220486581325531,121.21210479736328,2023-05-02,720.3634033203125,0,1.0,2.638000011444092,2023-05-02,2023-05-01,10.94678783416748,299.07366943359375,2023-05-03,0.5499999523162842,0.0,2023-05-02,0.42327436804771423,1.0,"{""type"":""Point"",""coordinates"":[93.00001777922984,25.321517907960075]}"
15,10,0.1804128736257553,48.16672134399414,2020-04-23,205.052490234375,0,1258.0,0.47999995946884155,2020-04-23,2020-04-22,20.682598114013672,302.8733215332031,2020-04-24,1.459999918937683,2.0833332538604736,2020-04-23,0.23171234130859375,2.0,"{""type"":""Point"",""coordinates"":[96.53728540875531,21.70095266474537]}"
16,10,0.05922756716609001,349.67779541015625,2021-07-31,99.81584167480469,0,26.0,0.0,2021-07-31,2021-07-30,5.4344282150268555,303.3863830566406,2021-08-01,0.28999999165534973,0.0,2021-07-31,0.4171835482120514,7.0,"{""type"":""Point"",""coordinates"":[95.10508546307851,21.89944767733325]}"
17,40,0.2068837732076645,277.8916320800781,2022-05-06,13.610984802246094,0,2.0,5.960000038146973,2022-05-06,2022-05-05,0.1707649528980255,301.277587890625,2022-05-07,1.350000023841858,0.0,2022-05-06,0.35942330956459045,2.0,"{""type"":""Point"",""coordinates"":[89.02626796293323,24.81651374069009]}"
18,40,0.6492006778717041,257.4118347167969,2022-11-27,31.543567657470703,0,30.0,0.0,2022-11-27,2022-11-26,1.6973352432250977,294.01397705078125,2022-11-28,0.0,0.0,2022-11-27,0.17942364513874054,30.0,"{""type"":""Point"",""coordinates"":[88.48235490172982,25.60979260464504]}"
19,80,0.06407766789197922,352.666259765625,2019-10-17,246.0335693359375,0,9.0,0.0,2019-10-17,2019-10-16,2.1041338443756104,294.35589599609375,2019-10-18,0.0,0.0,2019-10-17,0.44803938269615173,1.0,"{""type"":""Point"",""coordinates"":[96.27348346762034,27.887421826486804]}"
20,10,0.18435107171535492,337.4173889160156,2019-09-13,1229.2593994140625,0,265.0,7449.14990234375,2019-09-13,2019-09-12,41.093196868896484,293.2851867675781,2019-09-14,13.229999542236328,16.66666603088379,2019-09-13,0.4323272705078125,265.0,"{""type"":""Point"",""coordinates"":[88.63881231564056,27.330409485386493]}"
21,40,0.05393856763839722,103.47953796386719,2021-07-30,28.50916290283203,0,4.0,49.19999694824219,2021-07-30,2021-07-29,0.14330826699733734,301.45697021484375,2021-07-31,33.34000015258789,31.25,2021-07-30,0.38555464148521423,4.0,"{""type"":""Point"",""coordinates"":[89.20256362801658,25.53420482187645]}"
22,10,0.16078922152519226,299.5861511230469,2020-04-12,825.8838500976562,0,34.0,0.4899999797344208,2020-04-12,2020-04-11,9.044026374816895,294.1725769042969,2020-04-13,1.9199999570846558,2.0833332538604736,2020-04-12,0.34607696533203125,1.0,"{""type"":""Point"",""coordinates"":[95.1481525642263,25.64103587790702]}"
23,30,0.18381136655807495,16.983308792114258,2020-01-12,115.22725677490234,0,26.0,0.0,2020-01-12,2020-01-11,0.6143185496330261,289.15087890625,2020-01-13,0.0,0.0,2020-01-12,0.44564947485923767,4.0,"{""type"":""Point"",""coordinates"":[95.24632674407883,27.542644804705954]}"
24,10,0.3841334283351898,300.90118408203125,2021-02-27,1118.851806640625,0,2.0,0.0,2021-02-27,2021-02-26,26.534513473510742,289.91802978515625,2021-02-28,0.5299999713897705,0.0,2021-02-27,0.3493448793888092,2.0,"{""type"":""Point"",""coordinates"":[97.16612792599697,23.139676838401385]}"
25,60,0.02766817808151245,276.8589172363281,2022-08-26,5371.5009765625,0,2.0,28.079999923706055,2022-08-26,2022-08-25,24.72686195373535,283.8187561035156,2022-08-27,0.0,0.0,2022-08-26,0.32016754150390625,1.0,"{""type"":""Point"",""coordinates"":[90.55739189446865,28.608922585432776]}"
26,10,0.26765936613082886,216.5985107421875,2022-02-15,1063.0030517578125,0,3.0,0.0,2022-02-15,2022-02-14,12.849995613098145,286.5284423828125,2022-02-16,0.0,0.0,2022-02-15,0.24059677124023438,1.0,"{""type"":""Point"",""coordinates"":[93.05905556044137,23.173711708377216]}"
27,40,0.12552714347839355,184.57069396972656,2020-10-01,120.86721801757812,0,7.0,0.0,2020-10-01,2020-09-30,0.5023883581161499,300.5746765136719,2020-10-02,0.30300000309944153,0.0,2020-10-01,0.38406625390052795,7.0,"{""type"":""Point"",""coordinates"":[92.35272186053592,26.824612047124287]}"
28,100,-0.02275960147380829,136.29217529296875,2023-03-20,3674.079833984375,0,5.0,19.350000381469727,2023-03-20,2023-03-19,43.15321350097656,275.62811279296875,2023-03-21,7.319999694824219,16.66666603088379,2023-03-20,0.423095703125,5.0,"{""type"":""Point"",""coordinates"":[93.82685680998424,28.572012456331336]}"
29,30,0.05989731848239899,250.458984375,2023-06-03,4692.2470703125,0,2808.0,0.0,2023-06-03,2023-06-02,12.761124610900879,281.99005126953125,2023-06-04,0.0,0.0,2023-06-03,0.10031381994485855,1.0,"{""type"":""Point"",""coordinates"":[89.92533220116127,28.36448367554606]}"
30,40,0.09486264735460281,298.40179443359375,2021-05-29,12.251358985900879,0,4.0,0.0,2021-05-29,2021-05-28,0.3450641930103302,302.6601867675781,2021-05-30,0.0,0.0,2021-05-29,0.3708457946777344,1.0,"{""type"":""Point"",""coordinates"":[88.48110164442502,23.28412936925019]}"
31,10,0.7794869542121887,308.1033630371094,2019-12-17,1393.440673828125,0,1.0,0.9699999690055847,2019-12-17,2019-12-16,20.229385375976562,285.6131591796875,2019-12-18,0.029999999329447746,0.0,2019-12-17,0.3962319791316986,1.0,"{""type"":""Point"",""coordinates"":[94.54716443704265,26.019740865284827]}"
32,80,0.048576317727565765,298.065185546875,2021-02-14,122.49626922607422,0,1.0,0.0,2021-02-14,2021-02-13,0.8430648446083069,293.3438720703125,2021-02-15,0.14000000059604645,0.0,2021-02-14,0.2354768067598343,1.0,"{""type"":""Point"",""coordinates"":[95.51807319058007,27.809341694463438]}"
33,10,0.2975640594959259,103.44232177734375,2023-03-19,10.655982971191406,0,1.0,6.609999656677246,2023-03-19,2023-03-18,0.7554794549942017,298.3525390625,2023-03-20,60.44999694824219,43.75,2023-03-19,0.2667198181152344,1.0,"{""type"":""Point"",""coordinates"":[91.42649232931548,24.918518104164686]}"
34,10,0.00888130348175764,119.8925552368164,2021-08-06,576.6710815429688,0,6.0,140.8199920654297,2021-08-06,2021-08-05,15.198636054992676,297.8370056152344,2021-08-07,33.72999954223633,54.16666793823242,2021-08-06,0.4386024475097656,6.0,"{""type"":""Point"",""coordinates"":[94.25618620108638,23.610564939942208]}"
35,10,0.44585251808166504,257.6396179199219,2019-12-24,1146.2664794921875,0,272.0,0.0,2019-12-24,2019-12-23,28.905271530151367,281.1559753417969,2019-12-25,0.0,0.0,2019-12-24,0.394775390625,272.0,"{""type"":""Point"",""coordinates"":[93.13358276837158,27.743170862252274]}"
36,10,0.07597052305936813,282.163818359375,2022-06-21,1071.14990234375,0,1.0,80.33999633789062,2022-06-21,2022-06-20,35.00442886352539,291.73272705078125,2022-06-22,17.78999900817871,31.25,2022-06-21,0.42271676659584045,1.0,"{""type"":""Point"",""coordinates"":[90.5636605205524,27.029795324566862]}"
37,10,0.08077413588762283,35.52554702758789,2021-09-08,300.36566162109375,0,902.0,8587.0400390625,2021-09-08,2021-09-07,10.036327362060547,299.063720703125,2021-09-09,57.05999755859375,14.583333015441895,2021-09-08,0.48531150817871094,902.0,"{""type"":""Point"",""coordinates"":[97.33760991724142,26.032251958011273]}"
38,10,0.02650737762451172,127.84832000732422,2023-04-01,3649.15234375,0,1.0,0.09999999403953552,2023-04-01,2023-03-31,24.193443298339844,277.6138610839844,2023-04-02,24.970998764038086,25.0,2023-04-01,0.4246826171875,1.0,"{""type"":""Point"",""coordinates"":[90.55703079473977,27.5437638339432]}"
39,10,0.1474325805902481,130.354248046875,2021-09-13,351.15301513671875,0,1.0,7.659999847412109,2021-09-13,2021-09-12,18.83281898498535,299.1112365722656,2021-09-14,4.989999771118164,6.25,2021-09-13,0.39131101965904236,1.0,"{""type"":""Point"",""coordinates"":[92.51646263395206,22.246481074904004]}"
40,10,0.21526402235031128,351.3658142089844,2021-12-28,3276.910400390625,0,1.0,0.0,2021-12-28,2021-12-27,31.004535675048828,271.9484558105469,2021-12-29,0.0,0.0,2021-12-28,0.3555367887020111,1.0,"{""type"":""Point"",""coordinates"":[96.69455030491503,28.804257059510352]}"
41,40,0.35960105061531067,333.7389831542969,2019-12-10,16.579317092895508,0,1.0,0.0,2019-12-10,2019-12-09,2.4830214977264404,293.9168701171875,2019-12-11,0.0,0.0,2019-12-10,0.18767611682415009,1.0,"{""type"":""Point"",""coordinates"":[90.00173249161053,24.878193429268947]}"
42,30,0.2887365520000458,113.71833038330078,2022-03-16,252.76162719726562,0,1.0,0.0,2022-03-16,2022-03-15,3.89212965965271,303.51629638671875,2022-03-17,0.0,0.0,2022-03-16,0.25153541564941406,1.0,"{""type"":""Point"",""coordinates"":[95.7863352294034,23.417797381465]}"
43,10,0.8216105103492737,180.931640625,2021-02-16,745.3284912109375,0,3.0,0.35999998450279236,2021-02-16,2021-02-15,13.221587181091309,288.182373046875,2021-02-17,7.46999979019165,14.583333015441895,2021-02-16,0.21218235790729523,2.0,"{""type"":""Point"",""coordinates"":[94.52416186888016,27.80453284623025]}"
44,40,0.027817662805318832,51.655452728271484,2019-06-30,123.2659912109375,0,3.0,13.739999771118164,2019-06-30,2019-06-29,0.5545795559883118,299.5859680175781,2019-07-01,0.7299999594688416,2.0833332538604736,2019-06-30,0.4076760709285736,3.0,"{""type"":""Point"",""coordinates"":[92.63113216420497,26.94099484656256]}"
45,10,0.1141292080283165,137.72682189941406,2019-08-23,15.15301513671875,0,2012.0,20895.5,2019-08-23,2019-08-22,8.452507019042969,302.7380065917969,2019-08-24,46.290000915527344,45.83333206176758,2019-08-23,0.44773420691490173,1058.0,"{""type"":""Point"",""coordinates"":[91.24648513079974,23.65405196540808]}"
46,30,0.058688562363386154,44.175106048583984,2019-08-19,600.0043334960938,0,130.0,70.19999694824219,2019-08-19,2019-08-18,9.7816801071167,297.47796630859375,2019-08-20,0.5399999618530273,0.0,2019-08-19,0.4683806002140045,130.0,"{""type"":""Point"",""coordinates"":[97.04092124244497,22.020300748576183]}"
47,10,0.3988323211669922,128.01739501953125,2022-12-10,11.0,0,1028.0,0.0,2022-12-10,2022-12-09,5.406188011169434,297.1722717285156,2022-12-11,0.0,0.0,2022-12-10,0.1339282989501953,1028.0,"{""type"":""Point"",""coordinates"":[92.10836943938891,22.054165238569833]}"
48,30,0.09922774136066437,309.3345642089844,2023-12-01,4374.24267578125,0,5.0,0.3100000023841858,2023-12-01,2023-11-30,21.735132217407227,273.1464538574219,2023-12-02,0.7899999618530273,0.0,2023-12-01,0.38326263427734375,1.0,"{""type"":""Point"",""coordinates"":[94.27084915266074,29.344392443970193]}"
49,10,0.41981562972068787,43.33797073364258,2022-02-20,102.19960021972656,0,3.0,0.0,2022-02-20,2022-02-19,9.373800277709961,292.0017395019531,2022-02-21,1.1699999570846558,2.0833332538604736,2022-02-20,0.3535086214542389,1.0,"{""type"":""Point"",""coordinates"":[91.6871501033786,26.228962794959912]}"
50,10,0.4976947605609894,90.63333129882812,2022-03-21,80.01409149169922,0,1.0,0.0,2022-03-21,2022-03-20,10.019715309143066,302.0215759277344,2022-03-22,0.0,0.0,2022-03-21,0.24396832287311554,1.0,"{""type"":""Point"",""coordinates"":[90.88513312943893,25.902204601098838]}"
51,10,0.0031530633568763733,318.92987060546875,2023-09-10,1854.7149658203125,0,3.0,13.34999942779541,2023-09-10,2023-09-09,30.154958724975586,295.03533935546875,2023-09-11,9.380000114440918,14.583333015441895,2023-09-10,0.40736517310142517,3.0,"{""type"":""Point"",""coordinates"":[93.78862722979278,23.584712780135085]}"
52,80,0.019757337868213654,-0.0,2021-07-06,65.0,0,56750.0,44264.99609375,2021-07-06,2021-07-05,0.0,301.12359619140625,2021-07-07,40.04999923706055,22.91666603088379,2021-07-06,0.4774443209171295,56750.0,"{""type"":""Point"",""coordinates"":[92.87272191124697,26.681578726316456]}"
53,10,0.15905770659446716,200.02783203125,2021-04-23,100.8222885131836,0,230.0,59.79999923706055,2021-04-23,2021-04-22,5.489486217498779,296.9197998046875,2021-04-24,0.0,0.0,2021-04-23,0.3616911470890045,230.0,"{""type"":""Point"",""coordinates"":[94.35628000622748,27.48553039099966]}"
54,10,0.13582658767700195,344.28887939453125,2019-10-21,2035.6585693359375,0,3.0,6.359999656677246,2019-10-21,2019-10-20,36.22167205810547,282.96246337890625,2019-10-22,20.469999313354492,43.75,2019-10-21,0.3721027374267578,3.0,"{""type"":""Point"",""coordinates"":[95.97508922278362,28.818338101221865]}"
55,10,0.6237928867340088,233.0576629638672,2022-02-09,451.6244201660156,0,28.0,0.0,2022-02-09,2022-02-08,27.568313598632812,285.97137451171875,2022-02-10,0.0,0.0,2022-02-09,0.28474488854408264,28.0,"{""type"":""Point"",""coordinates"":[92.9113233716047,23.06497310082311]}"
56,10,0.25792089104652405,234.64744567871094,2020-10-27,924.922607421875,0,1.0,2.619999885559082,2020-10-27,2020-10-26,24.214893341064453,295.4112854003906,2020-10-28,0.0,0.0,2020-10-27,0.4341926574707031,1.0,"{""type"":""Point"",""coordinates"":[96.97000881895148,22.73575102330552]}"
57,40,-0.050484176725149155,235.307861328125,2020-10-02,3.871901273727417,0,1.0,43.09600067138672,2020-10-02,2020-10-01,0.5906420946121216,302.4610595703125,2020-10-03,16.239999771118164,18.75,2020-10-02,0.41734886169433594,1.0,"{""type"":""Point"",""coordinates"":[91.11839856863965,24.157485380775192]}"
58,30,-0.015532155521214008,229.9126434326172,2023-08-28,5.747500896453857,0,4.0,996.3999633789062,2023-08-28,2023-08-27,0.4130643904209137,299.0263671875,2023-08-29,4.449999809265137,8.333333015441895,2023-08-28,0.4572334289550781,4.0,"{""type"":""Point"",""coordinates"":[91.83407918638493,25.14164089391182]}"
59,10,0.7672714591026306,102.6155776977539,2022-03-23,314.3551025390625,0,1.0,1.590000033378601,2022-03-23,2022-03-22,6.262912273406982,302.0546875,2022-03-24,1.4900000095367432,2.0833332538604736,2022-03-23,0.2781435549259186,1.0,"{""type"":""Point"",""coordinates"":[94.59819473532208,23.676276526780512]}"
60,30,0.10171060264110565,202.72012329101562,2019-11-07,4528.33740234375,0,6.0,0.0,2019-11-07,2019-11-06,33.498046875,275.6142578125,2019-11-08,0.7099999785423279,2.0833332538604736,2019-11-07,0.3851827085018158,6.0,"{""type"":""Point"",""coordinates"":[89.19065481160725,27.56846210682306]}"
61,10,0.2944730818271637,78.0620346069336,2020-12-01,146.35028076171875,0,1.0,0.0,2020-12-01,2020-11-30,1.9649405479431152,292.50225830078125,2020-12-02,0.006000000052154064,0.0,2020-12-01,0.3796844482421875,1.0,"{""type"":""Point"",""coordinates"":[95.71056080709748,27.474258389814246]}"
62,90,-0.12534625828266144,342.62298583984375,2021-11-11,2.981067419052124,0,6.0,0.0,2021-11-11,2021-11-10,0.5604916214942932,298.8358459472656,2021-11-12,1.869999885559082,0.0,2021-11-11,0.22197087109088898,2.0,"{""type"":""Point"",""coordinates"":[91.22791325029084,24.60863691487673]}"
63,10,0.004151398781687021,315.1495056152344,2021-09-11,1380.8753662109375,0,2.0,31.31999969482422,2021-09-11,2021-09-10,46.95974349975586,293.712646484375,2021-09-12,3.819999933242798,0.0,2021-09-11,0.3921286165714264,2.0,"{""type"":""Point"",""coordinates"":[94.04335312489393,27.497285035019793]}"
64,10,0.4979090392589569,142.30441284179688,2021-01-31,955.791748046875,0,18.0,0.0,2021-01-31,2021-01-30,29.10735321044922,286.38751220703125,2021-02-01,0.0,0.0,2021-01-31,0.17274856567382812,18.0,"{""type"":""Point"",""coordinates"":[93.84363010294366,23.289677493953977]}"
65,10,0.7777342200279236,70.53129577636719,2021-01-04,128.36016845703125,0,1.0,0.0,2021-01-04,2021-01-03,11.858436584472656,292.35595703125,2021-01-05,0.0,0.0,2021-01-04,0.1778685301542282,1.0,"{""type"":""Point"",""coordinates"":[92.41532113527317,22.583436199987183]}"
66,10,0.6172583103179932,335.0876159667969,2022-12-07,295.8129577636719,0,115.0,0.0,2022-12-07,2022-12-06,14.719595909118652,294.27374267578125,2022-12-08,0.0,0.0,2022-12-07,0.2885691225528717,115.0,"{""type"":""Point"",""coordinates"":[95.50778679560233,24.68306293394657]}"
67,10,0.15677693486213684,157.9403533935547,2023-11-25,798.69970703125,0,3.0,1.0199999809265137,2023-11-25,2023-11-24,2.2985305786132812,293.9010009765625,2023-11-26,0.0,0.0,2023-11-25,0.42160478234291077,3.0,"{""type"":""Point"",""coordinates"":[97.21457006971315,21.71386246636126]}"
68,10,0.1902659684419632,344.9041442871094,2023-04-21,1141.2816162109375,0,2.0,8.079999923706055,2023-04-21,2023-04-20,29.374839782714844,297.1495361328125,2023-04-22,20.969999313354492,27.08333396911621,2023-04-21,0.37247467041015625,2.0,"{""type"":""Point"",""coordinates"":[93.61424734461586,25.367011809581484]}"
69,10,0.34549885988235474,80.70598602294922,2019-04-16,652.0863647460938,0,2.0,8.559999465942383,2019-04-16,2019-04-15,13.605708122253418,293.0874938964844,2019-04-17,4.099999904632568,4.166666507720947,2019-04-16,0.441272109746933,1.0,"{""type"":""Point"",""coordinates"":[93.50648552821936,25.17570445470828]}"
70,10,0.3407987058162689,130.6373291015625,2021-11-20,318.2763671875,0,19.0,0.0,2021-11-20,2021-11-19,18.618736267089844,292.3096008300781,2021-11-21,0.0,0.0,2021-11-20,0.37014642357826233,1.0,"{""type"":""Point"",""coordinates"":[92.87951926381227,23.654264661106776]}"
71,40,0.07218647003173828,150.2726287841797,2022-08-02,105.91341400146484,0,3.0,62.981998443603516,2022-08-02,2022-08-01,0.39468714594841003,301.64031982421875,2022-08-03,1.3399999141693115,2.0833332538604736,2022-08-02,0.44694456458091736,3.0,"{""type"":""Point"",""coordinates"":[95.01343818194636,27.36735243078291]}"
72,40,0.07157351821660995,352.4373474121094,2020-09-08,86.34921264648438,0,22.0,2452.780029296875,2020-09-08,2020-09-07,1.93179452419281,299.431884765625,2020-09-09,32.189998626708984,25.0,2020-09-08,0.41959571838378906,22.0,"{""type"":""Point"",""coordinates"":[88.71278382963885,26.570358155373835]}"
73,40,0.2610768973827362,32.21815872192383,2020-11-06,120.55491638183594,0,1886.0,0.0,2020-11-06,2020-11-05,0.29926320910453796,296.2735290527344,2020-11-07,0.0,0.0,2020-11-06,0.4441134035587311,1886.0,"{""type"":""Point"",""coordinates"":[97.17265980137806,24.014662794389977]}"
74,30,0.021516093984246254,332.2375183105469,2019-05-04,4912.244140625,0,1.0,5.759999752044678,2019-05-04,2019-05-03,46.89973449707031,273.4538879394531,2019-05-05,12.279999732971191,16.66666603088379,2019-05-04,0.42245420813560486,1.0,"{""type"":""Point"",""coordinates"":[92.71841850519115,29.30123312965367]}"
75,40,0.005919442977756262,113.65474700927734,2021-05-27,10.997298240661621,0,3.0,19.19999885559082,2021-05-27,2021-05-26,2.3409225940704346,302.2498474121094,2021-05-28,3.43999981880188,4.166666507720947,2021-05-27,0.4036102294921875,3.0,"{""type"":""Point"",""coordinates"":[90.44347139593691,24.65921812559812]}"
76,40,0.36108359694480896,275.89007568359375,2019-12-13,843.5152587890625,0,5.0,0.0,2019-12-13,2019-12-12,8.884538650512695,288.6091003417969,2019-12-14,0.0,0.0,2019-12-13,0.2851460874080658,1.0,"{""type"":""Point"",""coordinates"":[97.08076437977559,22.51616515550085]}"
77,40,0.2989582419395447,120.05741882324219,2019-01-15,9.517557144165039,0,5.0,0.0,2019-01-15,2019-01-14,0.24760356545448303,292.49249267578125,2019-01-16,0.0,0.0,2019-01-15,0.18120448291301727,5.0,"{""type"":""Point"",""coordinates"":[88.4101980313647,23.396754951087463]}"
78,10,-7.005856023170054E-4,290.1095275878906,2023-08-28,3332.418212890625,0,8.0,1785.760009765625,2023-08-28,2023-08-27,23.198623657226562,288.23388671875,2023-08-29,5.96999979019165,2.0833332538604736,2023-08-28,0.4260425567626953,8.0,"{""type"":""Point"",""coordinates"":[89.62550649987014,27.159498423150794]}"
79,10,0.6030241250991821,314.05810546875,2022-11-08,224.0355224609375,0,3.0,0.0,2022-11-08,2022-11-07,6.328639507293701,293.89910888671875,2022-11-09,0.0,0.0,2022-11-08,0.3150825500488281,3.0,"{""type"":""Point"",""coordinates"":[96.56846953690878,26.498491698695116]}"
80,40,0.17765407264232635,86.05876922607422,2021-11-18,69.91858673095703,0,2.0,0.0,2021-11-18,2021-11-17,1.2468565702438354,294.36614990234375,2021-11-19,0.0,0.0,2021-11-18,0.19182968139648438,1.0,"{""type"":""Point"",""coordinates"":[88.32969623222257,26.31573606286774]}"
81,60,0.014933251775801182,150.76988220214844,2020-03-22,5335.4150390625,0,1.0,0.0,2020-03-22,2020-03-21,50.22554397583008,272.1661376953125,2020-03-23,0.0,0.0,2020-03-22,0.3804912567138672,1.0,"{""type"":""Point"",""coordinates"":[92.53616944678595,29.296817800007513]}"
82,30,0.09603239595890045,325.1404724121094,2021-11-04,159.95883178710938,0,1.0,21.860000610351562,2021-11-04,2021-11-03,1.49019455909729,298.5954284667969,2021-11-05,44.380001068115234,27.08333396911621,2021-11-04,0.34091249108314514,1.0,"{""type"":""Point"",""coordinates"":[95.27372352805168,23.126396099812204]}"
83,40,0.312718003988266,274.7155456542969,2021-11-08,11.93623161315918,0,1.0,0.0,2021-11-08,2021-11-07,0.2552451193332672,296.2978820800781,2021-11-09,0.0,0.0,2021-11-08,0.24441654980182648,1.0,"{""type"":""Point"",""coordinates"":[88.49807678304555,23.620700964472647]}"
84,10,0.2513190805912018,290.8795166015625,2021-05-08,939.2591552734375,0,2.0,27.479999542236328,2021-05-08,2021-05-07,8.25847053527832,294.5567932128906,2021-05-09,15.819999694824219,12.5,2021-05-08,0.325024276971817,2.0,"{""type"":""Point"",""coordinates"":[97.17374938490101,26.40206555734191]}"
85,10,0.15444856882095337,353.3302001953125,2020-06-06,83.1860122680664,0,1.0,44.529998779296875,2020-06-06,2020-06-05,0.7019332647323608,300.39520263671875,2020-06-07,3.9700000286102295,4.166666507720947,2020-06-06,0.41313108801841736,1.0,"{""type"":""Point"",""coordinates"":[88.2218452589753,26.49351270938451]}"
86,10,0.06354541331529617,223.58566284179688,2020-07-27,4.534739017486572,0,11.0,47.73999786376953,2020-07-27,2020-07-26,1.6211670637130737,302.9232177734375,2020-07-28,12.430000305175781,6.25,2020-07-27,0.38232550024986267,11.0,"{""type"":""Point"",""coordinates"":[91.8258988028266,22.281813322475983]}"
87,60,0.006818679627031088,99.14142608642578,2020-06-16,5394.72265625,0,1.0,0.0,2020-06-16,2020-06-15,29.309877395629883,284.1462097167969,2020-06-17,0.0,0.0,2020-06-16,0.30788740515708923,1.0,"{""type"":""Point"",""coordinates"":[92.17994794854519,28.658699152912405]}"
88,40,-0.010540859773755074,214.7045135498047,2023-01-21,56.76204299926758,0,212.0,0.0,2023-01-21,2023-01-20,0.2339712679386139,290.80413818359375,2023-01-22,0.0,0.0,2023-01-21,0.26776376366615295,212.0,"{""type"":""Point"",""coordinates"":[91.72837422582981,26.485165738118514]}"
89,50,0.021155081689357758,161.35887145996094,2023-03-29,196.34054565429688,0,1552.0,2.299999952316284,2023-03-29,2023-03-28,0.9535418152809143,296.3975524902344,2023-03-30,0.0,0.0,2023-03-29,0.3669064939022064,2.0,"{""type"":""Point"",""coordinates"":[94.14113777692867,23.804267292520002]}"
90,10,0.0668153315782547,348.97833251953125,2021-07-17,218.9773406982422,0,2.0,23.8799991607666,2021-07-17,2021-07-16,5.551685333251953,298.9072265625,2021-07-18,46.689998626708984,22.91666603088379,2021-07-17,0.4252052307128906,1.0,"{""type"":""Point"",""coordinates"":[96.6186518503539,26.515824689026733]}"
91,10,0.06663869321346283,332.71978759765625,2021-05-17,1701.50390625,0,1.0,0.25999999046325684,2021-05-17,2021-05-16,20.269437789916992,290.00408935546875,2021-05-18,2.859999895095825,0.0,2021-05-17,0.42083296179771423,1.0,"{""type"":""Point"",""coordinates"":[90.85525127423006,27.05713853894412]}"
92,40,0.04095332324504852,37.90652084350586,2021-08-18,9.225356101989746,0,1.0,31.729999542236328,2021-08-18,2021-08-17,2.7345046997070312,299.06427001953125,2021-08-19,21.939998626708984,22.91666603088379,2021-08-18,0.427502304315567,1.0,"{""type"":""Point"",""coordinates"":[91.68825625114748,24.886047958855734]}"
93,30,0.07162230461835861,173.09164428710938,2023-11-20,3587.9208984375,0,2.0,0.0,2023-11-20,2023-11-19,44.99024963378906,282.9337463378906,2023-11-21,0.029999999329447746,0.0,2023-11-20,0.3388913571834564,2.0,"{""type"":""Point"",""coordinates"":[95.15093373718881,28.710984697162235]}"
94,10,0.1416560411453247,121.45838928222656,2020-09-21,414.8782653808594,0,1.0,0.0,2020-09-21,2020-09-20,19.075246810913086,300.4241943359375,2020-09-22,72.50999450683594,33.33333206176758,2020-09-21,0.4222939908504486,1.0,"{""type"":""Point"",""coordinates"":[92.46772269975318,25.15635028581343]}"
95,10,0.34715157747268677,303.5479736328125,2020-11-24,190.768798828125,0,2.0,0.0,2020-11-24,2020-11-23,12.545893669128418,295.1001281738281,2020-11-25,0.009999999776482582,0.0,2020-11-24,0.3673795163631439,2.0,"{""type"":""Point"",""coordinates"":[96.31806794578846,23.52874074678641]}"
96,10,0.20486082136631012,306.8316345214844,2023-10-17,7.82692813873291,0,1.0,0.0,2023-10-17,2023-10-16,3.627748727798462,302.82183837890625,2023-10-18,0.0,0.0,2023-10-17,0.25814881920814514,1.0,"{""type"":""Point"",""coordinates"":[90.47796077295493,23.53569642223399]}"
97,10,0.023375973105430603,213.7391357421875,2020-07-20,2353.591552734375,0,127.0,4631.68994140625,2020-07-20,2020-07-19,1.7511632442474365,291.34478759765625,2020-07-21,36.599998474121094,60.41666793823242,2020-07-20,0.4285799562931061,127.0,"{""type"":""Point"",""coordinates"":[93.96700038856687,27.562231229525466]}"
98,80,0.00962320901453495,-0.0,2022-02-16,1.5271681547164917,0,12.0,0.0,2022-02-16,2022-02-15,0.0,292.8721008300781,2022-02-17,0.0,0.0,2022-02-16,0.260211318731308,12.0,"{""type"":""Point"",""coordinates"":[89.1526087482179,22.68913049418905]}"
99,30,0.18160082399845123,278.39215087890625,2021-11-29,4569.44384765625,0,80.0,0.0,2021-11-29,2021-11-28,27.585277557373047,273.06488037109375,2021-11-30,0.0,0.0,2021-11-29,0.3601652681827545,1.0,"{""type"":""Point"",""coordinates"":[90.80456206545207,28.249537807759936]}"
100,10,0.2087627649307251,263.63861083984375,2021-07-17,182.6648712158203,0,7.0,3.429999828338623,2021-07-17,2021-07-16,8.840130805969238,302.38128662109375,2021-07-18,4.049999713897705,8.333333015441895,2021-07-17,0.4633585512638092,1.0,"{""type"":""Point"",""coordinates"":[94.71714970444685,23.008790550895068]}"
101,10,0.25511857867240906,247.88262939453125,2023-11-09,1659.947509765625,0,3.0,0.0,2023-11-09,2023-11-08,33.35923767089844,286.1366882324219,2023-11-10,0.0,0.0,2023-11-09,0.3054924011230469,3.0,"{""type"":""Point"",""coordinates"":[95.8026932539667,28.369997939467435]}"
102,10,0.12818534672260284,211.62252807617188,2022-01-29,2240.228759765625,0,15.0,40.04999923706055,2022-01-29,2022-01-28,9.770679473876953,277.341064453125,2022-01-30,1.2400000095367432,2.0833332538604736,2022-01-29,0.4099597930908203,15.0,"{""type"":""Point"",""coordinates"":[93.50308931323461,27.595730662297242]}"
103,60,0.007734228856861591,216.8529052734375,2020-07-09,5189.7724609375,0,7.0,91.94999694824219,2020-07-09,2020-07-08,43.11967468261719,272.7378845214844,2020-07-10,1.159999966621399,2.0833332538604736,2020-07-09,0.42794671654701233,3.0,"{""type"":""Point"",""coordinates"":[96.92333315950548,29.441767760904412]}"
104,10,0.37112972140312195,175.14996337890625,2019-01-12,1285.615478515625,0,1.0,0.25999999046325684,2019-01-12,2019-01-11,35.60992431640625,281.1351623535156,2019-01-13,0.0,0.0,2019-01-12,0.3773918151855469,1.0,"{""type"":""Point"",""coordinates"":[92.54120690934786,27.088046839629566]}"
105,40,0.15726016461849213,102.10641479492188,2023-10-18,64.516357421875,0,2.0,0.0,2023-10-18,2023-10-17,0.10138817131519318,299.85906982421875,2023-10-19,0.0,0.0,2023-10-18,0.35756683349609375,2.0,"{""type"":""Point"",""coordinates"":[88.78547816820384,26.283783774492715]}"
106,10,0.211272731423378,146.58639526367188,2023-11-03,2981.88232421875,0,3.0,1.9199999570846558,2023-11-03,2023-11-02,34.9959831237793,284.7940673828125,2023-11-04,0.0,0.0,2023-11-03,0.4003181457519531,3.0,"{""type"":""Point"",""coordinates"":[96.92470806664504,27.492623907907138]}"
107,10,0.44258856773376465,272.0850524902344,2020-11-28,868.2015380859375,0,2.0,3.1599998474121094,2020-11-28,2020-11-27,5.791604042053223,291.03448486328125,2020-11-29,0.3199999928474426,0.0,2020-11-28,0.3768971860408783,2.0,"{""type"":""Point"",""coordinates"":[92.51578488654634,25.63723871626601]}"
108,10,0.13493555784225464,114.3917007446289,2019-02-14,1695.1533203125,0,2.0,0.14999999105930328,2019-02-14,2019-02-13,40.69020080566406,278.1375427246094,2019-02-15,8.889999389648438,14.583333015441895,2019-02-14,0.4193553924560547,1.0,"{""type"":""Point"",""coordinates"":[88.54688530778591,27.538160981352892]}"
109,10,-0.006433058530092239,172.4833221435547,2019-06-24,3291.517578125,0,1.0,1.46999990940094,2019-06-24,2019-06-23,29.454544067382812,288.5216369628906,2019-06-25,14.079999923706055,14.583333015441895,2019-06-24,0.41832733154296875,1.0,"{""type"":""Point"",""coordinates"":[88.82389799607098,27.276290732451898]}"
110,10,0.3000306785106659,52.99018859863281,2019-04-23,173.36241149902344,0,2.0,0.0,2019-04-23,2019-04-22,3.672386407852173,308.1761169433594,2019-04-24,0.029999999329447746,0.0,2019-04-23,0.2436879426240921,2.0,"{""type"":""Point"",""coordinates"":[95.43065188090488,22.305116145799396]}"
111,10,0.600518524646759,241.2376708984375,2023-03-16,492.61749267578125,0,1.0,1.1200000047683716,2023-03-16,2023-03-15,33.63179016113281,295.4027404785156,2023-03-17,0.0,0.0,2023-03-16,0.12474822998046875,1.0,"{""type"":""Point"",""coordinates"":[92.96492943473322,22.112918105611442]}"
112,30,0.3252066373825073,62.84724426269531,2021-01-08,4695.70166015625,0,2.0,0.0,2021-01-08,2021-01-07,31.88916015625,272.4129943847656,2021-01-09,0.0,0.0,2021-01-08,0.29560723900794983,1.0,"{""type"":""Point"",""coordinates"":[91.36615259452022,29.3754091019778]}"
113,100,0.03223051130771637,134.039306640625,2019-03-06,5175.70263671875,0,1.0,0.0,2019-03-06,2019-03-05,27.26604461669922,270.694580078125,2019-03-07,0.0,0.0,2019-03-06,0.3302644193172455,1.0,"{""type"":""Point"",""coordinates"":[91.57656442695675,28.43539766062103]}"
114,10,0.18027915060520172,341.848876953125,2019-03-08,1109.760009765625,0,2.0,0.0,2019-03-08,2019-03-07,20.375282287597656,288.53240966796875,2019-03-09,0.03999999910593033,0.0,2019-03-08,0.2786865234375,2.0,"{""type"":""Point"",""coordinates"":[94.05240151254333,24.301767079728343]}"
115,30,0.04416098818182945,339.7431335449219,2020-05-23,4657.22998046875,0,1.0,0.0,2020-05-23,2020-05-22,8.729165077209473,278.56121826171875,2020-05-24,6.480000019073486,16.66666603088379,2020-05-23,0.33183860778808594,1.0,"{""type"":""Point"",""coordinates"":[92.42482411528101,28.350306795779737]}"
116,30,0.20747455954551697,30.590957641601562,2023-09-23,4592.23583984375,0,1.0,0.07999999821186066,2023-09-23,2023-09-22,20.584089279174805,283.1222839355469,2023-09-24,11.629999160766602,16.66666603088379,2023-09-23,0.34293684363365173,1.0,"{""type"":""Point"",""coordinates"":[91.08398545544908,28.830160504448063]}"
117,30,0.2183438241481781,34.669578552246094,2021-05-19,179.1764373779297,0,1.0,6.71999979019165,2021-05-19,2021-05-18,1.114641547203064,306.1847839355469,2021-05-20,29.209999084472656,12.5,2021-05-19,0.40740522742271423,1.0,"{""type"":""Point"",""coordinates"":[95.48158505130817,23.340300955116252]}"
118,10,0.011030079796910286,155.95925903320312,2020-04-12,2793.452392578125,0,159.0,100.16999816894531,2020-04-12,2020-04-11,22.288646697998047,274.1796569824219,2020-04-13,7.819999694824219,10.416666984558105,2020-04-12,0.4161593019962311,159.0,"{""type"":""Point"",""coordinates"":[96.20697087182344,28.801063609042515]}"
119,40,0.5654088258743286,220.1813201904297,2023-10-16,8.015389442443848,0,301.0,0.0,2023-10-16,2023-10-15,0.4263894855976105,300.50653076171875,2023-10-17,0.0,0.0,2023-10-16,0.36419549584388733,301.0,"{""type"":""Point"",""coordinates"":[91.35753698376676,24.094262649362676]}"
120,10,0.1341736614704132,106.39839935302734,2019-03-20,5.270531177520752,0,3.0,0.0,2019-03-20,2019-03-19,0.29450085759162903,298.6401672363281,2019-03-21,0.17999999225139618,0.0,2019-03-20,0.31360116600990295,3.0,"{""type"":""Point"",""coordinates"":[88.19217921615528,22.772137749598073]}"
121,30,0.013527297414839268,11.359868049621582,2022-08-10,3516.7490234375,0,79.0,45.63999938964844,2022-08-10,2022-08-09,12.397467613220215,290.0276794433594,2022-08-11,0.9599999785423279,0.0,2022-08-10,0.4196408689022064,4.0,"{""type"":""Point"",""coordinates"":[96.8590343825549,28.500002554426416]}"
122,10,0.7600847482681274,167.5162811279297,2021-12-23,1222.359619140625,0,1.0,0.0,2021-12-23,2021-12-22,19.559356689453125,288.4372253417969,2021-12-24,0.0,0.0,2021-12-23,0.26516470313072205,1.0,"{""type"":""Point"",""coordinates"":[92.99308643080683,22.164937451884356]}"
123,10,0.2603503167629242,359.66131591796875,2019-03-23,599.5682373046875,0,1.0,0.03999999910593033,2019-03-23,2019-03-22,30.072900772094727,296.4438781738281,2019-03-24,0.0,0.0,2019-03-23,0.2933330535888672,1.0,"{""type"":""Point"",""coordinates"":[96.07108149277575,25.06936184172938]}"
124,40,0.25040704011917114,297.3774108886719,2020-10-13,697.8632202148438,0,1.0,1.0199999809265137,2020-10-13,2020-10-12,2.14224910736084,296.73883056640625,2020-10-14,0.0,0.0,2020-10-13,0.41695404052734375,1.0,"{""type"":""Point"",""coordinates"":[97.45729904792775,22.493661530715652]}"
125,40,0.7380708456039429,75.67513275146484,2022-11-20,25.816957473754883,0,6.0,0.0,2022-11-20,2022-11-19,0.366818368434906,294.901611328125,2022-11-21,0.0,0.0,2022-11-20,0.23897044360637665,1.0,"{""type"":""Point"",""coordinates"":[88.81575362629196,25.313135504937097]}"
126,100,-0.015546019189059734,72.69134521484375,2019-03-22,5049.50634765625,0,1.0,0.4300000071525574,2019-03-22,2019-03-21,25.37251853942871,271.91168212890625,2019-03-23,1.1299999952316284,2.0833332538604736,2019-03-22,0.33000436425209045,1.0,"{""type"":""Point"",""coordinates"":[93.65174825902992,29.351821062366817]}"
127,10,0.19687458872795105,256.8156433105469,2021-07-02,1024.8323974609375,0,2.0,16.538000106811523,2021-07-02,2021-07-01,37.38792419433594,292.18218994140625,2021-07-03,21.189998626708984,31.25,2021-07-02,0.4267304837703705,2.0,"{""type"":""Point"",""coordinates"":[93.59853668467001,27.811499488698868]}"
128,40,0.035893090069293976,320.6820983886719,2020-01-26,6.3950982093811035,0,1.0,0.0,2020-01-26,2020-01-25,0.24811136722564697,291.9482116699219,2020-01-27,0.0,0.0,2020-01-26,0.1680278778076172,1.0,"{""type"":""Point"",""coordinates"":[90.80624344576181,24.36545660857389]}"
129,40,0.19779753684997559,311.973388671875,2019-11-04,51.897586822509766,0,2.0,0.0,2019-11-04,2019-11-03,0.18999634683132172,297.7442321777344,2019-11-05,0.0,0.0,2019-11-04,0.43711090087890625,2.0,"{""type"":""Point"",""coordinates"":[91.8892372936436,26.407258293090674]}"
130,90,-0.07407954335212708,285.2567443847656,2022-06-06,17.271514892578125,0,1.0,0.2499999850988388,2022-06-06,2022-06-05,0.5227308869361877,301.5605773925781,2022-06-07,7.659999847412109,10.416666984558105,2022-06-06,0.36533546447753906,1.0,"{""type"":""Point"",""coordinates"":[88.41802594691384,24.962011111925936]}"
131,10,0.1614057570695877,205.52635192871094,2023-05-31,320.65655517578125,0,17.0,14.4399995803833,2023-05-31,2023-05-30,23.10984230041504,301.67193603515625,2023-06-01,61.57999801635742,37.5,2023-05-31,0.27137184143066406,4.0,"{""type"":""Point"",""coordinates"":[92.59609606600716,23.10998398663764]}"
132,80,-0.026234351098537445,-0.0,2021-07-18,0.0,0,2.0,35.80999755859375,2021-07-18,2021-07-17,0.0,0.0,2021-07-19,1.8799999952316284,2.0833332538604736,2021-07-18,0.0,1.0,"{""type"":""Point"",""coordinates"":[89.84109621747422,21.8162208400333]}"
133,10,-0.023212900385260582,311.6219482421875,2019-07-22,1161.977783203125,0,1.0,3.93999981880188,2019-07-22,2019-07-21,8.69093132019043,297.816162109375,2019-07-23,30.85999870300293,29.16666603088379,2019-07-22,0.4989147186279297,1.0,"{""type"":""Point"",""coordinates"":[91.13669809430343,25.58720211097882]}"
134,70,-0.033114153891801834,134.23541259765625,2023-12-23,4701.64404296875,0,3.0,0.0,2023-12-23,2023-12-22,29.988887786865234,267.8104248046875,2023-12-24,0.0,0.0,2023-12-23,0.3616504669189453,3.0,"{""type"":""Point"",""coordinates"":[97.00608561473221,29.222851282028152]}"
135,40,0.40881943702697754,163.22616577148438,2020-12-04,1.512597918510437,0,2.0,0.0,2020-12-04,2020-12-03,0.17182543873786926,295.9674987792969,2020-12-05,0.0,0.0,2020-12-04,0.23757044970989227,2.0,"{""type"":""Point"",""coordinates"":[88.60708203782396,22.40204390988085]}"
136,10,0.45076945424079895,76.45225524902344,2022-12-26,139.4097900390625,0,67.0,0.0,2022-12-26,2022-12-25,9.669958114624023,292.6736145019531,2022-12-27,1.159999966621399,2.0833332538604736,2022-12-26,0.16949208080768585,63.0,"{""type"":""Point"",""coordinates"":[97.31298019185293,24.203891830245368]}"
137,10,0.004087050445377827,90.12174224853516,2020-10-01,816.939453125,0,37.0,9.449999809265137,2020-10-01,2020-09-30,38.2447624206543,297.6778564453125,2020-10-02,5.21999979019165,8.333333015441895,2020-10-01,0.476483017206192,1.0,"{""type"":""Point"",""coordinates"":[96.97084295478466,25.99476524162936]}"
138,10,0.03330651670694351,21.966150283813477,2020-10-20,3867.14208984375,0,1.0,0.6799999475479126,2020-10-20,2020-10-19,24.861948013305664,282.8287048339844,2020-10-21,0.0,0.0,2020-10-20,0.33151689171791077,1.0,"{""type"":""Point"",""coordinates"":[89.10895788170434,27.31387061582703]}"
139,10,-0.01579691842198372,245.27822875976562,2022-07-05,3228.20654296875,0,3.0,136.0800018310547,2022-07-05,2022-07-04,29.069429397583008,288.0141296386719,2022-07-06,0.0,0.0,2022-07-05,0.4216442108154297,3.0,"{""type"":""Point"",""coordinates"":[92.54814747524108,27.686338506360375]}"
140,10,0.09097355604171753,91.51201629638672,2023-09-04,45.520103454589844,0,1.0,0.25,2023-09-04,2023-09-03,8.648043632507324,303.2317810058594,2023-09-05,0.32999998331069946,0.0,2023-09-04,0.4710884094238281,1.0,"{""type"":""Point"",""coordinates"":[90.20170939954104,26.358708909048076]}"
141,10,0.030839256942272186,110.10758972167969,2021-09-03,606.1405029296875,0,1.0,2.7300000190734863,2021-09-03,2021-09-02,19.928579330444336,297.8095703125,2021-09-04,1.9799998998641968,4.166666507720947,2021-09-03,0.4779427945613861,1.0,"{""type"":""Point"",""coordinates"":[97.47800743879702,26.552036230351426]}"
142,10,0.024637332186102867,288.4480285644531,2020-08-20,3468.6865234375,0,2.0,6.619999885559082,2020-08-20,2020-08-19,25.362579345703125,288.50439453125,2020-08-21,8.569999694824219,16.66666603088379,2020-08-20,0.40655454993247986,2.0,"{""type"":""Point"",""coordinates"":[89.75354092608457,27.409780860457417]}"
143,80,-0.004883541259914637,-0.0,2019-03-22,122.0,0,146520.0,101.5,2019-03-22,2019-03-21,0.0,292.286865234375,2019-03-23,10.260000228881836,18.75,2019-03-22,0.4791654050350189,14.0,"{""type"":""Point"",""coordinates"":[95.60093559728801,27.795609731777365]}"
144,10,0.28713458776474,220.93783569335938,2019-12-08,99.01642608642578,0,1.0,0.0,2019-12-08,2019-12-07,9.67016315460205,291.3381042480469,2019-12-09,0.0,0.0,2019-12-08,0.30943360924720764,1.0,"{""type"":""Point"",""coordinates"":[94.39730016677778,26.805017155426576]}"
145,40,0.15933433175086975,107.7802505493164,2021-12-08,2.8902077674865723,0,1.0,0.0,2021-12-08,2021-12-07,0.551356852054596,294.90185546875,2021-12-09,0.0,0.0,2021-12-08,0.46113014221191406,1.0,"{""type"":""Point"",""coordinates"":[88.00721935590421,22.439338976275884]}"
146,80,0.02723424695432186,237.42529296875,2022-03-29,2.680495500564575,0,2.0,0.0,2022-03-29,2022-03-28,0.5970388054847717,302.75616455078125,2022-03-30,0.0,0.0,2022-03-29,0.15346908569335938,2.0,"{""type"":""Point"",""coordinates"":[91.88477787546832,22.019296898942937]}"
147,40,0.15519008040428162,42.38609313964844,2020-10-31,141.54835510253906,0,15.0,91.5,2020-10-31,2020-10-30,1.8365856409072876,301.02557373046875,2020-11-01,27.35999870300293,22.91666603088379,2020-10-31,0.43253645300865173,15.0,"{""type"":""Point"",""coordinates"":[95.17032944875359,22.58845068338049]}"
148,40,0.07153570652008057,316.29852294921875,2023-10-12,4.419992923736572,0,12.0,0.0,2023-10-12,2023-10-11,1.4461220502853394,302.6000061035156,2023-10-13,0.0,0.0,2023-10-12,0.3412087857723236,12.0,"{""type"":""Point"",""coordinates"":[89.33547121297524,23.107166877042346]}"
149,10,0.09918250143527985,168.31600952148438,2022-08-27,1584.6944580078125,0,7.0,1.8499999046325684,2022-08-27,2022-08-26,25.178796768188477,295.90753173828125,2022-08-28,39.349998474121094,31.25,2022-08-27,0.407733291387558,1.0,"{""type"":""Point"",""coordinates"":[93.17042770380696,27.167028177764234]}"
150,10,0.2699524462223053,54.093509674072266,2020-04-27,1350.8316650390625,0,10.0,2.6999998092651367,2020-04-27,2020-04-26,34.61381149291992,291.7452697753906,2020-04-28,35.25,27.08333396911621,2020-04-27,0.40833473205566406,10.0,"{""type"":""Point"",""coordinates"":[89.80528126229652,26.84605831363133]}"
151,10,0.02570672705769539,319.02899169921875,2021-08-28,1481.0361328125,0,7.0,615.510009765625,2021-08-28,2021-08-27,25.171606063842773,289.63665771484375,2021-08-29,138.5500030517578,85.41666412353516,2021-08-28,0.42894935607910156,7.0,"{""type"":""Point"",""coordinates"":[93.69570748581951,28.15734585580925]}"
152,40,0.09143166989088058,279.5492858886719,2021-02-12,25.393245697021484,0,2.0,0.0,2021-02-12,2021-02-11,0.05745549872517586,294.2230224609375,2021-02-13,0.0,0.0,2021-02-12,0.13797950744628906,2.0,"{""type"":""Point"",""coordinates"":[88.90156780137802,25.270989851053955]}"
153,30,0.04914987087249756,305.798583984375,2020-04-17,4432.53759765625,0,411.0,821.9999389648438,2020-04-17,2020-04-16,29.725767135620117,275.4398498535156,2020-04-18,0.009999999776482582,0.0,2020-04-17,0.2767448425292969,411.0,"{""type"":""Point"",""coordinates"":[89.71655019611289,29.40859617946535]}"
154,10,0.15059515833854675,245.8740692138672,2019-07-08,19.672443389892578,0,1.0,36.12999725341797,2019-07-08,2019-07-07,1.8044630289077759,301.2807922363281,2019-07-09,79.18999481201172,50.0,2019-07-08,0.40984535217285156,1.0,"{""type"":""Point"",""coordinates"":[89.51912408744937,24.89343372520733]}"
155,90,0.6554579734802246,15.567427635192871,2021-04-16,2.5369861125946045,0,1.0,0.0,2021-04-16,2021-04-15,0.49634698033332825,306.30609130859375,2021-04-17,0.25999999046325684,0.0,2021-04-16,0.15987078845500946,1.0,"{""type"":""Point"",""coordinates"":[88.04118805337784,22.585468262819777]}"
156,40,0.13155274093151093,324.9168395996094,2020-12-17,8.9346923828125,0,1.0,0.0,2020-12-17,2020-12-16,0.8673141598701477,292.6811218261719,2020-12-18,0.0,0.0,2020-12-17,0.23984909057617188,1.0,"{""type"":""Point"",""coordinates"":[91.95311276047768,25.031102956201252]}"
157,10,0.25359126925468445,23.613162994384766,2020-07-23,694.8037719726562,0,2.0,54.459999084472656,2020-07-23,2020-07-22,7.555948734283447,298.11663818359375,2020-07-24,5.809999942779541,10.416666984558105,2020-07-23,0.4799308776855469,2.0,"{""type"":""Point"",""coordinates"":[97.14442624895452,21.68451320896726]}"
158,10,0.22442439198493958,32.329959869384766,2021-12-07,808.63720703125,0,1.0,4.799999713897705,2021-12-07,2021-12-06,21.24243927001953,292.1277160644531,2021-12-08,0.0,0.0,2021-12-07,0.3445014953613281,1.0,"{""type"":""Point"",""coordinates"":[97.14303377814905,21.96412653759438]}"
159,40,-0.10173743963241577,349.2019348144531,2022-04-27,56.779998779296875,0,4945.0,0.0,2022-04-27,2022-04-26,0.3615584671497345,302.94927978515625,2022-04-28,0.0,0.0,2022-04-27,0.20567385852336884,4945.0,"{""type"":""Point"",""coordinates"":[88.00735071650278,26.283670805898396]}"
160,10,0.05446011200547218,238.63815307617188,2020-06-28,2972.22998046875,0,4547.0,18.209999084472656,2020-06-28,2020-06-27,36.794464111328125,283.29730224609375,2020-06-29,0.0,0.0,2020-06-28,0.4268474578857422,3.0,"{""type"":""Point"",""coordinates"":[90.73773911392846,27.728857093369818]}"
161,40,0.13866306841373444,69.70758819580078,2023-06-25,180.8349609375,0,14.0,0.0,2023-06-25,2023-06-24,1.758073091506958,300.3084411621094,2023-06-26,0.0,0.0,2023-06-25,0.469683974981308,14.0,"{""type"":""Point"",""coordinates"":[95.18560885217633,23.40544191322228]}"
162,40,0.3328636884689331,200.4824676513672,2023-03-13,32.06332015991211,0,21.0,0.0,2023-03-13,2023-03-12,0.6341376304626465,300.39276123046875,2023-03-14,0.0,0.0,2023-03-13,0.13895225524902344,2.0,"{""type"":""Point"",""coordinates"":[88.67484961933081,25.524376983989484]}"
163,10,0.1702403575181961,260.7122497558594,2021-02-09,39.02580642700195,0,2.0,0.0,2021-02-09,2021-02-08,3.6610686779022217,293.88238525390625,2021-02-10,0.0,0.0,2021-02-09,0.1440461426973343,1.0,"{""type"":""Point"",""coordinates"":[89.45640813842152,25.995985729901836]}"
164,40,0.08337600529193878,107.43487548828125,2022-02-04,13.618136405944824,0,37.0,0.0,2022-02-04,2022-02-03,0.5559647083282471,294.1806945800781,2022-02-05,54.21999740600586,35.41666793823242,2022-02-04,0.20925013720989227,37.0,"{""type"":""Point"",""coordinates"":[88.29828810956879,23.949501581377902]}"
165,40,-0.023884469643235207,204.68666076660156,2020-06-22,92.07565307617188,0,431824.0,0.0,2020-06-22,2020-06-21,1.182334542274475,302.8010559082031,2020-06-23,0.0,0.0,2020-06-22,0.3679924011230469,1.0,"{""type"":""Point"",""coordinates"":[96.4751340991041,24.259521039775855]}"
166,40,0.07549332827329636,284.7264709472656,2021-05-19,6.368107318878174,0,16.0,961.760009765625,2021-05-19,2021-05-18,0.25358980894088745,304.23638916015625,2021-05-20,0.0,0.0,2021-05-19,0.37402215600013733,16.0,"{""type"":""Point"",""coordinates"":[91.16544665290748,23.758752931513424]}"
167,60,-0.019199319183826447,17.098285675048828,2022-10-21,5159.80322265625,0,1.0,0.0,2022-10-21,2022-10-20,41.769412994384766,273.4805603027344,2022-10-22,0.0,0.0,2022-10-21,0.3511028289794922,1.0,"{""type"":""Point"",""coordinates"":[97.27447860655876,29.384733294071246]}"
168,10,0.5365020632743835,173.2310791015625,2022-01-08,203.71823120117188,0,1.0,0.0,2022-01-08,2022-01-07,7.267042636871338,289.86370849609375,2022-01-09,0.0,0.0,2022-01-08,0.3340422213077545,1.0,"{""type"":""Point"",""coordinates"":[95.54622385295798,25.664084912125926]}"
169,80,-0.05405039340257645,-0.0,2023-02-25,58.0,0,3.0,0.0,2023-02-25,2023-02-24,0.0,294.076171875,2023-02-26,0.0,0.0,2023-02-25,0.3241780698299408,3.0,"{""type"":""Point"",""coordinates"":[92.63034930951083,26.619943888184483]}"
170,10,-0.0056190770119428635,17.143701553344727,2019-08-04,343.8035583496094,0,3.0,17.510000228881836,2019-08-04,2019-08-03,13.787663459777832,299.34979248046875,2019-08-05,6.829999923706055,12.5,2019-08-04,0.5028743743896484,1.0,"{""type"":""Point"",""coordinates"":[97.25346380175554,25.62872329907014]}"
171,10,0.16093389689922333,199.9828643798828,2021-10-19,1545.524658203125,0,1.0,2.5999999046325684,2021-10-19,2021-10-18,30.290529251098633,292.1540832519531,2021-10-20,30.26999855041504,20.83333396911621,2021-10-19,0.38934898376464844,1.0,"{""type"":""Point"",""coordinates"":[93.50575160098224,23.049810189099922]}"
172,80,-0.004266547039151192,-0.0,2021-10-13,4748.0,0,5.0,3.049999952316284,2021-10-13,2021-10-12,0.0,278.7239074707031,2021-10-14,0.25,0.0,2021-10-13,0.34367308020591736,5.0,"{""type"":""Point"",""coordinates"":[91.9342259541484,28.323489269739664]}"
173,10,0.2765336036682129,124.39586639404297,2021-06-08,35.790565490722656,0,2.0,48.790000915527344,2021-06-08,2021-06-07,6.121534824371338,303.487060546875,2021-06-09,27.43000030517578,20.83333396911621,2021-06-08,0.4002958834171295,1.0,"{""type"":""Point"",""coordinates"":[89.0422927841318,25.529504717337637]}"
174,60,0.0550074577331543,265.7657165527344,2022-07-09,788.4742431640625,0,1.0,8.739999771118164,2022-07-09,2022-07-08,1.2763519287109375,297.37322998046875,2022-07-10,30.489999771118164,25.0,2022-07-09,0.4888680875301361,1.0,"{""type"":""Point"",""coordinates"":[94.08856289007998,24.68304192102879]}"
175,10,0.010220916010439396,341.9668884277344,2022-04-26,1514.884033203125,0,3.0,0.0,2022-04-26,2022-04-25,26.295412063598633,293.8138732910156,2022-04-27,4.779999732971191,6.25,2022-04-26,0.41364288330078125,3.0,"{""type"":""Point"",""coordinates"":[95.25766249164353,26.683950292211158]}"
176,10,0.3028391897678375,26.35502052307129,2022-11-24,4206.51513671875,0,3.0,0.0,2022-11-24,2022-11-23,35.44780731201172,274.7834167480469,2022-11-25,0.0,0.0,2022-11-24,0.3529167175292969,3.0,"{""type"":""Point"",""coordinates"":[89.70799840220266,28.012550142780146]}"
177,10,0.5587801337242126,227.1684112548828,2023-01-17,284.2330322265625,0,4.0,0.0,2023-01-17,2023-01-16,6.341747283935547,293.29248046875,2023-01-18,0.0,0.0,2023-01-17,0.2554868161678314,4.0,"{""type"":""Point"",""coordinates"":[94.69394360085306,22.4549959177221]}"
178,10,0.09725131839513779,236.11734008789062,2023-07-25,114.60879516601562,0,2.0,206.29998779296875,2023-07-25,2023-07-24,22.22793960571289,302.0135498046875,2023-07-26,68.55999755859375,43.75,2023-07-25,0.38150152564048767,2.0,"{""type"":""Point"",""coordinates"":[92.10305185652349,23.48080892138641]}"
179,40,-0.0694255381822586,226.3988800048828,2022-07-06,3.6006178855895996,0,4.0,27.579999923706055,2022-07-06,2022-07-05,0.35495665669441223,303.3048095703125,2022-07-07,26.81999969482422,22.91666603088379,2022-07-06,0.37568220496177673,2.0,"{""type"":""Point"",""coordinates"":[90.33737470621975,23.683340171580586]}"
180,10,0.2451154589653015,-0.0,2019-01-20,8.5,0,414.0,0.0,2019-01-20,2019-01-19,6.330258369445801,293.9505615234375,2019-01-21,0.0,0.0,2019-01-20,0.14289219677448273,414.0,"{""type"":""Point"",""coordinates"":[89.53276903896372,24.77576546994265]}"
181,10,-0.02109958417713642,352.3059387207031,2022-07-28,119.98321533203125,0,30.0,58.209999084472656,2022-07-28,2022-07-27,3.990767240524292,299.2759704589844,2022-07-29,114.75999450683594,52.08333206176758,2022-07-28,0.41815629601478577,1.0,"{""type"":""Point"",""coordinates"":[88.6410483944995,26.74136786624864]}"
182,10,0.68411785364151,105.60582733154297,2022-12-08,2578.15673828125,0,1.0,0.019999999552965164,2022-12-08,2022-12-07,25.55374526977539,279.4447326660156,2022-12-09,0.0,0.0,2022-12-08,0.28881898522377014,1.0,"{""type"":""Point"",""coordinates"":[92.18557719158763,27.17798678441044]}"
183,40,0.02494657225906849,210.30682373046875,2023-07-31,1.6283248662948608,0,1.0,4.659999847412109,2023-07-31,2023-07-30,0.4797682762145996,303.250732421875,2023-08-01,124.58999633789062,52.08333206176758,2023-07-31,0.47478294372558594,1.0,"{""type"":""Point"",""coordinates"":[88.59851198807569,22.30554683102758]}"
184,10,0.7058064341545105,198.326904296875,2020-03-16,289.2080383300781,0,61.0,0.0,2020-03-16,2020-03-15,20.713987350463867,300.0022277832031,2020-03-17,0.0,0.0,2020-03-16,0.13365745544433594,61.0,"{""type"":""Point"",""coordinates"":[92.79966398461121,21.990287670912185]}"
185,80,-0.01818782649934292,-0.0,2019-10-05,107.0,0,1.0,0.10999999940395355,2019-10-05,2019-10-04,0.0,300.8206481933594,2019-10-06,0.8199999928474426,0.0,2019-10-05,0.4723243713378906,1.0,"{""type"":""Point"",""coordinates"":[95.04179972682665,27.561440490194812]}"
186,10,0.47039803862571716,343.1911315917969,2020-01-21,755.8077392578125,0,1.0,0.0,2020-01-21,2020-01-20,30.271377563476562,281.58294677734375,2020-01-22,1.7699999809265137,4.166666507720947,2020-01-21,0.31421151757240295,1.0,"{""type"":""Point"",""coordinates"":[90.76554240755391,27.102258746630607]}"
187,10,0.6204508543014526,130.24073791503906,2023-01-26,2513.112548828125,0,2.0,0.0,2023-01-26,2023-01-25,30.52886390686035,276.7379455566406,2023-01-27,0.7199999690055847,0.0,2023-01-26,0.2849292755126953,2.0,"{""type"":""Point"",""coordinates"":[91.75909204290723,27.176679335142126]}"
188,10,-0.01823848858475685,117.31311798095703,2020-10-08,7.1141357421875,0,1.0,43.98999786376953,2020-10-08,2020-10-07,2.2547459602355957,300.7913513183594,2020-10-09,16.31999969482422,14.583333015441895,2020-10-08,0.46330198645591736,1.0,"{""type"":""Point"",""coordinates"":[88.09483939277611,21.80214197518847]}"
189,10,0.21736326813697815,167.6801300048828,2019-10-12,741.6273193359375,0,1.0,14.130000114440918,2019-10-12,2019-10-11,16.079904556274414,293.6440124511719,2019-10-13,0.0,0.0,2019-10-12,0.41283097863197327,1.0,"{""type"":""Point"",""coordinates"":[93.16816000948322,21.77156163131018]}"
190,10,0.05443809553980827,145.38499450683594,2023-06-25,598.5448608398438,0,1.0,0.0,2023-06-25,2023-06-24,11.442957878112793,299.6285705566406,2023-06-26,5.0,6.25,2023-06-25,0.4946810305118561,1.0,"{""type"":""Point"",""coordinates"":[95.07694024498619,24.029658791639488]}"
191,40,0.2400173395872116,328.9814147949219,2023-11-06,99.76715850830078,0,7.0,0.0,2023-11-06,2023-11-05,1.0210516452789307,295.7127990722656,2023-11-07,0.0,0.0,2023-11-06,0.34280523657798767,1.0,"{""type"":""Point"",""coordinates"":[94.6201593848177,26.812149162763646]}"
192,30,0.2386961132287979,8.038924217224121,2021-11-19,5009.66552734375,0,14.0,7.699999809265137,2021-11-19,2021-11-18,27.938879013061523,273.7617492675781,2021-11-20,0.11999999731779099,0.0,2021-11-19,0.1960570067167282,14.0,"{""type"":""Point"",""coordinates"":[92.50492543154185,28.088664317255276]}"
193,40,-0.026755619794130325,248.1674346923828,2022-06-01,13.186094284057617,0,1.0,4.490000247955322,2022-06-01,2022-05-31,5.263586044311523,302.4324035644531,2022-06-02,23.9739990234375,18.75,2022-06-01,0.393475204706192,1.0,"{""type"":""Point"",""coordinates"":[90.43731770579339,24.631041170487876]}"
194,10,0.00853930413722992,128.91294860839844,2021-06-27,1835.2667236328125,0,1.0,7.62999963760376,2021-06-27,2021-06-26,17.572582244873047,294.55279541015625,2021-06-28,66.93999481201172,50.0,2021-06-27,0.4851296842098236,1.0,"{""type"":""Point"",""coordinates"":[91.78188865075445,25.47762080079387]}"
195,40,0.07192379236221313,244.5172576904297,2023-01-25,1.5931543111801147,0,2.0,0.0,2023-01-25,2023-01-24,0.13201306760311127,297.515869140625,2023-01-26,0.0,0.0,2023-01-25,0.09094683080911636,2.0,"{""type"":""Point"",""coordinates"":[90.7305161274235,22.417591955195185]}"
196,40,0.18030792474746704,203.0481719970703,2023-06-24,0.948420524597168,0,10.0,0.0,2023-06-24,2023-06-23,0.7218143939971924,303.4871520996094,2023-06-25,0.7699999809265137,0.0,2023-06-24,0.37973594665527344,1.0,"{""type"":""Point"",""coordinates"":[89.4099223795735,22.904901211694455]}"
197,40,0.09212806820869446,12.251866340637207,2020-08-04,12.952485084533691,0,1.0,0.6899999976158142,2020-08-04,2020-08-03,0.23698590695858002,304.1296691894531,2020-08-05,117.83999633789062,39.58333206176758,2020-08-04,0.38603147864341736,1.0,"{""type"":""Point"",""coordinates"":[88.45361784461907,23.545006379493064]}"
198,40,0.04227063059806824,116.09420013427734,2022-08-16,791.3851318359375,0,1.0,0.41999998688697815,2022-08-16,2022-08-15,0.31364476680755615,297.7326354980469,2022-08-17,0.17999999225139618,0.0,2022-08-16,0.43791326880455017,1.0,"{""type"":""Point"",""coordinates"":[93.88033703052685,24.880319816940716]}"
199,40,0.18381424248218536,161.66661071777344,2021-07-06,37.88350296020508,0,1.0,1.119999885559082,2021-07-06,2021-07-05,1.7011065483093262,302.4408874511719,2021-07-07,16.639999389648438,33.33333206176758,2021-07-06,0.40705299377441406,1.0,"{""type"":""Point"",""coordinates"":[90.69778471751297,26.26066407267161]}"
200,40,0.09795308858156204,183.91436767578125,2019-09-14,44.661312103271484,0,114.0,409.2599792480469,2019-09-14,2019-09-13,0.7279667854309082,299.822021484375,2019-09-15,0.0,0.0,2019-09-14,0.41439756751060486,114.0,"{""type"":""Point"",""coordinates"":[91.57069935526803,23.99067616443953]}"
201,10,0.014626089483499527,100.87899017333984,2019-08-07,3198.111083984375,0,11.0,458.03997802734375,2019-08-07,2019-08-06,32.36084747314453,289.26385498046875,2019-08-08,59.89999771118164,37.5,2019-08-07,0.4238809049129486,11.0,"{""type"":""Point"",""coordinates"":[90.3273082147733,27.15570830423581]}"
202,10,0.10414093732833862,120.64212799072266,2023-04-04,753.7407836914062,0,1.0,0.0,2023-04-04,2023-04-03,38.96368408203125,295.8342590332031,2023-04-05,0.3400000035762787,0.0,2023-04-04,0.21657498180866241,1.0,"{""type"":""Point"",""coordinates"":[94.37378746134249,24.571620070184537]}"
203,60,-0.0010405423818156123,157.88990783691406,2022-06-08,5338.6650390625,0,1.0,22.869998931884766,2022-06-08,2022-06-07,7.820633411407471,283.729736328125,2022-06-09,2.0799999237060547,2.0833332538604736,2022-06-08,0.4041818082332611,1.0,"{""type"":""Point"",""coordinates"":[93.00950180010574,29.330487139723186]}"
204,10,-0.03807980567216873,193.8671112060547,2022-04-15,988.6014404296875,0,15.0,1289.8499755859375,2022-04-15,2022-04-14,20.320960998535156,293.9717102050781,2022-04-16,11.40999984741211,16.66666603088379,2022-04-15,0.34090614318847656,15.0,"{""type"":""Point"",""coordinates"":[93.74297312749201,25.178991951500997]}"
205,10,0.36102136969566345,308.6581115722656,2023-12-24,77.47659301757812,0,3.0,0.0,2023-12-24,2023-12-23,5.737124443054199,290.3294372558594,2023-12-25,0.0,0.0,2023-12-24,0.19902674853801727,2.0,"{""type"":""Point"",""coordinates"":[92.55832804380267,26.697276467203412]}"
206,10,0.5878749489784241,229.813720703125,2021-04-07,31.819740295410156,0,6.0,0.0,2021-04-07,2021-04-06,13.581781387329102,303.4088439941406,2021-04-08,0.0,0.0,2021-04-07,0.2829996645450592,6.0,"{""type"":""Point"",""coordinates"":[91.45206929197789,23.494133722725376]}"
207,60,0.01074725016951561,128.60317993164062,2022-10-19,5309.0380859375,0,10.0,0.0,2022-10-19,2022-10-18,27.750503540039062,275.45050048828125,2022-10-20,0.08999999612569809,0.0,2022-10-19,0.20454151928424835,10.0,"{""type"":""Point"",""coordinates"":[89.77124357008194,28.703070055766222]}"
208,40,0.05878760665655136,99.56499481201172,2021-09-08,93.06523895263672,0,1.0,7.509999752044678,2021-09-08,2021-09-07,0.5190972685813904,301.94140625,2021-09-09,33.779998779296875,27.08333396911621,2021-09-08,0.46741485595703125,1.0,"{""type"":""Point"",""coordinates"":[94.41516809198536,27.344956784520445]}"
209,30,-0.007127800025045872,9.798066139221191,2020-01-21,4237.9755859375,0,1.0,0.0,2020-01-21,2020-01-20,42.35053253173828,274.304443359375,2020-01-22,0.009999999776482582,0.0,2020-01-21,0.34021568298339844,1.0,"{""type"":""Point"",""coordinates"":[89.68954450944304,27.93896932901644]}"
210,10,0.0866178497672081,331.4403991699219,2021-05-28,307.46673583984375,0,1.0,0.0,2021-05-28,2021-05-27,7.713569164276123,300.64190673828125,2021-05-29,7.289999961853027,12.5,2021-05-28,0.47795358300209045,1.0,"{""type"":""Point"",""coordinates"":[95.58216470303576,25.294892522798005]}"
211,10,0.0031199734658002853,53.09738540649414,2023-09-10,1486.2027587890625,0,109.0,372.7799987792969,2023-09-10,2023-09-09,28.32280921936035,294.7207946777344,2023-09-11,3.9499998092651367,0.0,2023-09-10,0.4901142120361328,109.0,"{""type"":""Point"",""coordinates"":[91.86722875790754,27.031401834775824]}"
212,10,0.33571857213974,305.06878662109375,2021-11-01,40.921993255615234,0,38.0,0.0,2021-11-01,2021-10-31,8.50855827331543,298.85394287109375,2021-11-02,0.015000000596046448,0.0,2021-11-01,0.33016839623451233,38.0,"{""type"":""Point"",""coordinates"":[91.42731836509071,24.069424319754546]}"
213,10,0.03055199794471264,184.864013671875,2022-03-14,3063.728759765625,0,5.0,0.0,2022-03-14,2022-03-13,40.68291091918945,273.6139221191406,2022-03-15,0.5799999833106995,0.0,2022-03-14,0.417797714471817,1.0,"{""type"":""Point"",""coordinates"":[94.48687110173262,28.771695466171376]}"
214,30,0.2453780472278595,146.12448120117188,2023-09-25,363.0519714355469,0,3.0,0.0,2023-09-25,2023-09-24,15.332686424255371,299.43463134765625,2023-09-26,0.0,0.0,2023-09-25,0.3919474184513092,2.0,"{""type"":""Point"",""coordinates"":[92.44186778696698,23.291195847077756]}"
215,20,0.2427583485841751,14.56732177734375,2023-01-30,166.84698486328125,0,1.0,0.0,2023-01-30,2023-01-29,2.7330563068389893,300.1112365722656,2023-01-31,0.0,0.0,2023-01-30,0.2521298825740814,1.0,"{""type"":""Point"",""coordinates"":[95.60748989294326,21.74824204321908]}"
216,10,0.17260196805000305,58.358314514160156,2020-03-30,6.864369869232178,0,1.0,0.0,2020-03-30,2020-03-29,1.4604992866516113,306.1883850097656,2020-03-31,0.0,0.0,2020-03-30,0.1299724578857422,1.0,"{""type"":""Point"",""coordinates"":[90.50180765773588,22.083843656638496]}"
217,70,-0.018625056371092796,324.69873046875,2023-06-13,4200.90283203125,0,1.0,30.299999237060547,2023-06-13,2023-06-12,43.42963409423828,276.21197509765625,2023-06-14,58.839996337890625,45.83333206176758,2023-06-13,0.4265594482421875,1.0,"{""type"":""Point"",""coordinates"":[95.6220672883861,29.331373093141938]}"
218,10,0.6867857575416565,271.0605163574219,2021-12-13,1270.5220947265625,0,1.0,0.0,2021-12-13,2021-12-12,37.13204574584961,285.06927490234375,2021-12-14,0.0,0.0,2021-12-13,0.36766114830970764,1.0,"{""type"":""Point"",""coordinates"":[92.17262137067205,27.01983342791444]}"
219,10,0.22302745282649994,323.5484313964844,2019-02-02,1854.1092529296875,0,1.0,0.21699999272823334,2019-02-02,2019-02-01,8.978555679321289,286.093017578125,2019-02-03,0.0,0.0,2019-02-02,0.3968149721622467,1.0,"{""type"":""Point"",""coordinates"":[94.51040361976561,25.99607925821663]}"
220,10,0.16456764936447144,154.1546173095703,2021-10-23,394.05120849609375,0,67.0,0.0,2021-10-23,2021-10-22,6.648268222808838,297.47662353515625,2021-10-24,0.0,0.0,2021-10-23,0.45207086205482483,67.0,"{""type"":""Point"",""coordinates"":[95.20914527421549,24.301971103000334]}"
221,10,0.11692865192890167,269.10308837890625,2022-10-07,469.5209655761719,0,41.0,0.3100000023841858,2022-10-07,2022-10-06,14.076155662536621,298.01043701171875,2022-10-08,0.38999998569488525,0.0,2022-10-07,0.4427858889102936,1.0,"{""type"":""Point"",""coordinates"":[94.05855418739434,23.668847180395122]}"
222,10,0.03184732049703598,350.38763427734375,2022-04-28,1820.1934814453125,0,5.0,32.25,2022-04-28,2022-04-27,49.991336822509766,282.1368713378906,2022-04-29,0.19999998807907104,0.0,2022-04-28,0.42420831322669983,5.0,"{""type"":""Point"",""coordinates"":[95.98135972102651,28.68115161445555]}"
223,40,0.16524599492549896,145.82679748535156,2021-05-30,205.08840942382812,0,687.0,0.0,2021-05-30,2021-05-29,0.8828299641609192,306.656005859375,2021-05-31,5.089999675750732,8.333333015441895,2021-05-30,0.3321584165096283,1.0,"{""type"":""Point"",""coordinates"":[94.50037254027092,21.599131105185943]}"
224,40,0.014776274561882019,57.52884292602539,2023-07-30,92.38127136230469,0,6.0,48.599998474121094,2023-07-30,2023-07-29,1.7611160278320312,301.66015625,2023-07-31,16.84000015258789,12.5,2023-07-30,0.46594491600990295,6.0,"{""type"":""Point"",""coordinates"":[93.87833656607955,26.575219898946205]}"
225,40,0.06398138403892517,108.31375122070312,2019-01-01,1488.55517578125,0,4.0,0.0,2019-01-01,2018-12-31,14.190216064453125,283.3378601074219,2019-01-02,0.029999999329447746,0.0,2019-01-01,0.38128218054771423,4.0,"{""type"":""Point"",""coordinates"":[91.51494112290682,25.414374403113296]}"
226,0,-0.039759840816259384,-0.0,2019-09-29,0.0,0,0.0,0.0,2019-09-29,2019-09-28,0.0,0.0,2019-09-30,3.809999942779541,6.25,2019-09-29,0.0,0.0,"{""type"":""Point"",""coordinates"":[91.51513234449912,22.007796229837442]}"
227,10,0.6601121425628662,129.6532745361328,2022-03-19,261.3819580078125,0,2495.0,0.0,2022-03-19,2022-03-18,37.56927490234375,298.1437072753906,2022-03-20,0.0,0.0,2022-03-19,0.26012611389160156,1.0,"{""type"":""Point"",""coordinates"":[92.23333679529115,25.20875340761134]}"
228,10,0.06298752874135971,103.61125183105469,2021-07-29,175.22427368164062,0,1.0,3.1499998569488525,2021-07-29,2021-07-28,3.8671064376831055,299.51458740234375,2021-07-30,10.710000038146973,4.166666507720947,2021-07-29,0.48260626196861267,1.0,"{""type"":""Point"",""coordinates"":[95.3729507869082,23.578851213849255]}"
229,10,0.48565709590911865,216.2642822265625,2020-02-09,874.1657104492188,0,10.0,2.0799999237060547,2020-02-09,2020-02-08,23.114797592163086,290.2294616699219,2020-02-10,0.019999999552965164,0.0,2020-02-09,0.23891766369342804,1.0,"{""type"":""Point"",""coordinates"":[92.80479737660787,25.14021051200532]}"
230,10,0.3115299344062805,198.4970703125,2020-01-11,17.555419921875,0,18.0,0.0,2020-01-11,2020-01-10,2.943751573562622,291.5592956542969,2020-01-12,0.0,0.0,2020-01-11,0.21713511645793915,5.0,"{""type"":""Point"",""coordinates"":[91.85971159713486,24.90409791076489]}"
231,10,0.07187527418136597,308.3894348144531,2021-07-11,325.8224792480469,0,1.0,31.17999839782715,2021-07-11,2021-07-10,6.542601585388184,298.52587890625,2021-07-12,5.929999828338623,12.5,2021-07-11,0.4303436279296875,1.0,"{""type"":""Point"",""coordinates"":[95.9873065154144,26.37069026770862]}"
232,10,0.13942718505859375,265.3401794433594,2020-08-08,702.5499877929688,0,48.0,9.210000038146973,2020-08-08,2020-08-07,44.75993728637695,296.5447692871094,2020-08-09,32.07999801635742,70.83333587646484,2020-08-08,0.41506513953208923,1.0,"{""type"":""Point"",""coordinates"":[91.29429630665935,27.080036921754466]}"
233,30,0.014222785830497742,295.1018981933594,2023-06-25,3972.8251953125,0,6.0,0.0,2023-06-25,2023-06-24,30.572513580322266,287.046630859375,2023-06-26,0.0,0.0,2023-06-25,0.3533681333065033,6.0,"{""type"":""Point"",""coordinates"":[91.73169896797852,29.088301314388527]}"
234,60,0.08467239886522293,154.74771118164062,2022-01-27,5059.6337890625,0,4.0,0.0,2022-01-27,2022-01-26,18.236549377441406,267.9469299316406,2022-01-28,0.0,0.0,2022-01-27,0.32086944580078125,4.0,"{""type"":""Point"",""coordinates"":[88.91514161677789,28.155247781220115]}"
235,10,0.3847123980522156,148.96548461914062,2022-03-24,71.95860290527344,0,4014.0,0.0,2022-03-24,2022-03-23,0.5336121916770935,304.4991149902344,2022-03-25,5.559999942779541,10.416666984558105,2022-03-24,0.2096983641386032,4014.0,"{""type"":""Point"",""coordinates"":[92.99593461387096,26.17751801543054]}"
236,40,0.10401773452758789,-0.0,2020-11-13,0.0,0,29.0,0.0,2020-11-13,2020-11-12,0.0,0.0,2020-11-14,0.0,0.0,2020-11-13,0.0,29.0,"{""type"":""Point"",""coordinates"":[90.94542835485461,22.496970223246315]}"
237,10,0.011470217257738113,267.6796875,2019-10-04,2074.196044921875,0,9.0,10.25999927520752,2019-10-04,2019-10-03,39.48776626586914,290.2847595214844,2019-10-05,2.2899999618530273,2.0833332538604736,2019-10-04,0.4062258303165436,9.0,"{""type"":""Point"",""coordinates"":[94.23105484112725,28.27954236866206]}"
238,10,0.8377165794372559,58.805477142333984,2019-12-22,435.0201721191406,0,11.0,0.0,2019-12-22,2019-12-21,24.775415420532227,291.6131896972656,2019-12-23,0.0,0.0,2019-12-22,0.27555909752845764,9.0,"{""type"":""Point"",""coordinates"":[96.28770891733222,22.658565505878528]}"
239,10,0.4623706340789795,331.2266845703125,2022-12-14,1481.6229248046875,0,2.0,0.0,2022-12-14,2022-12-13,12.882699012756348,287.6450500488281,2022-12-15,0.0,0.0,2022-12-14,0.23057682812213898,1.0,"{""type"":""Point"",""coordinates"":[93.28624240906942,23.80377196330354]}"
240,40,0.8294838666915894,112.55229949951172,2020-04-19,2.7011008262634277,0,5.0,4.650000095367432,2020-04-19,2020-04-18,0.26148444414138794,305.0073547363281,2020-04-20,0.0,0.0,2020-04-19,0.2717336118221283,5.0,"{""type"":""Point"",""coordinates"":[88.19163267660258,22.67503867866807]}"
241,10,0.01265482697635889,107.33855438232422,2021-07-22,2304.822509765625,0,1.0,1.2400000095367432,2021-07-22,2021-07-21,36.752235412597656,291.0878601074219,2021-07-23,19.969999313354492,16.66666603088379,2021-07-22,0.4186789095401764,1.0,"{""type"":""Point"",""coordinates"":[94.80363907385794,29.035676031678562]}"
242,10,0.2761169373989105,310.6189880371094,2020-01-19,80.29695892333984,0,15.0,0.0,2020-01-19,2020-01-18,15.091477394104004,293.427001953125,2020-01-20,0.0,0.0,2020-01-19,0.17418162524700165,15.0,"{""type"":""Point"",""coordinates"":[90.16071634312306,25.88266324047316]}"
243,10,0.22945767641067505,61.93851089477539,2022-08-30,575.5297241210938,0,3.0,84.77999877929688,2022-08-30,2022-08-29,3.84169864654541,294.96649169921875,2022-08-31,5.579999923706055,10.416666984558105,2022-08-30,0.3974742889404297,3.0,"{""type"":""Point"",""coordinates"":[93.63562629611027,23.14515501680104]}"
244,30,0.0565800704061985,313.0677490234375,2022-07-03,4963.3603515625,0,2.0,0.0,2022-07-03,2022-07-02,28.56637191772461,287.7503662109375,2022-07-04,0.0,0.0,2022-07-03,0.3857491910457611,2.0,"{""type"":""Point"",""coordinates"":[91.93883701720212,29.112996066078598]}"
245,40,0.11644460260868073,151.69757080078125,2021-08-03,22.327180862426758,0,4.0,160.1999969482422,2021-08-03,2021-08-02,0.8454321622848511,301.2835693359375,2021-08-04,11.789999961853027,14.583333015441895,2021-08-03,0.4199117124080658,4.0,"{""type"":""Point"",""coordinates"":[89.32181026694025,25.365560944933698]}"
246,10,0.056643906980752945,349.763427734375,2022-10-21,2043.0848388671875,0,1.0,3.559999942779541,2022-10-21,2022-10-20,21.96988868713379,289.2095642089844,2022-10-22,0.0,0.0,2022-10-21,0.404620498418808,1.0,"{""type"":""Point"",""coordinates"":[97.1964079498114,27.212135432713563]}"
247,30,0.012657561339437962,153.15774536132812,2022-04-24,4166.345703125,0,6.0,1.5,2022-04-24,2022-04-23,27.0136661529541,279.047119140625,2022-04-25,14.529999732971191,14.583333015441895,2022-04-24,0.4212735593318939,3.0,"{""type"":""Point"",""coordinates"":[92.42813153408991,27.613298617921064]}"
248,60,0.007488952483981848,353.94757080078125,2023-08-19,4975.7490234375,0,6.0,45.29999923706055,2023-08-19,2023-08-18,3.4428863525390625,284.6094665527344,2023-08-20,12.75,12.5,2023-08-19,0.4033609926700592,6.0,"{""type"":""Point"",""coordinates"":[88.18937368187349,28.090774157041103]}"
249,10,0.06692657619714737,91.62609100341797,2023-05-17,688.0327758789062,0,1.0,6.409999847412109,2023-05-17,2023-05-16,10.187064170837402,292.03765869140625,2023-05-18,0.7199999690055847,0.0,2023-05-17,0.47094979882240295,1.0,"{""type"":""Point"",""coordinates"":[97.48685330973501,26.645910035204487]}"
250,40,0.36258915066719055,341.0143127441406,2023-05-04,15.3493013381958,0,306.0,4.170000076293945,2023-05-04,2023-05-03,0.0647154226899147,301.8753967285156,2023-05-05,8.630000114440918,12.5,2023-05-04,0.2992534637451172,3.0,"{""type"":""Point"",""coordinates"":[90.16593343827743,25.099363989619462]}"
251,30,0.06424352526664734,121.14740753173828,2023-08-13,4295.94677734375,0,78.0,9.09999942779541,2023-08-13,2023-08-12,20.967435836791992,286.05377197265625,2023-08-14,3.5799999237060547,4.166666507720947,2023-08-13,0.4217783510684967,2.0,"{""type"":""Point"",""coordinates"":[92.4624987400593,28.899099603963684]}"
252,30,0.17112162709236145,319.3653564453125,2020-04-22,168.00872802734375,0,3.0,3.609999895095825,2020-04-22,2020-04-21,0.8592863082885742,304.4549865722656,2020-04-23,3.5899999141693115,4.166666507720947,2020-04-22,0.2578773498535156,1.0,"{""type"":""Point"",""coordinates"":[95.49184529393726,23.419736662882446]}"
253,10,0.23576414585113525,247.8230438232422,2020-08-26,155.48342895507812,0,2.0,17.979999542236328,2020-08-26,2020-08-25,24.61233901977539,299.6200256347656,2020-08-27,2.2699999809265137,2.0833332538604736,2020-08-26,0.4107475280761719,2.0,"{""type"":""Point"",""coordinates"":[92.2746177561334,23.54910849016768]}"
254,30,0.2979249060153961,185.23715209960938,2021-03-03,216.52976989746094,0,3.0,0.0,2021-03-03,2021-03-02,2.3616437911987305,301.3550720214844,2021-03-04,0.0,0.0,2021-03-03,0.25232887268066406,3.0,"{""type"":""Point"",""coordinates"":[95.04780249401283,22.82553544354472]}"
255,60,0.005807814188301563,227.98175048828125,2019-03-06,4801.5751953125,0,2.0,0.0,2019-03-06,2019-03-05,41.40608596801758,268.58807373046875,2019-03-07,0.0,0.0,2019-03-06,0.33978208899497986,2.0,"{""type"":""Point"",""coordinates"":[90.69895063073747,28.16478275806939]}"
256,10,0.474446564912796,57.0297966003418,2020-10-30,582.4583129882812,0,316.0,0.0,2020-10-30,2020-10-29,19.584402084350586,294.2532958984375,2020-10-31,0.4599999785423279,0.0,2020-10-30,0.44025421142578125,316.0,"{""type"":""Point"",""coordinates"":[95.77307857720615,26.793337280022644]}"
257,30,0.17654511332511902,80.48802185058594,2021-01-10,4637.8974609375,0,4.0,0.0,2021-01-10,2021-01-09,18.360815048217773,272.27197265625,2021-01-11,0.0,0.0,2021-01-10,0.33745065331459045,1.0,"{""type"":""Point"",""coordinates"":[92.37253242654256,28.846440989189148]}"
258,10,0.16513006389141083,269.80755615234375,2021-05-02,214.3531036376953,0,13.0,2.5900001525878906,2021-05-02,2021-05-01,13.620538711547852,300.8790283203125,2021-05-03,6.71999979019165,6.25,2021-05-02,0.37867674231529236,10.0,"{""type"":""Point"",""coordinates"":[95.7922052742361,25.176897503475665]}"
259,50,0.0023039996158331633,270.0,2022-05-28,97.0,0,20425.0,33292.75,2022-05-28,2022-05-27,4.716170310974121,300.9632568359375,2022-05-29,1.9299999475479126,0.0,2022-05-28,0.4724102020263672,20425.0,"{""type"":""Point"",""coordinates"":[96.02427830288798,24.132627058973945]}"
260,70,-0.04230783134698868,157.7328338623047,2020-01-11,6568.09228515625,0,5.0,0.0,2020-01-11,2020-01-10,45.33770751953125,266.2484436035156,2020-01-12,1.8799998760223389,0.0,2020-01-11,0.367950439453125,5.0,"{""type"":""Point"",""coordinates"":[88.17232601248634,27.712658359956233]}"
261,40,0.24207492172718048,97.5279312133789,2020-04-26,3.8358685970306396,0,5.0,0.0,2020-04-26,2020-04-25,2.5520787239074707,301.4939270019531,2020-04-27,2.569999933242798,2.0833332538604736,2020-04-26,0.4769045412540436,5.0,"{""type"":""Point"",""coordinates"":[88.64113818490597,22.106154411331637]}"
262,10,0.43641728162765503,198.89430236816406,2021-01-09,112.74893188476562,0,2.0,0.0,2021-01-09,2021-01-08,1.972970962524414,291.864013671875,2021-01-10,0.0,0.0,2021-01-09,0.28307977318763733,1.0,"{""type"":""Point"",""coordinates"":[95.05489655116463,27.141817946427444]}"
263,10,0.1161884069442749,296.835205078125,2021-09-17,569.43115234375,0,1.0,12.199999809265137,2021-09-17,2021-09-16,14.20389175415039,298.077392578125,2021-09-18,16.670000076293945,14.583333015441895,2021-09-17,0.46920523047447205,1.0,"{""type"":""Point"",""coordinates"":[96.49028366240921,21.62833981537805]}"
264,30,0.09157806634902954,255.83966064453125,2019-09-29,4675.37060546875,0,4.0,16.479999542236328,2019-09-29,2019-09-28,11.841083526611328,282.1462097167969,2019-09-30,8.90999984741211,4.166666507720947,2019-09-29,0.4035123288631439,4.0,"{""type"":""Point"",""coordinates"":[89.65340027294006,29.04795140369894]}"
265,10,0.036556851118803024,153.08120727539062,2021-03-23,2846.8525390625,0,3.0,18.0,2021-03-23,2021-03-22,28.84121322631836,283.1456604003906,2021-03-24,0.7599999904632568,0.0,2021-03-23,0.4236564636230469,3.0,"{""type"":""Point"",""coordinates"":[91.23072526357991,27.427344131326734]}"
266,40,0.011071805842220783,118.6871337890625,2021-07-26,1.5141656398773193,0,18.0,9.149999618530273,2021-07-26,2021-07-25,0.4831807017326355,302.335205078125,2021-07-27,58.84000015258789,29.16666603088379,2021-07-26,0.41810354590415955,1.0,"{""type"":""Point"",""coordinates"":[90.44006112102107,22.399457181703085]}"
267,10,0.07374640554189682,217.0059051513672,2023-07-30,1099.985107421875,0,22.0,9.109999656677246,2023-07-30,2023-07-29,34.646610260009766,295.537841796875,2023-07-31,0.8999999761581421,0.0,2023-07-30,0.3957468569278717,1.0,"{""type"":""Point"",""coordinates"":[93.43377808107662,23.213809159842]}"
268,10,0.01491121482104063,85.2074966430664,2023-08-30,818.4540405273438,0,2.0,3.5199999809265137,2023-08-30,2023-08-29,27.475847244262695,297.1019592285156,2023-08-31,12.769999504089355,25.0,2023-08-30,0.45603370666503906,1.0,"{""type"":""Point"",""coordinates"":[96.38305779495379,26.019536329563454]}"
269,40,0.10516469925642014,316.7730407714844,2020-01-01,53.39707946777344,0,2.0,0.0,2020-01-01,2019-12-31,1.0082429647445679,290.80120849609375,2020-01-02,6.291999816894531,6.25,2020-01-01,0.2964515686035156,2.0,"{""type"":""Point"",""coordinates"":[91.75533590094783,26.414346830773308]}"
270,10,0.024025315418839455,130.18795776367188,2021-08-06,32.181331634521484,0,1.0,0.0,2021-08-06,2021-08-05,3.6673121452331543,303.90716552734375,2021-08-07,19.869998931884766,35.41666793823242,2021-08-06,0.39170774817466736,1.0,"{""type"":""Point"",""coordinates"":[88.67097888116724,25.418437402884823]}"
271,30,0.055324211716651917,6.2776947021484375,2023-08-06,459.466552734375,0,1.0,64.72999572753906,2023-08-06,2023-08-05,1.0870652198791504,297.39788818359375,2023-08-07,53.119998931884766,62.5,2023-08-06,0.4286231994628906,1.0,"{""type"":""Point"",""coordinates"":[97.49746087707145,27.307384280917436]}"
272,30,0.08029624074697495,21.607938766479492,2021-04-25,4325.5595703125,0,2.0,0.0,2021-04-25,2021-04-24,24.771440505981445,275.1570739746094,2021-04-26,37.54999923706055,20.83333396911621,2021-04-25,0.4156074523925781,2.0,"{""type"":""Point"",""coordinates"":[89.0261430967516,27.546683055743816]}"
273,10,0.04440893232822418,212.22654724121094,2023-09-05,4026.36376953125,0,3.0,0.35999998450279236,2023-09-05,2023-09-04,33.948883056640625,288.0097961425781,2023-09-06,0.14000000059604645,0.0,2023-09-05,0.39820608496665955,3.0,"{""type"":""Point"",""coordinates"":[96.56568903377487,28.76770882444382]}"
274,30,0.4768052101135254,68.35721588134766,2021-01-30,192.86880493164062,0,4.0,0.0,2021-01-30,2021-01-29,1.274246096611023,295.0934143066406,2021-01-31,0.0,0.0,2021-01-30,0.22128994762897491,2.0,"{""type"":""Point"",""coordinates"":[95.72638915002408,23.67849724146955]}"
275,10,0.036359529942274094,264.9789123535156,2020-03-17,424.0179748535156,0,19366.0,774.6399536132812,2020-03-17,2020-03-16,15.814318656921387,289.3157653808594,2020-03-18,0.0,0.0,2020-03-17,0.38810858130455017,19366.0,"{""type"":""Point"",""coordinates"":[93.04012609657896,27.3474400291887]}"
276,80,-0.016420401632785797,-0.0,2020-09-15,0.0,0,0.0,0.0,2020-09-15,2020-09-14,0.0,0.0,2020-09-16,194.59999084472656,93.75,2020-09-15,0.0,0.0,"{""type"":""Point"",""coordinates"":[91.45396225315142,22.398159767547412]}"
277,10,0.13020877540111542,50.5621337890625,2023-12-30,1160.20068359375,0,2.0,0.0,2023-12-30,2023-12-29,26.863784790039062,287.76446533203125,2023-12-31,0.0,0.0,2023-12-30,0.3841743469238281,2.0,"{""type"":""Point"",""coordinates"":[93.86175515660388,23.306958977295533]}"
278,40,0.5426706075668335,227.17416381835938,2023-11-17,25.083715438842773,0,48.0,1.5199999809265137,2023-11-17,2023-11-16,0.3673543334007263,298.9051513671875,2023-11-18,0.0,0.0,2023-11-17,0.1711699217557907,19.0,"{""type"":""Point"",""coordinates"":[88.0946548406137,25.325144314154866]}"
279,30,0.08338023722171783,290.1279296875,2022-01-05,4868.388671875,0,34.0,0.0,2022-01-05,2022-01-04,19.415830612182617,271.63616943359375,2022-01-06,0.0,0.0,2022-01-05,0.315234512090683,2.0,"{""type"":""Point"",""coordinates"":[89.54202776676551,28.783248642779053]}"
280,10,-0.016181783750653267,97.3118896484375,2022-06-15,503.2373962402344,0,3.0,60.75,2022-06-15,2022-06-14,34.26465606689453,294.15185546875,2022-06-16,142.52999877929688,66.66666412353516,2022-06-15,0.427722305059433,3.0,"{""type"":""Point"",""coordinates"":[94.93053611961373,27.960097304051683]}"
281,60,-0.011721963062882423,139.08837890625,2019-07-10,5042.00439453125,0,4.0,75.29999542236328,2019-07-10,2019-07-09,49.39915466308594,282.8865051269531,2019-07-11,49.32999801635742,56.25,2019-07-10,0.39686647057533264,1.0,"{""type"":""Point"",""coordinates"":[93.22878826673873,28.587536925655346]}"
282,10,0.4833081364631653,222.1597900390625,2021-10-12,376.57568359375,0,4.0,0.0,2021-10-12,2021-10-11,20.864065170288086,300.7937316894531,2021-10-13,3.309999942779541,6.25,2021-10-12,0.45519891381263733,4.0,"{""type"":""Point"",""coordinates"":[97.31601048729394,25.876380503194717]}"
283,10,0.8457658886909485,206.6996307373047,2020-12-31,710.569580078125,0,1.0,0.0,2020-12-31,2020-12-30,19.270606994628906,288.2302551269531,2021-01-01,0.0,0.0,2020-12-31,0.29068437218666077,1.0,"{""type"":""Point"",""coordinates"":[97.45629346933167,25.888812991515312]}"
284,40,0.3451900780200958,80.23631286621094,2019-12-14,48.31577682495117,0,3.0,0.19999998807907104,2019-12-14,2019-12-13,0.8859091997146606,293.50482177734375,2019-12-15,0.0,0.0,2019-12-14,0.1670430451631546,2.0,"{""type"":""Point"",""coordinates"":[89.20909105950007,26.284019596006733]}"
285,10,0.37152889370918274,53.68901062011719,2019-01-13,1527.043701171875,0,5521.0,0.8100000023841858,2019-01-13,2019-01-12,22.680316925048828,274.0254211425781,2019-01-14,0.25,0.0,2019-01-13,0.3253237307071686,1.0,"{""type"":""Point"",""coordinates"":[91.51237642970982,27.520257726029122]}"
286,10,0.1314597725868225,58.10734939575195,2020-10-19,188.95848083496094,0,9.0,349.3800048828125,2020-10-19,2020-10-18,3.951510190963745,298.77313232421875,2020-10-20,23.469999313354492,27.08333396911621,2020-10-19,0.4595966339111328,9.0,"{""type"":""Point"",""coordinates"":[96.03491691873081,25.21442082755269]}"
287,10,0.10682282596826553,32.75572967529297,2020-10-03,15.72059154510498,0,24.0,674.8800048828125,2020-10-03,2020-10-02,6.467021465301514,301.9388427734375,2020-10-04,1.8899998664855957,2.0833332538604736,2020-10-03,0.47909101843833923,24.0,"{""type"":""Point"",""coordinates"":[90.270859186224,24.212987157730574]}"
288,40,0.24519477784633636,111.26819610595703,2023-04-16,66.82427215576172,0,2.0,0.0,2023-04-16,2023-04-15,0.09026318043470383,301.3706359863281,2023-04-17,0.0,0.0,2023-04-16,0.3024629056453705,2.0,"{""type"":""Point"",""coordinates"":[92.08479337944063,26.566958905948926]}"
289,10,0.24199214577674866,267.00885009765625,2023-01-08,9.396799087524414,0,10.0,0.0,2023-01-08,2023-01-07,2.314459800720215,293.72198486328125,2023-01-09,0.0,0.0,2023-01-08,0.09764035791158676,10.0,"{""type"":""Point"",""coordinates"":[90.62847067352895,22.650691244302628]}"
290,60,0.00814824178814888,98.25314331054688,2023-07-13,5601.10595703125,0,1.0,0.4599999785423279,2023-07-13,2023-07-12,17.522661209106445,282.4881591796875,2023-07-14,0.0,0.0,2023-07-13,0.42018571496009827,1.0,"{""type"":""Point"",""coordinates"":[89.68576998380448,28.438974298283345]}"
291,10,0.36598336696624756,226.26712036132812,2020-04-09,249.9159698486328,0,1.0,0.14999999105930328,2020-04-09,2020-04-08,16.795780181884766,300.2710876464844,2020-04-10,0.03999999910593033,0.0,2020-04-09,0.12682278454303741,1.0,"{""type"":""Point"",""coordinates"":[97.32281961015252,24.07394506958755]}"
292,40,0.06868574768304825,64.31218719482422,2020-07-13,122.36229705810547,0,108.0,18.770000457763672,2020-07-13,2020-07-12,2.9916234016418457,297.8121643066406,2020-07-14,22.68000030517578,35.41666793823242,2020-07-13,0.4255281984806061,1.0,"{""type"":""Point"",""coordinates"":[93.88343151521103,27.175031732928073]}"
293,10,0.7964336276054382,139.1840362548828,2023-06-08,129.6819610595703,0,55.0,19.020000457763672,2023-06-08,2023-06-07,19.120222091674805,299.9588623046875,2023-06-09,60.44999694824219,41.66666793823242,2023-06-08,0.3735179901123047,2.0,"{""type"":""Point"",""coordinates"":[91.42491342927607,25.808888353488324]}"
294,10,0.409248411655426,307.570068359375,2023-11-15,903.171875,0,2.0,0.0,2023-11-15,2023-11-14,17.393115997314453,291.2764587402344,2023-11-16,0.41999998688697815,0.0,2023-11-15,0.3531169891357422,1.0,"{""type"":""Point"",""coordinates"":[95.10645081022797,26.699754977206183]}"
295,70,-0.02209504134953022,299.10113525390625,2019-08-20,6054.15234375,0,4.0,92.68000030517578,2019-08-20,2019-08-19,60.78962707519531,269.902099609375,2019-08-21,5.339999675750732,12.5,2019-08-20,0.3749453127384186,4.0,"{""type"":""Point"",""coordinates"":[88.24098545540447,27.701715601749335]}"
296,40,0.26081278920173645,295.6444396972656,2021-01-28,107.73721313476562,0,2.0,0.0,2021-01-28,2021-01-27,0.19795304536819458,298.03765869140625,2021-01-29,0.0,0.0,2021-01-28,0.2114124298095703,2.0,"{""type"":""Point"",""coordinates"":[94.85862510461502,22.54355442010727]}"
297,10,0.7865715622901917,181.64173889160156,2021-01-31,203.92628479003906,0,1157.0,0.0,2021-01-31,2021-01-30,25.44330406188965,291.11505126953125,2021-02-01,0.0,0.0,2021-01-31,0.14791233837604523,1157.0,"{""type"":""Point"",""coordinates"":[94.6425064271828,24.477614550080286]}"
298,10,0.5957422256469727,30.038715362548828,2023-12-27,277.0633850097656,0,154.0,0.0,2023-12-27,2023-12-26,8.366514205932617,291.20721435546875,2023-12-28,0.05999999865889549,0.0,2023-12-27,0.4527670443058014,1.0,"{""type"":""Point"",""coordinates"":[95.74773781082334,24.391259708680916]}"
299,30,0.16592533886432648,322.7925720214844,2021-11-01,4702.95654296875,0,1293.0,0.0,2021-11-01,2021-10-31,0.6163577437400818,272.93328857421875,2021-11-02,0.003000000026077032,0.0,2021-11-01,0.38061270117759705,1293.0,"{""type"":""Point"",""coordinates"":[88.79214272820406,28.248868680251558]}"
300,40,0.03653368726372719,294.9009094238281,2019-09-07,2.1990177631378174,0,41.0,72.97999572753906,2019-09-07,2019-09-06,0.18064013123512268,302.17962646484375,2019-09-08,20.219999313354492,20.83333396911621,2019-09-07,0.47018370032310486,41.0,"{""type"":""Point"",""coordinates"":[89.92401054555211,22.38009174570514]}"
301,100,6.682773819193244E-4,108.09185791015625,2021-06-08,4206.396484375,0,11.0,65.47999572753906,2021-06-08,2021-06-07,25.410215377807617,283.1617126464844,2021-06-09,16.229999542236328,14.583333015441895,2021-06-08,0.4169260561466217,4.0,"{""type"":""Point"",""coordinates"":[97.27494896648392,28.400702376856906]}"
302,10,0.0012723775580525398,293.4293212890625,2019-07-19,402.6816101074219,0,1.0,4.809999942779541,2019-07-19,2019-07-18,19.516368865966797,299.9967041015625,2019-07-20,1.8199999332427979,2.0833332538604736,2019-07-19,0.4859364926815033,1.0,"{""type"":""Point"",""coordinates"":[96.21081559061143,25.705432470337193]}"
303,10,0.4414117932319641,192.0467071533203,2020-04-18,1396.4649658203125,0,32141.0,13.0,2020-04-18,2020-04-17,28.73927879333496,284.91094970703125,2020-04-19,1.2999999523162842,2.0833332538604736,2020-04-18,0.41235098242759705,5.0,"{""type"":""Point"",""coordinates"":[89.93003526339504,27.34065170063935]}"
304,40,0.2734658420085907,8.775672912597656,2020-12-12,13.583283424377441,0,1.0,0.0,2020-12-12,2020-12-11,2.21181321144104,295.2490539550781,2020-12-13,0.0,0.0,2020-12-12,0.1498584747314453,1.0,"{""type"":""Point"",""coordinates"":[89.14776297507986,24.081643183468636]}"
305,80,0.011751145124435425,270.0,2021-06-02,2.0,0,1.0,89.96499633789062,2021-06-02,2021-06-01,5.02227258682251,300.69024658203125,2021-06-03,0.0,0.0,2021-06-02,0.42468133568763733,1.0,"{""type"":""Point"",""coordinates"":[90.8595563822696,23.624207740746993]}"
306,30,0.15459956228733063,241.31118774414062,2020-10-30,3951.759521484375,0,3.0,0.0,2020-10-30,2020-10-29,24.494884490966797,278.3483581542969,2020-10-31,0.0,0.0,2020-10-30,0.38056373596191406,3.0,"{""type"":""Point"",""coordinates"":[96.81923289649588,28.40530346683053]}"
307,10,0.6875,286.15899658203125,2021-01-01,451.2495422363281,0,1.0,0.0,2021-01-01,2020-12-31,22.71286392211914,288.263427734375,2021-01-02,0.004000000189989805,0.0,2021-01-01,0.19325129687786102,1.0,"{""type"":""Point"",""coordinates"":[93.42114506740393,24.945075788253554]}"
308,10,0.19087538123130798,343.8393859863281,2023-04-07,431.0980224609375,0,1.0,0.0,2023-04-07,2023-04-06,24.757909774780273,295.9620666503906,2023-04-08,0.0,0.0,2023-04-07,0.3464088439941406,1.0,"{""type"":""Point"",""coordinates"":[94.98591728404759,25.20464698480531]}"
309,30,0.02348156087100506,299.8946533203125,2020-06-13,4233.06591796875,0,2.0,20.03999900817871,2020-06-13,2020-06-12,38.09589385986328,281.98590087890625,2020-06-14,0.36000001430511475,0.0,2020-06-13,0.4069023132324219,2.0,"{""type"":""Point"",""coordinates"":[91.51792609226804,29.47257740913622]}"
310,60,0.2259916216135025,135.32154846191406,2021-03-26,27.232769012451172,0,1.0,0.0,2021-03-26,2021-03-25,4.606245040893555,302.6817321777344,2021-03-27,0.0,0.0,2021-03-26,0.13811619579792023,1.0,"{""type"":""Point"",""coordinates"":[92.00636937365758,24.326635695187377]}"
311,10,-0.02911772020161152,297.6972351074219,2022-06-01,1352.89453125,0,3.0,23.969999313354492,2022-06-01,2022-05-31,9.350234031677246,296.8489074707031,2022-06-02,51.516998291015625,39.58333206176758,2022-06-01,0.4624703824520111,3.0,"{""type"":""Point"",""coordinates"":[93.23310211157902,25.18864344370362]}"
312,40,0.3588273823261261,93.17586517333984,2019-11-30,17.136579513549805,0,1.0,0.0,2019-11-30,2019-11-29,1.1441529989242554,296.95013427734375,2019-12-01,0.0,0.0,2019-11-30,0.1933765411376953,1.0,"{""type"":""Point"",""coordinates"":[88.51036711281428,24.115699361323998]}"
313,10,0.1701788455247879,276.6947937011719,2023-10-15,60.476383209228516,0,6.0,0.0,2023-10-15,2023-10-14,14.72670841217041,299.71099853515625,2023-10-16,0.0,0.0,2023-10-15,0.36698976159095764,6.0,"{""type"":""Point"",""coordinates"":[91.89910839651448,22.92783055905191]}"
314,30,0.10184630006551743,48.56208038330078,2021-09-05,4433.9365234375,0,15.0,27.81999969482422,2021-09-05,2021-09-04,34.627044677734375,287.4254150390625,2021-09-06,9.879999160766602,14.583333015441895,2021-09-05,0.41057077050209045,13.0,"{""type"":""Point"",""coordinates"":[88.10623873993714,29.20773749361813]}"
315,40,0.03222310170531273,37.508270263671875,2019-07-14,5.494837284088135,0,11.0,175.6699981689453,2019-07-14,2019-07-13,0.0949496403336525,300.3957824707031,2019-07-15,75.80999755859375,60.41666793823242,2019-07-14,0.4242807924747467,1.0,"{""type"":""Point"",""coordinates"":[91.43625183716172,24.382728515605656]}"
316,10,0.016866449266672134,80.90713500976562,2022-07-10,351.3713684082031,0,17.0,68.8499984741211,2022-07-10,2022-07-09,4.584397315979004,299.8951110839844,2022-07-11,4.059999942779541,6.25,2022-07-10,0.4886341094970703,17.0,"{""type"":""Point"",""coordinates"":[97.03241782228619,26.130818949921935]}"
317,30,0.2805679738521576,65.26725006103516,2023-10-08,707.7504272460938,0,5.0,95.8499984741211,2023-10-08,2023-10-07,7.477081775665283,297.1749572753906,2023-10-09,62.869998931884766,25.0,2023-10-08,0.48811468482017517,5.0,"{""type"":""Point"",""coordinates"":[96.69887772889382,22.420823326304387]}"
318,10,0.1022593230009079,124.24647521972656,2020-05-21,468.3190612792969,0,40.0,811.199951171875,2020-05-21,2020-05-20,14.000358581542969,296.22467041015625,2020-05-22,0.3799999952316284,0.0,2020-05-21,0.3826923370361328,40.0,"{""type"":""Point"",""coordinates"":[93.79800582971463,22.181531354869147]}"
319,10,0.3181588351726532,16.627838134765625,2021-04-30,81.82889556884766,0,1.0,0.9099999666213989,2021-04-30,2021-04-29,1.7896398305892944,307.27099609375,2021-05-01,0.5600000023841858,0.0,2021-04-30,0.3426119387149811,1.0,"{""type"":""Point"",""coordinates"":[95.26756025250155,21.960435860043336]}"
320,10,0.22462956607341766,12.6424560546875,2021-11-06,500.9757385253906,0,2.0,1.159999966621399,2021-11-06,2021-11-05,3.405998468399048,294.85650634765625,2021-11-07,0.0,0.0,2021-11-06,0.48017311096191406,2.0,"{""type"":""Point"",""coordinates"":[94.10068260768787,21.58981886498315]}"
321,10,0.2487846314907074,78.44181823730469,2022-08-30,92.16393280029297,0,3.0,0.0,2022-08-30,2022-08-29,3.054591655731201,300.72381591796875,2022-08-31,0.85999995470047,2.0833332538604736,2022-08-30,0.3816356658935547,1.0,"{""type"":""Point"",""coordinates"":[91.9947066260725,23.795370313502527]}"
322,10,0.044991835951805115,105.40022277832031,2021-07-13,21.2910099029541,0,1.0,11.989999771118164,2021-07-13,2021-07-12,1.14708411693573,304.3251647949219,2021-07-14,8.15999984741211,14.583333015441895,2021-07-13,0.35619673132896423,1.0,"{""type"":""Point"",""coordinates"":[89.3477228561594,25.135893231530734]}"
323,40,0.19317056238651276,291.22381591796875,2023-03-20,161.8413848876953,0,229.0,645.7799682617188,2023-03-20,2023-03-19,1.3745049238204956,297.501708984375,2023-03-21,3.249999761581421,4.166666507720947,2023-03-20,0.28439775109291077,229.0,"{""type"":""Point"",""coordinates"":[94.81039111437416,24.08564565578509]}"
324,10,0.6489046812057495,107.06143951416016,2023-11-21,261.2818603515625,0,11.0,0.0,2023-11-21,2023-11-20,28.715242385864258,294.4981994628906,2023-11-22,0.7899999618530273,2.0833332538604736,2023-11-21,0.4396076202392578,11.0,"{""type"":""Point"",""coordinates"":[93.3209194941981,26.07320171340918]}"
325,10,0.05687929317355156,93.99916076660156,2023-10-31,865.6106567382812,0,4.0,0.0,2023-10-31,2023-10-30,35.96986770629883,292.9206848144531,2023-11-01,0.0,0.0,2023-10-31,0.30120086669921875,2.0,"{""type"":""Point"",""coordinates"":[94.0746096873334,27.46019390816239]}"
326,10,0.0899776965379715,144.45594787597656,2021-08-25,173.9287567138672,0,3.0,15.119999885559082,2021-08-25,2021-08-24,17.08243751525879,300.92864990234375,2021-08-26,78.25999450683594,45.83333206176758,2021-08-25,0.48454222083091736,3.0,"{""type"":""Point"",""coordinates"":[95.47977622624853,24.98916337214701]}"
327,10,0.0073962099850177765,1.4783154726028442,2019-07-26,1954.3228759765625,0,1.0,39.15999984741211,2019-07-26,2019-07-25,36.691646575927734,294.30059814453125,2019-07-27,110.41999816894531,75.0,2019-07-26,0.4563789367675781,1.0,"{""type"":""Point"",""coordinates"":[95.0601517723734,26.43804325229103]}"
328,100,0.01998331770300865,47.38325119018555,2020-07-06,5123.41796875,0,1.0,1.1999999284744263,2020-07-06,2020-07-05,12.04920482635498,283.4751892089844,2020-07-07,1.0199999809265137,2.0833332538604736,2020-07-06,0.4211069643497467,1.0,"{""type"":""Point"",""coordinates"":[92.66013744467406,28.667898811416954]}"
329,10,0.0273942518979311,91.19610595703125,2019-07-06,3175.74609375,0,2.0,80.47999572753906,2019-07-06,2019-07-05,44.31460189819336,291.59918212890625,2019-07-07,21.25,27.08333396911621,2019-07-06,0.4269065856933594,2.0,"{""type"":""Point"",""coordinates"":[95.26488100373787,29.36428806039168]}"
330,40,0.1397136151790619,-0.0,2023-02-19,77.5,0,21320.0,0.0,2023-02-19,2023-02-18,1.7898927927017212,297.7388610839844,2023-02-20,0.0,0.0,2023-02-19,0.2175038605928421,5.0,"{""type"":""Point"",""coordinates"":[96.1662203727536,22.28735940623727]}"
331,10,0.24079683423042297,226.2343292236328,2023-09-11,2397.334716796875,0,9.0,18.44999885559082,2023-09-11,2023-09-10,19.25814437866211,289.4215087890625,2023-09-12,1.209999918937683,0.0,2023-09-11,0.3522695004940033,9.0,"{""type"":""Point"",""coordinates"":[96.21399619748419,28.7204261937226]}"
332,10,0.3502093255519867,186.2178497314453,2019-12-10,68.3355941772461,0,2.0,0.0,2019-12-10,2019-12-09,1.8147066831588745,291.9548645019531,2019-12-11,0.0,0.0,2019-12-10,0.3383146822452545,2.0,"{""type"":""Point"",""coordinates"":[92.93954087313335,26.477573943949313]}"
333,10,0.3972308337688446,197.15191650390625,2023-02-22,115.81657409667969,0,2.0,0.17999999225139618,2023-02-22,2023-02-21,3.50579571723938,295.9142761230469,2023-02-23,6.689999580383301,8.333333015441895,2023-02-22,0.2706349790096283,2.0,"{""type"":""Point"",""coordinates"":[93.18680675045702,26.00652708225516]}"
334,100,0.011646564118564129,269.19500732421875,2022-07-10,4406.41162109375,0,1.0,0.47999998927116394,2022-07-10,2022-07-09,17.868011474609375,288.1797790527344,2022-07-11,1.1299999952316284,0.0,2022-07-10,0.41665902733802795,1.0,"{""type"":""Point"",""coordinates"":[96.2115255925012,28.97140871940971]}"
335,40,0.3702147305011749,57.35986328125,2019-11-26,49.78512954711914,0,10.0,0.029999999329447746,2019-11-26,2019-11-25,0.1211264580488205,297.0279235839844,2019-11-27,0.0,0.0,2019-11-26,0.17016346752643585,1.0,"{""type"":""Point"",""coordinates"":[88.36571889629784,25.962854728600778]}"
336,10,0.25475671887397766,230.42710876464844,2022-09-04,247.78250122070312,0,9.0,143.00999450683594,2022-09-04,2022-09-03,3.3133389949798584,298.4502258300781,2022-09-05,85.31999969482422,39.58333206176758,2022-09-04,0.4688873291015625,9.0,"{""type"":""Point"",""coordinates"":[96.83366570815076,26.52910485508974]}"
337,30,0.06563036143779755,2.0759952068328857,2023-09-01,4518.81982421875,0,369.0,597.7799682617188,2023-09-01,2023-08-31,1.4616217613220215,284.3807373046875,2023-09-02,0.0,0.0,2023-09-01,0.3962465822696686,369.0,"{""type"":""Point"",""coordinates"":[88.48982178046485,28.2605246722058]}"
338,10,0.2834709882736206,8.31908130645752,2019-09-05,272.6451721191406,0,1.0,2.549999952316284,2019-09-05,2019-09-04,4.919596195220947,299.9358825683594,2019-09-06,12.639999389648438,12.5,2019-09-05,0.43011221289634705,1.0,"{""type"":""Point"",""coordinates"":[96.50170656924237,25.013970085241805]}"
339,10,0.005955073982477188,51.15450668334961,2021-07-11,2779.828857421875,0,2.0,150.63999938964844,2021-07-11,2021-07-10,34.93540954589844,288.64453125,2021-07-12,16.18000030517578,16.66666603088379,2021-07-11,0.42771339416503906,2.0,"{""type"":""Point"",""coordinates"":[94.23659373436281,28.685527408992215]}"
340,30,0.04781319573521614,113.30382537841797,2019-04-23,4562.20068359375,0,1.0,1.9499999284744263,2019-04-23,2019-04-22,23.451372146606445,280.49066162109375,2019-04-24,1.350000023841858,0.0,2019-04-23,0.3242270052433014,1.0,"{""type"":""Point"",""coordinates"":[91.39562426052557,29.34412457404832]}"
341,10,0.0923541784286499,137.94837951660156,2023-04-25,6.1095147132873535,0,3.0,0.07999999821186066,2023-04-25,2023-04-24,4.5958571434021,302.68548583984375,2023-04-26,0.0,0.0,2023-04-25,0.23720867931842804,1.0,"{""type"":""Point"",""coordinates"":[90.0619965615361,22.72631641627341]}"
342,10,0.1450914740562439,340.2711486816406,2021-11-04,534.8948364257812,0,1.0,0.4599999785423279,2021-11-04,2021-11-03,11.178534507751465,294.9727783203125,2021-11-05,0.0,0.0,2021-11-04,0.4106769561767578,1.0,"{""type"":""Point"",""coordinates"":[96.20212848514451,25.74825559917423]}"
343,40,0.010351327247917652,145.13926696777344,2022-06-08,28.47149658203125,0,1.0,23.639999389648438,2022-06-08,2022-06-07,1.1503597497940063,299.96728515625,2022-06-09,83.29999542236328,25.0,2022-06-08,0.41278329491615295,1.0,"{""type"":""Point"",""coordinates"":[88.42431874518365,25.502000912014527]}"
344,40,0.0942411869764328,348.2875061035156,2022-09-18,142.60948181152344,0,1.0,0.0,2022-09-18,2022-09-17,4.015455722808838,299.7347412109375,2022-09-19,0.5499999523162842,0.0,2022-09-18,0.49260520935058594,1.0,"{""type"":""Point"",""coordinates"":[94.38865197846636,26.605354030094563]}"
345,40,0.09957365691661835,82.56944274902344,2021-01-18,33.51779556274414,0,8211.0,0.0,2021-01-18,2021-01-17,1.896414041519165,292.0547180175781,2021-01-19,0.0,0.0,2021-01-18,0.25171151757240295,8211.0,"{""type"":""Point"",""coordinates"":[90.67283001199203,26.121607722761464]}"
346,80,-0.008308575488626957,-0.0,2019-08-25,70.5,0,549955.0,256.1999816894531,2019-08-25,2019-08-24,0.0,300.2276916503906,2019-08-26,2.629999876022339,6.25,2019-08-25,0.48377546668052673,10.0,"{""type"":""Point"",""coordinates"":[95.04412155162849,22.245625024283743]}"
347,10,0.5663765072822571,359.9351501464844,2023-11-15,2317.240966796875,0,2.0,0.0,2023-11-15,2023-11-14,38.4114875793457,286.435791015625,2023-11-16,0.0,0.0,2023-11-15,0.31904157996177673,1.0,"{""type"":""Point"",""coordinates"":[89.9712299368327,27.16754587261175]}"
348,30,0.30346015095710754,19.825284957885742,2019-02-11,113.78888702392578,0,3.0,0.0,2019-02-11,2019-02-10,4.674335479736328,299.7987365722656,2019-02-12,0.0,0.0,2019-02-11,0.25776800513267517,2.0,"{""type"":""Point"",""coordinates"":[95.73063295526713,22.095051535341927]}"
349,40,0.0340103916823864,34.78167724609375,2020-06-07,23.925006866455078,0,88.0,1.3199999332427979,2020-06-07,2020-06-06,0.5074533820152283,300.6230163574219,2020-06-08,0.0,0.0,2020-06-07,0.408886581659317,2.0,"{""type"":""Point"",""coordinates"":[89.48196806399424,25.591891330214878]}"
350,10,-0.048775359988212585,106.11576080322266,2022-04-24,2219.75830078125,0,1.0,1.4299999475479126,2022-04-24,2022-04-23,33.775840759277344,289.55023193359375,2022-04-25,7.339999675750732,10.416666984558105,2022-04-24,0.40299925208091736,1.0,"{""type"":""Point"",""coordinates"":[96.81245687169907,27.070236111331244]}"
351,30,-0.08136387914419174,248.74807739257812,2019-03-15,5029.40673828125,0,6.0,0.0,2019-03-15,2019-03-14,7.946199417114258,268.1728210449219,2019-03-16,0.0,0.0,2019-03-15,0.23532994091510773,6.0,"{""type"":""Point"",""coordinates"":[88.8181628490444,28.390571330522228]}"
352,30,0.11720698326826096,35.79408645629883,2019-03-16,1414.0382080078125,0,2.0,0.2800000011920929,2019-03-16,2019-03-15,26.572847366333008,291.435546875,2019-03-17,0.11999998986721039,0.0,2019-03-16,0.3799266815185547,2.0,"{""type"":""Point"",""coordinates"":[94.50793623028345,25.675481363307156]}"
353,10,0.07827204465866089,30.019210815429688,2020-05-12,1973.3642578125,0,2.0,4.349999904632568,2020-05-12,2020-05-11,35.629310607910156,290.3450622558594,2020-05-13,7.960000038146973,6.25,2020-05-12,0.3791351318359375,1.0,"{""type"":""Point"",""coordinates"":[90.17957550566331,26.993204859435547]}"
354,40,0.6163528561592102,81.96509552001953,2022-12-05,1.4396467208862305,0,13.0,0.0,2022-12-05,2022-12-04,0.17758208513259888,295.5521240234375,2022-12-06,0.0,0.0,2022-12-05,0.2692534029483795,3.0,"{""type"":""Point"",""coordinates"":[89.47497428399315,22.717438704442046]}"
355,30,0.13906200230121613,168.3045196533203,2021-10-01,4054.635986328125,0,2.0,0.0,2021-10-01,2021-09-30,27.17324447631836,282.2789001464844,2021-10-02,0.0650000050663948,0.0,2021-10-01,0.3965587615966797,2.0,"{""type"":""Point"",""coordinates"":[93.7760058612553,28.88256495978828]}"
356,40,0.10655317455530167,169.2078399658203,2023-12-07,3.009608268737793,0,7.0,32.779998779296875,2023-12-07,2023-12-06,0.9649235606193542,295.8971252441406,2023-12-08,16.68000030517578,10.416666984558105,2023-12-07,0.24020957946777344,2.0,"{""type"":""Point"",""coordinates"":[90.83713164619776,22.86423026497975]}"
357,10,0.26428860425949097,30.112260818481445,2020-02-04,1680.3504638671875,0,4.0,0.0,2020-02-04,2020-02-03,23.923320770263672,283.1513671875,2020-02-05,0.7399999499320984,0.0,2020-02-04,0.4461326599121094,1.0,"{""type"":""Point"",""coordinates"":[94.55789870737223,25.84246062906449]}"
358,30,-0.006580430082976818,38.815650939941406,2019-08-11,4416.18994140625,0,2.0,69.87999725341797,2019-08-11,2019-08-10,25.14926528930664,285.6271057128906,2019-08-12,16.93000030517578,33.33333206176758,2019-08-11,0.4235801696777344,2.0,"{""type"":""Point"",""coordinates"":[90.56297253143379,29.214790504580833]}"
359,60,0.00404447503387928,333.4270935058594,2022-06-01,413.3481140136719,0,19.0,488.29998779296875,2022-06-01,2022-05-31,34.324153900146484,298.4013366699219,2022-06-02,1.4819999933242798,4.166666507720947,2022-06-01,0.46890196204185486,19.0,"{""type"":""Point"",""coordinates"":[94.39072038052537,26.438411052887886]}"
360,10,0.10647303611040115,44.407264709472656,2019-03-10,346.5878601074219,0,1.0,1.2399998903274536,2019-03-10,2019-03-09,13.48243236541748,290.0978088378906,2019-03-11,9.179999351501465,12.5,2019-03-10,0.4399445950984955,1.0,"{""type"":""Point"",""coordinates"":[93.37725382343142,27.047668681905293]}"
361,30,0.010783687233924866,290.40399169921875,2023-07-23,4623.0595703125,0,9.0,2.3399999141693115,2023-07-23,2023-07-22,29.61690330505371,286.1432189941406,2023-07-24,1.75,2.0833332538604736,2023-07-23,0.3979835510253906,9.0,"{""type"":""Point"",""coordinates"":[92.13284696603732,28.535367499140197]}"
362,10,0.15963353216648102,139.4386749267578,2022-11-05,1232.2542724609375,0,6.0,0.0,2022-11-05,2022-11-04,19.1531925201416,288.7809143066406,2022-11-06,0.0,0.0,2022-11-05,0.43007978796958923,6.0,"{""type"":""Point"",""coordinates"":[92.07979245878205,26.98040315226998]}"
363,10,0.09956319630146027,160.47247314453125,2022-03-13,1352.473876953125,0,6.0,0.0,2022-03-13,2022-03-12,17.662151336669922,290.08343505859375,2022-03-14,0.0,0.0,2022-03-13,0.3696371614933014,6.0,"{""type"":""Point"",""coordinates"":[95.89369519077776,26.994996820147318]}"
364,40,0.22154942154884338,238.3396453857422,2019-12-28,117.83250427246094,0,151.0,0.0,2019-12-28,2019-12-27,0.5184160470962524,288.6042785644531,2019-12-29,0.0,0.0,2019-12-28,0.20112037658691406,151.0,"{""type"":""Point"",""coordinates"":[92.38222733647851,26.81643843932204]}"
365,10,0.05384088680148125,305.81915283203125,2022-09-13,4222.07421875,0,7.0,0.0,2022-09-13,2022-09-12,22.165952682495117,284.5340270996094,2022-09-14,8.079999923706055,14.583333015441895,2022-09-13,0.39832496643066406,7.0,"{""type"":""Point"",""coordinates"":[94.09460095314932,29.323101431167554]}"
366,40,0.12143506854772568,142.5891876220703,2022-06-09,96.00544738769531,0,14.0,3.2199997901916504,2022-06-09,2022-06-08,0.06874854117631912,303.12322998046875,2022-06-10,0.47999998927116394,0.0,2022-06-09,0.37378692626953125,14.0,"{""type"":""Point"",""coordinates"":[95.41106189568632,22.62924934414316]}"
367,10,0.1430794596672058,353.4690856933594,2019-04-30,80.9502182006836,0,7.0,0.0,2019-04-30,2019-04-29,0.1616854965686798,300.97210693359375,2019-05-01,0.0,0.0,2019-04-30,0.2936185300350189,7.0,"{""type"":""Point"",""coordinates"":[88.20649079905901,26.539953516181885]}"
368,30,0.06434197723865509,83.64495086669922,2022-07-08,4837.25390625,0,1.0,1.6800000667572021,2022-07-08,2022-07-07,16.38280487060547,286.5442810058594,2022-07-09,0.3400000035762787,0.0,2022-07-08,0.3648446500301361,1.0,"{""type"":""Point"",""coordinates"":[92.25469244196259,28.474208461764686]}"
369,40,0.003983120899647474,276.20819091796875,2021-07-04,65.56300354003906,0,37.0,19.60999870300293,2021-07-04,2021-07-03,2.7030651569366455,303.5613708496094,2021-07-05,0.0,0.0,2021-07-04,0.39729562401771545,37.0,"{""type"":""Point"",""coordinates"":[95.21901789552835,21.821033982231185]}"
370,10,0.6851392984390259,328.31427001953125,2021-01-14,213.01870727539062,0,5.0,0.0,2021-01-14,2021-01-13,13.416860580444336,292.2997131347656,2021-01-15,0.0,0.0,2021-01-14,0.2540639340877533,5.0,"{""type"":""Point"",""coordinates"":[94.73080103182329,24.064719072834873]}"
371,80,-0.03621843829751015,-0.0,2021-07-18,0.0,0,0.0,0.0,2021-07-18,2021-07-17,0.0,0.0,2021-07-19,1.2799999713897705,0.0,2021-07-18,0.0,0.0,"{""type"":""Point"",""coordinates"":[89.45073295094895,21.578703124389925]}"
372,30,0.3017232418060303,166.3093719482422,2021-12-19,1313.537109375,0,1.0,0.0,2021-12-19,2021-12-18,17.765653610229492,286.44952392578125,2021-12-20,0.0,0.0,2021-12-19,0.3163928985595703,1.0,"{""type"":""Point"",""coordinates"":[93.59925298042131,23.17273366814756]}"
373,40,0.6668621897697449,260.7057189941406,2020-11-30,304.7077331542969,0,1.0,0.0,2020-11-30,2020-11-29,4.964109420776367,290.9538879394531,2020-12-01,0.0,0.0,2020-11-30,0.3353691101074219,1.0,"{""type"":""Point"",""coordinates"":[93.82396312037386,25.722304272138544]}"
374,80,-0.05049637705087662,-0.0,2020-10-01,0.0,0,0.0,0.0,2020-10-01,2020-09-30,0.0,0.0,2020-10-02,31.424999237060547,56.25,2020-10-01,0.0,0.0,"{""type"":""Point"",""coordinates"":[90.88413143660082,21.51690475640148]}"
375,40,-0.031205343082547188,283.6134948730469,2022-07-16,4.1974406242370605,0,1.0,5.369999885559082,2022-07-16,2022-07-15,0.4948578476905823,304.4772644042969,2022-07-17,4.049999713897705,2.0833332538604736,2022-07-16,0.3881378173828125,1.0,"{""type"":""Point"",""coordinates"":[91.08612933893873,24.12448426975877]}"
376,40,0.13161860406398773,123.4833984375,2020-06-15,90.75200653076172,0,13.0,63.91999816894531,2020-06-15,2020-06-14,0.5458310842514038,302.8125,2020-06-16,25.809999465942383,27.08333396911621,2020-06-15,0.47683587670326233,2.0,"{""type"":""Point"",""coordinates"":[94.44994157170498,27.05455574165254]}"
377,40,0.2314331829547882,346.8048095703125,2019-03-24,6.9980549812316895,0,329.0,0.0,2019-03-24,2019-03-23,0.416036993265152,298.9470520019531,2019-03-25,0.0,0.0,2019-03-24,0.24507777392864227,2.0,"{""type"":""Point"",""coordinates"":[91.34209835355821,24.076755949980274]}"
378,10,0.46439674496650696,300.7666320800781,2021-12-02,136.3723602294922,0,1.0,0.020000001415610313,2021-12-02,2021-12-01,4.271598815917969,294.44708251953125,2021-12-03,0.0,0.0,2021-12-02,0.2115325927734375,1.0,"{""type"":""Point"",""coordinates"":[93.06790546937803,25.87211106237989]}"
379,40,0.09084269404411316,346.42376708984375,2021-10-13,9.678071975708008,0,1.0,0.0,2021-10-13,2021-10-12,0.45328471064567566,303.0383605957031,2021-10-14,2.309999942779541,6.25,2021-10-13,0.31713613867759705,1.0,"{""type"":""Point"",""coordinates"":[90.62237286552514,24.974404684579213]}"
380,10,0.5968542695045471,355.76055908203125,2020-02-11,1323.91796875,0,1.0,0.0,2020-02-11,2020-02-10,42.93505859375,286.7198181152344,2020-02-12,0.0,0.0,2020-02-11,0.2078654021024704,1.0,"{""type"":""Point"",""coordinates"":[93.16174431318497,23.015003533019655]}"
381,10,0.27387088537216187,189.21774291992188,2021-10-18,1453.8662109375,0,2.0,1.2999999523162842,2021-10-18,2021-10-17,11.61166763305664,293.9239807128906,2021-10-19,0.0,0.0,2021-10-18,0.3223063051700592,2.0,"{""type"":""Point"",""coordinates"":[94.25549022900996,24.931933573833838]}"
382,10,0.2338833510875702,4.337002277374268,2023-12-21,220.28219604492188,0,35.0,0.0,2023-12-21,2023-12-20,12.67462158203125,290.8846740722656,2023-12-22,0.0,0.0,2023-12-21,0.3618335723876953,4.0,"{""type"":""Point"",""coordinates"":[95.83002739553417,25.62485495226654]}"
383,10,0.21861062943935394,183.58116149902344,2019-02-23,948.4481811523438,0,5.0,0.0,2019-02-23,2019-02-22,20.033550262451172,284.26422119140625,2019-02-24,13.559999465942383,14.583333015441895,2019-02-23,0.4636993408203125,4.0,"{""type"":""Point"",""coordinates"":[97.48028059355553,27.5879226309437]}"
384,40,0.0655997171998024,106.4079360961914,2021-09-08,82.9581298828125,0,6.0,84.47999572753906,2021-09-08,2021-09-07,0.1750791370868683,299.5325622558594,2021-09-09,0.0,0.0,2021-09-08,0.33033880591392517,6.0,"{""type"":""Point"",""coordinates"":[91.52634571063045,26.687587692785396]}"
385,10,0.302420973777771,132.66030883789062,2023-04-28,6.541575908660889,0,16.0,320.0,2023-04-28,2023-04-27,4.217127799987793,305.2314453125,2023-04-29,0.0,0.0,2023-04-28,0.33873429894447327,16.0,"{""type"":""Point"",""coordinates"":[88.31272313608481,22.361324085151484]}"
386,10,-3.244490653742105E-4,288.80023193359375,2023-04-18,3401.41748046875,0,1.0,2.2300000190734863,2023-04-18,2023-04-17,37.992088317871094,279.1100158691406,2023-04-19,1.9399999380111694,2.0833332538604736,2023-04-18,0.39298883080482483,1.0,"{""type"":""Point"",""coordinates"":[96.09988613263752,28.77969231346745]}"
387,80,-0.01584613509476185,-0.0,2020-12-22,20.5,0,1.0,0.0,2020-12-22,2020-12-21,0.0,293.4639587402344,2020-12-23,0.0,0.0,2020-12-22,0.07520866394042969,1.0,"{""type"":""Point"",""coordinates"":[89.82071728468965,25.807598340662576]}"
388,40,0.23391766846179962,111.65460968017578,2019-02-12,4.313624858856201,0,51.0,0.0,2019-02-12,2019-02-11,3.670034170150757,296.8094177246094,2019-02-13,0.0,0.0,2019-02-12,0.19827206432819366,3.0,"{""type"":""Point"",""coordinates"":[88.09932177314145,22.042827649076727]}"
389,30,0.10651081800460815,293.32867431640625,2020-01-31,4278.65185546875,0,2.0,0.0,2020-01-31,2020-01-30,23.478456497192383,271.7453308105469,2020-02-01,0.0,0.0,2020-01-31,0.33564886450767517,2.0,"{""type"":""Point"",""coordinates"":[92.13303140869617,28.500784383408362]}"
390,10,0.577128529548645,118.48876190185547,2020-03-30,245.85472106933594,0,8.0,0.0,2020-03-30,2020-03-29,22.329349517822266,301.9288635253906,2020-03-31,0.0,0.0,2020-03-30,0.2677879333496094,8.0,"{""type"":""Point"",""coordinates"":[95.10939677392567,24.3162466364924]}"
391,10,0.22287417948246002,140.4977569580078,2019-11-19,2264.4169921875,0,1.0,0.22999998927116394,2019-11-19,2019-11-18,31.524921417236328,281.715087890625,2019-11-20,0.8199999928474426,0.0,2019-11-19,0.42595037817955017,1.0,"{""type"":""Point"",""coordinates"":[91.13362697840442,27.684355678114915]}"
392,10,0.2548789381980896,185.8113250732422,2020-01-17,383.92877197265625,0,27.0,0.0,2020-01-17,2020-01-16,13.371980667114258,290.9054260253906,2020-01-18,0.0,0.0,2020-01-17,0.35867753624916077,8.0,"{""type"":""Point"",""coordinates"":[95.76262711810905,24.48780797804556]}"
393,40,0.027978995814919472,156.81500244140625,2020-05-20,95.9989013671875,0,10.0,101.19999694824219,2020-05-20,2020-05-19,0.29086989164352417,302.24188232421875,2020-05-21,21.549999237060547,20.83333396911621,2020-05-20,0.42995962500572205,10.0,"{""type"":""Point"",""coordinates"":[94.82376847609896,27.18291088995153]}"
394,10,0.01841522939503193,25.219484329223633,2020-10-02,1833.0421142578125,0,53.0,25.143999099731445,2020-10-02,2020-10-01,11.70937442779541,290.2115478515625,2020-10-03,16.770000457763672,25.0,2020-10-02,0.428314208984375,1.0,"{""type"":""Point"",""coordinates"":[92.62016343500301,27.428364975280203]}"
395,10,0.04672076553106308,22.580928802490234,2023-06-14,529.931396484375,0,142.0,16.15999984741211,2023-06-14,2023-06-13,60.811283111572266,298.3913879394531,2023-06-15,43.48999786376953,27.08333396911621,2023-06-14,0.4047565460205078,1.0,"{""type"":""Point"",""coordinates"":[93.416165458365,24.558268290183605]}"
396,10,0.06091533973813057,247.65719604492188,2020-09-13,761.7862548828125,0,422.0,5899.56005859375,2020-09-13,2020-09-12,25.807003021240234,296.2779541015625,2020-09-14,24.219999313354492,29.16666603088379,2020-09-13,0.4680805206298828,422.0,"{""type"":""Point"",""coordinates"":[96.66443208536602,22.49949155787476]}"
397,10,0.7245360612869263,260.069580078125,2023-11-17,669.6865844726562,0,2.0,122.5,2023-11-17,2023-11-16,4.437090873718262,295.6530456542969,2023-11-18,18.09000015258789,22.91666603088379,2023-11-17,0.45571771264076233,2.0,"{""type"":""Point"",""coordinates"":[97.11611532302915,21.715397847939144]}"
398,0,-0.12425344437360764,-0.0,2019-09-04,0.0,0,0.0,0.0,2019-09-04,2019-09-03,0.0,0.0,2019-09-05,33.29999923706055,58.33333206176758,2019-09-04,0.0,0.0,"{""type"":""Point"",""coordinates"":[91.33692166331221,21.775988310157114]}"
399,100,0.08737237751483917,341.0513000488281,2021-11-30,4912.359375,0,1.0,0.0,2021-11-30,2021-11-29,4.52693510055542,272.0338134765625,2021-12-01,0.0,0.0,2021-11-30,0.3486258089542389,1.0,"{""type"":""Point"",""coordinates"":[93.02195068996876,28.739067159541552]}"
400,30,0.35834628343582153,166.9465789794922,2021-09-10,241.0097198486328,0,2.0,14.960000038146973,2021-09-10,2021-09-09,10.507991790771484,298.8847351074219,2021-09-11,0.29999998211860657,0.0,2021-09-10,0.4670683443546295,2.0,"{""type"":""Point"",""coordinates"":[96.73000533612633,23.08072979639103]}"
401,10,0.2432267814874649,278.34442138671875,2020-03-09,442.1372985839844,0,4.0,0.3499999940395355,2020-03-09,2020-03-08,8.635518074035645,292.3703308105469,2020-03-10,0.0,0.0,2020-03-09,0.3388620913028717,1.0,"{""type"":""Point"",""coordinates"":[96.85269206044705,25.96706208917184]}"
402,10,0.0011588198831304908,74.71907806396484,2020-06-18,2839.158447265625,0,2.0,31.589998245239258,2020-06-18,2020-06-17,33.13225173950195,290.2330627441406,2020-06-19,92.23999786376953,58.33333206176758,2020-06-18,0.4300168454647064,1.0,"{""type"":""Point"",""coordinates"":[97.38748358228617,27.82001629092565]}"
403,10,0.0494752936065197,74.94056701660156,2021-07-23,1033.206787109375,0,1.0,19.719999313354492,2021-07-23,2021-07-22,27.816953659057617,296.077880859375,2021-07-24,44.65999984741211,45.83333206176758,2021-07-23,0.5013325810432434,1.0,"{""type"":""Point"",""coordinates"":[96.85591216618938,22.815170290946174]}"
404,10,0.7589067816734314,57.43357849121094,2021-01-19,158.10366821289062,0,2.0,0.0,2021-01-19,2021-01-18,16.49299430847168,290.331787109375,2021-01-20,0.0,0.0,2021-01-19,0.21413421630859375,2.0,"{""type"":""Point"",""coordinates"":[94.40857751157613,23.77229916989411]}"
405,60,0.07828331738710403,358.4821472167969,2022-09-14,4330.296875,0,133.0,844.5499877929688,2022-09-14,2022-09-13,10.85305404663086,278.77008056640625,2022-09-15,6.179999828338623,8.333333015441895,2022-09-14,0.418621689081192,133.0,"{""type"":""Point"",""coordinates"":[92.81991946071166,28.242607446317162]}"
406,100,0.06009872630238533,143.20556640625,2021-05-01,4926.3369140625,0,11.0,4.289999961853027,2021-05-01,2021-04-30,27.718597412109375,275.03900146484375,2021-05-02,0.12399999797344208,0.0,2021-05-01,0.3851229250431061,11.0,"{""type"":""Point"",""coordinates"":[92.39701077795492,28.86180079701606]}"
407,40,0.10164205729961395,146.31809997558594,2022-11-11,3.8263916969299316,0,71.0,0.0,2022-11-11,2022-11-10,2.2720978260040283,297.18975830078125,2022-11-12,0.0,0.0,2022-11-11,0.2521158754825592,5.0,"{""type"":""Point"",""coordinates"":[90.78306803028937,24.375571374542798]}"
408,10,0.3851695954799652,311.9202880859375,2019-01-15,456.6749267578125,0,1.0,0.009999999776482582,2019-01-15,2019-01-14,26.76832389831543,290.9535827636719,2019-01-16,0.0,0.0,2019-01-15,0.32950401306152344,1.0,"{""type"":""Point"",""coordinates"":[95.72723354964492,23.980886564804678]}"
409,10,0.6534649133682251,122.96952056884766,2021-02-11,458.3789978027344,0,1.0,0.0,2021-02-11,2021-02-10,19.77499771118164,290.8075866699219,2021-02-12,0.0,0.0,2021-02-11,0.16718101501464844,1.0,"{""type"":""Point"",""coordinates"":[93.96451826694945,22.08668221135346]}"
410,10,0.47403472661972046,297.80126953125,2021-04-20,1040.4068603515625,0,2.0,4.299999713897705,2021-04-20,2021-04-19,27.876018524169922,295.3642272949219,2021-04-21,0.0,0.0,2021-04-20,0.16214688122272491,1.0,"{""type"":""Point"",""coordinates"":[93.49535938131525,23.97533149974457]}"
411,10,0.3532833158969879,84.64456176757812,2020-01-19,497.2484436035156,0,4.0,0.0,2020-01-19,2020-01-18,29.472909927368164,288.8052673339844,2020-01-20,9.029999732971191,12.5,2020-01-19,0.3871866762638092,1.0,"{""type"":""Point"",""coordinates"":[94.26188345738895,26.248029885641984]}"
412,10,0.21498408913612366,36.31983184814453,2022-09-10,55.2852668762207,0,328.0,6409.11962890625,2022-09-10,2022-09-09,7.9938201904296875,300.43719482421875,2022-09-11,154.0399932861328,64.58333587646484,2022-09-10,0.41536012291908264,328.0,"{""type"":""Point"",""coordinates"":[92.43269480490093,22.128003292825234]}"
413,40,0.112643301486969,118.58599853515625,2020-02-12,30.060447692871094,0,3.0,0.0,2020-02-12,2020-02-11,1.6030923128128052,292.856201171875,2020-02-13,0.0,0.0,2020-02-12,0.17322540283203125,1.0,"{""type"":""Point"",""coordinates"":[88.72891116304224,25.45872859006719]}"
414,80,0.02268635295331478,-0.0,2023-03-05,195.5,0,30938.0,0.0,2023-03-05,2023-03-04,0.0,294.7820739746094,2023-03-06,0.0,0.0,2023-03-05,0.19814364612102509,30938.0,"{""type"":""Point"",""coordinates"":[96.49372405936164,26.58957120634907]}"
415,40,0.1708022803068161,299.459716796875,2022-04-09,3.1601297855377197,0,1.0,0.0,2022-04-09,2022-04-08,0.18548619747161865,304.5137023925781,2022-04-10,0.0,0.0,2022-04-09,0.1505565643310547,1.0,"{""type"":""Point"",""coordinates"":[90.02303187566865,23.268294992387503]}"
416,10,0.05434367060661316,17.19430923461914,2019-10-14,1910.744873046875,0,1.0,0.0,2019-10-14,2019-10-13,40.02477264404297,293.8179931640625,2019-10-15,0.0,0.0,2019-10-14,0.45591798424720764,1.0,"{""type"":""Point"",""coordinates"":[96.62249962028561,26.87852294802299]}"
417,60,0.11576200276613235,328.0454406738281,2022-09-18,4520.2373046875,0,6664.0,0.0,2022-09-18,2022-09-17,0.4243296682834625,284.0058288574219,2022-09-19,0.0,0.0,2022-09-18,0.41470083594322205,6664.0,"{""type"":""Point"",""coordinates"":[89.00017220212332,28.693261531343556]}"
418,60,0.01589648798108101,8.175357818603516,2021-04-04,5571.71240234375,0,1.0,0.0,2021-04-04,2021-04-03,13.252755165100098,273.6299133300781,2021-04-05,0.0,0.0,2021-04-04,0.1526927947998047,1.0,"{""type"":""Point"",""coordinates"":[89.72678534492687,28.463736627505362]}"
419,10,0.3342124819755554,295.10357666015625,2019-11-28,132.33726501464844,0,1.0,0.0,2019-11-28,2019-11-27,13.90833854675293,295.5566711425781,2019-11-29,0.0,0.0,2019-11-28,0.27786317467689514,1.0,"{""type"":""Point"",""coordinates"":[92.08486727882637,23.323291917616345]}"
420,10,0.21655866503715515,173.22695922851562,2019-08-13,802.5753784179688,0,4.0,52.5,2019-08-13,2019-08-12,23.491901397705078,297.3153381347656,2019-08-14,17.510000228881836,18.75,2019-08-13,0.4057210385799408,3.0,"{""type"":""Point"",""coordinates"":[93.07557204487946,23.485757476529656]}"
421,10,0.09747706353664398,282.7498779296875,2023-03-14,819.4240112304688,0,1.0,0.0,2023-03-14,2023-03-13,9.567007064819336,294.1824645996094,2023-03-15,4.359999656677246,6.25,2023-03-14,0.27352142333984375,1.0,"{""type"":""Point"",""coordinates"":[93.75159847878449,25.594064012681947]}"
422,10,0.30210673809051514,327.62823486328125,2020-01-21,478.3128662109375,0,38.0,0.0,2020-01-21,2020-01-20,14.518210411071777,291.271240234375,2020-01-22,0.0,0.0,2020-01-21,0.34728431701660156,1.0,"{""type"":""Point"",""coordinates"":[95.7211900790874,24.36812310917727]}"
423,10,0.01212991401553154,13.170613288879395,2021-04-01,2723.53369140625,0,1.0,9.59000015258789,2021-04-01,2021-03-31,15.139225006103516,282.1101379394531,2021-04-02,12.602999687194824,20.83333396911621,2021-04-01,0.4264151155948639,1.0,"{""type"":""Point"",""coordinates"":[94.35982284301575,28.58590955629173]}"
424,10,0.6662254333496094,119.36363983154297,2019-02-11,403.8118591308594,0,2.0,0.11999999731779099,2019-02-11,2019-02-10,16.94190788269043,296.347412109375,2019-02-12,0.0,0.0,2019-02-11,0.28097406029701233,1.0,"{""type"":""Point"",""coordinates"":[94.63786473772201,22.400096872159516]}"
425,10,0.056295011192560196,200.40663146972656,2019-09-24,667.2479858398438,0,2.0,0.9799999594688416,2019-09-24,2019-09-23,22.749576568603516,296.39862060546875,2019-09-25,11.460000038146973,20.83333396911621,2019-09-24,0.3775367736816406,2.0,"{""type"":""Point"",""coordinates"":[93.91658544951142,22.364913488302882]}"
426,30,0.06074655055999756,227.4529266357422,2023-07-28,4699.36376953125,0,2.0,17.279998779296875,2023-07-28,2023-07-27,16.589366912841797,283.49029541015625,2023-07-29,13.739999771118164,18.75,2023-07-28,0.4223499298095703,2.0,"{""type"":""Point"",""coordinates"":[91.53036625925003,28.83693499099142]}"
427,10,0.4245898425579071,275.3641662597656,2021-12-25,716.1896362304688,0,2.0,2.9599997997283936,2021-12-25,2021-12-24,11.322257041931152,289.56298828125,2021-12-26,0.0,0.0,2021-12-25,0.2832450866699219,2.0,"{""type"":""Point"",""coordinates"":[90.52241001658952,25.48172637769791]}"
428,10,0.5434274673461914,224.66537475585938,2021-03-10,164.69151306152344,0,2.0,0.0,2021-03-10,2021-03-09,14.345158576965332,297.6911926269531,2021-03-11,0.0,0.0,2021-03-10,0.2484537810087204,1.0,"{""type"":""Point"",""coordinates"":[94.62968096640046,23.995141211934023]}"
429,95,0.7809499502182007,173.48240661621094,2020-12-12,12.549825668334961,0,664.0,0.0,2020-12-12,2020-12-11,1.252139687538147,295.4660949707031,2020-12-13,0.0,0.0,2020-12-12,0.2909393310546875,1.0,"{""type"":""Point"",""coordinates"":[89.55891455965548,22.259930677349473]}"
430,30,0.23450753092765808,286.87548828125,2019-01-23,4027.53271484375,0,9.0,0.0,2019-01-23,2019-01-22,30.896177291870117,268.833984375,2019-01-24,0.0,0.0,2019-01-23,0.36307206749916077,9.0,"{""type"":""Point"",""coordinates"":[92.4449433973718,29.0330844173608]}"
431,10,0.08513402938842773,109.56794738769531,2019-07-29,78.59066772460938,0,1.0,0.6799999475479126,2019-07-29,2019-07-28,16.688373565673828,302.0822448730469,2019-07-30,6.049999713897705,12.5,2019-07-29,0.41177621483802795,1.0,"{""type"":""Point"",""coordinates"":[90.1478517788184,25.89819593462994]}"
432,40,0.2533252537250519,294.5876159667969,2020-03-21,11.880019187927246,0,19.0,0.0,2020-03-21,2020-03-20,0.9837798476219177,299.3044128417969,2020-03-22,1.3299999237060547,2.0833332538604736,2020-03-21,0.15394847095012665,17.0,"{""type"":""Point"",""coordinates"":[90.5305853235366,24.761715283980713]}"
433,40,0.09005950391292572,110.32251739501953,2020-05-16,166.60614013671875,0,100.0,10.770000457763672,2020-05-16,2020-05-15,2.9022445678710938,297.5267333984375,2020-05-17,0.8799999952316284,0.0,2020-05-16,0.40251603722572327,1.0,"{""type"":""Point"",""coordinates"":[88.33295425907744,26.770660255098157]}"
434,10,-0.021233968436717987,326.2651062011719,2019-07-21,1742.0059814453125,0,1.0,24.239999771118164,2019-07-21,2019-07-20,31.768903732299805,297.0280456542969,2019-07-22,14.969999313354492,29.16666603088379,2019-07-21,0.4871610105037689,1.0,"{""type"":""Point"",""coordinates"":[94.14995653967121,25.269472171472728]}"
435,10,0.10240834951400757,25.42429542541504,2020-06-23,79.13449096679688,0,1.0,0.0,2020-06-23,2020-06-22,14.988910675048828,300.2030944824219,2020-06-24,48.9900016784668,25.0,2020-06-23,0.4773794710636139,1.0,"{""type"":""Point"",""coordinates"":[90.56892811858705,25.814426070429658]}"
436,40,0.10175169259309769,52.77821731567383,2021-06-11,125.67984771728516,0,4.0,120.03999328613281,2021-06-11,2021-06-10,0.24846579134464264,301.5514831542969,2021-06-12,4.429999828338623,8.333333015441895,2021-06-11,0.47191810607910156,4.0,"{""type"":""Point"",""coordinates"":[95.60971588865507,22.820345584235685]}"
437,40,0.1163465678691864,176.19921875,2020-01-15,95.29037475585938,0,6.0,0.0,2020-01-15,2020-01-14,1.120487928390503,289.53399658203125,2020-01-16,0.0,0.0,2020-01-15,0.26763787865638733,1.0,"{""type"":""Point"",""coordinates"":[94.31347469243316,27.38829781208816]}"
438,30,0.11052104085683823,339.92913818359375,2019-08-17,928.2068481445312,0,7.0,209.72000122070312,2019-08-17,2019-08-16,11.18934440612793,295.52752685546875,2019-08-18,0.0,0.0,2019-08-17,0.47445425391197205,7.0,"{""type"":""Point"",""coordinates"":[91.82447500830236,25.64924024825623]}"
439,10,0.2884754538536072,225.20005798339844,2019-03-13,2665.71044921875,0,2.0,0.3999999761581421,2019-03-13,2019-03-12,22.240942001342773,280.12359619140625,2019-03-14,0.0,0.0,2019-03-13,0.36831411719322205,2.0,"{""type"":""Point"",""coordinates"":[89.55186421829612,27.086793901790546]}"
440,40,0.5448098182678223,278.97052001953125,2020-04-17,43.48922348022461,0,1.0,41.5,2020-04-17,2020-04-16,6.244669437408447,300.12939453125,2020-04-18,25.799999237060547,14.583333015441895,2020-04-17,0.3506031036376953,1.0,"{""type"":""Point"",""coordinates"":[89.51577168453562,26.385202837762353]}"
441,80,-0.15208333730697632,-0.0,2019-04-01,0.0,0,50.0,0.17999999225139618,2019-04-01,2019-03-31,0.0,0.0,2019-04-02,0.10100000351667404,0.0,2019-04-01,0.0,6.0,"{""type"":""Point"",""coordinates"":[89.45876435825721,21.928868213987034]}"
442,40,0.09289482235908508,80.33766174316406,2020-10-01,72.05774688720703,0,4.0,0.0,2020-10-01,2020-09-30,0.3231530487537384,300.8945007324219,2020-10-02,3.2939999103546143,2.0833332538604736,2020-10-01,0.37466493248939514,4.0,"{""type"":""Point"",""coordinates"":[92.4945812834484,26.682332790262123]}"
443,10,0.05463626608252525,107.80131530761719,2022-06-07,315.77484130859375,0,1.0,3.629999876022339,2022-06-07,2022-06-06,18.959529876708984,300.75146484375,2022-06-08,3.5899999141693115,6.25,2022-06-07,0.3926067352294922,1.0,"{""type"":""Point"",""coordinates"":[94.53604525832779,24.44556933432913]}"
444,10,0.29944944381713867,20.503658294677734,2021-11-01,1844.9578857421875,0,3.0,0.0,2021-11-01,2021-10-31,34.77635955810547,282.1157531738281,2021-11-02,0.0020000000949949026,0.0,2021-11-01,0.37899017333984375,3.0,"{""type"":""Point"",""coordinates"":[91.20646206871437,27.464146183993844]}"
445,40,0.022856418043375015,216.77291870117188,2022-06-21,496.55352783203125,0,1.0,0.0,2022-06-21,2022-06-20,4.764843940734863,296.4523010253906,2022-06-22,11.50999927520752,16.66666603088379,2022-06-21,0.47759947180747986,1.0,"{""type"":""Point"",""coordinates"":[97.1829582281654,22.57313628210379]}"
446,10,0.6669902205467224,216.16427612304688,2021-12-05,1320.033203125,0,1.0,21.35999870300293,2021-12-05,2021-12-04,24.799531936645508,289.87835693359375,2021-12-06,6.319999694824219,10.416666984558105,2021-12-05,0.39353880286216736,1.0,"{""type"":""Point"",""coordinates"":[93.9219517864673,24.16898346809219]}"
447,10,0.24474656581878662,71.32247161865234,2023-02-17,943.4207763671875,0,1.0,0.0,2023-02-17,2023-02-16,22.124292373657227,292.3578186035156,2023-02-18,0.029999999329447746,0.0,2023-02-17,0.21765835583209991,1.0,"{""type"":""Point"",""coordinates"":[93.95167829579931,24.890864988623814]}"
448,10,0.22483739256858826,138.65711975097656,2023-11-05,358.8565979003906,0,4.0,0.0,2023-11-05,2023-11-04,41.61509704589844,296.4304504394531,2023-11-06,0.0,0.0,2023-11-05,0.3639882504940033,4.0,"{""type"":""Point"",""coordinates"":[95.32744053636598,25.023074227334817]}"
449,10,0.025849703699350357,43.17815017700195,2020-09-26,263.80206298828125,0,2.0,76.19999694824219,2020-09-26,2020-09-25,31.41764259338379,298.2031555175781,2020-09-27,7.049999713897705,10.416666984558105,2020-09-26,0.47726884484291077,1.0,"{""type"":""Point"",""coordinates"":[91.34978214951462,25.227987980511994]}"
450,80,0.0031233024783432484,270.0,2020-08-08,1.5,0,5945.0,10.380000114440918,2020-08-08,2020-08-07,0.40194371342658997,302.19140625,2020-08-09,9.510000228881836,22.91666603088379,2020-08-08,0.44726625084877014,1.0,"{""type"":""Point"",""coordinates"":[88.83040290897183,22.43727646364741]}"
451,30,0.09856392443180084,113.53297424316406,2021-07-01,4164.85205078125,0,2.0,7.87999963760376,2021-07-01,2021-06-30,31.00147247314453,289.45654296875,2021-07-02,15.172999382019043,16.66666603088379,2021-07-01,0.30559858679771423,1.0,"{""type"":""Point"",""coordinates"":[89.19522080798886,29.271419387811157]}"
452,10,0.0464479885995388,243.2477569580078,2023-10-16,1068.83154296875,0,7349.0,17931.55859375,2023-10-16,2023-10-15,55.894168853759766,285.4975891113281,2023-10-17,1.5799999237060547,2.0833332538604736,2023-10-16,0.39835676550865173,7349.0,"{""type"":""Point"",""coordinates"":[96.56901960366858,28.289465818081638]}"
453,40,0.31298214197158813,95.40974426269531,2019-12-13,12.43871021270752,0,11.0,0.0,2019-12-13,2019-12-12,1.717633843421936,294.4670715332031,2019-12-14,0.0,0.0,2019-12-13,0.19110870361328125,11.0,"{""type"":""Point"",""coordinates"":[89.47740460009767,24.49511553334832]}"
454,10,0.1100701168179512,38.17288589477539,2020-06-19,421.0375671386719,0,4.0,17.399999618530273,2020-06-19,2020-06-18,36.693241119384766,295.82275390625,2020-06-20,0.0,0.0,2020-06-19,0.42051759362220764,4.0,"{""type"":""Point"",""coordinates"":[92.67554792598746,23.476180368446617]}"
455,30,0.06306539475917816,202.17698669433594,2021-09-07,4113.40283203125,0,1.0,5.919999599456787,2021-09-07,2021-09-06,23.244976043701172,286.3207702636719,2021-09-08,0.5099999904632568,0.0,2021-09-07,0.41947683691978455,1.0,"{""type"":""Point"",""coordinates"":[88.70528710105503,29.37008447719075]}"
456,10,0.7328382134437561,330.8086242675781,2020-03-30,413.5536193847656,0,3.0,0.0,2020-03-30,2020-03-29,18.711074829101562,301.94097900390625,2020-03-31,0.0,0.0,2020-03-30,0.2568155825138092,3.0,"{""type"":""Point"",""coordinates"":[95.42264325631903,24.546694314161737]}"
457,40,0.36574843525886536,102.62834167480469,2019-02-16,131.95286560058594,0,4.0,0.0,2019-02-16,2019-02-15,0.5418018698692322,300.45550537109375,2019-02-17,0.0,0.0,2019-02-16,0.25317510962486267,4.0,"{""type"":""Point"",""coordinates"":[94.95164236574266,21.885596131271193]}"
458,80,-0.0918026939034462,-0.0,2022-11-07,0.0,0,0.0,0.0,2022-11-07,2022-11-06,0.0,0.0,2022-11-08,0.0,0.0,2022-11-07,0.0,0.0,"{""type"":""Point"",""coordinates"":[90.7821570410196,21.746294236945438]}"
459,80,0.4713508188724518,-0.0,2021-12-19,0.0,0,1.0,0.0,2021-12-19,2021-12-18,0.0,0.0,2021-12-20,0.0,0.0,2021-12-19,0.0,1.0,"{""type"":""Point"",""coordinates"":[89.90542556726167,22.02448029119183]}"
460,40,0.3712526857852936,182.38511657714844,2019-05-07,10.723630905151367,0,48.0,0.0,2019-05-07,2019-05-06,0.24446725845336914,303.82275390625,2019-05-08,0.0,0.0,2019-05-07,0.33877626061439514,46.0,"{""type"":""Point"",""coordinates"":[88.2785875074597,23.21158998794241]}"
461,30,0.08059997856616974,117.8136215209961,2022-12-09,5348.16162109375,0,1.0,0.0,2022-12-09,2022-12-08,17.4553165435791,272.5066223144531,2022-12-10,0.0,0.0,2022-12-09,0.3346118927001953,1.0,"{""type"":""Point"",""coordinates"":[90.55747181436809,29.33457214302632]}"
462,10,0.004089513327926397,166.70668029785156,2020-10-03,501.9053039550781,0,3.0,14.1899995803833,2020-10-03,2020-10-02,6.570251941680908,299.0709228515625,2020-10-04,22.139999389648438,25.0,2020-10-03,0.46603140234947205,1.0,"{""type"":""Point"",""coordinates"":[94.88966114710189,23.617133693875836]}"
463,80,-0.03971853852272034,-0.0,2021-09-16,0.0,0,0.0,0.0,2021-09-16,2021-09-15,0.0,300.2279968261719,2021-09-17,11.309999465942383,12.5,2021-09-16,0.5058320164680481,0.0,"{""type"":""Point"",""coordinates"":[88.03941621924798,21.8634258337467]}"
464,10,0.37670615315437317,117.7037124633789,2019-03-30,146.9272918701172,0,1.0,0.4399999976158142,2019-03-30,2019-03-29,19.865406036376953,300.30413818359375,2019-03-31,1.6699999570846558,2.0833332538604736,2019-03-30,0.2600574493408203,1.0,"{""type"":""Point"",""coordinates"":[91.28767903768232,25.98137685039256]}"
465,10,0.5992611050605774,239.8991241455078,2023-03-12,756.7789306640625,0,2.0,0.0,2023-03-12,2023-03-11,8.01793098449707,298.1855163574219,2023-03-13,0.0,0.0,2023-03-12,0.21858851611614227,2.0,"{""type"":""Point"",""coordinates"":[94.19915144589689,22.927869309251054]}"
466,10,0.01283444557338953,338.5880126953125,2020-05-10,2492.177734375,0,106.0,0.7799999713897705,2020-05-10,2020-05-09,36.17569351196289,279.3282775878906,2020-05-11,1.8199999332427979,2.0833332538604736,2020-05-10,0.4019813537597656,1.0,"{""type"":""Point"",""coordinates"":[91.44512236947493,27.50801714601389]}"
467,10,-0.017847253009676933,340.98663330078125,2022-05-12,127.4509506225586,0,5.0,69.83999633789062,2022-05-12,2022-05-11,6.693868637084961,297.98077392578125,2022-05-13,49.05999755859375,29.16666603088379,2022-05-12,0.4786491394042969,1.0,"{""type"":""Point"",""coordinates"":[92.83389439463328,25.718540390307396]}"
468,10,0.5887354016304016,25.18454933166504,2023-11-30,3450.99267578125,0,2.0,0.0,2023-11-30,2023-11-29,29.718368530273438,282.33154296875,2023-12-01,0.0,0.0,2023-11-30,0.2945607602596283,2.0,"{""type"":""Point"",""coordinates"":[89.66497671571999,27.00151325595182]}"
469,30,0.30435284972190857,82.52961730957031,2022-07-25,4330.85693359375,0,20.0,68.5999984741211,2022-07-25,2022-07-24,22.269845962524414,283.539306640625,2022-07-26,1.2799999713897705,0.0,2022-07-25,0.4196542203426361,20.0,"{""type"":""Point"",""coordinates"":[92.86694672658757,28.43437718989687]}"
470,10,0.23803500831127167,184.5417938232422,2019-09-27,438.3314208984375,0,5.0,0.0,2019-09-27,2019-09-26,14.519712448120117,297.1831970214844,2019-09-28,0.0,0.0,2019-09-27,0.46434149146080017,5.0,"{""type"":""Point"",""coordinates"":[96.16327575599381,23.190510117832634]}"
471,60,-0.0054734088480472565,291.417724609375,2021-05-12,4676.1845703125,0,2.0,18.3799991607666,2021-05-12,2021-05-11,36.44995880126953,272.89581298828125,2021-05-13,2.179999828338623,2.0833332538604736,2021-05-12,0.424212783575058,2.0,"{""type"":""Point"",""coordinates"":[89.5080069979112,27.638216078503174]}"
472,10,0.022701602429151535,30.11058807373047,2023-08-22,1758.4984130859375,0,1.0,87.43000030517578,2023-08-22,2023-08-21,24.236818313598633,296.1475524902344,2023-08-23,48.16999816894531,56.25,2023-08-22,0.4791297912597656,1.0,"{""type"":""Point"",""coordinates"":[95.39323787943772,26.61593983711282]}"
473,10,0.00732941972091794,287.2076416015625,2021-03-27,1602.889892578125,0,91.0,0.0,2021-03-27,2021-03-26,29.247339248657227,282.0299072265625,2021-03-28,0.0,0.0,2021-03-27,0.4190959930419922,91.0,"{""type"":""Point"",""coordinates"":[94.3066102448597,28.51830963104351]}"
474,30,0.07015565037727356,26.627803802490234,2022-09-12,4962.16162109375,0,28.0,3.2799999713897705,2022-09-12,2022-09-11,21.972986221313477,283.4079284667969,2022-09-13,0.0,0.0,2022-09-12,0.4142182767391205,4.0,"{""type"":""Point"",""coordinates"":[92.27894091972344,28.886089164344554]}"
475,80,-0.03870242461562157,-0.0,2020-08-07,0.0,0,1.0,51.619998931884766,2020-08-07,2020-08-06,0.0,0.0,2020-08-08,48.619998931884766,27.08333396911621,2020-08-07,0.0,1.0,"{""type"":""Point"",""coordinates"":[90.94340385668328,22.627093902433028]}"
476,30,0.09706757962703705,157.6572723388672,2019-01-07,3837.8408203125,0,2.0,0.0,2019-01-07,2019-01-06,33.844181060791016,269.3536376953125,2019-01-08,0.35999998450279236,0.0,2019-01-07,0.2693023681640625,2.0,"{""type"":""Point"",""coordinates"":[91.15615967530587,29.409736819961743]}"
477,10,0.015800589695572853,176.13414001464844,2022-08-06,231.77456665039062,0,2.0,176.9199981689453,2022-08-06,2022-08-05,6.312145709991455,300.33367919921875,2022-08-07,6.650000095367432,12.5,2022-08-06,0.4823169708251953,2.0,"{""type"":""Point"",""coordinates"":[95.60325797003705,25.08522880970861]}"
478,30,0.16490191221237183,150.51158142089844,2020-06-19,121.30823516845703,0,4.0,3.43999981880188,2020-06-19,2020-06-18,2.309234857559204,303.17584228515625,2020-06-20,0.0,0.0,2020-06-19,0.3516336977481842,4.0,"{""type"":""Point"",""coordinates"":[94.925016572889,22.514629783365855]}"
479,40,-0.0020605181343853474,58.937713623046875,2019-08-08,25.289358139038086,0,47.0,23.15999984741211,2019-08-08,2019-08-07,0.13538451492786407,303.3448791503906,2019-08-09,18.510000228881836,31.25,2019-08-08,0.38760313391685486,1.0,"{""type"":""Point"",""coordinates"":[88.8417885765541,25.320341119132763]}"
480,40,0.36061009764671326,63.085575103759766,2023-01-17,21.08464813232422,0,1.0,0.0,2023-01-17,2023-01-16,2.4708638191223145,293.06329345703125,2023-01-18,0.0,0.0,2023-01-17,0.15382640063762665,1.0,"{""type"":""Point"",""coordinates"":[88.05041484729456,23.717609315398736]}"
481,10,0.21579225361347198,16.62946891784668,2020-01-31,22.561670303344727,0,4.0,0.0,2020-01-31,2020-01-30,8.208450317382812,293.3290100097656,2020-02-01,0.0,0.0,2020-01-31,0.2274456024169922,1.0,"{""type"":""Point"",""coordinates"":[88.46077158798099,24.12027406151035]}"
482,10,0.04777871072292328,256.4870300292969,2022-03-07,2143.908935546875,0,36.0,4.829999923706055,2022-03-07,2022-03-06,43.51171112060547,275.7590637207031,2022-03-08,3.119999885559082,2.0833332538604736,2022-03-07,0.3899955749511719,3.0,"{""type"":""Point"",""coordinates"":[93.72284482010689,28.47442110584278]}"
483,40,0.24021179974079132,262.7279968261719,2020-05-14,6.286153793334961,0,6.0,20.8799991607666,2020-05-14,2020-05-13,1.9988871812820435,300.39300537109375,2020-05-15,44.619998931884766,16.66666603088379,2020-05-14,0.4469362795352936,6.0,"{""type"":""Point"",""coordinates"":[90.84959357642586,25.10567890133983]}"
484,100,0.006042734254151583,142.7548828125,2022-11-06,4882.71337890625,0,67.0,0.0,2022-11-06,2022-11-05,35.00841522216797,273.3597717285156,2022-11-07,0.0,0.0,2022-11-06,0.3799915313720703,67.0,"{""type"":""Point"",""coordinates"":[91.59692026195093,28.220358774761216]}"
485,10,0.319556325674057,31.385812759399414,2020-02-02,123.64817810058594,0,3.0,0.021000001579523087,2020-02-02,2020-02-01,21.417211532592773,291.52728271484375,2020-02-03,0.0,0.0,2020-02-02,0.2411143034696579,3.0,"{""type"":""Point"",""coordinates"":[91.79923505433044,23.693167814068513]}"
486,100,-0.019047899171710014,125.40068054199219,2020-05-09,5121.0498046875,0,1.0,2.059999942779541,2020-05-09,2020-05-08,37.2195930480957,272.14434814453125,2020-05-10,22.1299991607666,20.83333396911621,2020-05-09,0.3770122528076172,1.0,"{""type"":""Point"",""coordinates"":[90.58802299978271,27.884271220353885]}"
487,40,0.08995064347982407,352.7001647949219,2019-09-29,55.86070251464844,0,7.0,546.0,2019-09-29,2019-09-28,0.9733607769012451,298.0745849609375,2019-09-30,100.22999572753906,85.41666412353516,2019-09-29,0.42604318261146545,7.0,"{""type"":""Point"",""coordinates"":[89.23011162688752,26.441882222732517]}"
488,10,0.2894105017185211,206.2627716064453,2021-01-24,1402.3306884765625,0,4.0,0.0,2021-01-24,2021-01-23,22.04067039489746,284.053955078125,2021-01-25,0.0,0.0,2021-01-24,0.32144227623939514,3.0,"{""type"":""Point"",""coordinates"":[91.32875729387784,27.004205913614587]}"
489,10,0.03062755987048149,315.5688781738281,2021-08-10,1189.6593017578125,0,1.0,14.239999771118164,2021-08-10,2021-08-09,7.2505269050598145,297.0320129394531,2021-08-11,33.709999084472656,33.33333206176758,2021-08-10,0.49324607849121094,1.0,"{""type"":""Point"",""coordinates"":[91.55732593547188,25.73039579208488]}"
490,10,0.22301360964775085,260.2698669433594,2020-04-15,129.2149200439453,0,111404.0,0.0,2020-04-15,2020-04-14,10.39310359954834,303.99639892578125,2020-04-16,0.7699999809265137,0.0,2020-04-15,0.27615419030189514,111401.0,"{""type"":""Point"",""coordinates"":[96.56168628694996,23.854108107386136]}"
491,80,-0.08405359089374542,-0.0,2022-06-29,0.0,0,0.0,0.0,2022-06-29,2022-06-28,0.0,0.0,2022-06-30,22.309999465942383,29.16666603088379,2022-06-29,0.0,0.0,"{""type"":""Point"",""coordinates"":[90.25873718689475,21.66051774901849]}"
492,10,0.027857709676027298,72.52666473388672,2020-01-05,2817.1064453125,0,3.0,28.349998474121094,2020-01-05,2020-01-04,38.00350570678711,280.2330322265625,2020-01-06,2.419999837875366,2.0833332538604736,2020-01-05,0.4281139373779297,3.0,"{""type"":""Point"",""coordinates"":[95.19284081319361,28.64680973548344]}"
493,30,0.2954430878162384,140.6446990966797,2023-01-23,1767.0189208984375,0,1.0,0.0,2023-01-23,2023-01-22,8.025449752807617,285.0550231933594,2023-01-24,0.0,0.0,2023-01-23,0.2930246889591217,1.0,"{""type"":""Point"",""coordinates"":[91.76804080751955,25.565599511414824]}"
494,10,0.10492415726184845,221.5377197265625,2019-09-16,1187.491455078125,0,4.0,799.6399536132812,2019-09-16,2019-09-15,28.73175811767578,289.3710021972656,2019-09-17,27.6299991607666,41.66666793823242,2019-09-16,0.4282124936580658,4.0,"{""type"":""Point"",""coordinates"":[97.45197391645911,27.756659795056326]}"
495,10,0.6944831013679504,273.90753173828125,2021-01-15,554.0072631835938,0,2.0,0.0,2021-01-15,2021-01-14,25.849424362182617,289.5958251953125,2021-01-16,0.0,0.0,2021-01-15,0.19271278381347656,2.0,"{""type"":""Point"",""coordinates"":[94.4950504942864,24.13044830105783]}"
496,10,0.1370617300271988,63.87630844116211,2021-10-06,1150.0135498046875,0,3.0,12.420000076293945,2021-10-06,2021-10-05,21.661048889160156,296.8240051269531,2021-10-07,0.0,0.0,2021-10-06,0.40832963585853577,3.0,"{""type"":""Point"",""coordinates"":[94.72099015623171,24.956105223489]}"
497,10,0.29985907673835754,142.56298828125,2023-01-08,894.625732421875,0,2.0,0.0,2023-01-08,2023-01-07,8.601168632507324,291.10064697265625,2023-01-09,0.0,0.0,2023-01-08,0.30500856041908264,2.0,"{""type"":""Point"",""coordinates"":[90.54429574242275,25.44294752866624]}"
498,40,0.33591532707214355,245.187744140625,2021-02-20,5.875275611877441,0,2.0,0.3799999952316284,2021-02-20,2021-02-19,0.3162311017513275,298.87945556640625,2021-02-21,1.2799999713897705,0.0,2021-02-20,0.1396465301513672,2.0,"{""type"":""Point"",""coordinates"":[88.85395458393346,23.246876887763246]}"
499,80,0.10004503279924393,-0.0,2023-11-27,83.5,0,7249.0,0.0,2023-11-27,2023-11-26,0.0,293.58355712890625,2023-11-28,0.0,0.0,2023-11-27,0.24492645263671875,2.0,"{""type"":""Point"",""coordinates"":[93.94145594973907,26.990535914650984]}"
500,60,0.011298653669655323,339.68963623046875,2023-04-05,3594.319580078125,0,11543.0,0.0,2023-04-05,2023-04-04,7.143242359161377,275.90826416015625,2023-04-06,0.60999995470047,0.0,2023-04-05,0.12421607971191406,11543.0,"{""type"":""Point"",""coordinates"":[92.51038050787547,28.226483048722596]}"
501,10,0.30249786376953125,167.54348754882812,2021-02-02,960.2066040039062,0,5.0,0.31200000643730164,2021-02-02,2021-02-01,39.14937210083008,280.1546936035156,2021-02-03,0.3399999737739563,0.0,2021-02-02,0.3639335632324219,2.0,"{""type"":""Point"",""coordinates"":[93.07586803661796,27.66320146389831]}"
502,10,0.06330052763223648,91.68875885009766,2020-06-02,142.0946807861328,0,34.0,24.149999618530273,2020-06-02,2020-06-01,12.155668258666992,296.5342102050781,2020-06-03,53.75,18.75,2020-06-02,0.39686456322669983,21.0,"{""type"":""Point"",""coordinates"":[91.02961681064376,26.791932704124022]}"
503,10,0.04561174660921097,169.30372619628906,2023-09-23,1791.6417236328125,0,2.0,5.460000038146973,2023-09-23,2023-09-22,15.947354316711426,293.2515869140625,2023-09-24,20.469999313354492,10.416666984558105,2023-09-23,0.44682374596595764,2.0,"{""type"":""Point"",""coordinates"":[96.63652389866746,27.351465492476816]}"
504,50,0.22647789120674133,28.727855682373047,2023-02-03,58.9974479675293,0,1.0,0.0,2023-02-03,2023-02-02,3.639068603515625,294.93572998046875,2023-02-04,0.0,0.0,2023-02-03,0.2611115872859955,1.0,"{""type"":""Point"",""coordinates"":[92.01934322427886,26.431365664976177]}"
505,95,0.21123351156711578,325.560302734375,2019-05-18,4.911505699157715,0,8.0,0.0,2019-05-18,2019-05-17,0.31938648223876953,304.9100036621094,2019-05-19,0.0,0.0,2019-05-18,0.3212547302246094,1.0,"{""type"":""Point"",""coordinates"":[89.12569479201308,21.729788730482948]}"
506,30,0.051207832992076874,219.7588653564453,2019-10-18,1202.4423828125,0,1.0,0.0,2019-10-18,2019-10-17,29.87679100036621,294.64776611328125,2019-10-19,1.0099999904632568,0.0,2019-10-18,0.4699808657169342,1.0,"{""type"":""Point"",""coordinates"":[93.95857718962657,24.392273043782378]}"
507,10,0.27268335223197937,92.8284683227539,2021-10-07,500.58245849609375,0,2.0,0.0,2021-10-07,2021-10-06,7.606230735778809,298.4302062988281,2021-10-08,0.0,0.0,2021-10-07,0.4661324918270111,1.0,"{""type"":""Point"",""coordinates"":[91.69846748199124,26.04613036391422]}"
508,10,0.09145146608352661,253.22401428222656,2023-05-26,309.210693359375,0,1.0,15.289999961853027,2023-05-26,2023-05-25,5.437543869018555,301.028076171875,2023-05-27,1.8600000143051147,2.0833332538604736,2023-05-26,0.4367879331111908,1.0,"{""type"":""Point"",""coordinates"":[95.50739541510403,23.764091849236728]}"
509,10,0.8254337310791016,98.05358123779297,2020-12-30,627.502197265625,0,839.0,0.0,2020-12-30,2020-12-29,7.327958583831787,288.0102844238281,2020-12-31,0.0,0.0,2020-12-30,0.3013884127140045,839.0,"{""type"":""Point"",""coordinates"":[97.34764496176085,23.21449466997418]}"
510,40,0.316629022359848,69.1849136352539,2022-03-29,55.150150299072266,0,16.0,0.0,2022-03-29,2022-03-28,0.43336135149002075,300.1160888671875,2022-03-30,0.0,0.0,2022-03-29,0.2713101804256439,16.0,"{""type"":""Point"",""coordinates"":[90.12013963966466,26.531405233426284]}"
511,40,0.2891242206096649,259.0006408691406,2023-01-10,129.29803466796875,0,7.0,0.0,2023-01-10,2023-01-09,0.46736419200897217,296.4410705566406,2023-01-11,0.0,0.0,2023-01-10,0.22843360900878906,1.0,"{""type"":""Point"",""coordinates"":[95.4102968421299,23.129419352346506]}"
512,10,0.0592200867831707,123.00054931640625,2019-10-06,1045.117919921875,0,1.0,0.3199999928474426,2019-10-06,2019-10-05,44.38889694213867,294.3863830566406,2019-10-07,6.309999942779541,6.25,2019-10-06,0.4300467073917389,1.0,"{""type"":""Point"",""coordinates"":[95.26054109368678,28.187231475830153]}"
513,10,0.5634422302246094,220.48114013671875,2022-01-26,9.105486869812012,0,4.0,0.009999999776482582,2022-01-26,2022-01-25,1.8941854238510132,294.44140625,2022-01-27,0.0,0.0,2022-01-26,0.2807502746582031,1.0,"{""type"":""Point"",""coordinates"":[90.69257551222697,22.54519609139335]}"
514,10,0.02767573483288288,343.1462707519531,2021-05-16,200.61685180664062,0,3.0,74.48999786376953,2021-05-16,2021-05-15,1.007741093635559,296.985107421875,2021-05-17,21.219999313354492,33.33333206176758,2021-05-16,0.39843687415122986,3.0,"{""type"":""Point"",""coordinates"":[96.08920641676205,27.73992522031993]}"
515,10,0.0555407889187336,19.431303024291992,2022-06-21,1994.2725830078125,0,1.0,2.1399998664855957,2022-06-21,2022-06-20,36.69305419921875,286.9765319824219,2022-06-22,0.0,0.0,2022-06-21,0.42723020911216736,1.0,"{""type"":""Point"",""coordinates"":[95.79345895931745,28.915261964872442]}"
516,10,0.8639295697212219,88.66653442382812,2023-12-09,1175.18798828125,0,64.0,0.8399999737739563,2023-12-09,2023-12-08,11.448623657226562,285.389404296875,2023-12-10,1.3399999141693115,0.0,2023-12-09,0.273144394159317,4.0,"{""type"":""Point"",""coordinates"":[94.41560984279988,28.141582902276262]}"
517,40,0.046074897050857544,319.1326599121094,2021-08-08,52.65353012084961,0,2.0,13.539999961853027,2021-08-08,2021-08-07,0.8887917995452881,303.4011535644531,2021-08-09,29.149999618530273,22.91666603088379,2021-08-08,0.40240478515625,1.0,"{""type"":""Point"",""coordinates"":[88.16132205530509,26.136871630389056]}"
518,40,0.44622114300727844,319.6029357910156,2021-05-11,21.097450256347656,0,2.0,180.94000244140625,2021-05-11,2021-05-10,3.619875907897949,301.3450012207031,2021-05-12,46.459999084472656,29.16666603088379,2021-05-11,0.4043222963809967,2.0,"{""type"":""Point"",""coordinates"":[88.833189521504,25.01243487969946]}"
519,100,0.003676178865134716,103.33572387695312,2019-11-21,3973.0234375,0,2.0,4.439999580383301,2019-11-21,2019-11-20,37.419837951660156,277.133056640625,2019-11-22,0.6399999856948853,0.0,2019-11-21,0.405871719121933,2.0,"{""type"":""Point"",""coordinates"":[94.3010915529215,29.11810449306935]}"
520,10,0.2888225317001343,349.12298583984375,2023-01-18,2062.619873046875,0,25.0,23.0,2023-01-18,2023-01-17,17.410207748413086,284.498046875,2023-01-19,0.0,0.0,2023-01-18,0.21223895251750946,25.0,"{""type"":""Point"",""coordinates"":[94.69128029276418,25.132172043521713]}"
521,40,0.7105082869529724,95.75472259521484,2021-03-10,13.245046615600586,0,3.0,0.0,2021-03-10,2021-03-09,1.8694062232971191,302.0778503417969,2021-03-11,2.879999876022339,6.25,2021-03-10,0.13044865429401398,3.0,"{""type"":""Point"",""coordinates"":[89.08147806779783,23.941380608005314]}"
522,50,0.0905914157629013,111.4352035522461,2020-03-11,120.7531509399414,0,6.0,30.67999839782715,2020-03-11,2020-03-10,0.11073699593544006,294.1413879394531,2020-03-12,0.14000000059604645,0.0,2020-03-11,0.41432443261146545,4.0,"{""type"":""Point"",""coordinates"":[95.32164172090948,27.35439156151077]}"
523,10,0.5859811902046204,30.561031341552734,2022-12-15,1193.7935791015625,0,1.0,0.0,2022-12-15,2022-12-14,32.04886245727539,286.7774658203125,2022-12-16,0.0,0.0,2022-12-15,0.186187744140625,1.0,"{""type"":""Point"",""coordinates"":[93.37437059625114,22.813751822584006]}"
524,10,0.6844847798347473,79.95152282714844,2022-03-05,414.6170959472656,0,1.0,0.0,2022-03-05,2022-03-04,24.73151969909668,297.0470275878906,2022-03-06,0.0,0.0,2022-03-05,0.27395567297935486,1.0,"{""type"":""Point"",""coordinates"":[96.16103333080359,23.410493834061842]}"
525,40,0.12840740382671356,36.70725631713867,2023-04-24,231.11329650878906,0,5.0,0.0,2023-04-24,2023-04-23,0.7945094108581543,307.66351318359375,2023-04-25,6.119999885559082,8.333333015441895,2023-04-24,0.31708207726478577,5.0,"{""type"":""Point"",""coordinates"":[94.91710726343545,21.584584718914325]}"
526,10,0.1419851928949356,214.904296875,2020-10-01,63.88950729370117,0,1.0,79.33000183105469,2020-10-01,2020-09-30,5.5516357421875,301.2716064453125,2020-10-02,28.797998428344727,31.25,2020-10-01,0.422009140253067,1.0,"{""type"":""Point"",""coordinates"":[91.53023002772741,24.01373071449849]}"
527,60,0.15562079846858978,49.28205108642578,2019-05-18,28.5,0,3.0,30.719999313354492,2019-05-18,2019-05-17,3.6896023750305176,298.79437255859375,2019-05-19,0.0,0.0,2019-05-18,0.41643333435058594,3.0,"{""type"":""Point"",""coordinates"":[89.37756656367822,25.864871776664238]}"
528,30,0.07604773342609406,131.7613983154297,2023-06-01,110.40872955322266,0,295.0,327.4499816894531,2023-06-01,2023-05-31,0.28797289729118347,300.4732971191406,2023-06-02,14.205999374389648,12.5,2023-06-01,0.3128407895565033,295.0,"{""type"":""Point"",""coordinates"":[94.1405595688236,27.391371094617035]}"
529,10,0.5475627779960632,138.50057983398438,2022-03-28,7.964159965515137,0,2.0,0.0,2022-03-28,2022-03-27,1.551679015159607,304.5577392578125,2022-03-29,0.0,0.0,2022-03-28,0.23798306286334991,1.0,"{""type"":""Point"",""coordinates"":[88.21728802911183,21.797844339107773]}"
530,10,-0.016696298494935036,343.96990966796875,2019-07-21,1067.497314453125,0,2.0,242.9399871826172,2019-07-21,2019-07-20,27.78247833251953,295.77960205078125,2019-07-22,69.62999725341797,47.91666793823242,2019-07-21,0.4832795560359955,2.0,"{""type"":""Point"",""coordinates"":[93.08053450990201,27.078694122888294]}"
531,10,0.1828109622001648,341.4788818359375,2022-07-09,579.4395141601562,0,2.0,0.0,2022-07-09,2022-07-08,10.961165428161621,299.7496032714844,2022-07-10,0.0,0.0,2022-07-09,0.4672578275203705,2.0,"{""type"":""Point"",""coordinates"":[94.5354357922871,22.319616306684715]}"
532,10,0.729202151298523,188.27516174316406,2019-01-07,1483.483154296875,0,4.0,0.0,2019-01-07,2019-01-06,14.298893928527832,281.1369934082031,2019-01-08,0.0,0.0,2019-01-07,0.3061453402042389,2.0,"{""type"":""Point"",""coordinates"":[94.41894687668628,28.11291060991018]}"
533,40,0.01464858092367649,-0.0,2023-07-06,2.0,0,3.0,46.619998931884766,2023-07-06,2023-07-05,0.0,303.51995849609375,2023-07-07,74.47000122070312,47.91666793823242,2023-07-06,0.48827680945396423,3.0,"{""type"":""Point"",""coordinates"":[89.63360606771127,22.54562606390824]}"
534,10,0.08165917545557022,56.96223831176758,2020-06-26,1158.885498046875,0,1.0,23.709999084472656,2020-06-26,2020-06-25,35.358707427978516,289.17694091796875,2020-06-27,36.63999938964844,33.33333206176758,2020-06-26,0.4264933168888092,1.0,"{""type"":""Point"",""coordinates"":[93.8929563948017,28.394527777773245]}"
535,30,0.19357044994831085,48.07689666748047,2023-09-29,4592.64404296875,0,125.0,0.0,2023-09-29,2023-09-28,4.323747634887695,282.1886901855469,2023-09-30,0.0,0.0,2023-09-29,0.33498573303222656,1.0,"{""type"":""Point"",""coordinates"":[90.77881100748486,28.712528557646518]}"
536,40,0.7004840970039368,15.020088195800781,2023-01-08,169.4795684814453,0,27.0,0.0,2023-01-08,2023-01-07,1.4745289087295532,295.7987365722656,2023-01-09,0.0,0.0,2023-01-08,0.26480674743652344,27.0,"{""type"":""Point"",""coordinates"":[95.5202054623414,23.267162159649146]}"
537,10,0.8826774954795837,309.4365539550781,2022-12-08,522.3853759765625,0,6.0,0.0,2022-12-08,2022-12-07,27.38949966430664,289.597900390625,2022-12-09,0.16999998688697815,0.0,2022-12-08,0.2459125518798828,1.0,"{""type"":""Point"",""coordinates"":[92.9605436678523,23.161738687877634]}"
538,0,-0.2886282205581665,-0.0,2023-02-06,0.0,0,0.0,0.0,2023-02-06,2023-02-05,0.0,0.0,2023-02-07,0.0,0.0,2023-02-06,0.0,0.0,"{""type"":""Point"",""coordinates"":[91.18284432101149,21.808798270928325]}"
539,10,0.5162603259086609,263.9833679199219,2022-01-19,1148.7381591796875,0,2.0,0.41999998688697815,2022-01-19,2022-01-18,40.63734436035156,286.2233581542969,2022-01-20,0.25,0.0,2022-01-19,0.3721402585506439,2.0,"{""type"":""Point"",""coordinates"":[95.8333607473255,26.69498892709689]}"
540,40,0.18734127283096313,143.69476318359375,2019-10-24,42.1350212097168,0,4.0,29.839998245239258,2019-10-24,2019-10-23,1.6122281551361084,298.1313171386719,2019-10-25,15.329999923706055,20.83333396911621,2019-10-24,0.30313682556152344,4.0,"{""type"":""Point"",""coordinates"":[88.57717560551077,25.832821500707986]}"
541,10,0.05760093778371811,64.74839782714844,2022-07-12,699.3480834960938,0,1.0,5.279999732971191,2022-07-12,2022-07-11,6.219054698944092,300.13067626953125,2022-07-13,1.9299999475479126,4.166666507720947,2022-07-12,0.47227033972740173,1.0,"{""type"":""Point"",""coordinates"":[92.68226180835329,25.554326770911736]}"
542,10,0.3784065544605255,224.25987243652344,2022-01-17,1430.1351318359375,0,1.0,0.0,2022-01-17,2022-01-16,14.833749771118164,285.85064697265625,2022-01-18,0.0,0.0,2022-01-17,0.31202951073646545,1.0,"{""type"":""Point"",""coordinates"":[93.70446671330065,22.426793523932748]}"
543,30,0.07213826477527618,40.14647674560547,2023-12-16,3596.6943359375,0,2.0,1.4399999380111694,2023-12-16,2023-12-15,46.01524353027344,276.3194274902344,2023-12-17,0.9399999380111694,0.0,2023-12-16,0.38305410742759705,2.0,"{""type"":""Point"",""coordinates"":[94.96753432723384,29.306765725235437]}"
544,30,0.11673811078071594,302.56036376953125,2022-08-13,4501.39794921875,0,2.0,0.0,2022-08-13,2022-08-12,37.565338134765625,288.9324951171875,2022-08-14,0.6599999666213989,0.0,2022-08-13,0.3042837679386139,2.0,"{""type"":""Point"",""coordinates"":[88.76425365582692,29.401875880015975]}"
545,10,0.04649753496050835,81.76034545898438,2019-11-07,1084.4166259765625,0,6.0,0.0,2019-11-07,2019-11-06,26.351160049438477,290.9266052246094,2019-11-08,0.699999988079071,2.0833332538604736,2019-11-07,0.3818937838077545,6.0,"{""type"":""Point"",""coordinates"":[95.4238965903948,28.24395524497383]}"
546,40,0.1851341426372528,91.14167022705078,2023-08-12,101.71117401123047,0,2.0,6.37999963760376,2023-08-12,2023-08-11,11.05946159362793,299.57403564453125,2023-08-13,4.230000019073486,6.25,2023-08-12,0.4250761568546295,2.0,"{""type"":""Point"",""coordinates"":[91.83620120842248,23.50961576751125]}"
547,10,0.09673278778791428,223.9341278076172,2022-08-09,75.96530151367188,0,15.0,14.59000015258789,2022-08-09,2022-08-08,6.492291450500488,303.11346435546875,2022-08-10,22.06999969482422,14.583333015441895,2022-08-09,0.4701913297176361,1.0,"{""type"":""Point"",""coordinates"":[92.75780277835966,26.675752253209865]}"
548,30,0.0821753442287445,25.836393356323242,2020-11-29,4604.92724609375,0,2.0,0.0,2020-11-29,2020-11-28,18.297462463378906,272.5747375488281,2020-11-30,0.0,0.0,2020-11-29,0.2706197202205658,1.0,"{""type"":""Point"",""coordinates"":[91.88269505994504,29.398041885587322]}"
549,10,0.6783612966537476,231.28317260742188,2021-12-01,143.09275817871094,0,1.0,0.0,2021-12-01,2021-11-30,2.427391529083252,291.5764465332031,2021-12-02,0.023000001907348633,0.0,2021-12-01,0.23142623901367188,1.0,"{""type"":""Point"",""coordinates"":[97.45246092350071,25.190339209877482]}"
550,10,0.5456947088241577,38.001888275146484,2020-11-24,26.680194854736328,0,133.0,0.0,2020-11-24,2020-11-23,1.5445716381072998,294.0938720703125,2020-11-25,0.0,0.0,2020-11-24,0.15842373669147491,133.0,"{""type"":""Point"",""coordinates"":[89.2512231909754,25.20395365002539]}"
551,60,-0.019241180270910263,257.7969665527344,2022-03-14,5272.1474609375,0,1.0,0.0,2022-03-14,2022-03-13,35.22477340698242,270.6551818847656,2022-03-15,0.23999999463558197,0.0,2022-03-14,0.34992218017578125,1.0,"{""type"":""Point"",""coordinates"":[92.79393952186969,29.267117320487706]}"
552,10,-0.04570465534925461,144.59454345703125,2022-04-12,1622.9320068359375,0,1.0,0.2799999713897705,2022-04-12,2022-04-11,35.042747497558594,290.2344665527344,2022-04-13,0.6399999856948853,0.0,2022-04-12,0.4088369905948639,1.0,"{""type"":""Point"",""coordinates"":[90.90739471907277,27.001080985724883]}"
553,10,0.017405951395630836,165.51040649414062,2020-08-04,38.55609893798828,0,1.0,3.3999998569488525,2020-08-04,2020-08-03,3.767706871032715,304.09808349609375,2020-08-05,66.04000091552734,16.66666603088379,2020-08-04,0.40801873803138733,1.0,"{""type"":""Point"",""coordinates"":[88.35534297678035,25.07191050888282]}"
554,10,0.16196726262569427,264.5964050292969,2019-06-21,1241.2750244140625,0,3.0,136.58999633789062,2019-06-21,2019-06-20,29.365447998046875,296.9315490722656,2019-06-22,0.6100000143051147,2.0833332538604736,2019-06-21,0.4469083249568939,3.0,"{""type"":""Point"",""coordinates"":[93.87436926963687,22.674423528930095]}"
555,10,0.03617037460207939,295.1070251464844,2022-07-12,222.0653533935547,0,2.0,0.0,2022-07-12,2022-07-11,20.138887405395508,299.24371337890625,2022-07-13,0.0,0.0,2022-07-12,0.4812234342098236,1.0,"{""type"":""Point"",""coordinates"":[95.5794716112889,25.857847947629185]}"
556,80,-0.009252813644707203,-0.0,2022-10-08,0.0,0,0.0,0.0,2022-10-08,2022-10-07,0.0,302.1125793457031,2022-10-09,0.0,0.0,2022-10-08,0.27527937293052673,0.0,"{""type"":""Point"",""coordinates"":[89.85145770092423,22.234908706294107]}"
557,10,0.8348774313926697,109.4935531616211,2021-01-14,113.83416748046875,0,1.0,0.0,2021-01-14,2021-01-13,18.86005210876465,294.27398681640625,2021-01-15,0.0,0.0,2021-01-14,0.15137100219726562,1.0,"{""type"":""Point"",""coordinates"":[92.22915117597212,22.289155190990382]}"
558,10,0.4625876843929291,278.6387634277344,2021-01-15,1240.2684326171875,0,35.0,0.0,2021-01-15,2021-01-14,6.5762457847595215,284.5361022949219,2021-01-16,0.0,0.0,2021-01-15,0.33858489990234375,35.0,"{""type"":""Point"",""coordinates"":[96.82457545753255,27.207479308882444]}"
559,0,-0.08672721683979034,-0.0,2020-10-29,0.0,0,0.0,0.0,2020-10-29,2020-10-28,0.0,0.0,2020-10-30,0.0,0.0,2020-10-29,0.0,0.0,"{""type"":""Point"",""coordinates"":[91.52125415139186,22.08935990847757]}"
560,10,0.04960676655173302,256.2155456542969,2019-08-10,801.963134765625,0,3.0,138.8699951171875,2019-08-10,2019-08-09,10.289435386657715,295.0793762207031,2019-08-11,3.3600001335144043,6.25,2019-08-10,0.48533692955970764,3.0,"{""type"":""Point"",""coordinates"":[97.32682932140777,27.19479886185953]}"
561,60,-0.06242169812321663,33.98110580444336,2021-11-14,5140.67919921875,0,2.0,0.8799999952316284,2021-11-14,2021-11-13,25.681194305419922,272.542236328125,2021-11-15,0.04999999701976776,0.0,2021-11-14,0.22454960644245148,2.0,"{""type"":""Point"",""coordinates"":[92.11044234621706,27.95927967518758]}"
562,40,0.31381407380104065,112.79803466796875,2020-04-04,90.68494415283203,0,6.0,0.0,2020-04-04,2020-04-03,0.6082262992858887,297.66925048828125,2020-04-05,0.0,0.0,2020-04-04,0.2813688814640045,6.0,"{""type"":""Point"",""coordinates"":[94.42707478085161,27.294814430605086]}"
563,10,0.520032525062561,307.9572448730469,2019-08-25,1374.2152099609375,0,12.0,2.7699999809265137,2019-08-25,2019-08-24,27.319673538208008,296.4328308105469,2019-08-26,0.3499999940395355,0.0,2019-08-25,0.4177894592285156,1.0,"{""type"":""Point"",""coordinates"":[93.67508136780212,27.549678414416842]}"
564,40,0.2544727325439453,166.6322021484375,2022-01-22,35.371700286865234,0,3.0,0.0,2022-01-22,2022-01-21,0.4177684187889099,291.26837158203125,2022-01-23,0.0,0.0,2022-01-22,0.20067088305950165,3.0,"{""type"":""Point"",""coordinates"":[90.24232523247333,26.286546206643376]}"
565,40,0.613074541091919,59.23196792602539,2022-03-22,7.115420818328857,0,127.0,0.0,2022-03-22,2022-03-21,0.562217116355896,302.10870361328125,2022-03-23,0.0,0.0,2022-03-22,0.13774554431438446,127.0,"{""type"":""Point"",""coordinates"":[90.74971418205988,24.854989109175182]}"
566,10,0.4733976125717163,84.74061584472656,2021-03-23,12.108158111572266,0,1.0,0.0,2021-03-23,2021-03-22,5.000163555145264,304.9193420410156,2021-03-24,0.0,0.0,2021-03-23,0.14768917858600616,1.0,"{""type"":""Point"",""coordinates"":[88.61114482477906,22.742779109088087]}"
567,10,0.37497177720069885,83.37407684326172,2020-04-09,12.938478469848633,0,56.0,0.0,2020-04-09,2020-04-08,8.863360404968262,301.85888671875,2020-04-10,0.0,0.0,2020-04-09,0.21142832934856415,46.0,"{""type"":""Point"",""coordinates"":[92.1993633880964,24.796627266840694]}"
568,10,0.004734293092042208,103.98336029052734,2019-03-27,3475.559326171875,0,1.0,5.009999752044678,2019-03-27,2019-03-26,31.90557289123535,273.750244140625,2019-03-28,12.529999732971191,10.416666984558105,2019-03-27,0.385388046503067,1.0,"{""type"":""Point"",""coordinates"":[97.41978453360308,28.093604396605098]}"
569,10,0.131587952375412,30.359086990356445,2022-07-26,15.347286224365234,0,1.0,0.9699999690055847,2022-07-26,2022-07-25,2.868124485015869,302.06378173828125,2022-07-27,25.03999900817871,25.0,2022-07-26,0.3674507141113281,1.0,"{""type"":""Point"",""coordinates"":[89.00511646893175,24.36953188601865]}"
570,10,0.46816709637641907,203.29440307617188,2023-05-07,1179.698974609375,0,1.0,0.0,2023-05-07,2023-05-06,31.475923538208008,303.0027160644531,2023-05-08,0.0,0.0,2023-05-07,0.2019926756620407,1.0,"{""type"":""Point"",""coordinates"":[95.97779202878371,25.996778125668715]}"
571,10,0.40457287430763245,37.556819915771484,2022-08-23,488.617431640625,0,1900.0,46664.0,2022-08-23,2022-08-22,29.04006004333496,297.9154357910156,2022-08-24,3.869999885559082,2.0833332538604736,2022-08-23,0.4163595736026764,1900.0,"{""type"":""Point"",""coordinates"":[92.8732177882282,23.07365466150291]}"
572,10,0.27950266003608704,249.34005737304688,2021-03-20,57.783939361572266,0,1.0,0.0,2021-03-20,2021-03-19,20.925867080688477,302.68463134765625,2021-03-21,0.0,0.0,2021-03-20,0.11141268163919449,1.0,"{""type"":""Point"",""coordinates"":[91.63471471594268,22.693530507559707]}"
573,10,0.24606947600841522,299.6630554199219,2021-10-31,994.2754516601562,0,3.0,8.039999961853027,2021-10-31,2021-10-30,26.96464729309082,293.5253601074219,2021-11-01,44.900001525878906,14.583333015441895,2021-10-31,0.4719606935977936,3.0,"{""type"":""Point"",""coordinates"":[96.82231535485246,22.884551445736758]}"
574,40,0.16097469627857208,246.23309326171875,2019-09-26,89.29943084716797,0,1.0,11.59000015258789,2019-09-26,2019-09-25,4.7634358406066895,297.59954833984375,2019-09-27,0.9900000095367432,0.0,2019-09-26,0.4185676574707031,1.0,"{""type"":""Point"",""coordinates"":[88.97782357660346,26.64723281306311]}"
575,70,-0.03613577038049698,127.9761734008789,2021-09-23,5212.630859375,0,4.0,2.879999876022339,2021-09-23,2021-09-22,37.79909896850586,275.8521728515625,2021-09-24,0.4599999785423279,0.0,2021-09-23,0.33907127380371094,4.0,"{""type"":""Point"",""coordinates"":[96.75319826722227,29.17023891478773]}"
576,30,0.056033581495285034,139.95252990722656,2022-10-15,4927.09912109375,0,1.0,0.0,2022-10-15,2022-10-14,29.50068473815918,280.3269958496094,2022-10-16,0.0,0.0,2022-10-15,0.393359512090683,1.0,"{""type"":""Point"",""coordinates"":[88.32239265375009,29.11581003488233]}"
577,80,0.1011577621102333,235.5594940185547,2020-02-16,4.5,0,16.0,0.0,2020-02-16,2020-02-15,7.201050758361816,292.15521240234375,2020-02-17,0.0,0.0,2020-02-16,0.2780183255672455,16.0,"{""type"":""Point"",""coordinates"":[91.25864527994848,25.202898852973615]}"
578,60,0.062293753027915955,296.2108459472656,2020-07-17,3832.978759765625,0,644872.0,1.0840298E7,2020-07-17,2020-07-16,23.231487274169922,286.5677185058594,2020-07-18,9.469999313354492,12.5,2020-07-17,0.39409318566322327,644872.0,"{""type"":""Point"",""coordinates"":[89.81933491399198,29.308531353940516]}"
579,10,0.1807410567998886,40.07758331298828,2022-07-30,2308.47607421875,0,1.0,5.059999942779541,2022-07-30,2022-07-29,31.397974014282227,289.0893249511719,2022-07-31,4.569999694824219,4.166666507720947,2022-07-30,0.42101988196372986,1.0,"{""type"":""Point"",""coordinates"":[92.22636680090112,27.34914338086141]}"
580,10,0.09063262492418289,303.630126953125,2021-05-26,1143.6507568359375,0,1.0,7.650000095367432,2021-05-26,2021-05-25,33.88569259643555,298.4400939941406,2021-05-27,1.4600000381469727,0.0,2021-05-26,0.3403288424015045,1.0,"{""type"":""Point"",""coordinates"":[93.7678377907362,24.330244317758364]}"
581,60,-0.010549989528954029,312.2908020019531,2022-07-01,4889.9189453125,0,16.0,102.8699951171875,2022-07-01,2022-06-30,50.31477737426758,271.03887939453125,2022-07-02,31.29199981689453,45.83333206176758,2022-07-01,0.43153443932533264,9.0,"{""type"":""Point"",""coordinates"":[88.07208553543805,27.607969068308314]}"
582,10,0.05118947848677635,116.92579650878906,2019-04-02,492.03192138671875,0,5.0,0.03800000250339508,2019-04-02,2019-04-01,2.6628801822662354,299.44775390625,2019-04-03,0.0,0.0,2019-04-02,0.2580413818359375,2.0,"{""type"":""Point"",""coordinates"":[94.12072292592244,21.56824207500805]}"
583,60,0.05436081066727638,225.2913818359375,2023-10-19,3828.500244140625,0,6.0,0.0,2023-10-19,2023-10-18,1.353867769241333,279.0540771484375,2023-10-20,0.0,0.0,2023-10-19,0.2834033966064453,6.0,"{""type"":""Point"",""coordinates"":[88.9055212028129,29.335917779808568]}"
584,10,0.5231053829193115,136.3494110107422,2022-12-16,776.7808227539062,0,110.0,0.0,2022-12-16,2022-12-15,31.675098419189453,283.66192626953125,2022-12-17,0.0,0.0,2022-12-16,0.24391810595989227,110.0,"{""type"":""Point"",""coordinates"":[92.90638039605963,27.50270095550252]}"
585,10,0.016417669132351875,54.72395324707031,2019-03-20,121.9226303100586,0,1.0,0.0,2019-03-20,2019-03-19,1.1073317527770996,294.17303466796875,2019-03-21,0.0,0.0,2019-03-20,0.2612679898738861,1.0,"{""type"":""Point"",""coordinates"":[93.16479435144653,26.894664301303912]}"
586,40,0.1292879432439804,162.4355926513672,2021-05-13,7.567544937133789,0,1.0,0.20999999344348907,2021-05-13,2021-05-12,0.9176234006881714,300.3165283203125,2021-05-14,13.34999942779541,14.583333015441895,2021-05-13,0.4099254608154297,1.0,"{""type"":""Point"",""coordinates"":[90.80241330614965,24.86460703649486]}"
587,10,0.3350614607334137,56.11386489868164,2023-02-18,76.94082641601562,0,2.0,0.0,2023-02-18,2023-02-17,13.116684913635254,296.37060546875,2023-02-19,0.0,0.0,2023-02-18,0.13820140063762665,2.0,"{""type"":""Point"",""coordinates"":[89.97623907379955,25.52601814759358]}"
588,100,-0.026700260117650032,64.59567260742188,2020-03-31,4294.421875,0,1.0,7.71999979019165,2020-03-31,2020-03-30,20.159557342529297,272.33209228515625,2020-04-01,0.14999999105930328,0.0,2020-03-31,0.31476402282714844,1.0,"{""type"":""Point"",""coordinates"":[96.86025256762295,28.93635622621052]}"
589,60,0.2139182835817337,161.94741821289062,2019-06-27,41.960350036621094,0,1.0,11.429999351501465,2019-06-27,2019-06-26,0.29613736271858215,302.12750244140625,2019-06-28,46.779998779296875,37.5,2019-06-27,0.42271867394447327,1.0,"{""type"":""Point"",""coordinates"":[89.19583034462117,26.014069324152036]}"
590,10,-0.0645316019654274,331.8514709472656,2022-04-19,615.171142578125,0,1.0,5.800000190734863,2022-04-19,2022-04-18,13.292023658752441,299.6709289550781,2022-04-20,31.079999923706055,12.5,2022-04-19,0.19577407836914062,1.0,"{""type"":""Point"",""coordinates"":[96.74914705226536,24.621435118836015]}"
591,10,0.3658403158187866,3.9156131744384766,2021-08-19,150.8258819580078,0,1.0,2.129999876022339,2021-08-19,2021-08-18,10.42015552520752,299.4112548828125,2021-08-20,4.210000038146973,6.25,2021-08-19,0.4912376403808594,1.0,"{""type"":""Point"",""coordinates"":[92.97778996124175,25.759967930962336]}"
592,10,0.3388046622276306,112.37507629394531,2019-09-05,1323.72119140625,0,64.0,293.7599792480469,2019-09-05,2019-09-04,9.226346015930176,294.4585876464844,2019-09-06,73.72000122070312,25.0,2019-09-05,0.47421136498451233,64.0,"{""type"":""Point"",""coordinates"":[94.33577775031586,25.606632187848685]}"
593,40,0.5226007103919983,341.2681884765625,2022-12-05,69.84010314941406,0,240.0,0.0,2022-12-05,2022-12-04,0.09181547164916992,291.9058837890625,2022-12-06,0.0,0.0,2022-12-05,0.27757835388183594,1.0,"{""type"":""Point"",""coordinates"":[90.1295441048681,26.594607657120555]}"
594,30,0.03499700501561165,242.761474609375,2019-06-27,4135.5419921875,0,3.0,93.32999420166016,2019-06-27,2019-06-26,17.093618392944336,286.0653381347656,2019-06-28,0.3799999952316284,0.0,2019-06-27,0.42581748962402344,1.0,"{""type"":""Point"",""coordinates"":[89.65365506556621,27.244055742342688]}"
595,10,0.19392640888690948,9.751642227172852,2021-10-06,1822.303955078125,0,1.0,3.859999895095825,2021-10-06,2021-10-05,48.1776123046875,289.9259033203125,2021-10-07,0.8500000238418579,0.0,2021-10-06,0.4077491760253906,1.0,"{""type"":""Point"",""coordinates"":[96.03144237453883,28.419701288923537]}"
596,40,0.19562788307666779,108.62554168701172,2021-10-29,11.875296592712402,0,238.0,0.0,2021-10-29,2021-10-28,0.44317853450775146,299.0660095214844,2021-10-30,0.0,0.0,2021-10-29,0.3132871091365814,1.0,"{""type"":""Point"",""coordinates"":[89.01216258988812,24.605200632824136]}"
597,10,0.005965805146843195,98.8346939086914,2021-05-31,1780.5780029296875,0,1.0,6.319999694824219,2021-05-31,2021-05-30,39.82986831665039,295.8263854980469,2021-06-01,13.889999389648438,12.5,2021-05-31,0.4937337338924408,1.0,"{""type"":""Point"",""coordinates"":[97.32873192869089,26.74743476566121]}"
598,10,0.0430109016597271,278.5021057128906,2023-07-12,3603.9052734375,0,9.0,64.80000305175781,2023-07-12,2023-07-11,31.762540817260742,286.7934875488281,2023-07-13,4.569999694824219,8.333333015441895,2023-07-12,0.42428526282310486,9.0,"{""type"":""Point"",""coordinates"":[90.79540332425478,27.600039099665835]}"
599,80,0.0061334301717579365,-0.0,2023-08-04,83.0,0,1.0,14.149999618530273,2023-08-04,2023-08-03,0.0,302.31011962890625,2023-08-05,26.01999855041504,37.5,2023-08-04,0.47304725646972656,1.0,"{""type"":""Point"",""coordinates"":[94.31479095044779,26.90042265988025]}"
600,10,0.16418032348155975,351.4615173339844,2023-11-08,486.02313232421875,0,1.0,0.0,2023-11-08,2023-11-07,23.57907485961914,296.79345703125,2023-11-09,0.0,0.0,2023-11-08,0.4006500244140625,1.0,"{""type"":""Point"",""coordinates"":[94.43440111318725,21.868215642670354]}"
601,10,0.010206356644630432,77.30717468261719,2022-07-27,639.943115234375,0,2.0,113.89999389648438,2022-07-27,2022-07-26,28.586963653564453,299.6285705566406,2022-07-28,17.799999237060547,18.75,2022-07-27,0.4801076352596283,2.0,"{""type"":""Point"",""coordinates"":[96.08375129179348,26.114240986028623]}"
602,10,0.33280232548713684,234.6087646484375,2021-04-10,738.7205810546875,0,1.0,0.0,2021-04-10,2021-04-09,7.342982292175293,298.7905578613281,2021-04-11,0.0,0.0,2021-04-10,0.26815667748451233,1.0,"{""type"":""Point"",""coordinates"":[96.00209310233585,24.773085684732813]}"
603,30,0.07387108355760574,71.58045959472656,2021-09-21,4965.310546875,0,5.0,6.419999599456787,2021-09-21,2021-09-20,8.785283088684082,279.27386474609375,2021-09-22,1.8299999237060547,6.25,2021-09-21,0.38217926025390625,3.0,"{""type"":""Point"",""coordinates"":[91.71175264141755,28.523440062393405]}"
604,30,0.14114904403686523,129.9584197998047,2022-12-24,4531.04833984375,0,25.0,0.0,2022-12-24,2022-12-23,4.562592506408691,272.6835632324219,2022-12-25,0.0,0.0,2022-12-24,0.3521639406681061,25.0,"{""type"":""Point"",""coordinates"":[89.07321167700928,27.77661557371529]}"
605,10,0.11507856100797653,78.25416564941406,2023-12-18,1079.6226806640625,0,1.0,0.0,2023-12-18,2023-12-17,18.12318992614746,290.94769287109375,2023-12-19,0.0,0.0,2023-12-18,0.4171854555606842,1.0,"{""type"":""Point"",""coordinates"":[97.38385949129469,21.877563301399167]}"
606,30,0.050781622529029846,277.2285461425781,2019-07-07,2586.51416015625,0,383.0,8839.6396484375,2019-07-07,2019-07-06,35.308753967285156,287.9399108886719,2019-07-08,18.43000030517578,20.83333396911621,2019-07-07,0.42776933312416077,383.0,"{""type"":""Point"",""coordinates"":[92.41637692685521,27.528666811249177]}"
607,70,0.07173417508602142,33.74537658691406,2020-09-22,4894.50341796875,0,1.0,5.0,2020-09-22,2020-09-21,23.754661560058594,285.822998046875,2020-09-23,3.7199997901916504,6.25,2020-09-22,0.4002462923526764,1.0,"{""type"":""Point"",""coordinates"":[94.34825919943017,29.234379900259253]}"
608,10,0.1622893214225769,82.11904907226562,2021-11-19,2903.063232421875,0,1.0,1.5299999713897705,2021-11-19,2021-11-18,26.334484100341797,284.2408447265625,2021-11-20,0.5600000023841858,0.0,2021-11-19,0.346111923456192,1.0,"{""type"":""Point"",""coordinates"":[88.71951093104957,27.337122087573803]}"
609,10,0.002927400404587388,180.91046142578125,2020-09-09,1506.3026123046875,0,27.0,50.119998931884766,2020-09-09,2020-09-08,40.69647216796875,294.4201965332031,2020-09-10,0.2199999988079071,0.0,2020-09-09,0.49686112999916077,4.0,"{""type"":""Point"",""coordinates"":[96.3794540542085,27.666664934542816]}"
610,40,0.3694401979446411,293.0830993652344,2023-11-26,103.83393096923828,0,7.0,0.0,2023-11-26,2023-11-25,0.0833839401602745,293.98248291015625,2023-11-27,0.0,0.0,2023-11-26,0.40585073828697205,7.0,"{""type"":""Point"",""coordinates"":[94.4224008985018,26.728089616020622]}"
611,30,0.027666864916682243,327.72711181640625,2019-07-18,4632.36279296875,0,12.0,0.3100000023841858,2019-07-18,2019-07-17,33.11195755004883,282.6674499511719,2019-07-19,5.090000152587891,8.333333015441895,2019-07-18,0.41876158118247986,1.0,"{""type"":""Point"",""coordinates"":[93.87155449566566,29.43004456657792]}"
612,10,0.09375891089439392,274.3597106933594,2019-11-14,3057.198974609375,0,2.0,3.7799999713897705,2019-11-14,2019-11-13,48.81190872192383,277.4673156738281,2019-11-15,0.029999999329447746,0.0,2019-11-14,0.39866700768470764,2.0,"{""type"":""Point"",""coordinates"":[96.07898695334742,28.931688764587015]}"
613,10,0.026777449995279312,19.90138053894043,2023-10-18,1528.3402099609375,0,2.0,0.1599999964237213,2023-10-18,2023-10-17,36.95047378540039,290.04925537109375,2023-10-19,2.7200000286102295,0.0,2023-10-18,0.4109732210636139,2.0,"{""type"":""Point"",""coordinates"":[93.81970656027663,27.739575433575236]}"
614,10,0.2888911962509155,12.77115249633789,2021-04-23,202.86279296875,0,28439.0,0.0,2021-04-23,2021-04-22,4.049929618835449,299.7417297363281,2021-04-24,0.0,0.0,2021-04-23,0.19785816967487335,28439.0,"{""type"":""Point"",""coordinates"":[96.58248851216767,26.417295302229398]}"
615,10,0.025609953328967094,38.66156005859375,2022-06-06,790.023193359375,0,3.0,0.11999999731779099,2022-06-06,2022-06-05,7.044240474700928,299.16400146484375,2022-06-07,1.0299999713897705,2.0833332538604736,2022-06-06,0.39120039343833923,1.0,"{""type"":""Point"",""coordinates"":[94.30478684424938,22.23375595673541]}"
616,80,-0.025069283321499825,-0.0,2019-10-03,0.0,0,0.0,0.0,2019-10-03,2019-10-02,0.0,0.0,2019-10-04,7.019999980926514,4.166666507720947,2019-10-03,0.0,0.0,"{""type"":""Point"",""coordinates"":[91.6478178063154,22.350172111358262]}"
617,70,-0.007670743390917778,36.38377380371094,2022-08-16,4855.115234375,0,6.0,40.73999786376953,2022-08-16,2022-08-15,2.5965757369995117,281.0780029296875,2022-08-17,1.659999966621399,2.0833332538604736,2022-08-16,0.41034063696861267,6.0,"{""type"":""Point"",""coordinates"":[89.87389646176612,28.321999911002]}"
618,80,-0.05790118873119354,-0.0,2023-04-06,0.0,0,0.0,0.0,2023-04-06,2023-04-05,0.0,0.0,2023-04-07,0.0,0.0,2023-04-06,0.0,0.0,"{""type"":""Point"",""coordinates"":[89.14336111607135,21.54606503249749]}"
619,10,0.20960406959056854,283.7264099121094,2020-06-02,1375.3406982421875,0,1.0,1.9119999408721924,2020-06-02,2020-06-01,30.071210861206055,295.8730773925781,2020-06-03,22.19999885559082,16.66666603088379,2020-06-02,0.4685109555721283,1.0,"{""type"":""Point"",""coordinates"":[97.28650112223693,23.48475664847452]}"
620,40,0.1793922334909439,154.42738342285156,2020-02-03,1.6136924028396606,0,1.0,0.0,2020-02-03,2020-02-02,0.35834935307502747,294.0675354003906,2020-02-04,0.0,0.0,2020-02-03,0.1975994110107422,1.0,"{""type"":""Point"",""coordinates"":[90.41794005440056,22.336123759557626]}"
621,40,0.0068866112269461155,106.45378875732422,2023-07-06,5.042651176452637,0,1.0,49.62999725341797,2023-07-06,2023-07-05,0.2448914349079132,302.2942810058594,2023-07-07,16.489999771118164,22.91666603088379,2023-07-06,0.42135176062583923,1.0,"{""type"":""Point"",""coordinates"":[91.50090141848058,24.93783039842939]}"
622,30,0.022951839491724968,278.5469970703125,2023-03-17,822.51416015625,0,3.0,0.0,2023-03-17,2023-03-16,1.0492630004882812,293.8453369140625,2023-03-18,0.0,0.0,2023-03-17,0.3359648287296295,3.0,"{""type"":""Point"",""coordinates"":[97.31626957168311,22.759216062019494]}"
623,10,-0.048249270766973495,174.81253051757812,2022-06-24,27.87212562561035,0,6.0,11.239999771118164,2022-06-24,2022-06-23,0.6406862735748291,302.3868713378906,2022-06-25,7.299999713897705,10.416666984558105,2022-06-24,0.39842352271080017,2.0,"{""type"":""Point"",""coordinates"":[89.50557043430649,25.391427124185263]}"
624,10,0.006901716347783804,312.3972473144531,2023-07-18,93.23269653320312,0,3.0,118.16999816894531,2023-07-18,2023-07-17,5.068726062774658,299.9155578613281,2023-07-19,2.6499998569488525,0.0,2023-07-18,0.47433599829673767,3.0,"{""type"":""Point"",""coordinates"":[94.4226179893828,27.176041781227514]}"
625,40,0.6290952563285828,271.91204833984375,2019-03-02,3.344204902648926,0,10.0,0.8800000548362732,2019-03-02,2019-03-01,0.20754653215408325,292.7032775878906,2019-03-03,0.0,0.0,2019-03-02,0.350933700799942,10.0,"{""type"":""Point"",""coordinates"":[91.24419631619269,24.76400682244516]}"
626,10,0.22640208899974823,169.6147003173828,2020-10-14,821.0094604492188,0,6.0,0.0,2020-10-14,2020-10-13,19.959518432617188,294.8817138671875,2020-10-15,0.0,0.0,2020-10-14,0.46958985924720764,6.0,"{""type"":""Point"",""coordinates"":[96.26640088624454,27.28087023407121]}"
627,80,-0.015605920925736427,-0.0,2023-06-26,0.0,0,0.0,0.0,2023-06-26,2023-06-25,0.0,0.0,2023-06-27,152.4199981689453,95.83333587646484,2023-06-26,0.0,0.0,"{""type"":""Point"",""coordinates"":[90.1759762977665,21.567742189309826]}"
628,10,0.14063797891139984,253.5026397705078,2019-09-04,350.2768249511719,0,5.0,22.279998779296875,2019-09-04,2019-09-03,23.78156280517578,301.1515808105469,2019-09-05,1.71999990940094,2.0833332538604736,2019-09-04,0.45939764380455017,4.0,"{""type"":""Point"",""coordinates"":[96.90583370553173,24.834036765787687]}"
629,10,0.03225566819310188,79.84183502197266,2022-05-30,259.1865234375,0,7773.0,52.47999954223633,2022-05-30,2022-05-29,29.406503677368164,297.1692199707031,2022-05-31,5.170000076293945,8.333333015441895,2022-05-30,0.36038461327552795,2.0,"{""type"":""Point"",""coordinates"":[92.9484408013294,22.995182698863246]}"
630,40,0.1108308956027031,252.07958984375,2019-02-24,21.715160369873047,0,1.0,0.0,2019-02-24,2019-02-23,0.9802138209342957,297.517822265625,2019-02-25,3.8399999141693115,4.166666507720947,2019-02-24,0.16656748950481415,1.0,"{""type"":""Point"",""coordinates"":[88.68220154962498,25.022071329198262]}"
631,10,0.3244737684726715,92.61148834228516,2023-07-24,601.1800537109375,0,1.0,0.0,2023-07-24,2023-07-23,21.482318878173828,296.1640625,2023-07-25,1.4399999380111694,0.0,2023-07-24,0.42136192321777344,1.0,"{""type"":""Point"",""coordinates"":[93.28341192627413,21.83560274558382]}"
632,10,0.6657128930091858,358.95849609375,2023-01-28,1068.035888671875,0,66.0,0.0,2023-01-28,2023-01-27,5.663753509521484,288.508544921875,2023-01-29,0.03999999910593033,0.0,2023-01-28,0.2768777310848236,66.0,"{""type"":""Point"",""coordinates"":[94.77584296442724,25.26492731715418]}"
633,10,0.40098801255226135,280.05633544921875,2020-09-29,283.6523742675781,0,7.0,3.0799999237060547,2020-09-29,2020-09-28,25.83974266052246,299.8573303222656,2020-09-30,67.77999877929688,27.08333396911621,2020-09-29,0.3840586245059967,4.0,"{""type"":""Point"",""coordinates"":[96.11456142149567,22.666791829741808]}"
634,10,0.19513259828090668,104.51718139648438,2022-07-22,28.899429321289062,0,1.0,9.079999923706055,2022-07-22,2022-07-21,4.5438642501831055,303.1472473144531,2022-07-23,6.289999961853027,6.25,2022-07-22,0.3423042297363281,1.0,"{""type"":""Point"",""coordinates"":[88.20297314826436,25.346812055728705]}"
635,40,0.21901053190231323,124.28556060791016,2021-04-21,85.6263656616211,0,11.0,18.149999618530273,2021-04-21,2021-04-20,0.2529143691062927,296.7005920410156,2021-04-22,0.17999999225139618,0.0,2021-04-21,0.39426612854003906,11.0,"{""type"":""Point"",""coordinates"":[94.31437189451408,27.045065136630352]}"
636,10,0.16816137731075287,325.8859558105469,2021-05-18,244.3042755126953,0,2.0,0.0,2021-05-18,2021-05-17,3.6212544441223145,300.9017639160156,2021-05-19,1.1099998950958252,2.0833332538604736,2021-05-18,0.39810308814048767,1.0,"{""type"":""Point"",""coordinates"":[95.6088733896685,25.3244207368927]}"
637,30,0.5286518931388855,191.13609313964844,2021-01-11,120.73915100097656,0,1.0,0.0,2021-01-11,2021-01-10,8.667901992797852,298.439453125,2021-01-12,0.0,0.0,2021-01-11,0.21304257214069366,1.0,"{""type"":""Point"",""coordinates"":[95.94822671513681,22.51361189377022]}"
638,60,0.09655420482158661,194.03297424316406,2019-10-04,31.436410903930664,0,1.0,0.0,2019-10-04,2019-10-03,2.799286127090454,300.3199768066406,2019-10-05,0.0,0.0,2019-10-04,0.38899359107017517,1.0,"{""type"":""Point"",""coordinates"":[88.61999478874631,25.514455993011037]}"
639,40,0.30172213912010193,104.52665710449219,2021-12-03,16.737157821655273,0,2.0,0.0,2021-12-03,2021-12-02,0.24870018661022186,295.5943298339844,2021-12-04,2.1599998474121094,4.166666507720947,2021-12-03,0.1667887419462204,2.0,"{""type"":""Point"",""coordinates"":[88.6639179894798,24.022848350594117]}"
640,60,0.0038228346966207027,74.18756103515625,2019-09-02,5690.322265625,0,1.0,3.2720000743865967,2019-09-02,2019-09-01,28.59506607055664,282.37176513671875,2019-09-03,14.889999389648438,20.83333396911621,2019-09-02,0.23904483020305634,1.0,"{""type"":""Point"",""coordinates"":[90.35546742465976,28.339475682549335]}"
641,30,0.028816476464271545,102.53653717041016,2023-02-26,4202.9228515625,0,2.0,3.0399999618530273,2023-02-26,2023-02-25,36.596187591552734,272.8346252441406,2023-02-27,0.03999999910593033,0.0,2023-02-26,0.3541158139705658,2.0,"{""type"":""Point"",""coordinates"":[96.76212353723294,28.416632581477902]}"
642,10,0.12275689095258713,239.297119140625,2019-09-06,3601.103271484375,0,3.0,8.970000267028809,2019-09-06,2019-09-05,22.142553329467773,283.93896484375,2019-09-07,1.209999918937683,2.0833332538604736,2019-09-06,0.4178701937198639,3.0,"{""type"":""Point"",""coordinates"":[93.27034626944949,28.460218529483914]}"
643,40,0.08185165375471115,76.71097564697266,2020-02-01,5.975941181182861,0,10.0,0.0,2020-02-01,2020-01-31,0.12288136035203934,292.8775634765625,2020-02-02,0.007000000216066837,0.0,2020-02-01,0.2395343780517578,10.0,"{""type"":""Point"",""coordinates"":[89.3149833553821,23.573301583042912]}"
644,80,-0.22867842018604279,-0.0,2019-05-09,0.0,0,0.0,0.0,2019-05-09,2019-05-08,0.0,0.0,2019-05-10,0.0,0.0,2019-05-09,0.0,0.0,"{""type"":""Point"",""coordinates"":[91.13090689103659,21.87723498084651]}"
645,10,0.36326128244400024,213.00552368164062,2021-03-28,23.26022720336914,0,1.0,0.0,2021-03-28,2021-03-27,4.128004550933838,302.08233642578125,2021-03-29,0.0,0.0,2021-03-28,0.1349150389432907,1.0,"{""type"":""Point"",""coordinates"":[90.00268646852375,24.94291069121024]}"
646,80,-0.004786693025380373,-0.0,2019-03-27,13.0,0,6.0,8.09999942779541,2019-03-27,2019-03-26,0.0,303.04913330078125,2019-03-28,0.0,0.0,2019-03-27,0.05651410296559334,3.0,"{""type"":""Point"",""coordinates"":[89.6886700216706,25.212565312033313]}"
647,10,0.24458569288253784,103.69254302978516,2021-12-17,174.937255859375,0,1.0,0.0,2021-12-17,2021-12-16,2.2120518684387207,291.1669006347656,2021-12-18,0.0,0.0,2021-12-17,0.33395639061927795,1.0,"{""type"":""Point"",""coordinates"":[95.12383698443608,24.71616921058469]}"
648,80,-0.04269521310925484,337.0587463378906,2021-06-24,14.340304374694824,0,1.0,0.0,2021-06-24,2021-06-23,2.1528942584991455,302.075439453125,2021-06-25,3.119999885559082,6.25,2021-06-24,0.4049040377140045,1.0,"{""type"":""Point"",""coordinates"":[89.00571053590996,24.11970155057259]}"
649,80,-0.05985204130411148,-0.0,2019-09-08,28.5,0,2.0,19.020000457763672,2019-09-08,2019-09-07,0.0,302.9320068359375,2019-09-09,2.75,4.166666507720947,2019-09-08,0.34083428978919983,2.0,"{""type"":""Point"",""coordinates"":[90.26299488099244,26.100742031658196]}"
650,60,0.04206465184688568,261.7962951660156,2022-11-17,4050.505126953125,0,2.0,0.019999999552965164,2022-11-17,2022-11-16,28.830177307128906,275.0361633300781,2022-11-18,0.0,0.0,2022-11-17,0.3058128356933594,2.0,"{""type"":""Point"",""coordinates"":[96.8450039389816,28.28031603195488]}"
651,30,0.16468147933483124,329.167236328125,2023-09-19,143.99185180664062,0,482.0,40.5,2023-09-19,2023-09-18,0.21424609422683716,298.4828796386719,2023-09-20,51.81999969482422,29.16666603088379,2023-09-19,0.42409706115722656,1.0,"{""type"":""Point"",""coordinates"":[97.30030307151962,24.79081338571176]}"
652,10,0.25186678767204285,319.5719299316406,2020-02-07,60.64006423950195,0,2.0,0.0,2020-02-07,2020-02-06,13.532499313354492,289.10150146484375,2020-02-08,1.6299999952316284,0.0,2020-02-07,0.21296755969524384,2.0,"{""type"":""Point"",""coordinates"":[92.98654295137608,24.623198924623797]}"
653,10,0.48604899644851685,172.21096801757812,2023-12-04,1429.8031005859375,0,11.0,5.059999942779541,2023-12-04,2023-12-03,35.45267868041992,289.2949523925781,2023-12-05,4.920000076293945,2.0833332538604736,2023-12-04,0.42420515418052673,11.0,"{""type"":""Point"",""coordinates"":[97.38853936119769,23.446775648573663]}"
654,30,0.00823558121919632,270.5018310546875,2022-06-03,3970.725830078125,0,1.0,1.4399999380111694,2022-06-03,2022-06-02,33.46735763549805,286.4276123046875,2022-06-04,0.0,0.0,2022-06-03,0.40476927161216736,1.0,"{""type"":""Point"",""coordinates"":[89.29381936163512,27.431204711996315]}"
655,30,0.04602884128689766,96.62692260742188,2022-10-20,4679.5048828125,0,1.0,0.0,2022-10-20,2022-10-19,30.23043441772461,275.5993347167969,2022-10-21,0.0,0.0,2022-10-20,0.36172929406166077,1.0,"{""type"":""Point"",""coordinates"":[90.54675095619731,29.315373105574672]}"
656,40,0.07833315432071686,309.6119079589844,2019-08-16,10.168436050415039,0,180627.0,4974467.5,2019-08-16,2019-08-15,2.885706663131714,300.5269775390625,2019-08-17,59.64999771118164,56.25,2019-08-16,0.42315101623535156,180627.0,"{""type"":""Point"",""coordinates"":[91.68669605592902,24.623574922545757]}"
657,10,0.6694698929786682,137.25929260253906,2019-01-28,4.859236717224121,0,3.0,0.0,2019-01-28,2019-01-27,2.879194498062134,297.35113525390625,2019-01-29,1.159999966621399,0.0,2019-01-28,0.25118255615234375,3.0,"{""type"":""Point"",""coordinates"":[89.79748256497739,22.497040467940923]}"
658,30,0.09806562215089798,77.9452133178711,2023-05-31,1323.294921875,0,2541.0,6.420000076293945,2023-05-31,2023-05-30,28.422651290893555,294.1319885253906,2023-06-01,22.079999923706055,20.83333396911621,2023-05-31,0.32575225830078125,6.0,"{""type"":""Point"",""coordinates"":[93.54586054530878,22.447761435012204]}"
659,10,0.27358391880989075,93.69291687011719,2019-09-29,127.60487365722656,0,1.0,0.0,2019-09-29,2019-09-28,0.867195725440979,299.5500183105469,2019-09-30,1.409999966621399,2.0833332538604736,2019-09-29,0.4201437532901764,1.0,"{""type"":""Point"",""coordinates"":[97.17456333064236,24.044892917539013]}"
660,40,0.04335171356797218,-0.0,2020-03-11,0.0,0,2.0,0.0,2020-03-11,2020-03-10,0.0,0.0,2020-03-12,0.0,0.0,2020-03-11,0.0,2.0,"{""type"":""Point"",""coordinates"":[91.43786062678629,22.458514188542193]}"
661,30,0.008458790369331837,182.9961700439453,2021-04-27,4817.4775390625,0,9.0,3.569999933242798,2021-04-27,2021-04-26,29.686521530151367,270.3560791015625,2021-04-28,2.5,2.0833332538604736,2021-04-27,0.3897317349910736,3.0,"{""type"":""Point"",""coordinates"":[91.21004887225826,28.404215601714604]}"
662,10,0.5956425666809082,16.274206161499023,2022-03-18,1049.3631591796875,0,2.0,0.0,2022-03-18,2022-03-17,35.333595275878906,296.24212646484375,2022-03-19,0.0,0.0,2022-03-18,0.264477401971817,1.0,"{""type"":""Point"",""coordinates"":[96.94424172908414,26.803873960633577]}"
663,20,0.4278409481048584,160.1916046142578,2022-12-31,72.95405578613281,0,172.0,0.0,2022-12-31,2022-12-30,5.3534770011901855,297.2796936035156,2023-01-01,0.0,0.0,2022-12-31,0.25367164611816406,172.0,"{""type"":""Point"",""coordinates"":[95.20249688587668,21.568719898877116]}"
664,10,0.03859315067529678,96.58805847167969,2022-09-18,17.370864868164062,0,1.0,7.340000152587891,2022-09-18,2022-09-17,1.2316821813583374,301.7314147949219,2022-09-19,3.5299999713897705,2.0833332538604736,2022-09-18,0.4111156463623047,1.0,"{""type"":""Point"",""coordinates"":[89.0924602635831,23.9439799169122]}"
665,10,0.058503977954387665,239.2470245361328,2020-03-06,1739.3524169921875,0,4.0,0.07999999821186066,2020-03-06,2020-03-05,50.20561218261719,278.6622009277344,2020-03-07,0.47999998927116394,0.0,2020-03-06,0.42659568786621094,4.0,"{""type"":""Point"",""coordinates"":[93.049404037705,27.759790596828637]}"
666,80,0.01512334868311882,-0.0,2023-06-18,25.0,0,28334.0,2305820.75,2023-06-18,2023-06-17,0.0,299.9943542480469,2023-06-19,149.17999267578125,41.66666793823242,2023-06-18,0.4290803372859955,28334.0,"{""type"":""Point"",""coordinates"":[89.53318454999142,25.924619256127013]}"
667,80,-0.014931635931134224,-0.0,2021-07-03,0.0,0,0.0,0.0,2021-07-03,2021-07-02,0.0,0.0,2021-07-04,8.059999465942383,12.5,2021-07-03,0.0,0.0,"{""type"":""Point"",""coordinates"":[89.54536093249013,21.664041336932733]}"
668,100,0.025194071233272552,11.668062210083008,2022-07-28,4554.07275390625,0,1.0,4.090000152587891,2022-07-28,2022-07-27,5.888600826263428,289.28271484375,2022-07-29,20.299999237060547,18.75,2022-07-28,0.4146003723144531,1.0,"{""type"":""Point"",""coordinates"":[93.57208629243935,28.507958172949348]}"
669,10,0.2791746258735657,3.8405377864837646,2020-09-02,335.067626953125,0,2.0,1.753999948501587,2020-09-02,2020-09-01,18.410900115966797,300.19207763671875,2020-09-03,6.619999885559082,8.333333015441895,2020-09-02,0.477245956659317,2.0,"{""type"":""Point"",""coordinates"":[93.33176062846466,26.08907376367448]}"
670,10,0.04278399795293808,159.62803649902344,2022-06-07,492.4593505859375,0,2.0,24.420000076293945,2022-06-07,2022-06-06,11.77389907836914,299.15325927734375,2022-06-08,13.65999984741211,20.83333396911621,2022-06-07,0.4799124300479889,1.0,"{""type"":""Point"",""coordinates"":[95.6358878982953,24.304344170587107]}"
671,30,0.0665062740445137,162.7061004638672,2021-05-26,4417.49951171875,0,3.0,1.5,2021-05-26,2021-05-25,34.5815315246582,278.9701232910156,2021-05-27,0.4599999785423279,0.0,2021-05-26,0.4177824556827545,1.0,"{""type"":""Point"",""coordinates"":[93.26856661417787,28.70448956563636]}"
672,40,0.06204400584101677,130.91554260253906,2021-07-20,5.4941792488098145,0,4.0,272.6399841308594,2021-07-20,2021-07-19,0.369164377450943,302.6005859375,2021-07-21,21.40999984741211,29.16666603088379,2021-07-20,0.4032846987247467,4.0,"{""type"":""Point"",""coordinates"":[89.81544086047391,23.582742561569642]}"
673,10,0.028671450912952423,315.9989318847656,2020-05-02,1393.1531982421875,0,2.0,1.0,2020-05-02,2020-05-01,9.969903945922852,291.8708190917969,2020-05-03,1.9899998903274536,2.0833332538604736,2020-05-02,0.3330179750919342,1.0,"{""type"":""Point"",""coordinates"":[93.39462176213485,23.637395209360974]}"
674,10,0.057228464633226395,272.9612121582031,2021-09-22,985.4574584960938,0,14.0,68.5,2021-09-22,2021-09-21,33.581153869628906,294.09979248046875,2021-09-23,4.269999980926514,6.25,2021-09-22,0.4907290041446686,2.0,"{""type"":""Point"",""coordinates"":[93.98813587463844,24.29274504703128]}"
675,40,0.22863228619098663,288.6847229003906,2023-03-18,16.248531341552734,0,1.0,17.03999900817871,2023-03-18,2023-03-17,0.8413523435592651,297.7590026855469,2023-03-19,27.06999969482422,22.91666603088379,2023-03-18,0.3830045163631439,1.0,"{""type"":""Point"",""coordinates"":[90.07066020676838,24.755901718466905]}"
676,10,0.9022781252861023,229.85826110839844,2022-12-05,964.7701416015625,0,2.0,0.0,2022-12-05,2022-12-04,26.067399978637695,289.9589538574219,2022-12-06,0.0,0.0,2022-12-05,0.30545997619628906,2.0,"{""type"":""Point"",""coordinates"":[96.97351847143474,26.65305664536617]}"
677,20,0.4955168068408966,275.87200927734375,2021-03-25,598.3866577148438,0,1992.0,0.0,2021-03-25,2021-03-24,12.592885971069336,295.8271484375,2021-03-26,0.0,0.0,2021-03-25,0.2160186767578125,3.0,"{""type"":""Point"",""coordinates"":[93.55225226156507,24.158444319084506]}"
678,40,0.07915113121271133,52.07592010498047,2020-05-25,88.38780212402344,0,3.0,4.099999904632568,2020-05-25,2020-05-24,1.7543597221374512,298.42083740234375,2020-05-26,65.58000183105469,43.75,2020-05-25,0.4871025085449219,2.0,"{""type"":""Point"",""coordinates"":[94.08726669406948,26.56498650062623]}"
679,100,-0.018772710114717484,5.867984771728516,2022-03-14,4480.0830078125,0,8.0,13.84000015258789,2022-03-14,2022-03-13,32.1910514831543,272.06085205078125,2022-03-15,0.0,0.0,2022-03-14,0.30574163794517517,8.0,"{""type"":""Point"",""coordinates"":[96.820677863652,28.862979306918657]}"
680,10,0.2511831223964691,175.6207275390625,2021-04-12,631.5927124023438,0,2.0,0.19999998807907104,2021-04-12,2021-04-11,14.325934410095215,299.5133361816406,2021-04-13,0.09999999403953552,0.0,2021-04-12,0.28559622168540955,2.0,"{""type"":""Point"",""coordinates"":[97.44996805044717,22.577996686528326]}"
681,40,0.11861380934715271,328.0030822753906,2022-01-25,11.265786170959473,0,11.0,0.0,2022-01-25,2022-01-24,0.483664870262146,292.7468566894531,2022-01-26,0.0,0.0,2022-01-25,0.2156861573457718,11.0,"{""type"":""Point"",""coordinates"":[90.47970623813686,24.730544245712977]}"
682,10,0.29339244961738586,284.4717102050781,2019-05-17,470.0875244140625,0,1.0,1.25,2019-05-17,2019-05-16,8.354738235473633,298.06317138671875,2019-05-18,37.2599983215332,22.91666603088379,2019-05-17,0.45409202575683594,1.0,"{""type"":""Point"",""coordinates"":[90.28635431998619,25.690629297693263]}"
683,70,-0.02246662601828575,337.0456848144531,2022-03-14,5382.4033203125,0,2.0,0.0,2022-03-14,2022-03-13,27.5712890625,269.1684265136719,2022-03-15,0.5399999618530273,0.0,2022-03-14,0.225555419921875,2.0,"{""type"":""Point"",""coordinates"":[92.06889506510176,27.798164013906867]}"
684,80,-0.12909679114818573,-0.0,2023-03-09,0.0,0,0.0,0.0,2023-03-09,2023-03-08,0.0,302.892333984375,2023-03-10,0.03999999910593033,0.0,2023-03-09,0.1990966796875,0.0,"{""type"":""Point"",""coordinates"":[89.22176405853213,21.997268915084316]}"
685,30,0.1186227947473526,30.79145050048828,2019-09-26,3652.42529296875,0,1.0,0.0,2019-09-26,2019-09-25,37.039100646972656,283.8537902832031,2019-09-27,0.0,0.0,2019-09-26,0.41172346472740173,1.0,"{""type"":""Point"",""coordinates"":[95.04486519455534,29.409772319788576]}"
686,10,0.06411297619342804,133.38623046875,2023-08-19,248.52940368652344,0,2.0,9.719999313354492,2023-08-19,2023-08-18,8.578478813171387,300.91259765625,2023-08-20,0.0,0.0,2023-08-19,0.4256337583065033,2.0,"{""type"":""Point"",""coordinates"":[95.5429716854666,24.505471281224384]}"
687,10,0.6968711614608765,33.52776336669922,2020-02-11,189.27865600585938,0,1.0,0.0,2020-02-11,2020-02-10,7.4755144119262695,294.49945068359375,2020-02-12,0.0,0.0,2020-02-11,0.260571151971817,1.0,"{""type"":""Point"",""coordinates"":[94.71775809334571,22.59560621210402]}"
688,60,-0.026522886008024216,111.46697998046875,2019-06-28,4792.02587890625,0,2.0,1.9800000190734863,2019-06-28,2019-06-27,42.878238677978516,277.60992431640625,2019-06-29,0.9099999666213989,2.0833332538604736,2019-06-28,0.42852529883384705,2.0,"{""type"":""Point"",""coordinates"":[91.68525854357907,27.89299917519373]}"
689,10,0.009870517067611217,195.39889526367188,2020-10-31,2809.783203125,0,3.0,0.47999998927116394,2020-10-31,2020-10-30,36.256072998046875,282.3570556640625,2020-11-01,8.309999465942383,6.25,2020-10-31,0.37834611535072327,2.0,"{""type"":""Point"",""coordinates"":[97.43321267613607,28.084428997874223]}"
690,10,0.13858534395694733,32.36074447631836,2019-04-29,293.6075439453125,0,3.0,14.919999122619629,2019-04-29,2019-04-28,18.369083404541016,296.2388610839844,2019-04-30,29.969999313354492,31.25,2019-04-29,0.4667269289493561,1.0,"{""type"":""Point"",""coordinates"":[95.04951824193448,26.79943800739968]}"
691,10,0.5797809362411499,330.143310546875,2020-02-26,123.88052368164062,0,5.0,6.839999675750732,2020-02-26,2020-02-25,21.676185607910156,293.7900695800781,2020-02-27,14.559999465942383,22.91666603088379,2020-02-26,0.16804759204387665,4.0,"{""type"":""Point"",""coordinates"":[92.80064326144365,24.349460756652952]}"
692,10,0.23632054030895233,243.68765258789062,2020-02-07,1949.1214599609375,0,1.0,0.0,2020-02-07,2020-02-06,17.513601303100586,285.33709716796875,2020-02-08,0.5899999737739563,0.0,2020-02-07,0.48728689551353455,1.0,"{""type"":""Point"",""coordinates"":[94.52854105129383,25.725284324482935]}"
693,80,-0.2080979347229004,-0.0,2022-01-10,0.0,0,0.0,0.0,2022-01-10,2022-01-09,0.0,0.0,2022-01-11,0.0,0.0,2022-01-10,0.0,0.0,"{""type"":""Point"",""coordinates"":[88.59907952979997,21.550571981388558]}"
694,10,0.08542180806398392,94.44857788085938,2021-08-16,62.917388916015625,0,4.0,448.55999755859375,2021-08-16,2021-08-15,4.462769985198975,300.3990783691406,2021-08-17,85.22000122070312,77.08333587646484,2021-08-16,0.4052034914493561,4.0,"{""type"":""Point"",""coordinates"":[92.41222670027469,22.735160930508776]}"
695,10,0.13423526287078857,91.93067932128906,2021-02-18,10.739717483520508,0,10.0,0.0,2021-02-18,2021-02-17,0.7934932708740234,297.5318908691406,2021-02-19,0.0,0.0,2021-02-18,0.1996593475341797,10.0,"{""type"":""Point"",""coordinates"":[91.15684237546976,23.635458962852937]}"
696,40,0.1074337363243103,49.14866638183594,2020-12-20,4.100028991699219,0,2.0,0.0,2020-12-20,2020-12-19,0.19783133268356323,292.524169921875,2020-12-21,0.0,0.0,2020-12-20,0.1253763884305954,1.0,"{""type"":""Point"",""coordinates"":[90.67653290641567,23.500549759948132]}"
697,10,0.039978742599487305,65.01787567138672,2021-06-03,479.5106201171875,0,2.0,129.89999389648438,2021-06-03,2021-06-02,21.50034523010254,302.5079650878906,2021-06-04,35.439998626708984,18.75,2021-06-03,0.47880807518959045,2.0,"{""type"":""Point"",""coordinates"":[94.58126082618334,22.431060470155465]}"
698,10,0.05046426132321358,12.945658683776855,2023-08-05,1301.27099609375,0,1.0,38.40999984741211,2023-08-05,2023-08-04,12.413771629333496,295.0705261230469,2023-08-06,18.619998931884766,29.16666603088379,2023-08-05,0.4394613802433014,1.0,"{""type"":""Point"",""coordinates"":[95.53565525732876,26.87814313370738]}"
699,60,-0.016586855053901672,92.92509460449219,2020-04-11,5147.845703125,0,1.0,0.9199999570846558,2020-04-11,2020-04-10,33.0084228515625,273.362060546875,2020-04-12,2.309999942779541,0.0,2020-04-11,0.3969917297363281,1.0,"{""type"":""Point"",""coordinates"":[92.33360361010494,29.098087089671335]}"
700,10,0.057513799518346786,225.48724365234375,2023-05-29,2233.537353515625,0,57.0,35.70000076293945,2023-05-29,2023-05-28,26.666301727294922,281.33721923828125,2023-05-30,0.0,0.0,2023-05-29,0.41334471106529236,51.0,"{""type"":""Point"",""coordinates"":[92.19157950751963,27.458393796624623]}"
701,60,0.18286147713661194,11.92604923248291,2022-08-04,120.11247253417969,0,1.0,7.019999980926514,2022-08-04,2022-08-03,1.37428617477417,302.3118591308594,2022-08-05,1.3299999237060547,2.0833332538604736,2022-08-04,0.4309724271297455,1.0,"{""type"":""Point"",""coordinates"":[95.49013864710086,22.338839180580734]}"
702,30,0.12473796308040619,124.91886138916016,2022-09-02,4931.0986328125,0,4.0,0.18000000715255737,2022-09-02,2022-09-01,28.0788631439209,287.31219482421875,2022-09-03,10.309999465942383,8.333333015441895,2022-09-02,0.39737001061439514,2.0,"{""type"":""Point"",""coordinates"":[91.54127568679874,29.070379868004842]}"
703,10,0.06147123873233795,124.76321411132812,2023-07-02,1129.479248046875,0,51.0,2046.885009765625,2023-07-02,2023-07-01,16.693830490112305,295.7070007324219,2023-07-03,169.6999969482422,54.16666793823242,2023-07-02,0.4762624204158783,51.0,"{""type"":""Point"",""coordinates"":[91.41514958698771,25.664875440398266]}"
704,60,0.17297957837581635,241.40611267089844,2019-11-24,3252.967529296875,0,53.0,78.97000122070312,2019-11-24,2019-11-23,37.00381851196289,274.9688415527344,2019-11-25,0.12999999523162842,0.0,2019-11-24,0.4000587463378906,53.0,"{""type"":""Point"",""coordinates"":[92.8891771827643,28.321700998448406]}"
705,10,0.08194806426763535,186.92396545410156,2023-10-28,1383.9302978515625,0,12.0,0.0,2023-10-28,2023-10-27,36.80921173095703,286.0570373535156,2023-10-29,4.869999885559082,0.0,2023-10-28,0.4009946286678314,10.0,"{""type"":""Point"",""coordinates"":[94.86817928579784,28.8547663205508]}"
706,10,0.08661071211099625,144.27642822265625,2021-07-26,1906.24267578125,0,2.0,3.3499999046325684,2021-07-26,2021-07-25,38.52017593383789,289.3592224121094,2021-07-27,17.469999313354492,22.91666603088379,2021-07-26,0.41515031456947327,1.0,"{""type"":""Point"",""coordinates"":[96.15352151329729,28.36752956607061]}"
707,10,0.4186939001083374,65.2163314819336,2020-01-04,46.004119873046875,0,67.0,5171.39990234375,2020-01-04,2020-01-03,23.49862289428711,294.69805908203125,2020-01-05,9.069999694824219,12.5,2020-01-04,0.302642822265625,65.0,"{""type"":""Point"",""coordinates"":[92.01603372687308,22.646898130155527]}"
708,10,0.883114755153656,341.0936584472656,2020-12-11,619.0162963867188,0,3.0,0.0,2020-12-11,2020-12-10,18.726634979248047,289.7809753417969,2020-12-12,0.0,0.0,2020-12-11,0.251721054315567,3.0,"{""type"":""Point"",""coordinates"":[92.57320678588196,23.731705431729686]}"
709,30,0.10597152262926102,301.13055419921875,2020-03-31,4733.021484375,0,2.0,0.0,2020-03-31,2020-03-30,30.117595672607422,277.0133361816406,2020-04-01,0.7899999618530273,0.0,2020-03-31,0.10017522424459457,1.0,"{""type"":""Point"",""coordinates"":[92.31153654690247,28.170461275395855]}"
710,40,0.5161222815513611,277.3575744628906,2023-04-17,13.119881629943848,0,10.0,0.0,2023-04-17,2023-04-16,1.6711833477020264,307.8628845214844,2023-04-18,0.0,0.0,2023-04-17,0.14194361865520477,1.0,"{""type"":""Point"",""coordinates"":[88.09494370065164,23.383509907251078]}"
711,10,0.45643582940101624,139.6579132080078,2020-12-20,1362.194580078125,0,11.0,0.0,2020-12-20,2020-12-19,48.142513275146484,285.7353515625,2020-12-21,0.0,0.0,2020-12-20,0.308544784784317,11.0,"{""type"":""Point"",""coordinates"":[94.76820881551643,25.93664265885208]}"
712,0,-0.0132064800709486,-0.0,2021-08-12,0.0,0,0.0,0.0,2021-08-12,2021-08-11,0.0,0.0,2021-08-13,46.790000915527344,68.75,2021-08-12,0.0,0.0,"{""type"":""Point"",""coordinates"":[91.54078823467026,21.98106286825975]}"
713,70,-0.04117164388298988,44.39979553222656,2022-12-19,5210.83935546875,0,1.0,0.0,2022-12-19,2022-12-18,23.64027976989746,273.80450439453125,2022-12-20,0.029999999329447746,0.0,2022-12-19,0.31525740027427673,1.0,"{""type"":""Point"",""coordinates"":[91.47168480159488,27.934458575420788]}"
714,10,0.8370786309242249,59.653926849365234,2019-12-20,308.1294860839844,0,1.0,0.0,2019-12-20,2019-12-19,14.141176223754883,291.3036804199219,2019-12-21,0.0,0.0,2019-12-20,0.3003520965576172,1.0,"{""type"":""Point"",""coordinates"":[95.4913688659332,24.62831789824213]}"
715,60,0.5845839977264404,61.202152252197266,2022-12-20,48.151485443115234,0,1.0,0.0,2022-12-20,2022-12-19,2.7679080963134766,294.0107727050781,2022-12-21,0.0,0.0,2022-12-20,0.14890797436237335,1.0,"{""type"":""Point"",""coordinates"":[89.45145152424429,26.339207397684515]}"
716,30,0.05459333211183548,118.63410186767578,2019-09-14,4388.72265625,0,12.0,14.359999656677246,2019-09-14,2019-09-13,28.251789093017578,284.873779296875,2019-09-15,1.9499999284744263,4.166666507720947,2019-09-14,0.42651811242103577,2.0,"{""type"":""Point"",""coordinates"":[89.84397698908361,27.829808042492125]}"
717,30,0.09698052704334259,246.5646209716797,2019-10-11,4967.6923828125,0,1.0,0.0,2019-10-11,2019-10-10,27.532833099365234,279.89453125,2019-10-12,0.0,0.0,2019-10-11,0.3870474398136139,1.0,"{""type"":""Point"",""coordinates"":[91.37587798833462,29.04181590825641]}"
718,40,0.3025280237197876,187.71192932128906,2020-01-25,61.61806106567383,0,2274.0,0.0,2020-01-25,2020-01-24,0.15964244306087494,298.04388427734375,2020-01-26,0.0,0.0,2020-01-25,0.2652759552001953,2274.0,"{""type"":""Point"",""coordinates"":[95.35133297747335,21.5669546334938]}"
719,10,0.003620501607656479,284.44744873046875,2023-02-24,3256.93408203125,0,1.0,3.0399999618530273,2023-02-24,2023-02-23,32.322967529296875,278.48284912109375,2023-02-25,0.7599999904632568,0.0,2023-02-24,0.42967286705970764,1.0,"{""type"":""Point"",""coordinates"":[88.61797892841105,27.47337900983829]}"
720,10,0.46111008524894714,156.63743591308594,2023-02-19,1124.14404296875,0,2.0,0.0,2023-02-19,2023-02-18,21.111907958984375,291.8208923339844,2023-02-20,0.0,0.0,2023-02-19,0.15387789905071259,2.0,"{""type"":""Point"",""coordinates"":[93.88324000331214,23.5029522059112]}"
721,40,0.22066129744052887,180.14244079589844,2023-05-20,14.234808921813965,0,3.0,13.429999351501465,2023-05-20,2023-05-19,0.49513617157936096,304.34442138671875,2023-05-21,0.0,0.0,2023-05-20,0.35702767968177795,1.0,"{""type"":""Point"",""coordinates"":[88.16571695104567,23.524886876569493]}"
722,50,0.11840492486953735,171.5188446044922,2019-12-25,7.139950752258301,0,1.0,0.0,2019-12-25,2019-12-24,0.41933882236480713,293.5968017578125,2019-12-26,0.0,0.0,2019-12-25,0.1762116700410843,1.0,"{""type"":""Point"",""coordinates"":[88.2842882885459,22.561274533441097]}"
723,70,-0.15459753572940826,293.1082458496094,2021-03-03,6459.85986328125,0,1.0,0.0,2021-03-03,2021-03-02,14.09666633605957,260.0149841308594,2021-03-04,0.0,0.0,2021-03-03,0.1834595948457718,1.0,"{""type"":""Point"",""coordinates"":[90.29562996443127,28.204129838863267]}"
724,10,0.1465775966644287,56.5279541015625,2022-05-01,917.125,0,2.0,32.02000045776367,2022-05-01,2022-04-30,30.877304077148438,300.6199645996094,2022-05-02,1.25,0.0,2022-05-01,0.3500010073184967,2.0,"{""type"":""Point"",""coordinates"":[96.35539838564212,24.59736873459736]}"
725,10,0.39166259765625,294.8663024902344,2019-02-21,132.44300842285156,0,3.0,0.0,2019-02-21,2019-02-20,21.97499656677246,295.393798828125,2019-02-22,0.0,0.0,2019-02-21,0.14327430725097656,3.0,"{""type"":""Point"",""coordinates"":[92.53125051140294,21.677070080576186]}"
726,30,0.11538529396057129,178.39512634277344,2020-05-08,428.4183349609375,0,1.0,9.219999313354492,2020-05-08,2020-05-07,5.331727981567383,296.8299560546875,2020-05-09,0.0,0.0,2020-05-08,0.3995431363582611,1.0,"{""type"":""Point"",""coordinates"":[92.18709369592017,25.182033888914923]}"
727,40,0.24723322689533234,239.95228576660156,2021-04-03,3.581326484680176,0,9.0,0.0,2021-04-03,2021-04-02,0.6838005185127258,304.9421691894531,2021-04-04,0.0,0.0,2021-04-03,0.24781925976276398,1.0,"{""type"":""Point"",""coordinates"":[88.41268389485056,21.866713089043586]}"
728,10,0.2388734370470047,332.0703125,2020-01-27,1331.4857177734375,0,5.0,0.0,2020-01-27,2020-01-26,27.007701873779297,284.3376770019531,2020-01-28,0.1599999964237213,0.0,2020-01-27,0.34654173254966736,5.0,"{""type"":""Point"",""coordinates"":[93.4528244346422,25.172255265658112]}"
729,40,0.3597860336303711,330.57763671875,2023-02-04,4.4681477546691895,0,20.0,0.0,2023-02-04,2023-02-03,1.4664311408996582,294.6347351074219,2023-02-05,0.0,0.0,2023-02-04,0.1397533416748047,1.0,"{""type"":""Point"",""coordinates"":[88.75437765557717,22.81863152268043]}"
730,10,0.5935502052307129,16.644271850585938,2023-09-26,215.66233825683594,0,5.0,5.449999809265137,2023-09-26,2023-09-25,7.384437084197998,298.6884765625,2023-09-27,4.650000095367432,10.416666984558105,2023-09-26,0.3955484926700592,5.0,"{""type"":""Point"",""coordinates"":[92.98503983501585,24.17753172787191]}"
731,40,0.12000493705272675,343.51904296875,2023-05-16,5.50301456451416,0,120.0,1930.7999267578125,2023-05-16,2023-05-15,0.3260171711444855,305.3322448730469,2023-05-17,41.209999084472656,18.75,2023-05-16,0.16171963512897491,120.0,"{""type"":""Point"",""coordinates"":[89.97136641609035,23.798651766856846]}"
732,10,-0.012567280791699886,46.93507385253906,2019-09-28,1319.8138427734375,0,1.0,0.0,2019-09-28,2019-09-27,26.74318504333496,294.05865478515625,2019-09-29,0.5199999809265137,0.0,2019-09-28,0.4108785092830658,1.0,"{""type"":""Point"",""coordinates"":[93.92227079432537,21.723072869984755]}"
733,50,0.2463947832584381,67.99398803710938,2023-05-12,410.3592529296875,0,1.0,2.2699999809265137,2023-05-12,2023-05-11,8.399380683898926,301.7914123535156,2023-05-13,3.809999942779541,4.166666507720947,2023-05-12,0.3256498873233795,1.0,"{""type"":""Point"",""coordinates"":[96.26971392128364,25.573451985936853]}"
734,10,0.6193634271621704,160.85557556152344,2019-01-21,158.38861083984375,0,3.0,0.0,2019-01-21,2019-01-20,16.899572372436523,292.1314392089844,2019-01-22,0.0,0.0,2019-01-21,0.17133839428424835,1.0,"{""type"":""Point"",""coordinates"":[92.40066143769866,21.597318651089882]}"
735,10,0.0511697381734848,19.563365936279297,2019-08-02,1227.226318359375,0,6.0,69.02400207519531,2019-08-02,2019-08-01,25.840614318847656,294.1333312988281,2019-08-03,25.189998626708984,22.91666603088379,2019-08-02,0.46126365661621094,6.0,"{""type"":""Point"",""coordinates"":[95.39862135032537,26.723352024646776]}"
736,40,0.010829261504113674,242.09487915039062,2020-08-02,951.7490234375,0,3.0,18.173999786376953,2020-08-02,2020-08-01,2.594595193862915,298.524169921875,2020-08-03,5.199999809265137,6.25,2020-08-02,0.461468368768692,3.0,"{""type"":""Point"",""coordinates"":[96.43556343373882,22.478816640995323]}"
737,10,0.8489619493484497,104.3515853881836,2019-12-24,853.8196411132812,0,1.0,5.429999828338623,2019-12-24,2019-12-23,24.624908447265625,290.4598388671875,2019-12-25,0.0,0.0,2019-12-24,0.30079904198646545,1.0,"{""type"":""Point"",""coordinates"":[96.59295716353509,25.200169469252145]}"
738,10,0.7624619007110596,346.40570068359375,2020-11-19,19.243444442749023,0,115820.0,0.0,2020-11-19,2020-11-18,4.106199264526367,297.6155090332031,2020-11-20,0.0,0.0,2020-11-19,0.20329920947551727,115816.0,"{""type"":""Point"",""coordinates"":[88.3813142087002,23.40923809965873]}"
739,80,-0.030026741325855255,97.72943878173828,2020-03-12,122.54938507080078,0,2.0,17.510000228881836,2020-03-12,2020-03-11,0.619493305683136,293.2107238769531,2020-03-13,0.09999999403953552,0.0,2020-03-12,0.41906991600990295,1.0,"{""type"":""Point"",""coordinates"":[95.43944314148888,27.82962293916636]}"
740,10,0.10919986665248871,262.8313903808594,2023-02-21,4451.01953125,0,1.0,4.650000095367432,2023-02-21,2023-02-20,38.3548469543457,271.77252197265625,2023-02-22,0.0,0.0,2023-02-21,0.3369789123535156,1.0,"{""type"":""Point"",""coordinates"":[91.80992368332214,28.01848031164105]}"
741,40,0.2519248425960541,108.07843780517578,2021-03-18,29.041858673095703,0,728.0,0.0,2021-03-18,2021-03-17,2.5596923828125,300.5762939453125,2021-03-19,0.0,0.0,2021-03-18,0.14798037707805634,728.0,"{""type"":""Point"",""coordinates"":[88.01250331858512,25.49776951456263]}"
742,60,0.03487096354365349,250.6837615966797,2023-06-22,4241.79833984375,0,1055.0,27.989999771118164,2023-06-22,2023-06-21,19.352067947387695,272.5328674316406,2023-06-23,0.3199999928474426,0.0,2023-06-22,0.42503485083580017,1.0,"{""type"":""Point"",""coordinates"":[96.87536460759019,29.356479641710642]}"
743,10,0.0923028513789177,173.34619140625,2023-07-25,3991.357177734375,0,36.0,185.39999389648438,2023-07-25,2023-07-24,31.11275863647461,282.5377197265625,2023-07-26,9.470000267028809,2.0833332538604736,2023-07-25,0.41617774963378906,36.0,"{""type"":""Point"",""coordinates"":[93.17679589133746,28.700896112673213]}"
744,10,0.034834183752536774,146.9898681640625,2023-06-14,613.2453002929688,0,16.0,1235.3599853515625,2023-06-14,2023-06-13,14.371987342834473,296.8654479980469,2023-06-15,112.87999725341797,64.58333587646484,2023-06-14,0.4264799654483795,16.0,"{""type"":""Point"",""coordinates"":[94.32676255921271,27.670071488007473]}"
745,30,0.09100886434316635,53.24446105957031,2021-10-28,4444.05224609375,0,3.0,0.0,2021-10-28,2021-10-27,8.329301834106445,277.57257080078125,2021-10-29,0.0,0.0,2021-10-28,0.4123624265193939,1.0,"{""type"":""Point"",""coordinates"":[93.82131722839975,28.868969081428673]}"
746,40,0.09051067382097244,0.76926189661026,2019-07-10,69.43927001953125,0,18.0,43.55999755859375,2019-07-10,2019-07-09,0.293296754360199,302.3591613769531,2019-07-11,4.119999885559082,2.0833332538604736,2019-07-10,0.4487985074520111,18.0,"{""type"":""Point"",""coordinates"":[95.22680473083616,21.989018410957343]}"
747,10,0.26200929284095764,211.04324340820312,2020-11-12,1322.0535888671875,0,7.0,0.0,2020-11-12,2020-11-11,16.996572494506836,292.30718994140625,2020-11-13,0.0,0.0,2020-11-12,0.35132917761802673,7.0,"{""type"":""Point"",""coordinates"":[93.14015497906219,22.71660140072111]}"
748,80,0.2433491349220276,-0.0,2019-12-30,89.0,0,1.0,0.0,2019-12-30,2019-12-29,0.0,291.16790771484375,2019-12-31,0.0,0.0,2019-12-30,0.28767648339271545,1.0,"{""type"":""Point"",""coordinates"":[96.4579483753574,24.294277657995938]}"
749,40,-0.04105120897293091,299.1059875488281,2023-09-10,3.1582906246185303,0,94.0,3.0899999141693115,2023-09-10,2023-09-09,2.023174524307251,303.3760681152344,2023-09-11,15.369999885559082,14.583333015441895,2023-09-10,0.40062013268470764,1.0,"{""type"":""Point"",""coordinates"":[90.34769519829888,23.774534514063298]}"
750,60,0.1085391566157341,61.448665618896484,2023-11-16,3857.17041015625,0,5.0,0.0,2023-11-16,2023-11-15,17.0162410736084,272.7541809082031,2023-11-17,0.0,0.0,2023-11-16,0.2576204836368561,5.0,"{""type"":""Point"",""coordinates"":[92.59396280894663,28.947859870014664]}"
751,10,0.07605136185884476,48.24747848510742,2019-06-23,1878.34619140625,0,74.0,1144.7799072265625,2019-06-23,2019-06-22,25.694759368896484,291.08502197265625,2019-06-24,12.699999809265137,20.83333396911621,2019-06-23,0.4273592531681061,74.0,"{""type"":""Point"",""coordinates"":[95.68204362866615,28.637796602003213]}"
752,10,0.04063979908823967,285.56878662109375,2019-03-15,3589.052490234375,0,4.0,4.559999942779541,2019-03-15,2019-03-14,35.23729705810547,281.2605285644531,2019-03-16,10.039999961853027,14.583333015441895,2019-03-15,0.36586061120033264,4.0,"{""type"":""Point"",""coordinates"":[88.01189864935395,27.402902016241832]}"
753,10,-0.013611246831715107,22.1563777923584,2022-10-03,3800.462890625,0,1.0,1.909999966621399,2022-10-03,2022-10-02,29.199872970581055,281.2174377441406,2022-10-04,1.5399999618530273,2.0833332538604736,2022-10-03,0.39290937781333923,1.0,"{""type"":""Point"",""coordinates"":[91.72155375561753,27.810240410999132]}"
754,40,0.47078195214271545,277.9524230957031,2022-02-23,2.2318930625915527,0,3.0,0.0,2022-02-23,2022-02-22,0.2647877633571625,294.5015563964844,2022-02-24,0.0,0.0,2022-02-23,0.20249366760253906,3.0,"{""type"":""Point"",""coordinates"":[90.6242410262735,22.74063351975108]}"
755,40,0.0022156264167279005,100.47904205322266,2021-06-15,83.22628784179688,0,14.0,465.6399841308594,2021-06-15,2021-06-14,0.6966686844825745,300.0176086425781,2021-06-16,52.689998626708984,18.75,2021-06-15,0.4599812924861908,14.0,"{""type"":""Point"",""coordinates"":[91.8276509105049,26.661774988718]}"
756,40,0.038455113768577576,13.663775444030762,2023-09-12,191.6012420654297,0,37.0,193.13999938964844,2023-09-12,2023-09-11,5.387368202209473,298.8248291015625,2023-09-13,4.960000038146973,6.25,2023-09-12,0.48435845971107483,37.0,"{""type"":""Point"",""coordinates"":[94.01477371851395,22.683031351546557]}"
757,10,0.17693117260932922,333.9098815917969,2019-09-06,166.618408203125,0,1.0,111.51000213623047,2019-09-06,2019-09-05,12.35995101928711,299.55023193359375,2019-09-07,13.109999656677246,14.583333015441895,2019-09-06,0.48237481713294983,1.0,"{""type"":""Point"",""coordinates"":[95.17597940907567,25.22685857803449]}"
758,95,0.2723090648651123,272.8763122558594,2019-05-09,2.9365150928497314,0,1.0,0.0,2019-05-09,2019-05-08,0.11016830801963806,304.2658386230469,2019-05-10,0.0,0.0,2019-05-09,0.33440399169921875,1.0,"{""type"":""Point"",""coordinates"":[88.61941590687204,21.889984272612942]}"
759,40,0.12266765534877777,141.46240234375,2019-07-02,59.003662109375,0,341.0,4411.85791015625,2019-07-02,2019-07-01,1.3681728839874268,303.736572265625,2019-07-03,77.37999725341797,37.5,2019-07-02,0.4766305387020111,341.0,"{""type"":""Point"",""coordinates"":[92.51669934282847,26.52643047220107]}"
760,30,0.43331047892570496,208.34625244140625,2021-01-30,693.5281982421875,0,3.0,0.0,2021-01-30,2021-01-29,5.374441146850586,292.02520751953125,2021-01-31,0.0,0.0,2021-01-30,0.27466264367103577,3.0,"{""type"":""Point"",""coordinates"":[96.99375725807553,21.561154876182655]}"
761,10,0.2041579633951187,76.28211212158203,2020-10-29,160.0077667236328,0,1.0,0.0,2020-10-29,2020-10-28,18.189271926879883,298.8875732421875,2020-10-30,0.0,0.0,2020-10-29,0.3787689208984375,1.0,"{""type"":""Point"",""coordinates"":[92.18584431647818,23.575438473373058]}"
762,10,0.029393542557954788,120.85897827148438,2022-02-18,3061.537353515625,0,11.0,23.479999542236328,2022-02-18,2022-02-17,26.062400817871094,273.8546142578125,2022-02-19,2.2899999618530273,0.0,2022-02-18,0.38830628991127014,2.0,"{""type"":""Point"",""coordinates"":[89.29130686157848,27.342958745437787]}"
763,40,0.43829968571662903,18.69026756286621,2021-11-26,96.8974380493164,0,2.0,0.0,2021-11-26,2021-11-25,1.4840433597564697,298.4893493652344,2021-11-27,0.0,0.0,2021-11-26,0.3244679868221283,2.0,"{""type"":""Point"",""coordinates"":[95.84320004186782,21.823028821953027]}"
764,40,0.04310399293899536,200.0462188720703,2022-03-11,10.085006713867188,0,945.0,0.0,2022-03-11,2022-03-10,0.3560587167739868,298.0623474121094,2022-03-12,0.0,0.0,2022-03-11,0.2052561491727829,945.0,"{""type"":""Point"",""coordinates"":[91.58536919589368,25.128763008485247]}"
765,40,0.052875082939863205,162.33758544921875,2023-07-26,11.403106689453125,0,8.0,0.0,2023-07-26,2023-07-25,0.26335662603378296,304.64617919921875,2023-07-27,2.8899998664855957,4.166666507720947,2023-07-26,0.31060028076171875,8.0,"{""type"":""Point"",""coordinates"":[89.29595800103857,24.53674625911202]}"
766,10,0.06880929321050644,265.9382019042969,2023-11-12,1493.12451171875,0,1.0,0.009999999776482582,2023-11-12,2023-11-11,15.129992485046387,294.36041259765625,2023-11-13,0.0,0.0,2023-11-12,0.37582144141197205,1.0,"{""type"":""Point"",""coordinates"":[96.24312765319164,23.017440456696576]}"
767,40,0.03216984122991562,245.33697509765625,2023-06-28,138.49026489257812,0,1795.0,0.0,2023-06-28,2023-06-27,0.6341646313667297,302.498046875,2023-06-29,0.0,0.0,2023-06-28,0.4025033414363861,1795.0,"{""type"":""Point"",""coordinates"":[95.59261919063881,23.01601462755032]}"
768,40,0.14969031512737274,354.652099609375,2023-09-18,19.32940101623535,0,16.0,816.1599731445312,2023-09-18,2023-09-17,0.32741305232048035,303.5847473144531,2023-09-19,62.2599983215332,35.41666793823242,2023-09-18,0.40518951416015625,16.0,"{""type"":""Point"",""coordinates"":[92.1946345831825,24.41864134247383]}"
769,10,0.10612073540687561,112.00752258300781,2023-08-16,164.13510131835938,0,1.0,37.40999984741211,2023-08-16,2023-08-15,3.4950034618377686,302.38604736328125,2023-08-17,61.09000015258789,25.0,2023-08-16,0.46773847937583923,1.0,"{""type"":""Point"",""coordinates"":[94.7818654685135,24.42655463110093]}"
770,10,-0.020961804315447807,309.5141906738281,2022-09-26,19.509746551513672,0,1.0,11.219999313354492,2022-09-26,2022-09-25,4.676919460296631,301.9194641113281,2022-09-27,7.139999866485596,10.416666984558105,2022-09-26,0.38090577721595764,1.0,"{""type"":""Point"",""coordinates"":[88.88099718539536,24.768069027981934]}"
771,10,0.790996253490448,264.70904541015625,2020-12-07,1344.926025390625,0,1.0,0.0,2020-12-07,2020-12-06,23.68068504333496,287.0393371582031,2020-12-08,0.0,0.0,2020-12-07,0.23183441162109375,1.0,"{""type"":""Point"",""coordinates"":[93.7810914523462,21.67508741277387]}"
772,10,0.1461760699748993,333.7178649902344,2022-04-01,13.527215003967285,0,2.0,0.0,2022-04-01,2022-03-31,3.809746742248535,302.8830261230469,2022-04-02,0.15400001406669617,0.0,2022-04-01,0.1789722442626953,1.0,"{""type"":""Point"",""coordinates"":[90.0328025985958,24.02040496700209]}"
773,10,0.5847222805023193,290.2853698730469,2022-11-22,235.10736083984375,0,4.0,0.0,2022-11-22,2022-11-21,12.332686424255371,295.0657653808594,2022-11-23,0.0,0.0,2022-11-22,0.25104522705078125,4.0,"{""type"":""Point"",""coordinates"":[92.47554090603916,23.317019857199124]}"
774,10,0.3457655608654022,182.95513916015625,2019-05-17,203.92156982421875,0,1.0,2.929999828338623,2019-05-17,2019-05-16,2.6755661964416504,304.18548583984375,2019-05-18,0.0,0.0,2019-05-17,0.34846749901771545,1.0,"{""type"":""Point"",""coordinates"":[95.63371706170103,23.538397007703058]}"
775,10,0.26121756434440613,358.6626281738281,2019-04-04,263.2984924316406,0,2.0,0.0,2019-04-04,2019-04-03,15.804709434509277,296.8785095214844,2019-04-05,0.9499999284744263,2.0833332538604736,2019-04-04,0.2502479553222656,2.0,"{""type"":""Point"",""coordinates"":[94.38166900900255,24.490088450422366]}"
776,10,0.031219128519296646,29.74977684020996,2021-06-03,1340.6015625,0,4.0,30.0,2021-06-03,2021-06-02,24.55406951904297,293.38671875,2021-06-04,6.21999979019165,6.25,2021-06-03,0.4249967038631439,1.0,"{""type"":""Point"",""coordinates"":[93.40014355580269,27.237120348854923]}"
777,10,0.049951888620853424,246.4777374267578,2022-06-25,17.178483963012695,0,3.0,10.170000076293945,2022-06-25,2022-06-24,4.432147979736328,302.7767028808594,2022-06-26,0.0,0.0,2022-06-25,0.36838021874427795,3.0,"{""type"":""Point"",""coordinates"":[88.82362697575401,24.21429408330554]}"
778,10,0.04897230491042137,267.5191650390625,2020-10-16,3813.371337890625,0,1.0,0.0,2020-10-16,2020-10-15,37.807865142822266,281.3480529785156,2020-10-17,0.0,0.0,2020-10-16,0.2799002230167389,1.0,"{""type"":""Point"",""coordinates"":[97.46150787204166,28.62793610886204]}"
779,40,0.5896101593971252,75.10212707519531,2023-11-13,29.961875915527344,0,1.0,0.0,2023-11-13,2023-11-12,0.3379909098148346,298.0018005371094,2023-11-14,0.0,0.0,2023-11-13,0.17464129626750946,1.0,"{""type"":""Point"",""coordinates"":[88.43910149074999,25.344027579588847]}"
780,40,0.19117626547813416,131.5653533935547,2023-06-25,3.703289031982422,0,1.0,6.989999771118164,2023-06-25,2023-06-24,0.2302234172821045,299.777587890625,2023-06-26,9.510000228881836,10.416666984558105,2023-06-25,0.41579118371009827,1.0,"{""type"":""Point"",""coordinates"":[92.0636973729437,22.105985398353805]}"
781,10,0.22196760773658752,136.8715057373047,2020-11-13,214.31399536132812,0,1.0,0.0,2020-11-13,2020-11-12,27.658706665039062,295.7049255371094,2020-11-14,0.0,0.0,2020-11-13,0.4056333005428314,1.0,"{""type"":""Point"",""coordinates"":[95.51066235548191,24.842625073462578]}"
782,40,0.043920621275901794,187.7762451171875,2019-07-24,82.2397232055664,0,4.0,439.03997802734375,2019-07-24,2019-07-23,0.4547705054283142,298.8510437011719,2019-07-25,24.10999870300293,33.33333206176758,2019-07-24,0.4900856018066406,4.0,"{""type"":""Point"",""coordinates"":[91.71943468046054,26.6805233490679]}"
783,10,0.05810246989130974,13.7255220413208,2022-10-16,458.23858642578125,0,22.0,0.0,2022-10-16,2022-10-15,16.740276336669922,296.8541259765625,2022-10-17,0.0,0.0,2022-10-16,0.42764344811439514,22.0,"{""type"":""Point"",""coordinates"":[90.44231879754956,25.549213895458113]}"
784,40,0.04793073609471321,98.49229431152344,2020-01-25,169.62417602539062,0,14906.0,0.0,2020-01-25,2020-01-24,0.6875745058059692,292.66766357421875,2020-01-26,0.0,0.0,2020-01-25,0.3094113767147064,1.0,"{""type"":""Point"",""coordinates"":[95.46845320578645,23.683940660521824]}"
785,10,-0.04903262481093407,235.08778381347656,2023-05-24,284.49859619140625,0,66.0,3.319999933242798,2023-05-24,2023-05-23,4.780483722686768,300.42022705078125,2023-05-25,18.920000076293945,18.75,2023-05-24,0.3794994354248047,1.0,"{""type"":""Point"",""coordinates"":[96.69248774753468,23.23375356381569]}"
786,10,0.03436172381043434,352.2264099121094,2019-10-11,3197.5185546875,0,2.0,0.6899999976158142,2019-10-11,2019-10-10,35.98982238769531,280.98095703125,2019-10-12,0.0,0.0,2019-10-11,0.4266122281551361,1.0,"{""type"":""Point"",""coordinates"":[96.00760981347176,28.980437659938236]}"
787,60,0.038683030754327774,87.13435363769531,2021-11-12,4113.7626953125,0,54.0,0.0,2021-11-12,2021-11-11,12.282022476196289,273.49365234375,2021-11-13,0.0,0.0,2021-11-12,0.28226661682128906,1.0,"{""type"":""Point"",""coordinates"":[88.08753298916416,29.234171427256637]}"
788,10,0.12748019397258759,336.030517578125,2023-06-08,1704.563720703125,0,8.0,0.09999999403953552,2023-06-08,2023-06-07,23.326623916625977,292.34100341796875,2023-06-09,4.849999904632568,6.25,2023-06-08,0.3818581998348236,1.0,"{""type"":""Point"",""coordinates"":[94.94920193381765,28.903559410676976]}"
789,40,0.2397051602602005,4.4306745529174805,2021-05-08,141.0762176513672,0,1.0,22.60999870300293,2021-05-08,2021-05-07,1.2199020385742188,303.41949462890625,2021-05-09,0.0,0.0,2021-05-08,0.4319426119327545,1.0,"{""type"":""Point"",""coordinates"":[95.589867475171,22.96839204212062]}"
790,30,0.13773834705352783,164.80560302734375,2021-12-26,4423.640625,0,3.0,0.0,2021-12-26,2021-12-25,20.8850040435791,270.9051513671875,2021-12-27,0.0,0.0,2021-12-26,0.2920583188533783,3.0,"{""type"":""Point"",""coordinates"":[88.01321990090528,29.101562398334618]}"
791,60,0.04084230586886406,199.62924194335938,2022-06-04,2.26690673828125,0,2277.0,0.0,2022-06-04,2022-06-03,0.44441354274749756,301.7400817871094,2022-06-05,0.0,0.0,2022-06-04,0.48213323950767517,2277.0,"{""type"":""Point"",""coordinates"":[89.59954710329738,22.810960113939785]}"
792,40,0.13548387587070465,93.70996856689453,2022-01-29,130.27723693847656,0,7.0,0.35999998450279236,2022-01-29,2022-01-28,0.22090472280979156,287.7822265625,2022-01-30,0.0,0.0,2022-01-29,0.40878233313560486,6.0,"{""type"":""Point"",""coordinates"":[95.14425028973479,27.804400683019526]}"
793,30,0.11865660548210144,296.4773864746094,2020-05-01,170.9705352783203,0,18.0,0.0,2020-05-01,2020-04-30,6.700612545013428,295.99188232421875,2020-05-02,0.15400001406669617,0.0,2020-05-01,0.38548216223716736,18.0,"{""type"":""Point"",""coordinates"":[97.1779305160344,25.237101350701728]}"
794,10,0.12139371782541275,14.568883895874023,2022-05-18,18.3328914642334,0,2.0,39.91999816894531,2022-05-18,2022-05-17,1.9509375095367432,302.59326171875,2022-05-19,0.22999998927116394,0.0,2022-05-18,0.47147879004478455,1.0,"{""type"":""Point"",""coordinates"":[90.63217157144845,24.179407962545206]}"
795,10,0.24342472851276398,13.848908424377441,2021-09-07,795.5518188476562,0,1.0,2.799999952316284,2021-09-07,2021-09-06,27.629154205322266,297.0154113769531,2021-09-08,4.149999618530273,8.333333015441895,2021-09-07,0.49460092186927795,1.0,"{""type"":""Point"",""coordinates"":[96.86526209926568,21.565061980858697]}"
796,10,0.19948875904083252,233.0591278076172,2021-06-27,246.44154357910156,0,97.0,5.349999904632568,2021-06-27,2021-06-26,4.81724739074707,301.13336181640625,2021-06-28,0.0,0.0,2021-06-27,0.42973265051841736,1.0,"{""type"":""Point"",""coordinates"":[96.21455599326801,24.367103415386826]}"
797,10,0.022228237241506577,264.4488830566406,2019-08-12,2935.055908203125,0,3.0,9.719999313354492,2019-08-12,2019-08-11,30.469058990478516,291.9076232910156,2019-08-13,9.050000190734863,14.583333015441895,2019-08-12,0.4090709686279297,3.0,"{""type"":""Point"",""coordinates"":[92.81182762673328,27.70970165740688]}"
798,40,0.07664673775434494,237.23635864257812,2020-05-22,8.323348999023438,0,1.0,0.0,2020-05-22,2020-05-21,3.807053804397583,300.54949951171875,2020-05-23,0.0,0.0,2020-05-22,0.4092375338077545,1.0,"{""type"":""Point"",""coordinates"":[90.39964156447424,23.656886161231434]}"
799,80,-0.27104824781417847,-0.0,2019-05-24,54.0,0,26.0,639.5999755859375,2019-05-24,2019-05-23,0.0,309.84234619140625,2019-05-25,15.970000267028809,12.5,2019-05-24,0.30284246802330017,26.0,"{""type"":""Point"",""coordinates"":[95.34025998983125,21.557288019606954]}"
800,30,0.07556971907615662,345.40911865234375,2023-04-14,4821.8720703125,0,1.0,2.5999999046325684,2023-04-14,2023-04-13,10.803730964660645,273.62451171875,2023-04-15,0.6200000047683716,0.0,2023-04-14,0.3195883333683014,1.0,"{""type"":""Point"",""coordinates"":[90.02833869817312,28.85085847973368]}"
801,40,0.10082796961069107,12.651799201965332,2020-05-17,871.7291259765625,0,1.0,7.0199995040893555,2020-05-17,2020-05-16,3.2299911975860596,299.0302429199219,2020-05-18,0.0,0.0,2020-05-17,0.33581480383872986,1.0,"{""type"":""Point"",""coordinates"":[97.04859408830728,22.607200686136945]}"
802,10,0.06739788502454758,261.095947265625,2023-08-06,999.413818359375,0,2.0,0.9199999570846558,2023-08-06,2023-08-05,32.208648681640625,296.6318359375,2023-08-07,6.75,10.416666984558105,2023-08-06,0.41808953881263733,1.0,"{""type"":""Point"",""coordinates"":[94.57210105441322,24.978646031856613]}"
803,30,0.25938257575035095,172.81126403808594,2020-02-07,3999.61083984375,0,15.0,0.7799999713897705,2020-02-07,2020-02-06,22.790081024169922,273.3869934082031,2020-02-08,0.10999999940395355,0.0,2020-02-07,0.39386940002441406,3.0,"{""type"":""Point"",""coordinates"":[89.52111179825003,27.533704853464098]}"
804,40,0.26559680700302124,219.18072509765625,2023-10-28,2.7386178970336914,0,2.0,0.0,2023-10-28,2023-10-27,0.24858441948890686,300.69482421875,2023-10-29,0.0,0.0,2023-10-28,0.3442617952823639,2.0,"{""type"":""Point"",""coordinates"":[88.07213776625532,22.36316572085587]}"
805,60,-0.013726050965487957,46.698848724365234,2022-09-28,5454.736328125,0,1.0,2.7100000381469727,2022-09-28,2022-09-27,42.146785736083984,274.0726623535156,2022-09-29,2.299999952316284,4.166666507720947,2022-09-28,0.3736686706542969,1.0,"{""type"":""Point"",""coordinates"":[96.97659545219423,29.47370641861368]}"
806,30,0.043289944529533386,39.382911682128906,2019-02-07,4511.33642578125,0,3.0,0.0,2019-02-07,2019-02-06,20.28023910522461,271.6569519042969,2019-02-08,0.0,0.0,2019-02-07,0.2998689115047455,1.0,"{""type"":""Point"",""coordinates"":[92.56976687171161,28.378991492008]}"
807,40,0.12542930245399475,26.9497013092041,2022-08-26,117.1326675415039,0,1.0,0.0,2022-08-26,2022-08-25,0.41647300124168396,301.54248046875,2022-08-27,37.369998931884766,31.25,2022-08-26,0.3881397247314453,1.0,"{""type"":""Point"",""coordinates"":[94.1099551105188,23.064839553849595]}"
808,10,0.14702028036117554,151.73789978027344,2022-01-28,2721.727294921875,0,4.0,3.3999998569488525,2022-01-28,2022-01-27,25.707386016845703,276.1003723144531,2022-01-29,0.23999999463558197,0.0,2022-01-28,0.3693307340145111,4.0,"{""type"":""Point"",""coordinates"":[88.02596565492455,27.075544614770926]}"
809,30,0.03806404769420624,67.62165069580078,2022-10-12,3965.843505859375,0,7.0,0.0,2022-10-12,2022-10-11,9.241312026977539,283.017333984375,2022-10-13,0.0,0.0,2022-10-12,0.35355567932128906,4.0,"{""type"":""Point"",""coordinates"":[89.5461420434794,29.304730894998265]}"
810,60,0.0023294100537896156,125.85017395019531,2021-04-01,4690.27783203125,0,2.0,0.0,2021-04-01,2021-03-31,18.959020614624023,274.6538391113281,2021-04-02,0.049000002443790436,0.0,2021-04-01,0.3920682370662689,1.0,"{""type"":""Point"",""coordinates"":[90.0869606442112,28.049480918911378]}"
811,10,0.10103784501552582,18.086652755737305,2019-09-09,2621.00830078125,0,317.0,0.0,2019-09-09,2019-09-08,28.5380802154541,284.3155517578125,2019-09-10,0.22999998927116394,0.0,2019-09-09,0.40803465247154236,317.0,"{""type"":""Point"",""coordinates"":[91.99799590436979,27.573793684821762]}"
812,40,0.12866312265396118,254.61341857910156,2021-01-27,2.665680408477783,0,5.0,0.0,2021-01-27,2021-01-26,0.10896599292755127,294.6285095214844,2021-01-28,0.0,0.0,2021-01-27,0.14941532909870148,4.0,"{""type"":""Point"",""coordinates"":[89.55797565495503,23.103041528067422]}"
813,30,0.019884847104549408,121.85736846923828,2020-08-10,4384.22802734375,0,23.0,23.19999885559082,2020-08-10,2020-08-09,37.86720275878906,283.3063659667969,2020-08-11,5.019999980926514,6.25,2020-08-10,0.39082780480384827,1.0,"{""type"":""Point"",""coordinates"":[92.68875844827713,28.53790226679196]}"
814,40,0.07724448293447495,325.40679931640625,2022-06-19,14.1708345413208,0,1.0,44.15999984741211,2022-06-19,2022-06-18,4.4490556716918945,302.6507873535156,2022-06-20,21.65999984741211,29.16666603088379,2022-06-19,0.3636099398136139,1.0,"{""type"":""Point"",""coordinates"":[88.13059183613525,22.9363789287396]}"
815,10,0.21640527248382568,87.93415832519531,2021-07-08,191.84228515625,0,2.0,243.86000061035156,2021-07-08,2021-07-07,12.706018447875977,298.46319580078125,2021-07-09,80.43000030517578,37.5,2021-07-08,0.49058976769447327,2.0,"{""type"":""Point"",""coordinates"":[91.74361953808634,25.969986427124923]}"
816,10,0.026176415383815765,127.12328338623047,2021-09-11,3952.532470703125,0,1.0,14.969999313354492,2021-09-11,2021-09-10,15.280351638793945,283.3900451660156,2021-09-12,2.5799999237060547,6.25,2021-09-11,0.41697755455970764,1.0,"{""type"":""Point"",""coordinates"":[91.95294837187197,27.64543994683477]}"
817,10,0.09467238187789917,271.3843688964844,2023-11-23,1194.661376953125,0,2.0,0.0,2023-11-23,2023-11-22,42.88954162597656,290.4276428222656,2023-11-24,0.0,0.0,2023-11-23,0.45153555274009705,2.0,"{""type"":""Point"",""coordinates"":[97.23317650463068,22.76914303610471]}"
818,30,0.6144274473190308,158.2716522216797,2023-02-23,690.8682861328125,0,1.0,0.809999942779541,2023-02-23,2023-02-22,22.631271362304688,292.5190734863281,2023-02-24,0.0,0.0,2023-02-23,0.3308391571044922,1.0,"{""type"":""Point"",""coordinates"":[94.22656188737771,26.222838051251813]}"
819,10,0.013151262886822224,273.3955383300781,2022-06-04,98.92667388916016,0,5.0,100.0,2022-06-04,2022-06-03,3.267979621887207,299.7022399902344,2022-06-05,7.289999961853027,10.416666984558105,2022-06-04,0.48222795128822327,5.0,"{""type"":""Point"",""coordinates"":[94.5934390394095,26.81955409235068]}"
820,10,0.8963546752929688,94.21341705322266,2021-01-02,2083.015869140625,0,1.0,0.0020000000949949026,2021-01-02,2021-01-01,19.47733497619629,286.6715393066406,2021-01-03,0.0,0.0,2021-01-02,0.19359461963176727,1.0,"{""type"":""Point"",""coordinates"":[93.41640738386093,21.75630236044188]}"
821,10,0.04067177698016167,81.56684112548828,2021-06-17,384.3605651855469,0,13.0,0.0,2021-06-17,2021-06-16,30.311256408691406,298.3046569824219,2021-06-18,7.769999980926514,10.416666984558105,2021-06-17,0.4840475618839264,13.0,"{""type"":""Point"",""coordinates"":[94.10554302124984,23.742793004817976]}"
822,40,0.15322208404541016,189.91571044921875,2019-03-03,4.048887729644775,0,2.0,0.0,2019-03-03,2019-03-02,0.20218932628631592,293.9364929199219,2019-03-04,2.5899999141693115,2.0833332538604736,2019-03-03,0.2637583315372467,1.0,"{""type"":""Point"",""coordinates"":[90.70751908579531,23.79632872199364]}"
823,10,0.6798266768455505,133.68539428710938,2021-10-26,59.426231384277344,0,4.0,5.920000076293945,2021-10-26,2021-10-25,4.09691047668457,297.9669494628906,2021-10-27,0.8399999737739563,0.0,2021-10-26,0.3708667755126953,4.0,"{""type"":""Point"",""coordinates"":[92.36988651960003,23.042709665158515]}"
824,10,0.006861099507659674,158.33566284179688,2021-08-01,521.1568603515625,0,1.0,33.96999740600586,2021-08-01,2021-07-31,10.419586181640625,297.2491455078125,2021-08-02,0.7910000085830688,2.0833332538604736,2021-08-01,0.4789765775203705,1.0,"{""type"":""Point"",""coordinates"":[97.41622361111733,26.35117977516327]}"
825,60,0.028537672013044357,158.2600555419922,2020-02-10,4974.54736328125,0,1.0,0.0,2020-02-10,2020-02-09,32.0025749206543,265.6716613769531,2020-02-11,0.0,0.0,2020-02-10,0.26537322998046875,1.0,"{""type"":""Point"",""coordinates"":[89.63704099190123,28.528122377128923]}"
826,20,0.51902836561203,99.62601470947266,2023-01-13,153.881103515625,0,3.0,0.0,2023-01-13,2023-01-12,1.4482219219207764,295.795654296875,2023-01-14,0.0,0.0,2023-01-13,0.21632130444049835,1.0,"{""type"":""Point"",""coordinates"":[94.91677576251463,22.6830211588233]}"
827,30,0.05834384262561798,144.57566833496094,2023-09-10,869.9666137695312,0,6.0,156.67999267578125,2023-09-10,2023-09-09,14.417313575744629,297.991943359375,2023-09-11,0.009999999776482582,0.0,2023-09-10,0.48575910925865173,4.0,"{""type"":""Point"",""coordinates"":[96.84177435689178,22.38116053802458]}"
828,60,-0.005542636848986149,1.3821858167648315,2021-05-29,5150.341796875,0,2.0,2.059999942779541,2021-05-29,2021-05-28,19.23213005065918,283.8733215332031,2021-05-30,3.490000009536743,8.333333015441895,2021-05-29,0.3228842318058014,2.0,"{""type"":""Point"",""coordinates"":[88.46416803430925,28.906085298124182]}"
829,40,0.3229287564754486,225.9576873779297,2019-11-02,133.3531494140625,0,825.0,0.04200000315904617,2019-11-02,2019-11-01,0.6223888397216797,296.0905456542969,2019-11-03,0.0,0.0,2019-11-02,0.46497026085853577,1.0,"{""type"":""Point"",""coordinates"":[94.91599790855868,24.951280675629803]}"
830,10,0.41893789172172546,156.59999084472656,2021-11-27,654.7388305664062,0,2.0,0.0,2021-11-27,2021-11-26,35.365909576416016,285.59912109375,2021-11-28,0.0,0.0,2021-11-27,0.3174661099910736,2.0,"{""type"":""Point"",""coordinates"":[90.22316806024685,26.890431402315155]}"
831,30,0.003061800030991435,239.87046813964844,2022-04-15,4542.1015625,0,20.0,31.799999237060547,2022-04-15,2022-04-14,19.72307586669922,271.9517822265625,2022-04-16,0.0,0.0,2022-04-15,0.4237098693847656,20.0,"{""type"":""Point"",""coordinates"":[89.26945208461507,27.789974205464908]}"
832,10,0.20142720639705658,288.9676208496094,2020-05-11,152.4943084716797,0,3.0,69.72000122070312,2020-05-11,2020-05-10,6.479140758514404,301.11590576171875,2020-05-12,0.47999998927116394,0.0,2020-05-11,0.3474082946777344,3.0,"{""type"":""Point"",""coordinates"":[90.07154008612731,25.75322028321982]}"
833,80,-0.07283392548561096,327.9068603515625,2021-04-12,73.1313247680664,0,1.0,0.08999999612569809,2021-04-12,2021-04-11,0.6983422636985779,298.60009765625,2021-04-13,0.17000000178813934,0.0,2021-04-12,0.38912835717201233,1.0,"{""type"":""Point"",""coordinates"":[93.33761330166682,26.75249623769391]}"
834,10,0.004513185936957598,273.34014892578125,2022-06-30,60.23355484008789,0,1.0,14.039999961853027,2022-06-30,2022-06-29,4.004107475280762,300.33160400390625,2022-07-01,11.40999984741211,12.5,2022-06-30,0.4043312072753906,1.0,"{""type"":""Point"",""coordinates"":[92.14836392181782,22.086506025276492]}"
835,10,0.12195981293916702,188.38949584960938,2019-05-08,1495.6888427734375,0,34.0,15.979999542236328,2019-05-08,2019-05-07,34.522281646728516,287.8722839355469,2019-05-09,4.439999580383301,8.333333015441895,2019-05-08,0.4242146909236908,34.0,"{""type"":""Point"",""coordinates"":[90.35191384012435,27.07274518653191]}"
836,10,-0.005784271750599146,225.74806213378906,2022-09-11,2871.8525390625,0,74.0,0.0,2022-09-11,2022-09-10,50.181644439697266,286.6005554199219,2022-09-12,4.119999885559082,6.25,2022-09-11,0.4175834655761719,61.0,"{""type"":""Point"",""coordinates"":[97.1254917153847,28.52248401616947]}"
837,30,0.03875753656029701,58.06394958496094,2021-09-21,5330.12744140625,0,2.0,0.0,2021-09-21,2021-09-20,13.21568775177002,278.927001953125,2021-09-22,0.0,0.0,2021-09-21,0.38264527916908264,1.0,"{""type"":""Point"",""coordinates"":[90.67469539519583,28.633048880119613]}"
838,10,0.021265001967549324,172.82159423828125,2020-08-22,631.0088500976562,0,6.0,106.31999969482422,2020-08-22,2020-08-21,22.419612884521484,297.1400451660156,2020-08-23,51.48999786376953,33.33333206176758,2020-08-22,0.4233144223690033,6.0,"{""type"":""Point"",""coordinates"":[94.41928537799747,27.77626217001047]}"
839,10,0.449149489402771,284.14202880859375,2019-02-17,933.484619140625,0,1.0,0.5899999737739563,2019-02-17,2019-02-16,24.19155502319336,293.8351135253906,2019-02-18,0.429999977350235,0.0,2019-02-17,0.2823047637939453,1.0,"{""type"":""Point"",""coordinates"":[94.08925361078066,23.932860884063803]}"
840,10,0.30154985189437866,2.152401924133301,2020-11-27,1732.2640380859375,0,1.0,1.1399999856948853,2020-11-27,2020-11-26,26.19003677368164,283.10504150390625,2020-11-28,7.789999961853027,8.333333015441895,2020-11-27,0.37440362572669983,1.0,"{""type"":""Point"",""coordinates"":[93.62357815156365,28.143348543647996]}"
841,10,0.08193407207727432,42.871334075927734,2020-10-01,120.13872528076172,0,1.0,0.0,2020-10-01,2020-09-30,1.9386193752288818,301.8295593261719,2020-10-02,57.49399948120117,25.0,2020-10-01,0.4455960690975189,1.0,"{""type"":""Point"",""coordinates"":[95.32259547530865,27.439431417525952]}"
842,40,0.0838860273361206,349.92413330078125,2019-11-15,98.20260620117188,0,3.0,0.0,2019-11-15,2019-11-14,2.956005811691284,297.7156066894531,2019-11-16,0.0,0.0,2019-11-15,0.3779328763484955,3.0,"{""type"":""Point"",""coordinates"":[94.80786398345987,27.375983587885543]}"
843,80,-0.00868687778711319,236.5559539794922,2023-06-09,20.400516510009766,0,2.0,0.0,2023-06-09,2023-06-08,0.4598759710788727,309.8464660644531,2023-06-10,8.239999771118164,10.416666984558105,2023-06-09,0.1444683074951172,1.0,"{""type"":""Point"",""coordinates"":[88.16196792540212,24.613487463839427]}"
844,10,0.2632482349872589,38.192169189453125,2019-01-14,2124.008056640625,0,2.0,21.31999969482422,2019-01-14,2019-01-13,23.255088806152344,273.8277282714844,2019-01-15,3.669999837875366,0.0,2019-01-14,0.41602516174316406,2.0,"{""type"":""Point"",""coordinates"":[95.84035419643523,28.826720299848485]}"
845,10,0.2980594038963318,38.27482986450195,2023-04-25,264.7899475097656,0,4.0,0.0,2023-04-25,2023-04-24,1.1245132684707642,298.5903625488281,2023-04-26,1.0099999904632568,0.0,2023-04-25,0.3006032407283783,4.0,"{""type"":""Point"",""coordinates"":[96.61077412435453,25.167519975700966]}"
846,40,0.049496524035930634,118.46341705322266,2020-01-16,91.87583923339844,0,1.0,0.0,2020-01-16,2020-01-15,0.2929498255252838,291.9812316894531,2020-01-17,0.0,0.0,2020-01-16,0.14803950488567352,1.0,"{""type"":""Point"",""coordinates"":[88.46995996129667,26.547301706556226]}"
847,10,0.22368963062763214,67.12875366210938,2020-09-16,7.570570945739746,0,9.0,285.7799987792969,2020-09-16,2020-09-15,0.8090870380401611,300.6064147949219,2020-09-17,156.59999084472656,87.5,2020-09-16,0.4264863431453705,6.0,"{""type"":""Point"",""coordinates"":[91.69312076604282,24.854890492412544]}"
848,40,0.7636417746543884,262.2424011230469,2021-11-09,24.392620086669922,0,77.0,0.0,2021-11-09,2021-11-08,3.2049896717071533,296.1583251953125,2021-11-10,0.0,0.0,2021-11-09,0.22011947631835938,2.0,"{""type"":""Point"",""coordinates"":[89.31662477212402,25.202080900994723]}"
849,40,0.13782645761966705,351.48394775390625,2021-07-06,1099.6798095703125,0,2.0,1.6399998664855957,2021-07-06,2021-07-05,1.552673578262329,298.5115966796875,2021-07-07,98.29999542236328,60.41666793823242,2021-07-06,0.4651438295841217,2.0,"{""type"":""Point"",""coordinates"":[96.81437910041542,22.032132039820038]}"
850,60,-0.015331899747252464,38.969139099121094,2022-03-21,4566.27734375,0,37.0,0.0,2022-03-21,2022-03-20,0.5248079895973206,270.62249755859375,2022-03-22,3.609999895095825,4.166666507720947,2022-03-21,0.3705291748046875,37.0,"{""type"":""Point"",""coordinates"":[89.17531596792266,27.916802291412445]}"
851,40,0.2912716269493103,200.54458618164062,2023-12-04,29.47100067138672,0,20.0,11.970000267028809,2023-12-04,2023-12-03,5.013134002685547,297.5599365234375,2023-12-05,13.569999694824219,14.583333015441895,2023-12-04,0.29136213660240173,19.0,"{""type"":""Point"",""coordinates"":[91.88809963898281,22.729517238188507]}"
852,10,0.45895400643348694,81.05593872070312,2023-12-14,514.0999755859375,0,6870.0,20472.599609375,2023-12-14,2023-12-13,11.143903732299805,279.1943664550781,2023-12-15,3.319999933242798,0.0,2023-12-14,0.42286619544029236,6870.0,"{""type"":""Point"",""coordinates"":[94.9269972070886,28.96767263441017]}"
853,10,0.41980695724487305,214.92544555664062,2019-01-15,256.32354736328125,0,2.0,0.0,2019-01-15,2019-01-14,5.841259002685547,289.5765686035156,2019-01-16,0.0,0.0,2019-01-15,0.33200517296791077,1.0,"{""type"":""Point"",""coordinates"":[93.40829246333259,25.729853275086345]}"
854,10,0.254027396440506,27.690401077270508,2021-03-26,987.0261840820312,0,1.0,0.0,2021-03-26,2021-03-25,10.92170238494873,287.85662841796875,2021-03-27,0.0,0.0,2021-03-26,0.4215475618839264,1.0,"{""type"":""Point"",""coordinates"":[92.81592100519569,27.305194259446303]}"
855,10,0.8233930468559265,326.8287353515625,2021-11-30,247.43434143066406,0,10.0,0.0,2021-11-30,2021-11-29,8.379532814025879,291.8664855957031,2021-12-01,0.0,0.0,2021-11-30,0.3272705078125,10.0,"{""type"":""Point"",""coordinates"":[95.25586328168728,25.54708831042129]}"
856,10,0.052054405212402344,63.58050537109375,2023-01-19,3549.5712890625,0,1.0,0.44999998807907104,2023-01-19,2023-01-18,32.851016998291016,272.49029541015625,2023-01-20,0.4899999797344208,0.0,2023-01-19,0.3284950256347656,1.0,"{""type"":""Point"",""coordinates"":[92.0629329416056,27.37199509782867]}"
857,10,0.012270565144717693,238.2564697265625,2021-06-08,1171.2109375,0,13.0,11.609999656677246,2021-06-08,2021-06-07,29.249521255493164,293.4859924316406,2021-06-09,4.860000133514404,6.25,2021-06-08,0.5005785822868347,1.0,"{""type"":""Point"",""coordinates"":[96.36316724398864,27.690155510430746]}"
858,10,0.10459623485803604,184.9191436767578,2022-09-01,3.538013458251953,0,3.0,5.610000133514404,2022-09-01,2022-08-31,7.939557075500488,303.7454528808594,2022-09-02,10.039999961853027,14.583333015441895,2022-09-01,0.3125877380371094,3.0,"{""type"":""Point"",""coordinates"":[90.73493369466755,23.20192036026478]}"
859,10,0.02513089030981064,228.0498046875,2019-07-24,1119.8427734375,0,120.0,6704.39990234375,2019-07-24,2019-07-23,14.043498992919922,291.75958251953125,2019-07-25,13.969999313354492,18.75,2019-07-24,0.42757096886634827,120.0,"{""type"":""Point"",""coordinates"":[96.0296668031875,28.150959759857656]}"
860,10,0.0949402004480362,352.84564208984375,2021-12-17,3316.270751953125,0,549.0,0.0,2021-12-17,2021-12-16,32.66556930541992,275.7712097167969,2021-12-18,0.0,0.0,2021-12-17,0.3759441375732422,1.0,"{""type"":""Point"",""coordinates"":[92.97592937918868,28.182758249048568]}"
861,10,0.2547546923160553,252.78341674804688,2019-02-24,223.26943969726562,0,1.0,0.0,2019-02-24,2019-02-23,3.9822230339050293,293.249267578125,2019-02-25,0.0,0.0,2019-02-24,0.3284028470516205,1.0,"{""type"":""Point"",""coordinates"":[95.08243992325991,25.247611705712416]}"
862,10,0.4784318208694458,62.05489730834961,2020-11-05,2463.345703125,0,2.0,0.6399999856948853,2020-11-05,2020-11-04,26.00912094116211,278.77801513671875,2020-11-06,0.23999999463558197,0.0,2020-11-05,0.3956031799316406,2.0,"{""type"":""Point"",""coordinates"":[91.41491455927596,27.575979035278422]}"
863,10,0.07237657904624939,31.47983741760254,2023-08-25,202.99891662597656,0,9.0,102.23999786376953,2023-08-25,2023-08-24,4.123164653778076,300.02783203125,2023-08-26,58.23999786376953,41.66666793823242,2023-08-25,0.4865366518497467,9.0,"{""type"":""Point"",""coordinates"":[94.97403201308242,24.31695908478348]}"
864,10,0.12092804163694382,227.2708740234375,2019-03-22,33.52989959716797,0,21.0,0.0,2019-03-22,2019-03-21,5.1978325843811035,299.2008361816406,2019-03-23,1.5099999904632568,2.0833332538604736,2019-03-22,0.17602793872356415,1.0,"{""type"":""Point"",""coordinates"":[89.77756765414006,26.14506647275988]}"
865,10,0.2326776385307312,165.35064697265625,2021-04-16,54.55189895629883,0,10.0,14.399999618530273,2021-04-16,2021-04-15,2.187843084335327,300.83099365234375,2021-04-17,24.439998626708984,31.25,2021-04-16,0.2618611752986908,10.0,"{""type"":""Point"",""coordinates"":[91.4435163932553,26.461488391635992]}"
866,70,-0.030945995822548866,102.9527587890625,2023-11-28,4658.27978515625,0,1.0,0.10999999940395355,2023-11-28,2023-11-27,4.925780773162842,272.4851989746094,2023-11-29,0.04999999701976776,0.0,2023-11-28,0.3706073760986328,1.0,"{""type"":""Point"",""coordinates"":[93.00579732450598,28.639792212800955]}"
867,40,0.0010986285051330924,55.16686248779297,2019-06-22,179.66920471191406,0,863.0,0.0,2019-06-22,2019-06-21,0.6539629697799683,302.25531005859375,2019-06-23,0.0,0.0,2019-06-22,0.44009461998939514,86.0,"{""type"":""Point"",""coordinates"":[94.67475856716545,22.24740362447565]}"
868,10,0.08289560675621033,351.2349548339844,2020-06-23,123.58175659179688,0,8.0,13.50999927520752,2020-06-23,2020-06-22,9.328607559204102,300.8417663574219,2020-06-24,26.579999923706055,37.5,2020-06-23,0.43798384070396423,7.0,"{""type"":""Point"",""coordinates"":[96.71623524400317,24.79934607257929]}"
869,40,0.22011074423789978,356.44329833984375,2023-09-23,171.60330200195312,0,2277.0,31445.369140625,2023-09-23,2023-09-22,1.102732539176941,299.9790344238281,2023-09-24,0.0,0.0,2023-09-23,0.4718221127986908,2277.0,"{""type"":""Point"",""coordinates"":[95.10828633978615,24.61686276515423]}"
870,30,0.5641011595726013,298.3768615722656,2020-11-17,3732.835205078125,0,19.0,0.0,2020-11-17,2020-11-16,20.90254783630371,274.7132568359375,2020-11-18,0.3100000023841858,0.0,2020-11-17,0.14913050830364227,3.0,"{""type"":""Point"",""coordinates"":[92.57093536742975,29.00505039900783]}"
871,40,0.3937406539916992,320.1308898925781,2020-11-27,4.960893154144287,0,1.0,0.0,2020-11-27,2020-11-26,0.08325988054275513,295.15533447265625,2020-11-28,0.0,0.0,2020-11-27,0.29240861535072327,1.0,"{""type"":""Point"",""coordinates"":[91.48889672110823,22.92759938154779]}"
872,60,0.28581589460372925,157.48272705078125,2023-01-16,114.85094451904297,0,1.0,0.0,2023-01-16,2023-01-15,1.1685124635696411,296.3766784667969,2023-01-17,0.0,0.0,2023-01-16,0.2536487579345703,1.0,"{""type"":""Point"",""coordinates"":[95.92694212940842,21.614443640807703]}"
873,10,0.07029086351394653,182.3066864013672,2020-07-12,230.33062744140625,0,165.0,4027.72998046875,2020-07-12,2020-07-11,10.788633346557617,300.1462707519531,2020-07-13,115.7699966430664,35.41666793823242,2020-07-12,0.4710865020751953,163.0,"{""type"":""Point"",""coordinates"":[95.67953953945185,24.612019142587926]}"
874,10,0.11460600793361664,328.4760437011719,2022-03-12,1860.081298828125,0,2.0,0.0,2022-03-12,2022-03-11,37.99769592285156,284.8694763183594,2022-03-13,0.0,0.0,2022-03-12,0.33999887108802795,2.0,"{""type"":""Point"",""coordinates"":[95.39473817858722,28.440025345904576]}"
875,10,0.05514472723007202,212.09359741210938,2023-05-11,1319.0196533203125,0,2.0,0.0,2023-05-11,2023-05-10,32.621585845947266,290.5672302246094,2023-05-12,0.0,0.0,2023-05-11,0.42543983459472656,1.0,"{""type"":""Point"",""coordinates"":[93.15324870453615,27.305937978753096]}"
876,50,0.13837245106697083,234.05303955078125,2019-01-04,34.04987716674805,0,27.0,0.0,2019-01-04,2019-01-03,2.105001211166382,290.8726806640625,2019-01-05,0.0,0.0,2019-01-04,0.1627826690673828,1.0,"{""type"":""Point"",""coordinates"":[88.44255913203706,25.646418699911184]}"
877,10,0.5773316025733948,341.45269775390625,2022-04-16,1077.89794921875,0,2.0,0.0,2022-04-16,2022-04-15,5.760049343109131,299.3542175292969,2022-04-17,0.0,0.0,2022-04-16,0.272540420293808,1.0,"{""type"":""Point"",""coordinates"":[96.43935905332438,22.0295956084279]}"
878,10,0.0899396762251854,65.32278442382812,2023-03-15,72.86817932128906,0,4.0,16.440000534057617,2023-03-15,2023-03-14,1.8343616724014282,298.2719421386719,2023-03-16,5.989999771118164,10.416666984558105,2023-03-15,0.30139413475990295,4.0,"{""type"":""Point"",""coordinates"":[93.0108645831343,26.451465402690662]}"
879,40,0.26040366291999817,323.3993225097656,2022-03-04,7.123612403869629,0,11.0,0.0,2022-03-04,2022-03-03,1.4057990312576294,296.447021484375,2022-03-05,0.0,0.0,2022-03-04,0.20041783154010773,1.0,"{""type"":""Point"",""coordinates"":[89.42041755709705,23.62593675575228]}"
880,10,0.48822999000549316,37.24226379394531,2019-05-18,325.3517761230469,0,3.0,150.67999267578125,2019-05-18,2019-05-17,19.558435440063477,301.762451171875,2019-05-19,0.0,0.0,2019-05-18,0.1984068602323532,2.0,"{""type"":""Point"",""coordinates"":[92.82936654657067,22.18025132963845]}"
881,10,0.25348368287086487,241.02574157714844,2022-10-26,764.659423828125,0,2.0,44.16999816894531,2022-10-26,2022-10-25,34.97749328613281,292.75128173828125,2022-10-27,5.110000133514404,8.333333015441895,2022-10-26,0.47236886620521545,1.0,"{""type"":""Point"",""coordinates"":[96.27312549530653,27.12929863148494]}"
882,10,0.028234992176294327,273.1895446777344,2020-08-06,294.5970153808594,0,2.0,25.799999237060547,2020-08-06,2020-08-05,8.34653091430664,303.599609375,2020-08-07,34.939998626708984,20.83333396911621,2020-08-06,0.4106839597225189,2.0,"{""type"":""Point"",""coordinates"":[95.96467775042439,27.714495602004686]}"
883,60,0.10071484744548798,196.2496795654297,2019-07-16,37.73271942138672,0,5.0,43.04999923706055,2019-07-16,2019-07-15,0.7056258320808411,302.3423767089844,2019-07-17,43.64999771118164,27.08333396911621,2019-07-16,0.4161949157714844,5.0,"{""type"":""Point"",""coordinates"":[88.02379572799411,25.76406048518772]}"
884,40,0.1212216168642044,291.9470520019531,2021-04-17,103.92448425292969,0,3.0,12.90999984741211,2021-04-17,2021-04-16,0.27768781781196594,307.5379333496094,2021-04-18,0.0,0.0,2021-04-17,0.2605400085449219,1.0,"{""type"":""Point"",""coordinates"":[95.45834767928807,21.522161099678293]}"
885,10,0.046885550022125244,321.816650390625,2022-10-30,11.545598983764648,0,1.0,0.0,2022-10-30,2022-10-29,3.1346912384033203,298.6246032714844,2022-10-31,0.0,0.0,2022-10-30,0.4043795168399811,1.0,"{""type"":""Point"",""coordinates"":[90.58585197433989,23.769836796147658]}"
886,10,0.16373169422149658,50.99369812011719,2023-10-09,212.788330078125,0,167.0,1072.1400146484375,2023-10-09,2023-10-08,6.013954162597656,298.4924011230469,2023-10-10,4.119999885559082,6.25,2023-10-09,0.3725166320800781,167.0,"{""type"":""Point"",""coordinates"":[96.67794023913443,26.45989770353288]}"
887,10,0.7950855493545532,249.02041625976562,2022-03-10,384.1831970214844,0,3.0,0.0,2022-03-10,2022-03-09,21.78687286376953,297.29888916015625,2022-03-11,0.0,0.0,2022-03-10,0.2975273132324219,1.0,"{""type"":""Point"",""coordinates"":[96.4709573580006,25.553523077414148]}"
888,10,0.0017095112707465887,293.8963623046875,2022-05-31,547.2018432617188,0,2.0,14.889999389648438,2022-05-31,2022-05-30,20.251758575439453,299.7212829589844,2022-06-01,17.260000228881836,25.0,2022-05-31,0.474163681268692,1.0,"{""type"":""Point"",""coordinates"":[94.91265406415468,23.380934138682896]}"
889,80,-0.02490898035466671,-0.0,2019-03-01,18.5,0,15966.0,52.87999725341797,2019-03-01,2019-02-28,3.445187568664551,293.6473083496094,2019-03-02,0.0990000069141388,0.0,2019-03-01,0.31082281470298767,4.0,"{""type"":""Point"",""coordinates"":[92.88753663672478,24.673251463976754]}"
890,0,-0.09224173426628113,-0.0,2019-05-29,0.0,0,0.0,0.0,2019-05-29,2019-05-28,0.0,0.0,2019-05-30,0.0,0.0,2019-05-29,0.0,0.0,"{""type"":""Point"",""coordinates"":[91.26971310417449,21.510617633804635]}"
891,30,0.11961522698402405,133.46630859375,2021-02-11,4964.57861328125,0,4.0,0.03999999910593033,2021-02-11,2021-02-10,0.7109485864639282,271.7061767578125,2021-02-12,0.0,0.0,2021-02-11,0.3204803466796875,4.0,"{""type"":""Point"",""coordinates"":[90.35063485765369,29.469715790571684]}"
892,10,0.2316829115152359,123.33937072753906,2023-04-29,582.1839599609375,0,1.0,0.25999999046325684,2023-04-29,2023-04-28,14.054195404052734,301.68798828125,2023-04-30,3.490000009536743,6.25,2023-04-29,0.2636331021785736,1.0,"{""type"":""Point"",""coordinates"":[96.13209530218248,24.81437817861423]}"
893,10,0.2269662320613861,171.63526916503906,2019-11-14,2.144122838973999,0,278.0,0.0,2019-11-14,2019-11-13,0.47631946206092834,298.0921630859375,2019-11-15,0.0,0.0,2019-11-14,0.3664143979549408,278.0,"{""type"":""Point"",""coordinates"":[90.51236609759201,22.257378644845886]}"
894,60,0.079587921500206,36.885433197021484,2020-09-11,4459.67822265625,0,4.0,1.2400000095367432,2020-09-11,2020-09-10,5.120720863342285,288.9593200683594,2020-09-12,12.1899995803833,10.416666984558105,2020-09-11,0.33952584862709045,4.0,"{""type"":""Point"",""coordinates"":[90.93406980007545,28.906898166746902]}"
895,100,0.013608275912702084,351.89532470703125,2022-11-03,3611.3857421875,0,5.0,0.0,2022-11-03,2022-11-02,26.306352615356445,281.07110595703125,2022-11-04,0.05999999865889549,0.0,2022-11-03,0.36713600158691406,2.0,"{""type"":""Point"",""coordinates"":[94.6249899179327,29.035832132375837]}"
896,10,0.4090920388698578,51.208194732666016,2021-02-08,84.97209167480469,0,1.0,0.11999999731779099,2021-02-08,2021-02-07,10.784326553344727,292.978515625,2021-02-09,0.0,0.0,2021-02-08,0.1705595701932907,1.0,"{""type"":""Point"",""coordinates"":[90.4736477576798,25.22457381615988]}"
897,10,0.20138780772686005,326.0157470703125,2023-11-09,1819.498046875,0,221.0,1.9499999284744263,2023-11-09,2023-11-08,52.02173614501953,281.3547058105469,2023-11-10,0.0,0.0,2023-11-09,0.331714004278183,13.0,"{""type"":""Point"",""coordinates"":[96.62020926756044,28.30840180763339]}"
898,30,-0.016397949308156967,87.94070434570312,2022-01-08,4437.8466796875,0,1.0,0.0,2022-01-08,2022-01-07,45.274879455566406,271.5249938964844,2022-01-09,0.0,0.0,2022-01-08,0.3350048065185547,1.0,"{""type"":""Point"",""coordinates"":[92.23853716202126,27.55376409286313]}"
899,40,0.260940819978714,315.390380859375,2019-11-18,23.917030334472656,0,13.0,0.0,2019-11-18,2019-11-17,0.819790244102478,297.4067687988281,2019-11-19,0.0,0.0,2019-11-18,0.3018341064453125,13.0,"{""type"":""Point"",""coordinates"":[89.3724673372597,25.4760058039469]}"
900,10,0.2152649164199829,319.7944641113281,2019-09-24,429.0323181152344,0,3.0,461.6099853515625,2019-09-24,2019-09-23,30.64374542236328,293.701416015625,2019-09-25,44.540000915527344,37.5,2019-09-24,0.4815502166748047,3.0,"{""type"":""Point"",""coordinates"":[95.9812151908895,27.2475454677447]}"
901,10,0.0998571589589119,321.9092712402344,2021-05-13,2141.059326171875,0,1.0,14.399999618530273,2021-05-13,2021-05-12,30.302732467651367,291.39410400390625,2021-05-14,15.769999504089355,20.83333396911621,2021-05-13,0.42648759484291077,1.0,"{""type"":""Point"",""coordinates"":[91.08903522610427,27.040839933002502]}"
902,10,0.30902382731437683,6.108055114746094,2022-11-05,487.2064208984375,0,3.0,0.0,2022-11-05,2022-11-04,32.69328308105469,289.8851013183594,2022-11-06,0.0,0.0,2022-11-05,0.3583920896053314,3.0,"{""type"":""Point"",""coordinates"":[94.17608708690453,28.088408335358707]}"
903,40,0.05656571686267853,282.58074951171875,2021-08-20,14.074832916259766,0,26.0,1084.4599609375,2021-08-20,2021-08-19,0.9209275841712952,298.9342041015625,2021-08-21,71.94999694824219,52.08333206176758,2021-08-20,0.5022029876708984,26.0,"{""type"":""Point"",""coordinates"":[91.50724618140634,23.137252989202096]}"
904,10,0.20964425802230835,75.4941635131836,2022-11-03,703.9950561523438,0,267.0,0.0,2022-11-03,2022-11-02,10.340368270874023,293.997314453125,2022-11-04,0.8899999856948853,2.0833332538604736,2022-11-03,0.42384085059165955,2.0,"{""type"":""Point"",""coordinates"":[92.4498266703901,25.270670669640644]}"
905,30,0.8688468933105469,345.7225341796875,2021-12-19,1319.12939453125,0,3.0,0.0,2021-12-19,2021-12-18,7.7313456535339355,287.3141784667969,2021-12-20,0.0,0.0,2021-12-19,0.2987600862979889,2.0,"{""type"":""Point"",""coordinates"":[93.22540045525497,22.727970693929805]}"
906,10,0.47852933406829834,27.075477600097656,2019-01-18,2794.792236328125,0,3.0,0.0,2019-01-18,2019-01-17,48.04103088378906,273.4184265136719,2019-01-19,0.07000000029802322,0.0,2019-01-18,0.35757699608802795,3.0,"{""type"":""Point"",""coordinates"":[97.44376077459577,28.076434022806623]}"
907,30,0.0518946535885334,55.04771423339844,2022-05-01,5005.0654296875,0,48.0,0.0,2022-05-01,2022-04-30,5.898386001586914,276.611083984375,2022-05-02,0.04500000178813934,0.0,2022-05-01,0.1842365264892578,48.0,"{""type"":""Point"",""coordinates"":[90.13296750639338,29.074469696043245]}"
908,10,0.07914549857378006,121.57295989990234,2020-05-09,1393.4931640625,0,12.0,58.07999801635742,2020-05-09,2020-05-08,34.13304138183594,287.2340393066406,2020-05-10,0.7999999523162842,0.0,2020-05-09,0.40898895263671875,12.0,"{""type"":""Point"",""coordinates"":[92.10438176449338,27.078954779057344]}"
909,10,0.19882915914058685,359.26959228515625,2023-07-18,311.2967834472656,0,2536.0,27.349998474121094,2023-07-18,2023-07-17,8.002058029174805,296.5627746582031,2023-07-19,3.759999990463257,4.166666507720947,2023-07-18,0.4164409637451172,5.0,"{""type"":""Point"",""coordinates"":[93.30145744834171,21.591233430101944]}"
910,30,0.16101577877998352,151.3230438232422,2023-03-06,4769.95556640625,0,15.0,14.679999351501465,2023-03-06,2023-03-05,26.916873931884766,271.8443603515625,2023-03-07,2.93999981880188,0.0,2023-03-06,0.3609224855899811,4.0,"{""type"":""Point"",""coordinates"":[92.99549190393408,28.592227297221438]}"
911,10,0.10290845483541489,256.6562194824219,2022-09-01,274.05181884765625,0,3.0,59.189998626708984,2022-09-01,2022-08-31,5.349948406219482,300.0364685058594,2022-09-02,13.916999816894531,29.16666603088379,2022-09-01,0.3955313265323639,3.0,"{""type"":""Point"",""coordinates"":[93.03442722538114,24.643223255792744]}"
912,10,0.10094800591468811,22.47329330444336,2023-04-24,716.2537231445312,0,2.0,33.23999786376953,2023-04-24,2023-04-23,29.17227554321289,296.60369873046875,2023-04-25,1.7299998998641968,2.0833332538604736,2023-04-24,0.35275521874427795,2.0,"{""type"":""Point"",""coordinates"":[96.4516869719773,26.826909874405295]}"
913,10,0.5660134553909302,253.90626525878906,2023-11-14,2406.25146484375,0,2.0,0.0,2023-11-14,2023-11-13,19.695192337036133,286.87408447265625,2023-11-15,0.0,0.0,2023-11-14,0.22961552441120148,2.0,"{""type"":""Point"",""coordinates"":[89.64479573201149,26.92489125076875]}"
914,10,0.25267302989959717,73.94528198242188,2023-04-02,639.8137817382812,0,1.0,14.167999267578125,2023-04-02,2023-04-01,35.063072204589844,295.35491943359375,2023-04-03,0.0,0.0,2023-04-02,0.25604820251464844,1.0,"{""type"":""Point"",""coordinates"":[92.8395557150251,22.465653265616965]}"
915,10,0.14836673438549042,305.9463806152344,2023-08-19,61.48405075073242,0,5.0,14.34999942779541,2023-08-19,2023-08-18,0.557420015335083,301.4970703125,2023-08-20,1.7599998712539673,4.166666507720947,2023-08-19,0.41517385840415955,5.0,"{""type"":""Point"",""coordinates"":[89.47751003101254,26.569072591271247]}"
916,40,0.22275450825691223,179.8941192626953,2019-04-14,0.9409976005554199,0,1.0,0.04999999701976776,2019-04-14,2019-04-13,1.2078851461410522,302.98486328125,2019-04-15,0.0,0.0,2019-04-14,0.4315834045410156,1.0,"{""type"":""Point"",""coordinates"":[89.07865048161052,22.256813806849802]}"
917,40,0.22648732364177704,359.7986145019531,2020-03-30,29.598134994506836,0,2.0,0.0,2020-03-30,2020-03-29,1.6747992038726807,302.14312744140625,2020-03-31,0.0,0.0,2020-03-30,0.1397247314453125,2.0,"{""type"":""Point"",""coordinates"":[89.03464731808619,25.582236672611977]}"
918,10,0.12596048414707184,88.35478210449219,2020-01-02,2171.14697265625,0,1.0,0.5249999761581421,2020-01-02,2020-01-01,15.795004844665527,283.5833740234375,2020-01-03,0.03999999910593033,0.0,2020-01-02,0.3424650728702545,1.0,"{""type"":""Point"",""coordinates"":[96.654267266844,27.21788324590931]}"
919,50,0.03461795672774315,269.8825378417969,2019-09-02,9.210036277770996,0,2.0,53.867000579833984,2019-09-02,2019-09-01,1.8065098524093628,303.35272216796875,2019-09-03,15.299999237060547,33.33333206176758,2019-09-02,0.37276139855384827,1.0,"{""type"":""Point"",""coordinates"":[88.42546397551882,23.071490349653303]}"
920,30,0.23059654235839844,69.68647003173828,2020-03-09,175.2252655029297,0,7.0,0.0,2020-03-09,2020-03-08,2.717820167541504,302.1066589355469,2020-03-10,0.0,0.0,2020-03-09,0.24810345470905304,7.0,"{""type"":""Point"",""coordinates"":[95.16742618134518,22.695985987755968]}"
921,10,-0.013551590964198112,77.75208282470703,2020-07-29,1481.543701171875,0,1.0,28.09000015258789,2020-07-29,2020-07-28,31.147014617919922,291.037353515625,2020-07-30,14.84000015258789,20.83333396911621,2020-07-29,0.4240671694278717,1.0,"{""type"":""Point"",""coordinates"":[92.07765585324628,27.11938285299033]}"
922,40,0.036830171942710876,160.21957397460938,2022-08-25,33.277252197265625,0,1.0,0.0,2022-08-25,2022-08-24,0.8992040157318115,303.06964111328125,2022-08-26,0.0,0.0,2022-08-25,0.3851560056209564,1.0,"{""type"":""Point"",""coordinates"":[89.1168066334335,25.674621525340033]}"
923,10,0.03777124360203743,197.94308471679688,2019-03-24,504.75714111328125,0,16.0,7.679999351501465,2019-03-24,2019-03-23,9.263360977172852,287.64495849609375,2019-03-25,0.0,0.0,2019-03-24,0.4236869812011719,16.0,"{""type"":""Point"",""coordinates"":[94.84115599022783,28.08213448521087]}"
924,40,0.026044920086860657,115.59086608886719,2019-08-19,53.01799011230469,0,6.0,0.0,2019-08-19,2019-08-18,0.14046140015125275,301.8503723144531,2019-08-20,0.0,0.0,2019-08-19,0.40438970923423767,6.0,"{""type"":""Point"",""coordinates"":[88.93658976584933,26.154958091525863]}"
925,70,-0.012612665072083473,132.1407470703125,2022-02-12,4656.16015625,0,145.0,0.0,2022-02-12,2022-02-11,14.703531265258789,270.08251953125,2022-02-13,0.0,0.0,2022-02-12,0.3464457094669342,145.0,"{""type"":""Point"",""coordinates"":[89.93376023452247,28.12142400606449]}"
926,10,0.8974657654762268,158.32958984375,2022-12-19,1312.894287109375,0,1.0,0.0,2022-12-19,2022-12-18,43.006935119628906,287.00201416015625,2022-12-20,0.8999999761581421,2.0833332538604736,2022-12-19,0.2865823209285736,1.0,"{""type"":""Point"",""coordinates"":[95.72572862794419,26.480424156016078]}"
927,100,0.04080992564558983,129.20660400390625,2023-02-11,4825.72119140625,0,2.0,0.0,2023-02-11,2023-02-10,37.346744537353516,271.2287292480469,2023-02-12,0.0,0.0,2023-02-11,0.33864593505859375,1.0,"{""type"":""Point"",""coordinates"":[93.72827864657405,29.47539421837152]}"
928,30,0.09084592014551163,121.73090362548828,2019-01-07,4142.4833984375,0,1.0,0.0,2019-01-07,2019-01-06,5.724384784698486,270.3835754394531,2019-01-08,0.14000000059604645,0.0,2019-01-07,0.34799957275390625,1.0,"{""type"":""Point"",""coordinates"":[92.73646017068955,29.307431732785133]}"
929,40,0.20250436663627625,253.607666015625,2023-12-20,85.08499145507812,0,1.0,0.0,2023-12-20,2023-12-19,0.39001917839050293,291.4064636230469,2023-12-21,0.0,0.0,2023-12-20,0.19048182666301727,1.0,"{""type"":""Point"",""coordinates"":[94.12778269539977,27.126617675804944]}"
930,100,0.059781286865472794,122.90360260009766,2020-08-08,3961.647216796875,0,1.0,78.86000061035156,2020-08-08,2020-08-07,39.75406265258789,288.9839782714844,2020-08-09,86.22000122070312,45.83333206176758,2020-08-08,0.41984686255455017,1.0,"{""type"":""Point"",""coordinates"":[90.06051350804591,27.64019282426468]}"
931,30,0.0825544148683548,116.43238067626953,2019-07-20,4468.38427734375,0,194.0,0.0,2019-07-20,2019-07-19,31.425085067749023,285.7870178222656,2019-07-21,5.279999732971191,10.416666984558105,2019-07-20,0.38523992896080017,1.0,"{""type"":""Point"",""coordinates"":[89.95358964938832,29.211634162222524]}"
932,10,0.183096244931221,308.4619445800781,2022-07-28,1487.590087890625,0,7.0,20.81999969482422,2022-07-28,2022-07-27,27.48946762084961,294.6336364746094,2022-07-29,21.889999389648438,31.25,2022-07-28,0.4757779538631439,1.0,"{""type"":""Point"",""coordinates"":[95.43928148875689,26.74530109787942]}"
933,10,0.0507390983402729,183.82196044921875,2021-08-23,1384.9012451171875,0,4.0,37.89999771118164,2021-08-23,2021-08-22,39.07566452026367,295.2680969238281,2021-08-24,8.789999961853027,16.66666603088379,2021-08-23,0.4938386380672455,2.0,"{""type"":""Point"",""coordinates"":[94.86396215223618,25.404605152714325]}"
934,30,0.01593746244907379,178.10888671875,2021-07-26,4846.56396484375,0,23.0,169.0500030517578,2021-07-26,2021-07-25,24.817764282226562,286.18115234375,2021-07-27,18.26999855041504,22.91666603088379,2021-07-26,0.4152660369873047,23.0,"{""type"":""Point"",""coordinates"":[89.98513928885718,28.915920106950082]}"
935,10,0.09219531714916229,123.09823608398438,2019-06-08,99.33952331542969,0,11.0,13.529999732971191,2019-06-08,2019-06-07,27.453014373779297,299.4920349121094,2019-06-09,1.9499999284744263,4.166666507720947,2019-06-08,0.367266982793808,11.0,"{""type"":""Point"",""coordinates"":[92.27715362370306,23.633244645167903]}"
936,30,-0.019831093028187752,356.062744140625,2019-01-07,5225.41015625,0,5.0,0.0,2019-01-07,2019-01-06,32.22441101074219,267.8320007324219,2019-01-08,0.0,0.0,2019-01-07,0.1618194580078125,5.0,"{""type"":""Point"",""coordinates"":[88.21495922337446,28.634074759005056]}"
937,10,0.25807151198387146,333.6676940917969,2019-05-24,86.87360382080078,0,1.0,0.0,2019-05-24,2019-05-23,3.1274144649505615,299.4471435546875,2019-05-25,0.0,0.0,2019-05-24,0.3784904479980469,1.0,"{""type"":""Point"",""coordinates"":[88.29424132098366,26.520936757774358]}"
938,95,0.8209666013717651,72.24977111816406,2020-12-10,11.976531028747559,0,0.0,0.0,2020-12-10,2020-12-09,0.8576459288597107,0.0,2020-12-11,0.0,0.0,2020-12-10,0.0,0.0,"{""type"":""Point"",""coordinates"":[90.61513478834962,21.962628848523185]}"
939,40,0.28950804471969604,118.88676452636719,2023-02-18,14.124082565307617,0,9.0,0.0,2023-02-18,2023-02-17,0.10511813312768936,296.7347717285156,2023-02-19,0.0,0.0,2023-02-18,0.1388111114501953,9.0,"{""type"":""Point"",""coordinates"":[89.22716337925445,24.67570423872712]}"
940,10,0.1433136761188507,153.53712463378906,2020-05-13,13.146714210510254,0,2.0,43.7599983215332,2020-05-13,2020-05-12,1.9528065919876099,303.101318359375,2020-05-14,6.509999752044678,6.25,2020-05-13,0.33082643151283264,2.0,"{""type"":""Point"",""coordinates"":[89.45916456680183,23.577146784401446]}"
941,10,0.0627664253115654,74.88908386230469,2022-07-13,739.4494018554688,0,2.0,0.0,2022-07-13,2022-07-12,28.22894859313965,299.8005676269531,2022-07-14,0.19999998807907104,0.0,2022-07-13,0.4740314483642578,2.0,"{""type"":""Point"",""coordinates"":[95.15909356997939,25.50758376170892]}"
942,70,-0.013871757313609123,115.15538024902344,2021-05-26,4735.0537109375,0,1.0,2.990000009536743,2021-05-26,2021-05-25,35.340965270996094,283.456298828125,2021-05-27,14.710000038146973,31.25,2021-05-26,0.4008769989013672,1.0,"{""type"":""Point"",""coordinates"":[96.80512146763415,28.328370578318275]}"
943,10,-0.0076462929137051105,212.89089965820312,2023-02-20,3095.82861328125,0,4.0,30.839998245239258,2023-02-20,2023-02-19,27.389659881591797,282.9513244628906,2023-02-21,1.6299998760223389,4.166666507720947,2023-02-20,0.3728128969669342,4.0,"{""type"":""Point"",""coordinates"":[93.36517498567741,27.444395501554094]}"
944,10,0.010914409533143044,68.75370025634766,2021-08-14,3036.797119140625,0,3.0,9.779999732971191,2021-08-14,2021-08-13,19.53770637512207,285.58868408203125,2021-08-15,60.54999923706055,18.75,2021-08-14,0.42794737219810486,3.0,"{""type"":""Point"",""coordinates"":[91.42164513915289,27.500803201585217]}"
945,10,0.13695119321346283,336.72320556640625,2021-04-21,123.29884338378906,0,94.0,0.0,2021-04-21,2021-04-20,3.1397907733917236,296.8746643066406,2021-04-22,48.31999969482422,16.66666603088379,2021-04-21,0.24779637157917023,94.0,"{""type"":""Point"",""coordinates"":[90.14518845911891,26.6726853721945]}"
946,10,0.054371144622564316,125.84746551513672,2023-03-28,162.3379669189453,0,1.0,5.420000076293945,2023-03-28,2023-03-27,3.878814935684204,297.5560302734375,2023-03-29,0.07000000029802322,0.0,2023-03-28,0.3439553678035736,1.0,"{""type"":""Point"",""coordinates"":[94.31513447413325,24.1398369644015]}"
947,95,0.004164983984082937,255.75289916992188,2021-08-21,5.555710792541504,0,4.0,23.25,2021-08-21,2021-08-20,0.06750979274511337,300.61090087890625,2021-08-22,0.7799999713897705,0.0,2021-08-21,0.4515819549560547,1.0,"{""type"":""Point"",""coordinates"":[89.58287976659483,21.78863668907147]}"
948,10,0.06204681098461151,301.4928894042969,2020-10-25,131.6175994873047,0,1.0,4.409999847412109,2020-10-25,2020-10-24,10.721640586853027,295.8203430175781,2020-10-26,3.700000047683716,8.333333015441895,2020-10-25,0.4234530031681061,1.0,"{""type"":""Point"",""coordinates"":[97.12809975967727,25.054318630556534]}"
949,10,0.12512463331222534,38.69314193725586,2023-10-18,916.331298828125,0,1.0,0.0,2023-10-18,2023-10-17,26.556968688964844,294.1809997558594,2023-10-19,0.0,0.0,2023-10-18,0.44995245337486267,1.0,"{""type"":""Point"",""coordinates"":[97.31545789322561,23.079441559673498]}"
950,30,-0.04797360301017761,270.0,2023-08-25,2.0,0,2.0,32.29999923706055,2023-08-25,2023-08-24,0.336506724357605,301.7650451660156,2023-08-26,56.189998626708984,45.83333206176758,2023-08-25,0.42079415917396545,1.0,"{""type"":""Point"",""coordinates"":[91.2134961882871,24.774430446852847]}"
951,40,0.19919055700302124,124.7921371459961,2021-06-09,14.919715881347656,0,2.0,4.339999675750732,2021-06-09,2021-06-08,0.6893723011016846,304.3183288574219,2021-06-10,2.259999990463257,4.166666507720947,2021-06-09,0.3668416440486908,2.0,"{""type"":""Point"",""coordinates"":[88.60927298484783,24.60106865552176]}"
952,10,0.09385472536087036,336.70794677734375,2019-01-24,3066.45263671875,0,2.0,0.0,2019-01-24,2019-01-23,51.490257263183594,276.990234375,2019-01-25,0.0,0.0,2019-01-24,0.3097858428955078,2.0,"{""type"":""Point"",""coordinates"":[93.30147320285522,27.638178538184057]}"
953,40,0.2503200173377991,123.86727142333984,2023-09-27,11.932828903198242,0,47.0,51.689998626708984,2023-09-27,2023-09-26,2.1039743423461914,302.832763671875,2023-09-28,25.59000015258789,18.75,2023-09-27,0.4660421907901764,1.0,"{""type"":""Point"",""coordinates"":[91.53288886159054,23.04025025231231]}"
954,10,0.1226680725812912,185.69638061523438,2020-06-03,145.33236694335938,0,1.0,32.90999984741211,2020-06-03,2020-06-02,2.4395816326141357,299.0450439453125,2020-06-04,29.28999900817871,43.75,2020-06-03,0.44902101159095764,1.0,"{""type"":""Point"",""coordinates"":[95.86302460667093,27.70802763554]}"
955,10,0.23388656973838806,53.07304382324219,2022-11-10,23.297489166259766,0,4.0,0.0,2022-11-10,2022-11-09,2.172374725341797,296.81494140625,2022-11-11,0.0,0.0,2022-11-10,0.276873916387558,1.0,"{""type"":""Point"",""coordinates"":[92.01736733663222,24.437968057100896]}"
956,10,0.12168391048908234,93.84184265136719,2020-01-06,6.8645548820495605,0,3.0,0.22999998927116394,2020-01-06,2020-01-05,2.0302817821502686,290.4018249511719,2020-01-07,0.0,0.0,2020-01-06,0.25157228112220764,1.0,"{""type"":""Point"",""coordinates"":[90.69206053890903,24.43915113611345]}"
957,10,0.8347098231315613,250.8258514404297,2022-12-20,144.3734893798828,0,3.0,0.0,2022-12-20,2022-12-19,14.619867324829102,294.7540283203125,2022-12-21,0.0,0.0,2022-12-20,0.18374888598918915,1.0,"{""type"":""Point"",""coordinates"":[92.43805334103051,22.131989502039165]}"
958,40,-0.010753280483186245,164.2070770263672,2020-01-14,13.56989574432373,0,29.0,0.0,2020-01-14,2020-01-13,1.1135294437408447,292.701904296875,2020-01-15,0.0,0.0,2020-01-14,0.3257884979248047,17.0,"{""type"":""Point"",""coordinates"":[90.32437358326071,24.27514554165046]}"
959,10,0.0754336267709732,172.67825317382812,2022-06-08,256.50189208984375,0,5.0,26.899999618530273,2022-06-08,2022-06-07,5.195824146270752,301.161865234375,2022-06-09,26.459999084472656,27.08333396911621,2022-06-08,0.46284231543540955,5.0,"{""type"":""Point"",""coordinates"":[94.49713077956353,23.193054451266057]}"
960,10,0.2791445851325989,84.95578002929688,2020-02-28,1671.3101806640625,0,1.0,0.17000000178813934,2020-02-28,2020-02-27,13.497137069702148,275.70513916015625,2020-02-29,2.989999771118164,0.0,2020-02-28,0.41378530859947205,1.0,"{""type"":""Point"",""coordinates"":[91.167497319585,27.469062693887917]}"
961,40,0.2951200306415558,66.07545471191406,2020-11-18,1.8162908554077148,0,16.0,0.0,2020-11-18,2020-11-17,0.5017180442810059,297.0305480957031,2020-11-19,5.179999828338623,10.416666984558105,2020-11-18,0.23057810962200165,16.0,"{""type"":""Point"",""coordinates"":[89.89881357479965,23.12863515441726]}"
962,10,0.3565857410430908,241.06109619140625,2021-06-13,19.181570053100586,0,1.0,23.809999465942383,2021-06-13,2021-06-12,0.25221046805381775,301.6694641113281,2021-06-14,44.46999740600586,31.25,2021-06-13,0.4021981656551361,1.0,"{""type"":""Point"",""coordinates"":[88.82431094661987,24.04717966026661]}"
963,10,0.0668947696685791,312.90399169921875,2021-08-01,301.3309326171875,0,2.0,89.86000061035156,2021-08-01,2021-07-31,12.977596282958984,300.6419677734375,2021-08-02,14.9089994430542,27.08333396911621,2021-08-01,0.47617149353027344,2.0,"{""type"":""Point"",""coordinates"":[92.89975651074582,26.27222238622965]}"
964,40,0.10528112202882767,127.1417007446289,2023-12-16,10.816301345825195,0,1.0,0.0,2023-12-16,2023-12-15,0.31179264187812805,292.55413818359375,2023-12-17,0.0,0.0,2023-12-16,0.36425337195396423,1.0,"{""type"":""Point"",""coordinates"":[92.11360913978066,24.828313818342757]}"
965,40,-0.059659089893102646,149.76971435546875,2022-04-07,175.42605590820312,0,10.0,11.039999961853027,2022-04-07,2022-04-06,1.3481619358062744,296.09820556640625,2022-04-08,1.159999966621399,0.0,2022-04-07,0.22715377807617188,1.0,"{""type"":""Point"",""coordinates"":[89.26294757031407,26.756455770058544]}"
966,10,0.7722800970077515,204.70474243164062,2019-12-12,2548.507080078125,0,2965.0,0.0,2019-12-12,2019-12-11,38.70640182495117,275.6326599121094,2019-12-13,1.309999942779541,2.0833332538604736,2019-12-12,0.34061241149902344,2965.0,"{""type"":""Point"",""coordinates"":[89.31582316767528,27.26322715493973]}"
967,10,0.1270935982465744,20.692556381225586,2021-11-12,1874.3380126953125,0,1.0,0.0,2021-11-12,2021-11-11,26.281295776367188,291.5029296875,2021-11-13,0.10999999940395355,0.0,2021-11-12,0.30997148156166077,1.0,"{""type"":""Point"",""coordinates"":[93.38949751196941,21.954791366889022]}"
968,80,-0.38194581866264343,-0.0,2021-12-03,0.0,0,4.0,0.0,2021-12-03,2021-12-02,0.0,299.21478271484375,2021-12-04,7.71999979019165,4.166666507720947,2021-12-03,0.031108221039175987,4.0,"{""type"":""Point"",""coordinates"":[90.66516306471485,22.75958918125308]}"
969,10,0.47868406772613525,165.96018981933594,2019-11-06,137.05760192871094,0,4.0,0.0,2019-11-06,2019-11-05,5.904579162597656,297.4223937988281,2019-11-07,0.0,0.0,2019-11-06,0.47738075256347656,4.0,"{""type"":""Point"",""coordinates"":[96.47598929285216,23.644986309699277]}"
970,10,0.1658414751291275,63.89088439941406,2022-10-10,1252.299560546875,0,7.0,4.319999694824219,2022-10-10,2022-10-09,21.212324142456055,294.46771240234375,2022-10-11,21.439998626708984,16.66666603088379,2022-10-10,0.4671560823917389,6.0,"{""type"":""Point"",""coordinates"":[97.42777444815515,23.82114854894103]}"
971,10,0.3458164930343628,62.651206970214844,2023-01-28,136.64508056640625,0,89.0,0.0,2023-01-28,2023-01-27,27.249643325805664,294.213623046875,2023-01-29,0.0,0.0,2023-01-28,0.177032470703125,89.0,"{""type"":""Point"",""coordinates"":[91.90157002987513,23.808817716737565]}"
972,60,0.022043513134121895,111.3466796875,2019-11-18,5344.55859375,0,1.0,0.23999999463558197,2019-11-18,2019-11-17,18.598329544067383,273.37005615234375,2019-11-19,0.0,0.0,2019-11-18,0.32712364196777344,1.0,"{""type"":""Point"",""coordinates"":[91.89696732972908,28.311990920019152]}"
973,10,0.04371565207839012,5.553940773010254,2021-07-11,3983.85205078125,0,3.0,26.760000228881836,2021-07-11,2021-07-10,43.49176788330078,283.0843200683594,2021-07-12,1.2699999809265137,2.0833332538604736,2021-07-11,0.42677369713783264,3.0,"{""type"":""Point"",""coordinates"":[94.35227095637694,29.251533046139993]}"
974,10,0.18306629359722137,14.673519134521484,2019-11-18,996.57958984375,0,3.0,0.0,2019-11-18,2019-11-17,31.072837829589844,291.9060363769531,2019-11-19,0.0,0.0,2019-11-18,0.3712348937988281,3.0,"{""type"":""Point"",""coordinates"":[91.64303257189357,26.895881637247378]}"
975,40,0.16394414007663727,153.88693237304688,2021-11-12,209.97901916503906,0,9.0,6.9599995613098145,2021-11-12,2021-11-11,1.5462843179702759,294.6611328125,2021-11-13,12.279999732971191,10.416666984558105,2021-11-12,0.2933889925479889,6.0,"{""type"":""Point"",""coordinates"":[96.59798206855407,25.067273700388476]}"
976,10,0.24071772396564484,153.3376922607422,2021-03-02,307.2112121582031,0,41.0,23.889999389648438,2021-03-02,2021-03-01,4.098716735839844,291.1888732910156,2021-03-03,6.519999980926514,8.333333015441895,2021-03-02,0.3162466585636139,1.0,"{""type"":""Point"",""coordinates"":[96.04213210332388,28.023198091351272]}"
977,10,0.7525452971458435,143.771240234375,2020-04-17,61.596126556396484,0,1.0,0.0,2020-04-17,2020-04-16,9.825139045715332,302.363525390625,2020-04-18,11.920000076293945,6.25,2020-04-17,0.3508656919002533,1.0,"{""type"":""Point"",""coordinates"":[91.43473685526452,23.609978128185446]}"
978,10,0.35304826498031616,303.08026123046875,2022-05-09,434.4663391113281,0,2.0,5.960000038146973,2022-05-09,2022-05-08,17.513879776000977,298.4379577636719,2022-05-10,45.63999938964844,60.41666793823242,2022-05-09,0.36612191796302795,2.0,"{""type"":""Point"",""coordinates"":[93.19080236031562,24.686471488276915]}"
979,10,0.1681087762117386,86.52978515625,2022-02-01,10.025012016296387,0,3.0,0.0,2022-02-01,2022-01-31,1.2423558235168457,292.2628173828125,2022-02-02,0.06599999964237213,0.0,2022-02-01,0.34325918555259705,1.0,"{""type"":""Point"",""coordinates"":[88.47281423031951,22.337442759478137]}"
980,30,0.269001841545105,320.7759094238281,2022-01-28,297.7075500488281,0,1.0,0.9799999594688416,2022-01-28,2022-01-27,1.1774358749389648,293.1357727050781,2022-01-29,0.0,0.0,2022-01-28,0.29871177673339844,1.0,"{""type"":""Point"",""coordinates"":[96.02147738474957,22.760791938735164]}"
981,10,0.20169943571090698,319.9601135253906,2019-08-26,37.87324142456055,0,21.0,117.38999938964844,2019-08-26,2019-08-25,5.912479400634766,302.4001159667969,2019-08-27,3.8299999237060547,4.166666507720947,2019-08-26,0.4087963104248047,21.0,"{""type"":""Point"",""coordinates"":[92.19580238894265,24.350289550207854]}"
982,10,0.3706004023551941,10.299530982971191,2020-04-25,1461.867919921875,0,11.0,227.0399932861328,2020-04-25,2020-04-24,38.44866943359375,294.3254699707031,2020-04-26,22.75,20.83333396911621,2020-04-25,0.25989213585853577,11.0,"{""type"":""Point"",""coordinates"":[93.69230183718534,21.829582006735386]}"
983,10,0.24934087693691254,100.92084503173828,2019-10-01,742.508544921875,0,15.0,91.64999389648438,2019-10-01,2019-09-30,29.764925003051758,294.9107360839844,2019-10-02,22.869998931884766,16.66666603088379,2019-10-01,0.4682229459285736,15.0,"{""type"":""Point"",""coordinates"":[97.01753787801144,22.667657963751708]}"
984,10,0.3646818995475769,204.9815216064453,2023-01-23,764.541748046875,0,9.0,0.0,2023-01-23,2023-01-22,28.26099967956543,286.35028076171875,2023-01-24,0.0,0.0,2023-01-23,0.1583404541015625,9.0,"{""type"":""Point"",""coordinates"":[93.12710275605568,23.29768643125239]}"
985,10,0.06848607212305069,317.8145751953125,2020-04-27,1496.580078125,0,1.0,0.8799999952316284,2020-04-27,2020-04-26,19.117454528808594,291.56591796875,2020-04-28,25.56999969482422,33.33333206176758,2020-04-27,0.33610787987709045,1.0,"{""type"":""Point"",""coordinates"":[93.44614677493773,23.706367825160406]}"
986,10,0.1003231480717659,48.90724182128906,2020-06-18,509.26025390625,0,4.0,114.27999877929688,2020-06-18,2020-06-17,9.621333122253418,298.3167419433594,2020-06-19,58.91999816894531,33.33333206176758,2020-06-18,0.4588146209716797,1.0,"{""type"":""Point"",""coordinates"":[95.07064196395633,26.801732803734463]}"
987,10,0.7269487977027893,70.08475494384766,2022-04-09,13.216285705566406,0,1148.0,0.0,2022-04-09,2022-04-08,0.9829925894737244,304.7497863769531,2022-04-10,0.0,0.0,2022-04-09,0.14553578197956085,1148.0,"{""type"":""Point"",""coordinates"":[89.32640660488117,23.144928318862714]}"
988,40,0.43155649304389954,160.0313720703125,2019-03-26,42.49989700317383,0,1.0,0.0,2019-03-26,2019-03-25,0.36124351620674133,301.9859619140625,2019-03-27,3.8499999046325684,6.25,2019-03-26,0.1426868438720703,1.0,"{""type"":""Point"",""coordinates"":[88.91129865363499,25.8822597408779]}"
989,50,0.2557137906551361,313.7974548339844,2022-12-31,111.62548065185547,0,2.0,0.0,2022-12-31,2022-12-30,2.3679158687591553,289.0226745605469,2023-01-01,0.0,0.0,2022-12-31,0.39652886986732483,1.0,"{""type"":""Point"",""coordinates"":[95.17492687202879,27.08347227406372]}"
990,10,0.13227038085460663,0.26311466097831726,2023-01-02,292.6187744140625,0,1.0,0.09199999272823334,2023-01-02,2023-01-01,15.27464485168457,287.5105895996094,2023-01-03,0.0,0.0,2023-01-02,0.3934135437011719,1.0,"{""type"":""Point"",""coordinates"":[96.82278980295159,26.137696111027235]}"
991,10,0.05579579621553421,47.24571228027344,2022-08-07,714.1412963867188,0,4.0,69.5999984741211,2022-08-07,2022-08-06,33.48245620727539,298.09393310546875,2022-08-08,48.63999938964844,20.83333396911621,2022-08-07,0.4668954312801361,4.0,"{""type"":""Point"",""coordinates"":[96.66113147286612,22.023700435649154]}"
992,40,0.38327762484550476,265.5694274902344,2022-04-04,13.202985763549805,0,2.0,19.8799991607666,2022-04-04,2022-04-03,0.9946314692497253,301.989990234375,2022-04-05,0.0,0.0,2022-04-04,0.11625925451517105,2.0,"{""type"":""Point"",""coordinates"":[89.78656851165402,24.590127880318963]}"
993,60,0.05284963548183441,60.87588882446289,2021-08-31,3708.924560546875,0,106.0,1110.8800048828125,2021-08-31,2021-08-30,4.303354263305664,288.0220947265625,2021-09-01,6.579999923706055,10.416666984558105,2021-08-31,0.4139366149902344,106.0,"{""type"":""Point"",""coordinates"":[91.28438862374738,29.22385703229769]}"
994,40,0.002942112972959876,145.90321350097656,2022-08-08,104.15142059326172,0,1.0,1.5299999713897705,2022-08-08,2022-08-07,0.39048314094543457,304.80194091796875,2022-08-09,33.89999771118164,16.66666603088379,2022-08-08,0.46810340881347656,1.0,"{""type"":""Point"",""coordinates"":[94.87774072387651,27.488513089056433]}"
995,10,0.29069259762763977,262.9667053222656,2022-11-06,1109.877197265625,0,16.0,0.0,2022-11-06,2022-11-05,18.914548873901367,292.0506286621094,2022-11-07,0.0,0.0,2022-11-06,0.38396263122558594,16.0,"{""type"":""Point"",""coordinates"":[96.75755718342097,22.619413878454324]}"
996,40,0.04520491510629654,71.94303131103516,2023-06-23,12.904788970947266,0,2.0,21.420000076293945,2023-06-23,2023-06-22,0.4436566233634949,303.3309326171875,2023-06-24,0.0,0.0,2023-06-23,0.3682689666748047,2.0,"{""type"":""Point"",""coordinates"":[88.80753855909663,23.82678812710895]}"
997,10,0.16687698662281036,0.9002413153648376,2022-02-18,13.923035621643066,0,2.0,0.0,2022-02-18,2022-02-17,0.8611630201339722,292.5325012207031,2022-02-19,0.0,0.0,2022-02-18,0.2213948518037796,2.0,"{""type"":""Point"",""coordinates"":[89.66940481183296,23.564828245368304]}"
998,10,0.42283517122268677,348.959228515625,2020-12-26,1032.6446533203125,0,1.0,7.46999979019165,2020-12-26,2020-12-25,31.012277603149414,275.7613525390625,2020-12-27,0.7699999809265137,0.0,2020-12-26,0.41309675574302673,1.0,"{""type"":""Point"",""coordinates"":[95.24849879767635,29.255943540486868]}"
999,10,0.04375672712922096,54.00758361816406,2021-10-08,1183.3399658203125,0,7.0,2.93999981880188,2021-10-08,2021-10-07,25.66785430908203,294.8899230957031,2021-10-09,0.0,0.0,2021-10-08,0.4839388430118561,7.0,"{""type"":""Point"",""coordinates"":[97.44762196447192,27.023567883824715]}"
