system:index,Map,NDVI,aspect,current_date,elevation,is_landslide,max_water_accumulation,prev_day_water_accumulation,prev_end,prev_start,slope,soil_temperature,today_end,today_expected_rain,today_rain_probability,today_start,volumetric_soil_moisture,water_accumulation,.geo
0,60,6.953995762160048E-5,14.357251167297363,2022-08-16,5010.126953125,0,2.0,0.7999999523162842,2022-08-16,2022-08-15,4.516263008117676,282.2449951171875,2022-08-17,2.879999876022339,6.25,2022-08-16,0.40783438086509705,2.0,"{""type"":""Point"",""coordinates"":[88.08450213763722,28.093902007709612]}"
1,40,0.054452814161777496,163.66915893554688,2019-07-12,12.088094711303711,0,2.0,78.72000122070312,2019-07-12,2019-07-11,0.4584265351295471,302.0671691894531,2019-07-13,59.56999969482422,37.5,2019-07-12,0.4200979769229889,2.0,"{""type"":""Point"",""coordinates"":[89.0874553790131,24.659549207445266]}"
2,10,0.3864094316959381,93.21629333496094,2021-10-11,326.4469909667969,0,8.0,0.0,2021-10-11,2021-10-10,17.54778480529785,299.1756591796875,2021-10-12,0.0,0.0,2021-10-11,0.4770723879337311,8.0,"{""type"":""Point"",""coordinates"":[96.39539632092715,25.608137746719944]}"
3,30,0.19533056020736694,81.39622497558594,2019-12-29,4699.6005859375,0,1.0,0.0,2019-12-29,2019-12-28,31.56745719909668,270.7369079589844,2019-12-30,0.0,0.0,2019-12-29,0.3389231264591217,1.0,"{""type"":""Point"",""coordinates"":[90.00560175134879,29.311038483383644]}"
4,30,0.03848070651292801,234.0099639892578,2021-09-02,101.05408477783203,0,3.0,12.602999687194824,2021-09-02,2021-09-01,1.504158854484558,301.4055480957031,2021-09-03,0.0,0.0,2021-09-02,0.4530162811279297,1.0,"{""type"":""Point"",""coordinates"":[96.09937494503195,23.555381961208447]}"
5,40,0.17212407290935516,5.628335475921631,2020-12-07,5.288005828857422,0,19.0,0.0,2020-12-07,2020-12-06,0.6939367651939392,295.59832763671875,2020-12-08,0.0,0.0,2020-12-07,0.17211532592773438,19.0,"{""type"":""Point"",""coordinates"":[89.63971599949181,23.66895117204191]}"
6,30,0.016495751217007637,31.386972427368164,2023-05-29,3710.58837890625,0,7679.0,0.0,2023-05-29,2023-05-28,42.68981170654297,282.41070556640625,2023-05-30,0.0,0.0,2023-05-29,0.39805731177330017,7679.0,"{""type"":""Point"",""coordinates"":[92.21120959825856,29.283747988974532]}"
7,30,0.02115562930703163,217.4466552734375,2022-10-17,4658.4970703125,0,40.0,61.709999084472656,2022-10-17,2022-10-16,34.39350128173828,277.13916015625,2022-10-18,2.0799999237060547,0.0,2022-10-17,0.41390037536621094,33.0,"{""type"":""Point"",""coordinates"":[97.0294165050361,29.274791080617774]}"
8,40,0.04711421579122543,299.9707336425781,2019-08-11,3555.129150390625,0,1.0,16.270000457763672,2019-08-11,2019-08-10,0.39071905612945557,290.3173828125,2019-08-12,18.10999870300293,25.0,2019-08-11,0.42130789160728455,1.0,"{""type"":""Point"",""coordinates"":[91.47927328126634,29.26546227811039]}"
9,10,0.17812755703926086,38.23684310913086,2023-05-01,107.73556518554688,0,1.0,6.21999979019165,2023-05-01,2023-04-30,6.927694797515869,297.3349304199219,2023-05-02,9.34000015258789,22.91666603088379,2023-05-01,0.4077371060848236,1.0,"{""type"":""Point"",""coordinates"":[95.04720873896144,27.34141435844032]}"
10,10,0.0017074558418244123,272.8908386230469,2019-11-23,3371.626708984375,0,3.0,0.32999998331069946,2019-11-23,2019-11-22,21.36094856262207,274.0977783203125,2019-11-24,0.14000000059604645,0.0,2019-11-23,0.40593019127845764,3.0,"{""type"":""Point"",""coordinates"":[92.41875848876387,27.573008538708912]}"
11,10,0.12245562672615051,156.1167755126953,2020-11-23,3549.321533203125,0,8.0,0.0,2020-11-23,2020-11-22,28.152782440185547,273.2189025878906,2020-11-24,0.0,0.0,2020-11-23,0.3750832974910736,8.0,"{""type"":""Point"",""coordinates"":[94.22598965068998,29.260877183178316]}"
12,10,0.7629929184913635,231.66160583496094,2023-11-30,280.2014465332031,0,1.0,0.0,2023-11-30,2023-11-29,9.14736270904541,292.9849548339844,2023-12-01,0.0,0.0,2023-11-30,0.4134623110294342,1.0,"{""type"":""Point"",""coordinates"":[93.27625296503646,25.80105759605372]}"
13,30,0.13439016044139862,203.3102264404297,2022-11-23,4554.19287109375,0,2.0,0.09999999403953552,2022-11-23,2022-11-22,38.95302200317383,273.3804931640625,2022-11-24,2.2899999618530273,2.0833332538604736,2022-11-23,0.32244744896888733,2.0,"{""type"":""Point"",""coordinates"":[92.70302588451858,28.42537652663875]}"
14,60,0.015056094154715538,286.5979919433594,2019-04-29,5072.125,0,7.0,2.859999895095825,2019-04-29,2019-04-28,28.817100524902344,279.81732177734375,2019-04-30,0.17999999225139618,0.0,2019-04-29,0.28498587012290955,1.0,"{""type"":""Point"",""coordinates"":[92.35492829570893,28.34006501859617]}"
15,80,-0.11996325105428696,-0.0,2022-01-06,0.0,0,0.0,0.0,2022-01-06,2022-01-05,0.0,0.0,2022-01-07,0.0,0.0,2022-01-06,0.0,0.0,"{""type"":""Point"",""coordinates"":[88.67643788605788,21.725603382428027]}"
16,100,0.02689441666007042,99.00146484375,2021-10-30,4237.3681640625,0,1.0,0.7899999618530273,2021-10-30,2021-10-29,43.69685745239258,275.83538818359375,2021-10-31,1.4399999380111694,4.166666507720947,2021-10-30,0.37355613708496094,1.0,"{""type"":""Point"",""coordinates"":[97.04572964447074,29.02295600976051]}"
17,40,0.09445146471261978,91.50577545166016,2019-07-10,62.85348892211914,0,1.0,73.70999908447266,2019-07-10,2019-07-09,1.4951367378234863,300.51434326171875,2019-07-11,78.23999786376953,58.33333206176758,2019-07-10,0.508621871471405,1.0,"{""type"":""Point"",""coordinates"":[92.76981686286805,26.332255949600736]}"
18,10,0.10941094905138016,46.03337860107422,2022-02-27,1391.9312744140625,0,1.0,0.0,2022-02-27,2022-02-26,30.682880401611328,284.5971984863281,2022-02-28,0.6499999761581421,0.0,2022-02-27,0.46689796447753906,1.0,"{""type"":""Point"",""coordinates"":[93.71045046194683,27.336287774975972]}"
19,10,0.06653086096048355,146.92762756347656,2021-07-22,240.78912353515625,0,67.0,2426.070068359375,2021-07-22,2021-07-21,1.3570029735565186,299.8846740722656,2021-07-23,89.31999969482422,37.5,2021-07-22,0.47277069091796875,67.0,"{""type"":""Point"",""coordinates"":[96.30118017514546,24.746793423733767]}"
20,10,0.023290816694498062,138.557861328125,2021-08-19,1068.56591796875,0,2.0,63.3599967956543,2021-08-19,2021-08-18,21.919626235961914,295.8569641113281,2021-08-20,44.93000030517578,47.91666793823242,2021-08-19,0.47952207922935486,1.0,"{""type"":""Point"",""coordinates"":[96.28434606760105,27.43344877848454]}"
21,40,0.5708622336387634,245.14013671875,2019-12-03,129.9685821533203,0,5.0,0.0,2019-12-03,2019-12-02,1.5261706113815308,295.39642333984375,2019-12-04,0.0,0.0,2019-12-03,0.3111076354980469,5.0,"{""type"":""Point"",""coordinates"":[96.06085345010845,22.642215681954077]}"
22,60,-0.00962468795478344,90.0,2019-12-05,15.0,0,1.0,0.0,2019-12-05,2019-12-04,3.529118061065674,294.3762512207031,2019-12-06,0.0,0.0,2019-12-05,0.19276683032512665,1.0,"{""type"":""Point"",""coordinates"":[88.06879257050461,24.057068836323825]}"
23,40,0.10107463598251343,270.0,2020-10-12,770.5,0,2.0,5.329999923706055,2020-10-12,2020-10-11,0.17342624068260193,297.9031982421875,2020-10-13,2.5899999141693115,2.0833332538604736,2020-10-12,0.3967825472354889,1.0,"{""type"":""Point"",""coordinates"":[93.92064220268999,24.53246232532908]}"
24,10,0.44462859630584717,136.43443298339844,2021-11-26,180.41053771972656,0,73.0,0.0,2021-11-26,2021-11-25,10.707174301147461,293.2663879394531,2021-11-27,0.0,0.0,2021-11-26,0.31677117943763733,73.0,"{""type"":""Point"",""coordinates"":[96.8883868349696,25.060798398881968]}"
25,40,0.35166093707084656,119.69178771972656,2020-02-23,3.384145736694336,0,1.0,0.0,2020-02-23,2020-02-22,1.610591173171997,298.1514587402344,2020-02-24,0.0,0.0,2020-02-23,0.14332707226276398,1.0,"{""type"":""Point"",""coordinates"":[90.26070803776645,23.488385999861116]}"
26,10,0.018506886437535286,301.3957824707031,2021-08-15,856.9758911132812,0,13.0,58.869998931884766,2021-08-15,2021-08-14,23.95952606201172,296.4308776855469,2021-08-16,158.14999389648438,60.41666793823242,2021-08-15,0.42426809668540955,7.0,"{""type"":""Point"",""coordinates"":[94.60444335050575,24.955784500703597]}"
27,10,0.45853275060653687,235.82618713378906,2022-04-24,985.5142822265625,0,208.0,0.0,2022-04-24,2022-04-23,29.091537475585938,293.6103515625,2022-04-25,0.0,0.0,2022-04-24,0.2669302523136139,208.0,"{""type"":""Point"",""coordinates"":[93.3643235419687,23.440099793401632]}"
28,10,0.11792819947004318,199.650146484375,2020-08-25,12.584236145019531,0,10.0,26.759998321533203,2020-08-25,2020-08-24,4.296313762664795,302.145751953125,2020-08-26,2.9700000286102295,4.166666507720947,2020-08-25,0.4090862274169922,6.0,"{""type"":""Point"",""coordinates"":[88.94654460028757,23.271510169434848]}"
29,40,0.08779319375753403,214.5661163330078,2023-10-02,45.72869110107422,0,116.0,0.0,2023-10-02,2023-10-01,0.30821937322616577,302.1374816894531,2023-10-03,31.420000076293945,14.583333015441895,2023-10-02,0.4575481414794922,116.0,"{""type"":""Point"",""coordinates"":[91.36078847084862,26.40250057562276]}"
30,80,-0.22303995490074158,-0.0,2020-04-09,0.0,0,0.0,0.0,2020-04-09,2020-04-08,0.0,0.0,2020-04-10,0.0,0.0,2020-04-09,0.0,0.0,"{""type"":""Point"",""coordinates"":[89.13580552947667,21.549714055634855]}"
31,50,0.2013133317232132,300.3512878417969,2022-11-15,2.9521868228912354,0,13.0,5.460000038146973,2022-11-15,2022-11-14,0.3290242552757263,295.3278503417969,2022-11-16,0.0,0.0,2022-11-15,0.2288563996553421,13.0,"{""type"":""Point"",""coordinates"":[88.48126746493189,22.569929287456617]}"
32,40,0.514178991317749,113.35480499267578,2019-12-10,155.6251220703125,0,443.0,0.0,2019-12-10,2019-12-09,1.5784751176834106,290.8802490234375,2019-12-11,0.0,0.0,2019-12-10,0.4059791564941406,443.0,"{""type"":""Point"",""coordinates"":[94.13530845590596,22.53862181027275]}"
33,10,0.3696945607662201,171.54733276367188,2022-01-13,1127.0469970703125,0,1.0,10.130000114440918,2022-01-13,2022-01-12,30.211181640625,285.67462158203125,2022-01-14,1.5,2.0833332538604736,2022-01-13,0.22294235229492188,1.0,"{""type"":""Point"",""coordinates"":[93.78756143319926,25.105191067101362]}"
34,10,0.24245253205299377,88.39936065673828,2023-12-03,2691.8134765625,0,1.0,0.35999998450279236,2023-12-03,2023-12-02,46.615135192871094,280.33203125,2023-12-04,0.14000000059604645,0.0,2023-12-03,0.3306490480899811,1.0,"{""type"":""Point"",""coordinates"":[95.60211400865914,28.598775015741406]}"
35,40,0.11669415980577469,131.42880249023438,2020-02-03,1.579261302947998,0,2.0,0.0,2020-02-03,2020-02-02,0.4457577168941498,292.64581298828125,2020-02-04,0.0,0.0,2020-02-03,0.3495089113712311,2.0,"{""type"":""Point"",""coordinates"":[88.46984205497401,22.285295622932182]}"
36,80,-0.08020911365747452,-0.0,2023-05-08,0.0,0,0.0,0.0,2023-05-08,2023-05-07,0.0,306.9246520996094,2023-05-09,0.0,0.0,2023-05-08,0.17228634655475616,0.0,"{""type"":""Point"",""coordinates"":[89.52328772888444,22.047827682126428]}"
37,60,0.052012741565704346,156.11856079101562,2019-08-18,4479.60595703125,0,1.0,7.539999961853027,2019-08-18,2019-08-17,39.42257308959961,287.8751220703125,2019-08-19,0.41999998688697815,0.0,2019-08-18,0.42110762000083923,1.0,"{""type"":""Point"",""coordinates"":[88.27393229545454,29.018200029022985]}"
38,10,0.6731407046318054,163.72706604003906,2020-03-10,264.0865478515625,0,141.0,265.0799865722656,2020-03-10,2020-03-09,8.586665153503418,289.90203857421875,2020-03-11,0.0,0.0,2020-03-10,0.35838571190834045,141.0,"{""type"":""Point"",""coordinates"":[96.66612299192799,26.760031903853584]}"
39,10,0.41638633608818054,345.77606201171875,2019-04-14,1751.8480224609375,0,1.0,0.0,2019-04-14,2019-04-13,22.167213439941406,293.93145751953125,2019-04-15,0.0,0.0,2019-04-14,0.2011464387178421,1.0,"{""type"":""Point"",""coordinates"":[93.37466859545283,22.559078652769806]}"
40,40,0.17062556743621826,140.6953887939453,2020-03-03,5.339130401611328,0,2.0,0.0,2020-03-03,2020-03-02,0.41683879494667053,298.4383239746094,2020-03-04,7.899999618530273,14.583333015441895,2020-03-03,0.16651661694049835,2.0,"{""type"":""Point"",""coordinates"":[90.89451935612182,24.492568534394042]}"
41,10,0.04752279072999954,349.9664001464844,2022-05-13,1776.7086181640625,0,11.0,1150.929931640625,2022-05-13,2022-05-12,3.096433401107788,291.9414367675781,2022-05-14,24.100000381469727,20.83333396911621,2022-05-13,0.4713408052921295,11.0,"{""type"":""Point"",""coordinates"":[94.17884999407826,25.273832815279842]}"
42,10,0.25478190183639526,250.2749786376953,2021-04-22,254.96627807617188,0,36.0,51.47999954223633,2021-04-22,2021-04-21,1.8739522695541382,298.5517883300781,2021-04-23,0.0,0.0,2021-04-22,0.3105316162109375,36.0,"{""type"":""Point"",""coordinates"":[96.68679994025848,26.691943752142286]}"
43,10,0.6920403242111206,282.3744201660156,2022-03-14,1417.2972412109375,0,3.0,0.0,2022-03-14,2022-03-13,34.427215576171875,294.7877502441406,2022-03-15,0.0,0.0,2022-03-14,0.12212435156106949,3.0,"{""type"":""Point"",""coordinates"":[93.82402975419551,21.680918635029418]}"
44,10,0.08211306482553482,349.0488586425781,2023-02-08,3518.760498046875,0,3.0,0.0,2023-02-08,2023-02-07,32.412025451660156,272.76873779296875,2023-02-09,0.0,0.0,2023-02-08,0.34339332580566406,3.0,"{""type"":""Point"",""coordinates"":[93.00202272778213,28.40187920366651]}"
45,40,0.07512342929840088,275.92236328125,2019-10-23,39.65196990966797,0,1.0,0.0,2019-10-23,2019-10-22,1.6796725988388062,299.2484436035156,2019-10-24,6.539999485015869,6.25,2019-10-23,0.3378041684627533,1.0,"{""type"":""Point"",""coordinates"":[90.74486939052387,26.349623173375463]}"
46,10,0.7181487679481506,50.75595474243164,2021-04-13,653.9113159179688,0,3.0,0.0,2021-04-13,2021-04-12,31.623933792114258,297.91656494140625,2021-04-14,62.20000076293945,16.66666603088379,2021-04-13,0.23992983996868134,2.0,"{""type"":""Point"",""coordinates"":[93.04824256372555,23.958068385516516]}"
47,10,0.08371478319168091,98.67488861083984,2021-08-21,469.5140075683594,0,75.0,51.14999771118164,2021-08-21,2021-08-20,6.505023002624512,296.29083251953125,2021-08-22,0.0,0.0,2021-08-21,0.47312483191490173,3.0,"{""type"":""Point"",""coordinates"":[97.16731643611219,22.191613293144783]}"
48,30,0.07834400236606598,129.9176483154297,2023-09-07,4542.37060546875,0,1.0,0.03999999910593033,2023-09-07,2023-09-06,20.4293155670166,285.759033203125,2023-09-08,0.25,0.0,2023-09-07,0.3486824035644531,1.0,"{""type"":""Point"",""coordinates"":[88.17223414923123,29.445589832801367]}"
49,30,0.27318161725997925,327.00946044921875,2023-02-05,496.238525390625,0,1.0,0.0,2023-02-05,2023-02-04,3.8631434440612793,297.3829345703125,2023-02-06,0.0,0.0,2023-02-05,0.2209351807832718,1.0,"{""type"":""Point"",""coordinates"":[96.2974098142648,21.875699656166486]}"
50,10,0.012386390939354897,304.7178649902344,2023-07-19,761.1348266601562,0,198.0,0.0,2023-07-19,2023-07-18,20.843772888183594,298.0630798339844,2023-07-20,1.2300000190734863,0.0,2023-07-19,0.39957746863365173,198.0,"{""type"":""Point"",""coordinates"":[94.70781598120479,28.003958698904505]}"
51,100,-0.040840670466423035,12.76112174987793,2022-01-22,4513.4208984375,0,65.0,0.0,2022-01-22,2022-01-21,9.331684112548828,268.93829345703125,2022-01-23,0.0,0.0,2022-01-22,0.3384895324707031,65.0,"{""type"":""Point"",""coordinates"":[91.95879861133051,27.90970610316766]}"
52,10,0.12235458195209503,97.34549713134766,2022-11-17,2656.5478515625,0,4.0,0.5999999642372131,2022-11-17,2022-11-16,37.270320892333984,274.5605773925781,2022-11-18,1.5999999046325684,0.0,2022-11-17,0.3562602996826172,3.0,"{""type"":""Point"",""coordinates"":[92.18076699886161,27.462845262971165]}"
53,40,0.3744959533214569,159.10140991210938,2021-11-18,650.4437866210938,0,1.0,0.0,2021-11-18,2021-11-17,6.416751384735107,294.88934326171875,2021-11-19,0.0,0.0,2021-11-18,0.4305839538574219,1.0,"{""type"":""Point"",""coordinates"":[97.44797666207668,22.04257647268591]}"
54,30,0.031207555904984474,200.59518432617188,2019-05-31,1530.0933837890625,0,4.0,184.51998901367188,2019-05-31,2019-05-30,21.932218551635742,295.29180908203125,2019-06-01,6.659999847412109,8.333333015441895,2019-05-31,0.48846182227134705,4.0,"{""type"":""Point"",""coordinates"":[91.50601058098616,25.35082591126366]}"
55,100,-0.016513150185346603,11.719618797302246,2021-02-28,5088.60107421875,0,1.0,0.0,2021-02-28,2021-02-27,23.278841018676758,270.6593933105469,2021-03-01,0.0,0.0,2021-02-28,0.39870262145996094,1.0,"{""type"":""Point"",""coordinates"":[93.36561711568181,29.286120923872804]}"
56,10,0.060501959174871445,61.296939849853516,2019-09-20,963.7478637695312,0,4.0,48.459999084472656,2019-09-20,2019-09-19,30.233497619628906,296.8080139160156,2019-09-21,16.149999618530273,27.08333396911621,2019-09-20,0.4804789125919342,1.0,"{""type"":""Point"",""coordinates"":[97.0243730172111,23.201373392804427]}"
57,40,0.12793490290641785,3.4149959087371826,2021-05-13,9.363301277160645,0,6.0,11.179999351501465,2021-05-13,2021-05-12,2.4372975826263428,300.74298095703125,2021-05-14,0.0,0.0,2021-05-13,0.39785194396972656,1.0,"{""type"":""Point"",""coordinates"":[89.5585804250962,23.96064567481947]}"
58,40,0.06972161680459976,50.356143951416016,2022-02-12,15.94898796081543,0,2.0,0.0,2022-02-12,2022-02-11,0.27990493178367615,292.16290283203125,2022-02-13,0.0,0.0,2022-02-12,0.317950576543808,2.0,"{""type"":""Point"",""coordinates"":[89.6516633678447,24.852076664837963]}"
59,80,-0.19641423225402832,-0.0,2022-01-01,0.0,0,0.0,0.0,2022-01-01,2021-12-31,0.0,0.0,2022-01-02,0.007000000216066837,0.0,2022-01-01,0.0,0.0,"{""type"":""Point"",""coordinates"":[91.82336733815687,21.78980540409623]}"
60,60,-0.10033980756998062,312.9479675292969,2022-06-03,2.563678503036499,0,199.0,616.8999633789062,2022-06-03,2022-06-02,3.7292604446411133,302.7654113769531,2022-06-04,2.940000057220459,0.0,2022-06-03,0.4624989926815033,199.0,"{""type"":""Point"",""coordinates"":[88.8954396166222,22.54048030124938]}"
61,10,0.30293604731559753,205.34921264648438,2019-02-11,283.9314880371094,0,16.0,78.75,2019-02-11,2019-02-10,35.36518478393555,289.9864807128906,2019-02-12,0.0,0.0,2019-02-11,0.3386014401912689,15.0,"{""type"":""Point"",""coordinates"":[96.27949238250638,26.430193370672473]}"
62,80,-0.027942020446062088,-0.0,2020-03-16,2.0,0,5.0,1.4499999284744263,2020-03-16,2020-03-15,0.0,299.6811218261719,2020-03-17,0.8699999451637268,0.0,2020-03-16,0.2339324951171875,5.0,"{""type"":""Point"",""coordinates"":[89.9537528416459,23.690614352188696]}"
63,10,0.2923649847507477,145.56065368652344,2019-04-02,15.079565048217773,0,1.0,2.0329999923706055,2019-04-02,2019-04-01,2.4827897548675537,301.671875,2019-04-03,0.0,0.0,2019-04-02,0.279247909784317,1.0,"{""type"":""Point"",""coordinates"":[88.19739381328174,23.55585834302424]}"
64,40,0.1902020424604416,325.6590270996094,2022-09-04,126.12394714355469,0,96.0,230.39999389648438,2022-09-04,2022-09-03,0.594889760017395,298.2988586425781,2022-09-05,9.25999927520752,4.166666507720947,2022-09-04,0.4188505709171295,96.0,"{""type"":""Point"",""coordinates"":[97.35016466015918,24.240213888263323]}"
65,40,0.1360549032688141,72.1755142211914,2021-03-05,65.35000610351562,0,2.0,0.0,2021-03-05,2021-03-04,0.2898396849632263,295.05865478515625,2021-03-06,5.980000019073486,4.166666507720947,2021-03-05,0.33180809020996094,2.0,"{""type"":""Point"",""coordinates"":[92.98200414355112,26.56610685223128]}"
66,30,0.16023844480514526,249.2694091796875,2022-12-07,4239.83935546875,0,8.0,0.0,2022-12-07,2022-12-06,15.562396049499512,272.5296936035156,2022-12-08,0.0,0.0,2022-12-07,0.24211883544921875,8.0,"{""type"":""Point"",""coordinates"":[89.28176882171147,29.44274882314251]}"
67,10,0.05328231677412987,339.28302001953125,2019-09-27,1454.111572265625,0,6.0,5.039999961853027,2019-09-27,2019-09-26,19.9438419342041,293.3616638183594,2019-09-28,0.6599999666213989,0.0,2019-09-27,0.48997244238853455,6.0,"{""type"":""Point"",""coordinates"":[97.34409224343005,23.512740146959217]}"
68,10,0.1334179937839508,209.60614013671875,2023-12-14,4.5019330978393555,0,1.0,0.0,2023-12-14,2023-12-13,1.2356832027435303,293.1122741699219,2023-12-15,0.0,0.0,2023-12-14,0.34222665429115295,1.0,"{""type"":""Point"",""coordinates"":[90.53628118477687,23.628175668346252]}"
69,10,0.510117769241333,273.1204833984375,2023-02-08,168.67404174804688,0,3.0,0.0,2023-02-08,2023-02-07,27.469215393066406,293.9119873046875,2023-02-09,0.0,0.0,2023-02-08,0.11470731347799301,2.0,"{""type"":""Point"",""coordinates"":[92.14036003335595,23.212523787366774]}"
70,10,0.002530699595808983,137.508544921875,2023-07-11,1934.175537109375,0,1.0,18.209999084472656,2023-07-11,2023-07-10,18.385446548461914,291.5072937011719,2023-07-12,165.80999755859375,85.41666412353516,2023-07-11,0.425323486328125,1.0,"{""type"":""Point"",""coordinates"":[96.12295718121385,28.246630933145173]}"
71,10,0.08554090559482574,34.35916519165039,2020-03-18,2706.762451171875,0,1.0,5.860000133514404,2020-03-18,2020-03-17,21.709060668945312,276.1870422363281,2020-03-19,2.7099997997283936,0.0,2020-03-18,0.416827529668808,1.0,"{""type"":""Point"",""coordinates"":[90.41049598269201,27.589709193523248]}"
72,10,0.26665031909942627,163.78529357910156,2023-02-03,2418.20458984375,0,5.0,0.0,2023-02-03,2023-02-02,50.03865051269531,273.5803527832031,2023-02-04,0.7799999713897705,0.0,2023-02-03,0.3123442232608795,5.0,"{""type"":""Point"",""coordinates"":[97.11304700627468,28.402421645585378]}"
73,80,-0.06531952321529388,-0.0,2019-11-01,0.0,0,0.0,0.0,2019-11-01,2019-10-31,0.0,0.0,2019-11-02,0.13600000739097595,0.0,2019-11-01,0.0,0.0,"{""type"":""Point"",""coordinates"":[91.66066233362724,22.23483702547934]}"
74,10,0.17910470068454742,344.1871337890625,2020-08-12,155.17236328125,0,1.0,33.39999771118164,2020-08-12,2020-08-11,3.4217023849487305,300.9565124511719,2020-08-13,0.0,0.0,2020-08-12,0.44935163855552673,1.0,"{""type"":""Point"",""coordinates"":[92.80978673214747,25.698570523329142]}"
75,40,0.330209344625473,263.6632385253906,2023-07-14,211.9667205810547,0,10.0,17.440000534057617,2023-07-14,2023-07-13,0.3473557233810425,299.12982177734375,2023-07-15,6.339999675750732,6.25,2023-07-14,0.48329100012779236,1.0,"{""type"":""Point"",""coordinates"":[94.09219147520629,22.162495302471665]}"
76,10,0.04096253961324692,307.06390380859375,2023-10-16,1503.09716796875,0,3.0,0.809999942779541,2023-10-16,2023-10-15,42.70525360107422,289.98529052734375,2023-10-17,0.0,0.0,2023-10-16,0.375286728143692,3.0,"{""type"":""Point"",""coordinates"":[91.52675652933189,26.951634495435947]}"
77,10,-0.004174642730504274,306.61865234375,2021-08-22,2368.667724609375,0,2.0,5.739999771118164,2021-08-22,2021-08-21,33.747467041015625,290.6871643066406,2021-08-23,3.619999885559082,0.0,2021-08-22,0.42606544494628906,2.0,"{""type"":""Point"",""coordinates"":[92.21536571095025,27.081030887752338]}"
78,10,0.19935907423496246,210.74566650390625,2020-09-22,109.57951354980469,0,9.0,139.58999633789062,2020-09-22,2020-09-21,1.834607720375061,301.80047607421875,2020-09-23,48.63999938964844,45.83333206176758,2020-09-22,0.4813264310359955,9.0,"{""type"":""Point"",""coordinates"":[93.9811045879116,26.398386896098184]}"
79,10,0.8079694509506226,172.40269470214844,2022-03-16,429.8363037109375,0,3.0,0.0,2022-03-16,2022-03-15,34.90076446533203,296.00634765625,2022-03-17,0.0,0.0,2022-03-16,0.162567138671875,1.0,"{""type"":""Point"",""coordinates"":[93.00757906512393,24.0981040255716]}"
80,100,-0.029888613149523735,216.76492309570312,2020-04-03,5185.10595703125,0,1.0,0.0,2020-04-03,2020-04-02,34.036434173583984,269.41070556640625,2020-04-04,4.069999694824219,4.166666507720947,2020-04-03,0.3397026062011719,1.0,"{""type"":""Point"",""coordinates"":[93.05023422828067,29.272877458005404]}"
81,10,0.1651645451784134,317.1355285644531,2020-04-24,259.51263427734375,0,2.0,1.0399999618530273,2020-04-24,2020-04-23,18.504777908325195,299.4653015136719,2020-04-25,6.099999904632568,10.416666984558105,2020-04-24,0.16694004833698273,2.0,"{""type"":""Point"",""coordinates"":[96.69518112604489,24.624858435864105]}"
82,40,0.19876742362976074,318.99847412109375,2023-03-09,158.74456787109375,0,154.0,0.0,2023-03-09,2023-03-08,0.5760959982872009,304.4649353027344,2023-03-10,0.0,0.0,2023-03-09,0.2505238950252533,154.0,"{""type"":""Point"",""coordinates"":[95.47923513433234,22.187696985867298]}"
83,40,0.12491735816001892,145.7139129638672,2020-05-15,14.580232620239258,0,4.0,150.0800018310547,2020-05-15,2020-05-14,0.8554926514625549,302.73968505859375,2020-05-16,0.0,0.0,2020-05-15,0.34059271216392517,4.0,"{""type"":""Point"",""coordinates"":[88.54448929122547,24.445997138488803]}"
84,40,0.048226211220026016,255.91075134277344,2022-08-13,41.59757995605469,0,88.0,25.51999855041504,2022-08-13,2022-08-12,1.0888124704360962,304.2786865234375,2022-08-14,12.489999771118164,18.75,2022-08-13,0.3508351743221283,88.0,"{""type"":""Point"",""coordinates"":[90.9185884064982,26.34845777979832]}"
85,40,0.02636052668094635,93.2191390991211,2020-09-03,65.2016830444336,0,12.0,0.0,2020-09-03,2020-09-02,1.2291823625564575,304.373291015625,2020-09-04,0.17999999225139618,0.0,2020-09-03,0.42953363060951233,2.0,"{""type"":""Point"",""coordinates"":[95.54585141292503,21.88465150037766]}"
86,40,0.10727247595787048,77.2080307006836,2020-10-17,4.084569454193115,0,1.0,0.0,2020-10-17,2020-10-16,0.6132000684738159,302.4342346191406,2020-10-18,19.40999984741211,16.66666603088379,2020-10-17,0.34087881445884705,1.0,"{""type"":""Point"",""coordinates"":[91.1516195630574,23.132113676970665]}"
87,40,0.2049480825662613,245.59153747558594,2019-04-29,4.175548076629639,0,1.0,0.0,2019-04-29,2019-04-28,0.38512423634529114,307.1072692871094,2019-04-30,0.0,0.0,2019-04-29,0.20058631896972656,1.0,"{""type"":""Point"",""coordinates"":[88.10073140573306,21.971340076725944]}"
88,50,0.016385678201913834,236.29086303710938,2022-10-21,128.62953186035156,0,1.0,0.0,2022-10-21,2022-10-20,0.20548495650291443,297.3388671875,2022-10-22,0.0,0.0,2022-10-21,0.2925008237361908,1.0,"{""type"":""Point"",""coordinates"":[93.75275935246647,27.144181942480586]}"
89,100,0.007897862233221531,67.04737854003906,2021-05-08,4888.62109375,0,2.0,26.18000030517578,2021-05-08,2021-05-07,30.485517501831055,280.44219970703125,2021-05-09,0.44999998807907104,0.0,2021-05-08,0.4158700406551361,2.0,"{""type"":""Point"",""coordinates"":[93.23602051079018,29.069446453763526]}"
90,40,0.16484127938747406,62.96638488769531,2022-09-03,182.0135955810547,0,13.0,0.0,2022-09-03,2022-09-02,2.3573009967803955,301.7785949707031,2022-09-04,0.0,0.0,2022-09-03,0.4762013852596283,13.0,"{""type"":""Point"",""coordinates"":[95.769614325587,22.896163505321617]}"
91,10,0.20452816784381866,289.3522644042969,2023-06-10,18.569475173950195,0,1.0,1.8600000143051147,2023-06-10,2023-06-09,1.465580701828003,302.50750732421875,2023-06-11,15.449999809265137,14.583333015441895,2023-06-10,0.4019216001033783,1.0,"{""type"":""Point"",""coordinates"":[90.67562614173221,24.76452400300846]}"
92,10,0.12187325209379196,163.57846069335938,2021-03-22,303.1393737792969,0,4.0,0.0,2021-03-22,2021-03-21,2.0634922981262207,295.226806640625,2021-03-23,0.0,0.0,2021-03-22,0.25602278113365173,4.0,"{""type"":""Point"",""coordinates"":[88.15756181530365,26.768725227157958]}"
93,40,0.14647266268730164,216.03900146484375,2019-06-13,3.8475396633148193,0,516.0,0.0,2019-06-13,2019-06-12,0.11417615413665771,304.48388671875,2019-06-14,49.529998779296875,35.41666793823242,2019-06-13,0.342944473028183,2.0,"{""type"":""Point"",""coordinates"":[90.91679620524077,23.189462139197744]}"
94,100,-0.0022522523067891598,154.18069458007812,2022-10-03,4645.1796875,0,5.0,13.869999885559082,2022-10-03,2022-10-02,33.666839599609375,283.7301330566406,2022-10-04,0.0,0.0,2022-10-03,0.39744505286216736,1.0,"{""type"":""Point"",""coordinates"":[93.2934016742555,28.53780513756367]}"
95,40,0.29145294427871704,288.2782287597656,2023-07-23,75.33926391601562,0,2.0,0.0,2023-07-23,2023-07-22,1.4372440576553345,303.8595275878906,2023-07-24,1.559999942779541,2.0833332538604736,2023-07-23,0.4185536801815033,2.0,"{""type"":""Point"",""coordinates"":[95.99138072888685,22.50911334509823]}"
96,10,-0.05488911643624306,204.85191345214844,2022-06-06,11.843801498413086,0,1.0,13.65999984741211,2022-06-06,2022-06-05,3.4092249870300293,300.4665832519531,2022-06-07,69.27999877929688,54.16666793823242,2022-06-06,0.4216696321964264,1.0,"{""type"":""Point"",""coordinates"":[90.36123790631815,24.79818576973442]}"
97,30,0.0049243951216340065,287.5943603515625,2023-04-24,146.41375732421875,0,22.0,91.68000030517578,2023-04-24,2023-04-23,0.9466018080711365,299.91619873046875,2023-04-25,0.03999999910593033,0.0,2023-04-24,0.17737452685832977,3.0,"{""type"":""Point"",""coordinates"":[97.33047073831546,24.81246659137833]}"
98,40,0.007918129675090313,289.3878173828125,2022-07-03,145.63047790527344,0,1.0,32.25,2022-07-03,2022-07-02,1.3496724367141724,299.1984558105469,2022-07-04,1.8499999046325684,2.0833332538604736,2022-07-03,0.4895108640193939,1.0,"{""type"":""Point"",""coordinates"":[97.4616448833509,25.401920745525864]}"
99,60,0.11910933256149292,54.500587463378906,2023-10-02,24.177257537841797,0,3.0,134.42999267578125,2023-10-02,2023-10-01,4.253922462463379,301.75628662109375,2023-10-03,5.479999542236328,8.333333015441895,2023-10-02,0.3996257781982422,3.0,"{""type"":""Point"",""coordinates"":[88.09372189145869,25.174220672370993]}"
100,10,0.043427422642707825,61.47661209106445,2021-08-31,195.9613037109375,0,14.0,293.29998779296875,2021-08-31,2021-08-30,26.191551208496094,299.7052917480469,2021-09-01,43.55999755859375,27.08333396911621,2021-08-31,0.3972358703613281,14.0,"{""type"":""Point"",""coordinates"":[92.28232270867963,21.574505566873245]}"
101,80,-0.09726804494857788,-0.0,2019-11-29,0.0,0,0.0,0.0,2019-11-29,2019-11-28,0.0,0.0,2019-11-30,0.0,0.0,2019-11-29,0.0,0.0,"{""type"":""Point"",""coordinates"":[90.58151117418733,21.742049177758865]}"
102,10,0.22104865312576294,183.5790557861328,2022-03-23,1674.423583984375,0,3.0,0.0,2022-03-23,2022-03-22,21.0443058013916,292.23388671875,2022-03-24,14.899999618530273,10.416666984558105,2022-03-23,0.34666380286216736,3.0,"{""type"":""Point"",""coordinates"":[95.36482277349643,26.231677801496353]}"
103,10,0.4849320948123932,122.99369049072266,2021-11-29,33.924644470214844,0,1.0,0.0,2021-11-29,2021-11-28,3.7284228801727295,294.8181457519531,2021-11-30,0.0,0.0,2021-11-29,0.1762727051973343,1.0,"{""type"":""Point"",""coordinates"":[89.25746248699869,25.736929550074635]}"
104,10,0.2100064605474472,300.3757019042969,2020-10-15,11.814620018005371,0,2.0,0.0,2020-10-15,2020-10-14,11.776899337768555,303.1319885253906,2020-10-16,0.0,0.0,2020-10-15,0.36695098876953125,2.0,"{""type"":""Point"",""coordinates"":[90.24214631185356,23.22142110271333]}"
105,30,-2.2288871696218848E-4,311.9591369628906,2022-09-29,4935.130859375,0,2.0,0.9699999690055847,2022-09-29,2022-09-28,36.30696487426758,282.04132080078125,2022-09-30,2.369999885559082,4.166666507720947,2022-09-29,0.41711869835853577,1.0,"{""type"":""Point"",""coordinates"":[93.53392338728213,28.924262958770914]}"
106,60,0.014890282414853573,200.88723754882812,2023-06-16,4342.060546875,0,1.0,58.23999786376953,2023-06-16,2023-06-15,27.20530891418457,281.7406005859375,2023-06-17,3.549999952316284,6.25,2023-06-16,0.23259353637695312,1.0,"{""type"":""Point"",""coordinates"":[92.35960691073025,28.240121048836837]}"
107,30,0.14425987005233765,112.68391418457031,2019-06-24,4164.646484375,0,2182.0,589.1399536132812,2019-06-24,2019-06-23,3.8495192527770996,285.8203125,2019-06-25,0.0,0.0,2019-06-24,0.32975831627845764,2182.0,"{""type"":""Point"",""coordinates"":[92.15015186892937,28.402707453720705]}"
108,60,0.08147957921028137,265.48724365234375,2019-03-01,4518.00341796875,0,2.0,0.0,2019-03-01,2019-02-28,21.249876022338867,268.7652282714844,2019-03-02,0.00800000037997961,0.0,2019-03-01,0.1181793212890625,2.0,"{""type"":""Point"",""coordinates"":[89.6077057608904,28.665260008853515]}"
109,10,0.09143850207328796,63.926578521728516,2021-05-03,220.8394775390625,0,1.0,0.8999999761581421,2021-05-03,2021-05-02,6.710809230804443,302.2389831542969,2021-05-04,0.05999999865889549,0.0,2021-05-03,0.25856080651283264,1.0,"{""type"":""Point"",""coordinates"":[95.27650890726525,25.205265521375562]}"
110,40,0.04299604520201683,105.73851013183594,2020-08-04,86.56084442138672,0,1.0,20.420000076293945,2020-08-04,2020-08-03,0.5827769041061401,302.9366149902344,2020-08-05,9.75999927520752,12.5,2020-08-04,0.42455482482910156,1.0,"{""type"":""Point"",""coordinates"":[95.9232772385999,22.373794634004437]}"
111,40,-0.11266082525253296,45.306121826171875,2022-06-18,29.825611114501953,0,6.0,493.5,2022-06-18,2022-06-17,0.20293502509593964,298.4271240234375,2022-06-19,54.90999984741211,27.08333396911621,2022-06-18,0.3602498471736908,6.0,"{""type"":""Point"",""coordinates"":[90.3818505874807,26.06026933357354]}"
112,60,-8.971192291937768E-4,271.1446533203125,2023-07-04,213.0828857421875,0,2.0,12.84000015258789,2023-07-04,2023-07-03,1.248807668685913,298.8673095703125,2023-07-05,7.679999828338623,8.333333015441895,2023-07-04,0.48846879601478577,2.0,"{""type"":""Point"",""coordinates"":[95.36858041958311,28.12185434279068]}"
113,10,0.22366109490394592,293.6436462402344,2020-12-24,229.2428436279297,0,2.0,0.0,2020-12-24,2020-12-23,12.555863380432129,289.42718505859375,2020-12-25,0.0,0.0,2020-12-24,0.30033430457115173,2.0,"{""type"":""Point"",""coordinates"":[96.86897569174873,26.352566592301862]}"
114,10,0.2984517812728882,47.2144889831543,2021-11-10,94.87010955810547,0,3.0,0.0,2021-11-10,2021-11-09,1.4330650568008423,295.2400207519531,2021-11-11,0.0,0.0,2021-11-10,0.29327329993247986,3.0,"{""type"":""Point"",""coordinates"":[94.32386045314762,27.215779829330923]}"
115,10,0.009957819245755672,285.7493896484375,2019-04-28,2381.455078125,0,2.0,21.739999771118164,2019-04-28,2019-04-27,33.36325454711914,288.9328918457031,2019-04-29,0.4599999785423279,0.0,2019-04-28,0.417004257440567,2.0,"{""type"":""Point"",""coordinates"":[89.7809576289547,26.960958265794755]}"
116,80,-0.011959408409893513,-0.0,2021-05-30,83.5,0,3.0,14.84999942779541,2021-05-30,2021-05-29,0.0,302.9888610839844,2021-05-31,36.709999084472656,29.16666603088379,2021-05-30,0.4153067171573639,3.0,"{""type"":""Point"",""coordinates"":[94.31723693639388,26.951961946527415]}"
117,10,0.05515740439295769,356.2957763671875,2021-10-31,3177.1552734375,0,1.0,0.08999999612569809,2021-10-31,2021-10-30,28.711389541625977,284.3859558105469,2021-11-01,0.0,0.0,2021-10-31,0.36636924743652344,1.0,"{""type"":""Point"",""coordinates"":[95.92359460300702,28.45962280490984]}"
118,10,0.07193414866924286,33.211280822753906,2022-09-23,67.6937255859375,0,4.0,15.75999927520752,2022-09-23,2022-09-22,3.161533832550049,301.1693420410156,2022-09-24,9.539999961853027,12.5,2022-09-23,0.4793466031551361,1.0,"{""type"":""Point"",""coordinates"":[92.89206720065884,26.400482516469292]}"
119,10,0.0025445139035582542,155.11053466796875,2020-10-02,747.0223388671875,0,1.0,18.79800033569336,2020-10-02,2020-10-01,42.32471466064453,299.1849365234375,2020-10-03,122.91999816894531,54.16666793823242,2020-10-02,0.4261525571346283,1.0,"{""type"":""Point"",""coordinates"":[93.0575642371827,27.033039439009485]}"
120,40,0.035456933081150055,81.22738647460938,2022-07-04,193.03700256347656,0,2.0,6.289999485015869,2022-07-04,2022-07-03,0.699634850025177,300.3150634765625,2022-07-05,45.07999801635742,18.75,2022-07-04,0.47718238830566406,1.0,"{""type"":""Point"",""coordinates"":[94.95468226006405,24.911270266896274]}"
121,10,0.3551054298877716,145.1132049560547,2022-01-16,1096.388427734375,0,5.0,2.700000047683716,2022-01-16,2022-01-15,17.095003128051758,286.6196594238281,2022-01-17,0.0,0.0,2022-01-16,0.3604939877986908,5.0,"{""type"":""Point"",""coordinates"":[93.65657453079531,25.451547815627357]}"
122,40,-0.007636676076799631,250.8956756591797,2023-06-17,4.047708511352539,0,8.0,233.67999267578125,2023-06-17,2023-06-16,3.7657196521759033,305.3956298828125,2023-06-18,7.940000057220459,8.333333015441895,2023-06-17,0.22649447619915009,8.0,"{""type"":""Point"",""coordinates"":[90.24468662273611,23.43148236544322]}"
123,10,0.5145167708396912,3.8537139892578125,2023-03-08,916.9025268554688,0,1.0,0.7199999690055847,2023-03-08,2023-03-07,31.58934783935547,294.9651184082031,2023-03-09,0.0,0.0,2023-03-08,0.2906862795352936,1.0,"{""type"":""Point"",""coordinates"":[97.18034179555633,26.0364677450987]}"
124,40,0.5037314295768738,217.1999969482422,2021-04-28,14.782734870910645,0,458.0,0.0,2021-04-28,2021-04-27,0.8452211022377014,306.6110534667969,2021-04-29,2.4600000381469727,4.166666507720947,2021-04-28,0.16710789501667023,458.0,"{""type"":""Point"",""coordinates"":[89.32711541635734,24.726422394859153]}"
125,40,0.1778843104839325,253.3878631591797,2020-05-13,18.058374404907227,0,4.0,0.0,2020-05-13,2020-05-12,0.35601264238357544,302.7814025878906,2020-05-14,0.0,0.0,2020-05-13,0.31433677673339844,4.0,"{""type"":""Point"",""coordinates"":[89.12375720690409,24.937109832921568]}"
126,40,0.10413316637277603,155.26266479492188,2022-10-10,80.44953918457031,0,1.0,14.449999809265137,2022-10-10,2022-10-09,0.46125689148902893,302.12249755859375,2022-10-11,48.75,22.91666603088379,2022-10-10,0.4547100067138672,1.0,"{""type"":""Point"",""coordinates"":[95.69019634536336,22.31357276589037]}"
127,30,0.011106643825769424,294.4326477050781,2021-01-23,4606.96533203125,0,1.0,0.0,2021-01-23,2021-01-22,43.41347122192383,271.94293212890625,2021-01-24,0.0,0.0,2021-01-23,0.3416156768798828,1.0,"{""type"":""Point"",""coordinates"":[97.0725233748941,28.854684470690664]}"
128,60,0.039744000881910324,34.19281005859375,2023-01-22,4114.01318359375,0,392.0,0.0,2023-01-22,2023-01-21,2.66446852684021,271.7450866699219,2023-01-23,0.05999999865889549,0.0,2023-01-22,0.33265241980552673,392.0,"{""type"":""Point"",""coordinates"":[89.4775188350975,28.889257666428044]}"
129,80,-0.15386614203453064,86.95182037353516,2019-02-07,23.823963165283203,0,3.0,0.0,2019-02-07,2019-02-06,1.5689270496368408,295.1525573730469,2019-02-08,0.4000000059604645,0.0,2019-02-07,0.1102294921875,3.0,"{""type"":""Point"",""coordinates"":[89.72707138659067,25.733304954167757]}"
130,10,0.4012781083583832,337.3033142089844,2020-01-27,3227.475341796875,0,2.0,3.6999998092651367,2020-01-27,2020-01-26,35.96059799194336,274.5805969238281,2020-01-28,0.1899999976158142,0.0,2020-01-27,0.3592357635498047,2.0,"{""type"":""Point"",""coordinates"":[91.74459751534496,27.289731273085785]}"
131,10,0.29373496770858765,339.3735046386719,2020-09-13,276.07904052734375,0,1.0,22.799999237060547,2020-09-13,2020-09-12,18.494308471679688,297.52801513671875,2020-09-14,2.2300000190734863,0.0,2020-09-13,0.47083792090415955,1.0,"{""type"":""Point"",""coordinates"":[93.15670960454797,25.336298932136994]}"
132,10,0.23681364953517914,240.4415740966797,2022-10-08,410.48028564453125,0,29.0,109.6199951171875,2022-10-08,2022-10-07,16.139888763427734,298.6745910644531,2022-10-09,0.6499999761581421,0.0,2022-10-08,0.4704914093017578,29.0,"{""type"":""Point"",""coordinates"":[92.84149398527106,25.47065861677259]}"
133,10,0.2747751772403717,328.7740173339844,2020-01-11,173.17376708984375,0,1.0,2.0899999141693115,2020-01-11,2020-01-10,2.6169021129608154,291.1803894042969,2020-01-12,0.0,0.0,2020-01-11,0.3858744204044342,1.0,"{""type"":""Point"",""coordinates"":[96.20671901353231,24.412267982609528]}"
134,10,0.022680046036839485,90.86001586914062,2023-03-20,1245.49853515625,0,11.0,49.71999740600586,2023-03-20,2023-03-19,24.32741928100586,280.022705078125,2023-03-21,7.119999885559082,10.416666984558105,2023-03-20,0.42694345116615295,11.0,"{""type"":""Point"",""coordinates"":[91.17507467439667,27.479914151396137]}"
135,10,0.1132519319653511,65.01282501220703,2023-10-02,1860.4332275390625,0,1.0,1.2899999618530273,2023-10-02,2023-10-01,38.67135238647461,290.7519836425781,2023-10-03,1.7599999904632568,0.0,2023-10-02,0.3914102017879486,1.0,"{""type"":""Point"",""coordinates"":[94.69480141278582,28.946656199126352]}"
136,20,0.04963025450706482,125.0139389038086,2019-09-08,191.71142578125,0,39.0,0.0,2019-09-08,2019-09-07,15.383929252624512,301.0684814453125,2019-09-09,0.0,0.0,2019-09-08,0.4584420621395111,39.0,"{""type"":""Point"",""coordinates"":[94.78833387698872,22.374663241790337]}"
137,60,0.034972306340932846,207.7898712158203,2020-09-20,5015.794921875,0,1.0,0.0,2020-09-20,2020-09-19,30.938512802124023,282.6390380859375,2020-09-21,0.0,0.0,2020-09-20,0.38768067955970764,1.0,"{""type"":""Point"",""coordinates"":[90.92665903574395,28.477165933148722]}"
138,10,0.2395770400762558,143.7441864013672,2019-03-11,55.49297332763672,0,2.0,0.0,2019-03-11,2019-03-10,4.6449408531188965,294.54132080078125,2019-03-12,0.0,0.0,2019-03-11,0.39860281348228455,1.0,"{""type"":""Point"",""coordinates"":[91.7956847825042,26.36307280392017]}"
139,10,0.15176858007907867,13.64508056640625,2021-05-03,747.431640625,0,2.0,70.86000061035156,2021-05-03,2021-05-02,6.553475379943848,293.9858093261719,2021-05-04,6.699999809265137,10.416666984558105,2021-05-03,0.4619242250919342,1.0,"{""type"":""Point"",""coordinates"":[91.7491562373593,25.7497732835429]}"
140,10,0.022762993350625038,327.68670654296875,2019-10-27,1685.6744384765625,0,2.0,6.519999980926514,2019-10-27,2019-10-26,34.52227783203125,283.05535888671875,2019-10-28,1.4399999380111694,0.0,2019-10-27,0.4269580841064453,2.0,"{""type"":""Point"",""coordinates"":[93.04340746911916,27.754132346100995]}"
141,10,0.2988450825214386,238.15945434570312,2021-12-18,197.60263061523438,0,16.0,0.0,2021-12-18,2021-12-17,4.292150020599365,292.6898193359375,2021-12-19,0.0,0.0,2021-12-18,0.29934564232826233,16.0,"{""type"":""Point"",""coordinates"":[95.26375755563514,23.464302998702294]}"
142,95,0.07801218330860138,276.2836608886719,2023-07-17,2.9333136081695557,0,1.0,8.1899995803833,2023-07-17,2023-07-16,4.492435455322266,301.8215637207031,2023-07-18,2.190000057220459,0.0,2023-07-17,0.48805108666419983,1.0,"{""type"":""Point"",""coordinates"":[89.0291972632227,21.72837324209386]}"
143,10,0.6737218499183655,223.2828826904297,2022-11-20,15.360651016235352,0,33.0,0.0,2022-11-20,2022-11-19,3.6681244373321533,295.6524353027344,2022-11-21,0.0,0.0,2022-11-20,0.1963774412870407,6.0,"{""type"":""Point"",""coordinates"":[88.80842103058943,24.813825312217546]}"
144,10,0.0800340324640274,21.345500946044922,2019-05-09,904.2052612304688,0,11.0,0.0,2019-05-09,2019-05-08,32.13317108154297,296.1141357421875,2019-05-10,0.0,0.0,2019-05-09,0.3721199035644531,11.0,"{""type"":""Point"",""coordinates"":[94.46286277130096,25.543475890418872]}"
145,10,0.025016603991389275,199.45553588867188,2021-08-15,10.238696098327637,0,44.0,30.739999771118164,2021-08-15,2021-08-14,1.7639718055725098,300.5573425292969,2021-08-16,57.63999938964844,29.16666603088379,2021-08-15,0.47541871666908264,2.0,"{""type"":""Point"",""coordinates"":[91.49104630093156,23.134025716790173]}"
146,10,0.06499901413917542,31.306203842163086,2022-07-27,389.9825744628906,0,143.0,1.2799999713897705,2022-07-27,2022-07-26,19.107696533203125,299.0370788574219,2022-07-28,1.96999990940094,0.0,2022-07-27,0.48989424109458923,2.0,"{""type"":""Point"",""coordinates"":[95.17178107961088,27.987265986144926]}"
147,10,0.21458201110363007,157.0597381591797,2022-09-24,278.364013671875,0,3.0,50.939998626708984,2022-09-24,2022-09-23,2.829828977584839,299.3003234863281,2022-09-25,23.85999870300293,18.75,2022-09-24,0.4748147428035736,1.0,"{""type"":""Point"",""coordinates"":[95.24181865382612,23.866817305982813]}"
148,10,0.07711781561374664,275.13916015625,2020-09-04,1211.9542236328125,0,26.0,0.0,2020-09-04,2020-09-03,26.84430503845215,295.81689453125,2020-09-05,6.199999809265137,10.416666984558105,2020-09-04,0.3959007263183594,26.0,"{""type"":""Point"",""coordinates"":[93.49499784383092,23.789606435096598]}"
149,10,0.429557204246521,280.644287109375,2020-12-18,276.32464599609375,0,7.0,0.0,2020-12-18,2020-12-17,21.777484893798828,289.8401184082031,2020-12-19,0.0,0.0,2020-12-18,0.32048287987709045,7.0,"{""type"":""Point"",""coordinates"":[97.45042411621877,26.08476522462889]}"
150,10,0.42589959502220154,48.09889602661133,2019-04-30,1099.60498046875,0,3.0,0.0,2019-04-30,2019-04-29,35.362396240234375,298.3181457519531,2019-05-01,0.0,0.0,2019-04-30,0.16478538513183594,3.0,"{""type"":""Point"",""coordinates"":[93.08220145243668,22.61298255607874]}"
151,10,0.6424847841262817,133.7214813232422,2019-05-07,949.4443969726562,0,12.0,0.0,2019-05-07,2019-05-06,23.411291122436523,295.648193359375,2019-05-08,0.0,0.0,2019-05-07,0.2499980926513672,12.0,"{""type"":""Point"",""coordinates"":[93.18843037058497,22.008050935309157]}"
152,40,0.5253474116325378,87.3468246459961,2021-09-26,99.03678131103516,0,14899.0,6853.5400390625,2021-09-26,2021-09-25,3.2587971687316895,301.59552001953125,2021-09-27,0.0,0.0,2021-09-26,0.4637419283390045,14899.0,"{""type"":""Point"",""coordinates"":[94.87677807628197,27.03159619178215]}"
153,40,0.08542248606681824,257.5534362792969,2023-06-12,72.39889526367188,0,2.0,43.79999923706055,2023-06-12,2023-06-11,1.7353167533874512,299.5239562988281,2023-06-13,3.869999885559082,4.166666507720947,2023-06-12,0.4979515075683594,2.0,"{""type"":""Point"",""coordinates"":[92.26339736292803,26.615550606297802]}"
154,10,0.14918233454227448,39.969871520996094,2019-08-21,2238.56787109375,0,61.0,63.439998626708984,2019-08-21,2019-08-20,18.375530242919922,288.88604736328125,2019-08-22,0.0,0.0,2019-08-21,0.4240131378173828,61.0,"{""type"":""Point"",""coordinates"":[95.73465757435946,28.940855574090175]}"
155,30,0.06795759499073029,46.689456939697266,2020-09-23,4826.00537109375,0,3.0,12.809999465942383,2020-09-23,2020-09-22,12.931952476501465,285.23626708984375,2020-09-24,0.1599999964237213,0.0,2020-09-23,0.4141470491886139,3.0,"{""type"":""Point"",""coordinates"":[88.21685439114809,28.92100860024387]}"
156,10,0.3950669467449188,182.48545837402344,2023-05-02,610.36376953125,0,154.0,44.35199737548828,2023-05-02,2023-05-01,28.13017463684082,299.00921630859375,2023-05-03,12.710000038146973,12.5,2023-05-02,0.16389529407024384,3.0,"{""type"":""Point"",""coordinates"":[94.59181148532006,24.849688854423786]}"
157,40,0.07159258425235748,172.2273712158203,2023-07-05,9.483412742614746,0,1.0,29.209999084472656,2023-07-05,2023-07-04,0.6315585374832153,303.1098937988281,2023-07-06,10.339999198913574,8.333333015441895,2023-07-05,0.41586366295814514,1.0,"{""type"":""Point"",""coordinates"":[90.69599768623249,24.742502534521442]}"
158,10,0.054981935769319534,158.57565307617188,2020-07-23,685.0377807617188,0,111.0,11.779999732971191,2020-07-23,2020-07-22,23.23404884338379,294.96795654296875,2020-07-24,74.79999542236328,56.25,2020-07-23,0.4276224672794342,2.0,"{""type"":""Point"",""coordinates"":[88.41196430497533,27.02939176491078]}"
159,40,0.15523670613765717,211.56988525390625,2023-01-16,2.6617584228515625,0,20.0,0.0,2023-01-16,2023-01-15,0.12991757690906525,297.0213623046875,2023-01-17,0.0,0.0,2023-01-16,0.13505299389362335,20.0,"{""type"":""Point"",""coordinates"":[88.23224075922055,21.703247663820587]}"
160,10,0.05046973377466202,258.60662841796875,2020-08-16,268.26922607421875,0,1.0,4.260000228881836,2020-08-16,2020-08-15,2.2390949726104736,298.4564514160156,2020-08-17,18.85999870300293,18.75,2020-08-16,0.3063443601131439,1.0,"{""type"":""Point"",""coordinates"":[89.46204244039593,26.79408823498364]}"
161,10,0.3564617931842804,344.9659118652344,2023-08-04,98.18388366699219,0,4.0,162.16000366210938,2023-08-04,2023-08-03,23.098739624023438,300.58135986328125,2023-08-05,9.399999618530273,12.5,2023-08-04,0.40730157494544983,4.0,"{""type"":""Point"",""coordinates"":[91.55421309689994,23.939266083089898]}"
162,40,0.035038307309150696,257.1864318847656,2019-04-04,35.56208038330078,0,8.0,0.6399999856948853,2019-04-04,2019-04-03,0.32320886850357056,297.2371520996094,2019-04-05,0.04999999701976776,0.0,2019-04-04,0.28413963317871094,8.0,"{""type"":""Point"",""coordinates"":[89.58151862619299,26.262676525114852]}"
163,10,0.3410664498806,80.31906127929688,2022-03-07,783.9769897460938,0,3.0,0.0,2022-03-07,2022-03-06,18.87726593017578,289.4543762207031,2022-03-08,0.0,0.0,2022-03-07,0.42753028869628906,3.0,"{""type"":""Point"",""coordinates"":[97.37833114035632,26.69826517205371]}"
164,10,0.17605909705162048,199.19259643554688,2021-04-11,9.008234024047852,0,1.0,0.0,2021-04-11,2021-04-10,2.821704387664795,305.4276428222656,2021-04-12,0.5699999928474426,0.0,2021-04-11,0.13192176818847656,1.0,"{""type"":""Point"",""coordinates"":[88.91954114840132,22.584564862929522]}"
165,10,0.45417705178260803,61.74989700317383,2020-04-20,218.5989532470703,0,1.0,0.0,2020-04-20,2020-04-19,15.553123474121094,302.5394592285156,2020-04-21,0.0,0.0,2020-04-20,0.30850982666015625,1.0,"{""type"":""Point"",""coordinates"":[94.51779600650347,22.739762915284327]}"
166,30,0.1124587133526802,272.1498107910156,2019-12-28,4519.33544921875,0,29.0,0.0,2019-12-28,2019-12-27,9.415576934814453,270.3756103515625,2019-12-29,0.0,0.0,2019-12-28,0.3117434084415436,29.0,"{""type"":""Point"",""coordinates"":[89.00306874758598,28.900757505948498]}"
167,60,0.05370623245835304,232.05108642578125,2020-03-03,1207.1619873046875,0,18.0,0.04999999701976776,2020-03-03,2020-03-02,9.867256164550781,290.9825134277344,2020-03-04,0.0,0.0,2020-03-03,0.32948556542396545,1.0,"{""type"":""Point"",""coordinates"":[92.35705504793721,25.37555699410166]}"
168,30,0.07448621839284897,285.36016845703125,2023-08-18,4297.3857421875,0,7.0,0.0,2023-08-18,2023-08-17,34.208412170410156,289.4686584472656,2023-08-19,0.0,0.0,2023-08-18,0.34981027245521545,4.0,"{""type"":""Point"",""coordinates"":[89.15745524123014,29.270010452695725]}"
169,60,-0.018466047942638397,184.55226135253906,2023-03-01,75.77555847167969,0,150.0,0.0,2023-03-01,2023-02-28,3.861849308013916,293.4681701660156,2023-03-02,0.11700000613927841,0.0,2023-03-01,0.3998171389102936,150.0,"{""type"":""Point"",""coordinates"":[93.40277547357844,26.589424433412745]}"
170,30,0.47312217950820923,246.06976318359375,2019-02-18,795.9057006835938,0,1.0,7.699999809265137,2019-02-18,2019-02-17,21.2015380859375,289.898193359375,2019-02-19,0.009999999776482582,0.0,2019-02-18,0.29356321692466736,1.0,"{""type"":""Point"",""coordinates"":[93.95693646251532,24.704900082805885]}"
171,10,0.01747729256749153,241.57748413085938,2021-07-06,216.66842651367188,0,56.0,0.0,2021-07-06,2021-07-05,11.21599006652832,301.85601806640625,2021-07-07,47.16999816894531,18.75,2021-07-06,0.3687063753604889,56.0,"{""type"":""Point"",""coordinates"":[95.91374165521928,23.31047328854339]}"
172,40,0.29353591799736023,61.29828643798828,2022-11-14,781.1431884765625,0,12.0,0.0,2022-11-14,2022-11-13,0.5653113722801208,291.12579345703125,2022-11-15,0.0,0.0,2022-11-14,0.2912578582763672,12.0,"{""type"":""Point"",""coordinates"":[93.74663642695565,24.527720205826782]}"
173,30,0.16797064244747162,222.3081817626953,2020-03-05,760.6795654296875,0,1.0,0.0,2020-03-05,2020-03-04,3.520650863647461,295.3846435546875,2020-03-06,0.0,0.0,2020-03-05,0.2564716339111328,1.0,"{""type"":""Point"",""coordinates"":[96.98726956423913,22.142270789111077]}"
174,30,0.049464158713817596,103.9422607421875,2019-04-23,3322.122802734375,0,3140.0,1.7999999523162842,2019-04-23,2019-04-22,30.347084045410156,274.38494873046875,2019-04-24,0.3400000035762787,0.0,2019-04-23,0.41306623816490173,2.0,"{""type"":""Point"",""coordinates"":[92.85380333698917,28.965941223486556]}"
175,40,0.264650821685791,275.012451171875,2022-02-04,25.780868530273438,0,1.0,14.139999389648438,2022-02-04,2022-02-03,2.077329397201538,292.7234191894531,2022-02-05,72.11000061035156,43.75,2022-02-04,0.22246487438678741,1.0,"{""type"":""Point"",""coordinates"":[88.54720336575645,24.918378228607242]}"
176,80,0.032647229731082916,-0.0,2023-07-19,767.0,0,1.0,3.6599998474121094,2023-07-19,2023-07-18,0.0,299.6086730957031,2023-07-20,6.799999713897705,4.166666507720947,2023-07-19,0.37866148352622986,1.0,"{""type"":""Point"",""coordinates"":[93.77574735917854,24.52209940512338]}"
177,10,0.16455525159835815,229.7828369140625,2020-03-26,1315.6922607421875,0,5.0,0.0,2020-03-26,2020-03-25,47.4109001159668,292.5014953613281,2020-03-27,0.0,0.0,2020-03-26,0.23992283642292023,3.0,"{""type"":""Point"",""coordinates"":[93.43401698817057,24.108146351076524]}"
178,10,0.08417478948831558,70.6364974975586,2020-12-14,16.193605422973633,0,1.0,1.3799999952316284,2020-12-14,2020-12-13,4.453568935394287,294.5982666015625,2020-12-15,0.0,0.0,2020-12-14,0.24473316967487335,1.0,"{""type"":""Point"",""coordinates"":[90.07661170385477,24.766164242547454]}"
179,60,0.31550705432891846,87.5782699584961,2022-12-17,112.34428405761719,0,1.0,0.0,2022-12-17,2022-12-16,2.830380916595459,299.55224609375,2022-12-18,0.0,0.0,2022-12-17,0.2533836364746094,1.0,"{""type"":""Point"",""coordinates"":[95.62790328174982,21.84469645514121]}"
180,10,0.39661315083503723,245.93467712402344,2023-03-01,1114.16552734375,0,2.0,0.0,2023-03-01,2023-02-28,20.28923225402832,290.5951232910156,2023-03-02,0.07900000363588333,0.0,2023-03-01,0.28106689453125,2.0,"{""type"":""Point"",""coordinates"":[95.76634660815846,26.343209478639654]}"
181,10,0.16239720582962036,116.4045639038086,2023-04-13,177.70774841308594,0,1.0,0.0,2023-04-13,2023-04-12,6.014399528503418,298.393310546875,2023-04-14,0.0,0.0,2023-04-13,0.22892825305461884,1.0,"{""type"":""Point"",""coordinates"":[93.05159747260454,24.428657141755487]}"
182,30,0.011009667068719864,348.7296447753906,2023-01-14,4721.18359375,0,7.0,0.0,2023-01-14,2023-01-13,13.361119270324707,271.6730651855469,2023-01-15,0.0,0.0,2023-01-14,0.31644120812416077,3.0,"{""type"":""Point"",""coordinates"":[88.71927633910126,28.828273645056537]}"
183,30,0.13326242566108704,191.2891845703125,2023-04-15,1056.39990234375,0,1.0,0.0,2023-04-15,2023-04-14,37.33110046386719,297.2955322265625,2023-04-16,9.649999618530273,6.25,2023-04-15,0.1686452180147171,1.0,"{""type"":""Point"",""coordinates"":[93.14812523425303,23.00734643287184]}"
184,10,0.8492082953453064,342.1884765625,2020-12-11,233.99826049804688,0,5.0,0.0,2020-12-11,2020-12-10,9.252016067504883,290.9435729980469,2020-12-12,0.0,0.0,2020-12-11,0.292278915643692,5.0,"{""type"":""Point"",""coordinates"":[95.3555456794806,25.152208380510146]}"
185,95,0.3217003643512726,253.7567138671875,2020-09-04,5.407439708709717,0,17.0,15.809999465942383,2020-09-04,2020-09-03,0.8216711282730103,0.0,2020-09-05,0.0,0.0,2020-09-04,0.0,17.0,"{""type"":""Point"",""coordinates"":[89.54718819439552,21.774954012032946]}"
186,40,0.06322754919528961,348.7637939453125,2021-01-08,27.645139694213867,0,1.0,0.0,2021-01-08,2021-01-07,2.2065916061401367,294.25518798828125,2021-01-09,0.0,0.0,2021-01-08,0.15135128796100616,1.0,"{""type"":""Point"",""coordinates"":[89.78509942439241,25.96076796581486]}"
187,10,0.43489372730255127,306.2801513671875,2023-03-09,3419.588134765625,0,7.0,35.79999923706055,2023-03-09,2023-03-08,37.34519958496094,277.98828125,2023-03-10,0.5999999642372131,2.0833332538604736,2023-03-09,0.4060452878475189,4.0,"{""type"":""Point"",""coordinates"":[89.47988827036956,27.503136817657772]}"
188,10,0.7771201729774475,346.7483215332031,2019-02-05,24.76209831237793,0,2.0,0.0,2019-02-05,2019-02-04,6.31960391998291,295.41766357421875,2019-02-06,0.0,0.0,2019-02-05,0.24233181774616241,2.0,"{""type"":""Point"",""coordinates"":[91.56569672994041,22.924299799192674]}"
189,10,0.06488680839538574,283.0643310546875,2020-07-12,119.57381439208984,0,5.0,767.6499633789062,2020-07-12,2020-07-11,0.2536263167858124,297.8554992675781,2020-07-13,121.61000061035156,29.16666603088379,2020-07-12,0.36583900451660156,5.0,"{""type"":""Point"",""coordinates"":[89.47738707388274,26.688267210445513]}"
190,10,0.6380547881126404,55.45030212402344,2023-02-17,17.004337310791016,0,2.0,0.0,2023-02-17,2023-02-16,5.061849117279053,296.980712890625,2023-02-18,0.0,0.0,2023-02-17,0.2339324951171875,2.0,"{""type"":""Point"",""coordinates"":[90.0269177812784,23.748412039930674]}"
191,30,0.13845688104629517,87.61006927490234,2022-07-24,4344.93408203125,0,1.0,0.7099999785423279,2022-07-24,2022-07-23,24.100624084472656,287.3541259765625,2022-07-25,6.169999599456787,8.333333015441895,2022-07-24,0.3376382291316986,1.0,"{""type"":""Point"",""coordinates"":[91.07037850055664,29.216312318863295]}"
192,10,0.06621503829956055,19.914525985717773,2019-09-24,212.75900268554688,0,2.0,8.719999313354492,2019-09-24,2019-09-23,9.157845497131348,296.5623474121094,2019-09-25,38.599998474121094,47.91666793823242,2019-09-24,0.45712026953697205,1.0,"{""type"":""Point"",""coordinates"":[95.61534196679185,25.433148617372545]}"
193,10,0.03135852515697479,146.44418334960938,2020-10-08,53.7139892578125,0,1.0,2.119999885559082,2020-10-08,2020-10-07,23.607345581054688,299.859375,2020-10-09,0.0,0.0,2020-10-08,0.49063238501548767,1.0,"{""type"":""Point"",""coordinates"":[92.6563393022836,24.7599284892664]}"
194,40,0.043559491634368896,354.2088317871094,2022-02-13,18.571989059448242,0,1.0,0.0,2022-02-13,2022-02-12,1.9080495834350586,291.3970031738281,2022-02-14,0.0,0.0,2022-02-13,0.21715228259563446,1.0,"{""type"":""Point"",""coordinates"":[89.69922527091049,24.80621670169448]}"
195,10,0.1069435104727745,319.8222351074219,2021-08-18,534.4965209960938,0,3.0,135.14999389648438,2021-08-18,2021-08-17,19.558319091796875,295.8343811035156,2021-08-19,60.619998931884766,52.08333206176758,2021-08-18,0.4802156984806061,3.0,"{""type"":""Point"",""coordinates"":[95.63992193768743,26.235860902980708]}"
196,10,0.22311964631080627,16.37230110168457,2019-08-26,44.2536506652832,0,1.0,11.519999504089355,2019-08-26,2019-08-25,5.605624675750732,299.3776550292969,2019-08-27,5.759999752044678,2.0833332538604736,2019-08-26,0.41975975036621094,1.0,"{""type"":""Point"",""coordinates"":[92.15151361424996,21.563418028837095]}"
197,10,0.32731717824935913,137.5143280029297,2022-02-24,1272.662353515625,0,2.0,0.0,2022-02-24,2022-02-23,29.34621238708496,286.3852233886719,2022-02-25,0.0,0.0,2022-02-24,0.18573696911334991,2.0,"{""type"":""Point"",""coordinates"":[93.47806331062638,23.06585873746212]}"
198,40,0.1809592843055725,89.10559844970703,2023-11-24,805.350830078125,0,2.0,0.0,2023-11-24,2023-11-23,1.0334640741348267,291.6699523925781,2023-11-25,0.0,0.0,2023-11-24,0.42763328552246094,1.0,"{""type"":""Point"",""coordinates"":[96.95379124964008,22.49296246221399]}"
199,10,0.3192347288131714,32.22663879394531,2022-02-07,341.05902099609375,0,1.0,0.0,2022-02-07,2022-02-06,17.333112716674805,286.12127685546875,2022-02-08,0.9399999380111694,0.0,2022-02-07,0.40572038292884827,1.0,"{""type"":""Point"",""coordinates"":[95.87272351872134,26.397504363391455]}"
200,10,0.7484667301177979,88.64651489257812,2023-12-11,148.28781127929688,0,2.0,0.25999999046325684,2023-12-11,2023-12-10,3.7131595611572266,292.2598571777344,2023-12-12,0.0,0.0,2023-12-11,0.40640386939048767,2.0,"{""type"":""Point"",""coordinates"":[95.31357264548014,27.874606493910534]}"
201,60,0.06339622288942337,269.9600524902344,2021-02-16,4790.9326171875,0,5.0,0.0,2021-02-16,2021-02-15,22.19525909423828,270.79815673828125,2021-02-17,0.0,0.0,2021-02-16,0.12135950475931168,5.0,"{""type"":""Point"",""coordinates"":[89.25749380254288,28.340349187786156]}"
202,10,0.2934110164642334,268.67645263671875,2023-05-13,1254.329345703125,0,1.0,4.489999771118164,2023-05-13,2023-05-12,1.26930570602417,298.7182312011719,2023-05-14,57.81999969482422,58.33333206176758,2023-05-13,0.19885127246379852,1.0,"{""type"":""Point"",""coordinates"":[93.18676384085933,24.009506074867506]}"
203,40,0.07387837767601013,169.0106964111328,2022-10-21,10.327634811401367,0,2.0,0.0,2022-10-21,2022-10-20,1.5336192846298218,299.8146057128906,2022-10-22,0.0,0.0,2022-10-21,0.32254472374916077,2.0,"{""type"":""Point"",""coordinates"":[88.4020251283347,23.295097250171924]}"
204,10,0.6544160842895508,125.09198760986328,2019-02-03,214.0172882080078,0,19.0,0.0,2019-02-03,2019-02-02,25.242015838623047,289.78375244140625,2019-02-04,0.0,0.0,2019-02-03,0.36840757727622986,19.0,"{""type"":""Point"",""coordinates"":[96.68647856131435,25.173532430433703]}"
205,10,0.08802028000354767,101.96717834472656,2021-01-14,3074.187255859375,0,1.0,0.0,2021-01-14,2021-01-13,33.64809799194336,274.6571350097656,2021-01-15,0.25,0.0,2021-01-14,0.3792788088321686,1.0,"{""type"":""Point"",""coordinates"":[95.15479418844829,28.99250893605483]}"
206,10,0.22200438380241394,7.187004566192627,2022-08-05,217.13235473632812,0,233.0,0.0,2022-08-05,2022-08-04,27.538660049438477,300.24072265625,2022-08-06,12.429999351501465,18.75,2022-08-05,0.49043020606040955,233.0,"{""type"":""Point"",""coordinates"":[95.03133408302823,24.255731495323047]}"
207,40,0.19322830438613892,14.719468116760254,2021-09-18,169.76370239257812,0,197.0,12787.26953125,2021-09-18,2021-09-17,1.764763593673706,300.73480224609375,2021-09-19,9.889999389648438,14.583333015441895,2021-09-18,0.4769064486026764,197.0,"{""type"":""Point"",""coordinates"":[95.44789055833078,22.202368090060645]}"
208,10,0.04316399246454239,314.6402282714844,2022-08-17,2695.51318359375,0,44.0,0.699999988079071,2022-08-17,2022-08-16,38.80118942260742,287.946044921875,2022-08-18,0.4599999785423279,0.0,2022-08-17,0.40813127160072327,2.0,"{""type"":""Point"",""coordinates"":[90.38758093017388,27.42815858829912]}"
209,10,0.18588164448738098,148.5572052001953,2022-07-28,157.065185546875,0,27.0,415.79998779296875,2022-07-28,2022-07-27,0.4499947130680084,300.2212829589844,2022-07-29,6.619999885559082,8.333333015441895,2022-07-28,0.46767935156822205,27.0,"{""type"":""Point"",""coordinates"":[97.32698632155413,25.588179333850263]}"
210,10,0.2528018057346344,161.52703857421875,2020-10-19,2655.113525390625,0,1.0,2.0899999141693115,2020-10-19,2020-10-18,18.655853271484375,282.21356201171875,2020-10-20,3.990000009536743,8.333333015441895,2020-10-19,0.2796058654785156,1.0,"{""type"":""Point"",""coordinates"":[91.93211616524376,27.58361964417711]}"
211,10,0.6988207101821899,280.9622802734375,2019-11-15,296.2680969238281,0,727.0,0.0,2019-11-15,2019-11-14,24.263864517211914,291.8702392578125,2019-11-16,0.0,0.0,2019-11-15,0.4638639986515045,13.0,"{""type"":""Point"",""coordinates"":[95.64202277706518,26.363936182315467]}"
212,10,0.027935398742556572,119.43033599853516,2023-01-06,2590.31982421875,0,7.0,0.0,2023-01-06,2023-01-05,37.801876068115234,280.42926025390625,2023-01-07,0.0,0.0,2023-01-06,0.2829418182373047,7.0,"{""type"":""Point"",""coordinates"":[97.15032584745522,27.095393101460967]}"
213,10,0.31312665343284607,121.62202453613281,2022-03-08,302.7110900878906,0,11.0,0.0,2022-03-08,2022-03-07,24.450153350830078,294.32080078125,2022-03-09,0.0,0.0,2022-03-08,0.11659304052591324,2.0,"{""type"":""Point"",""coordinates"":[92.3911435768226,26.94069159124845]}"
214,10,0.13864688575267792,273.7550964355469,2023-10-03,214.7467803955078,0,5.0,4.739999771118164,2023-10-03,2023-10-02,16.748579025268555,299.06170654296875,2023-10-04,14.0,8.333333015441895,2023-10-03,0.4657351076602936,3.0,"{""type"":""Point"",""coordinates"":[94.53531505194746,23.57847505048597]}"
215,40,0.0383889377117157,238.72608947753906,2022-02-15,55.129295349121094,0,2.0,0.0,2022-02-15,2022-02-14,0.1815149337053299,291.2335205078125,2022-02-16,0.0,0.0,2022-02-15,0.2830759584903717,2.0,"{""type"":""Point"",""coordinates"":[88.85328585455383,26.169079141182912]}"
216,40,0.14544956386089325,90.11624908447266,2019-02-17,48.23582077026367,0,1.0,3.759999990463257,2019-02-17,2019-02-16,1.5062742233276367,293.49853515625,2019-02-18,0.0,0.0,2019-02-17,0.2734438478946686,1.0,"{""type"":""Point"",""coordinates"":[89.3133635073185,26.361404266798584]}"
217,10,0.1248355507850647,29.026458740234375,2019-07-10,756.8877563476562,0,2.0,61.75,2019-07-10,2019-07-09,28.150081634521484,296.71209716796875,2019-07-11,217.72999572753906,91.66666412353516,2019-07-10,0.4257793426513672,1.0,"{""type"":""Point"",""coordinates"":[92.51213837519637,23.40132428131502]}"
218,40,0.09410253167152405,288.57470703125,2021-08-27,34.242218017578125,0,27.0,4749.2998046875,2021-08-27,2021-08-26,3.206937313079834,300.1951904296875,2021-08-28,10.059999465942383,14.583333015441895,2021-08-27,0.42743682861328125,27.0,"{""type"":""Point"",""coordinates"":[89.18288272459459,25.7857992880196]}"
219,40,0.12572306394577026,175.03890991210938,2019-10-18,128.35934448242188,0,218.0,0.0,2019-10-18,2019-10-17,0.991282045841217,298.50592041015625,2019-10-19,0.0,0.0,2019-10-18,0.47707557678222656,218.0,"{""type"":""Point"",""coordinates"":[94.96553028727827,24.87271180252527]}"
220,10,0.12255662679672241,189.09384155273438,2019-06-11,800.4042358398438,0,2.0,4.349999904632568,2019-06-11,2019-06-10,26.94221305847168,299.48870849609375,2019-06-12,0.0,0.0,2019-06-11,0.359051376581192,1.0,"{""type"":""Point"",""coordinates"":[92.69632901801809,23.68328278654616]}"
221,10,0.18568025529384613,136.54026794433594,2020-05-02,159.0506591796875,0,4.0,0.2800000011920929,2020-05-02,2020-05-01,7.280742645263672,298.6154479980469,2020-05-03,0.14999999105930328,0.0,2020-05-02,0.30004629492759705,2.0,"{""type"":""Point"",""coordinates"":[97.00855178626364,25.23234185517217]}"
222,10,0.08044973015785217,298.26312255859375,2023-02-02,3655.427001953125,0,1.0,7.674999713897705,2023-02-02,2023-02-01,52.55973815917969,271.4866027832031,2023-02-03,0.8899999856948853,2.0833332538604736,2023-02-02,0.3863639831542969,1.0,"{""type"":""Point"",""coordinates"":[94.0827651729451,29.114308504336943]}"
223,10,-0.009845108725130558,154.81007385253906,2020-10-03,2992.5380859375,0,3.0,105.93000030517578,2020-10-03,2020-10-02,31.65117645263672,289.0699462890625,2020-10-04,20.76999855041504,27.08333396911621,2020-10-03,0.47161102294921875,3.0,"{""type"":""Point"",""coordinates"":[96.608235867758,27.782766348896047]}"
224,10,0.4318634271621704,147.5026092529297,2020-04-05,868.3364868164062,0,1.0,0.0,2020-04-05,2020-04-04,38.92216873168945,295.69427490234375,2020-04-06,0.0,0.0,2020-04-05,0.307544082403183,1.0,"{""type"":""Point"",""coordinates"":[97.33539911573641,23.22828858393295]}"
225,10,0.28560999035835266,254.0049591064453,2021-04-15,38.051456451416016,0,2.0,0.0,2021-04-15,2021-04-14,5.490664958953857,303.196533203125,2021-04-16,0.0,0.0,2021-04-15,0.19041188061237335,1.0,"{""type"":""Point"",""coordinates"":[89.4305120040054,25.870033509185472]}"
226,10,-0.01671731099486351,213.6351318359375,2020-09-24,2825.845458984375,0,2.0,59.57999801635742,2020-09-24,2020-09-23,26.373414993286133,290.0608825683594,2020-09-25,20.559999465942383,33.33333206176758,2020-09-24,0.4242216646671295,1.0,"{""type"":""Point"",""coordinates"":[96.612077283192,27.87829344712091]}"
227,10,0.5503960847854614,60.582340240478516,2019-05-17,6.459256649017334,0,2.0,0.0,2019-05-17,2019-05-16,2.2270421981811523,304.2422180175781,2019-05-18,0.0,0.0,2019-05-17,0.31789907813072205,1.0,"{""type"":""Point"",""coordinates"":[90.52141253550295,22.32864801267068]}"
228,0,-0.10917293280363083,-0.0,2023-11-29,0.0,0,0.0,0.0,2023-11-29,2023-11-28,0.0,0.0,2023-11-30,0.09999999403953552,0.0,2023-11-29,0.0,0.0,"{""type"":""Point"",""coordinates"":[91.44652368842601,21.541326158321144]}"
229,10,0.14820648729801178,251.82167053222656,2021-07-17,367.3841857910156,0,3.0,101.81999969482422,2021-07-17,2021-07-16,17.04094123840332,300.0044860839844,2021-07-18,1.8899999856948853,0.0,2021-07-17,0.4842001497745514,2.0,"{""type"":""Point"",""coordinates"":[95.75900579259864,24.46051557217512]}"
230,40,0.4543464481830597,2.6465837955474854,2023-05-15,13.23110294342041,0,289.0,0.0,2023-05-15,2023-05-14,1.5598785877227783,306.4884948730469,2023-05-16,7.460000038146973,6.25,2023-05-15,0.14518611133098602,289.0,"{""type"":""Point"",""coordinates"":[88.34807915931347,23.727381756142947]}"
231,60,0.00917308684438467,199.52964782714844,2021-07-20,4499.65478515625,0,1.0,28.939998626708984,2021-07-20,2021-07-19,14.56767463684082,285.1493225097656,2021-07-21,3.1599998474121094,2.0833332538604736,2021-07-20,0.4212207794189453,1.0,"{""type"":""Point"",""coordinates"":[93.43330719633727,28.622012542899743]}"
232,10,0.3014966547489166,329.91571044921875,2020-04-30,450.4861145019531,0,24.0,40.07999801635742,2020-04-30,2020-04-29,28.399194717407227,295.7574462890625,2020-05-01,22.670000076293945,25.0,2020-04-30,0.4470024108886719,24.0,"{""type"":""Point"",""coordinates"":[96.35062169797474,22.621733223826954]}"
233,10,0.17485903203487396,284.1210021972656,2019-11-20,10.3353853225708,0,1.0,0.0,2019-11-20,2019-11-19,6.121986389160156,297.015625,2019-11-21,0.0,0.0,2019-11-20,0.3104299008846283,1.0,"{""type"":""Point"",""coordinates"":[89.96510453720781,23.82350445169485]}"
234,10,0.05994688346982002,190.2202911376953,2023-07-08,773.2885131835938,0,7.0,0.0,2023-07-08,2023-07-07,35.01707458496094,296.8539123535156,2023-07-09,0.9399999976158142,2.0833332538604736,2023-07-08,0.48150697350502014,4.0,"{""type"":""Point"",""coordinates"":[96.65458210829813,22.50950731140304]}"
235,10,0.21112185716629028,345.88970947265625,2023-10-18,487.8927917480469,0,5.0,0.0,2023-10-18,2023-10-17,45.17183303833008,295.76434326171875,2023-10-19,0.0,0.0,2023-10-18,0.3335590362548828,4.0,"{""type"":""Point"",""coordinates"":[92.670854130259,23.180526995147076]}"
236,10,0.23968003690242767,218.7876434326172,2023-12-03,666.759033203125,0,790.0,0.38999998569488525,2023-12-03,2023-12-02,12.467131614685059,292.7957458496094,2023-12-04,0.0,0.0,2023-12-03,0.40457406640052795,1.0,"{""type"":""Point"",""coordinates"":[97.41946224163561,22.42500417783226]}"
237,100,0.01723477616906166,256.1318359375,2023-07-25,5031.8330078125,0,56.0,542.0799560546875,2023-07-25,2023-07-24,15.679380416870117,283.22015380859375,2023-07-26,1.1999999284744263,0.0,2023-07-25,0.3597971498966217,56.0,"{""type"":""Point"",""coordinates"":[92.21606643018298,28.087926265487976]}"
238,30,0.019325854256749153,158.9336395263672,2020-06-23,1141.885986328125,0,3.0,0.7299999594688416,2020-06-23,2020-06-22,14.174836158752441,296.4134521484375,2020-06-24,4.619999885559082,6.25,2020-06-23,0.4819265902042389,1.0,"{""type"":""Point"",""coordinates"":[94.09494776558363,25.383884718147314]}"
239,10,0.1608361005783081,142.80499267578125,2020-11-28,523.14892578125,0,1.0,4.46999979019165,2020-11-28,2020-11-27,1.2923915386199951,279.90753173828125,2020-11-29,5.099999904632568,10.416666984558105,2020-11-28,0.41069284081459045,1.0,"{""type"":""Point"",""coordinates"":[94.89357390649116,28.991542152768677]}"
240,10,0.19169992208480835,142.44058227539062,2021-03-08,109.64988708496094,0,35.0,0.17999999225139618,2021-03-08,2021-03-07,1.3378770351409912,292.20819091796875,2021-03-09,0.0,0.0,2021-03-08,0.32842254638671875,6.0,"{""type"":""Point"",""coordinates"":[93.97120388867965,27.223897723899473]}"
241,10,0.5171126127243042,284.4011535644531,2023-01-05,166.5773162841797,0,1.0,0.0,2023-01-05,2023-01-04,1.0942890644073486,290.6347961425781,2023-01-06,0.0,0.0,2023-01-05,0.2827014923095703,1.0,"{""type"":""Point"",""coordinates"":[94.77018956951858,24.42850357446659]}"
242,40,0.012666690163314342,256.5074462890625,2019-09-08,18.566675186157227,0,22.0,6.749999523162842,2019-09-08,2019-09-07,0.23507443070411682,302.3839111328125,2019-09-09,3.989999771118164,4.166666507720947,2019-09-08,0.35893186926841736,9.0,"{""type"":""Point"",""coordinates"":[89.20864553389943,24.97876207881096]}"
243,30,0.13219526410102844,299.2282409667969,2021-06-13,4414.93359375,0,3.0,4.819999694824219,2021-06-13,2021-06-12,28.54460334777832,283.3243103027344,2021-06-14,7.12999963760376,8.333333015441895,2021-06-13,0.42220306396484375,1.0,"{""type"":""Point"",""coordinates"":[92.44597155471773,28.96204226428657]}"
244,10,0.23212358355522156,284.6490173339844,2023-03-30,11.801997184753418,0,1.0,12.429999351501465,2023-03-30,2023-03-29,5.621380805969238,301.156005859375,2023-03-31,1.459999918937683,2.0833332538604736,2023-03-30,0.22664706408977509,1.0,"{""type"":""Point"",""coordinates"":[89.57928166211506,23.615332586377402]}"
245,10,0.3257523477077484,237.37025451660156,2020-11-01,687.7119140625,0,1.0,48.56999969482422,2020-11-01,2020-10-31,21.23920440673828,294.5359191894531,2020-11-02,9.182000160217285,10.416666984558105,2020-11-01,0.4099489748477936,1.0,"{""type"":""Point"",""coordinates"":[95.34594663080942,26.815035095850053]}"
246,10,0.3052527904510498,14.884583473205566,2019-12-04,267.34588623046875,0,3.0,0.0,2019-12-04,2019-12-03,33.60847854614258,290.1333312988281,2019-12-05,0.0,0.0,2019-12-04,0.3604361116886139,1.0,"{""type"":""Point"",""coordinates"":[97.49091322765464,26.102464352432918]}"
247,10,-0.024218017235398293,221.21279907226562,2022-06-22,108.29431915283203,0,44.0,0.0,2022-06-22,2022-06-21,2.7810699939727783,299.3428649902344,2022-06-23,11.429999351501465,10.416666984558105,2022-06-22,0.41250357031822205,1.0,"{""type"":""Point"",""coordinates"":[92.72539506579399,26.91415732272513]}"
248,10,0.2463354766368866,255.6093292236328,2021-06-23,921.56689453125,0,8.0,0.0,2021-06-23,2021-06-22,26.743450164794922,300.53662109375,2021-06-24,4.630000114440918,8.333333015441895,2021-06-23,0.4835440218448639,8.0,"{""type"":""Point"",""coordinates"":[96.23239042742743,24.848905430669184]}"
249,90,0.021282996982336044,-0.0,2023-03-12,7.5,0,4.0,0.0,2023-03-12,2023-03-11,0.0,301.5701904296875,2023-03-13,0.0,0.0,2023-03-12,0.2503255307674408,4.0,"{""type"":""Point"",""coordinates"":[90.18966311309,24.561295581743035]}"
250,40,0.21911576390266418,98.929931640625,2021-12-18,19.83710289001465,0,16.0,0.0,2021-12-18,2021-12-17,0.12598882615566254,291.38470458984375,2021-12-19,0.0,0.0,2021-12-18,0.39119529724121094,16.0,"{""type"":""Point"",""coordinates"":[92.64421641561076,24.95872238297914]}"
251,40,0.4167158603668213,90.0,2021-02-15,178.5,0,2150.0,0.0,2021-02-15,2021-02-14,3.9915037155151367,293.3381042480469,2021-02-16,0.0,0.0,2021-02-15,0.1387004852294922,2150.0,"{""type"":""Point"",""coordinates"":[94.52082783033336,24.48853159068455]}"
252,10,0.05597895756363869,232.91622924804688,2021-10-13,978.712158203125,0,4.0,0.0,2021-10-13,2021-10-12,18.97093963623047,298.7033996582031,2021-10-14,20.719999313354492,10.416666984558105,2021-10-13,0.4232807159423828,4.0,"{""type"":""Point"",""coordinates"":[92.34674655988668,25.301503469655447]}"
253,10,-0.05265123397111893,53.27613067626953,2022-06-11,9.942224502563477,0,1.0,15.089999198913574,2022-06-11,2022-06-10,6.812132835388184,300.9050598144531,2022-06-12,13.4399995803833,20.83333396911621,2022-06-11,0.4186267852783203,1.0,"{""type"":""Point"",""coordinates"":[91.24912653587694,24.374087859904545]}"
254,10,0.040730949491262436,9.027485847473145,2021-07-20,125.26007843017578,0,15.0,126.67999267578125,2021-07-20,2021-07-19,2.67840313911438,300.15484619140625,2021-07-21,16.69999885559082,22.91666603088379,2021-07-20,0.4226837158203125,2.0,"{""type"":""Point"",""coordinates"":[88.50852390576807,26.704439918701233]}"
255,10,0.3671844005584717,359.9678039550781,2020-11-20,1300.946044921875,0,2.0,5.940000057220459,2020-11-20,2020-11-19,22.644487380981445,285.8543701171875,2020-11-21,0.0,0.0,2020-11-20,0.4038658142089844,2.0,"{""type"":""Point"",""coordinates"":[93.82528462806044,27.765576316479553]}"
256,10,0.038266025483608246,207.50222778320312,2022-08-08,3329.530517578125,0,1.0,26.75,2022-08-08,2022-08-07,33.23359680175781,288.99798583984375,2022-08-09,3.5899999141693115,4.166666507720947,2022-08-08,0.41677919030189514,1.0,"{""type"":""Point"",""coordinates"":[95.41489736794838,29.19904895912484]}"
257,40,0.3844079375267029,190.58815002441406,2022-01-21,174.5891571044922,0,3.0,0.029999999329447746,2022-01-21,2022-01-20,0.19587762653827667,289.6911926269531,2022-01-22,0.5499999523162842,0.0,2022-01-21,0.3656044006347656,1.0,"{""type"":""Point"",""coordinates"":[96.45183830419967,23.116364193977514]}"
258,10,0.3971405327320099,99.18363189697266,2020-02-08,182.27027893066406,0,6.0,0.0,2020-02-08,2020-02-07,29.332605361938477,291.7073974609375,2020-02-09,2.200000047683716,0.0,2020-02-08,0.3046906888484955,1.0,"{""type"":""Point"",""coordinates"":[90.56221341483582,25.20635837091912]}"
259,10,0.01513329241424799,194.34759521484375,2021-07-20,724.0390625,0,74.0,1248.3800048828125,2021-07-20,2021-07-19,10.628521919250488,297.30523681640625,2021-07-21,21.149999618530273,16.66666603088379,2021-07-20,0.4688326418399811,74.0,"{""type"":""Point"",""coordinates"":[96.42125072241527,22.831457792804276]}"
260,40,0.09050729125738144,97.51701354980469,2022-04-14,3.380110502243042,0,7.0,0.0,2022-04-14,2022-04-13,0.23157508671283722,302.9778747558594,2022-04-15,39.07999801635742,20.83333396911621,2022-04-14,0.2479584962129593,4.0,"{""type"":""Point"",""coordinates"":[90.31458194016051,23.483238169638472]}"
261,10,0.20478390157222748,299.5402526855469,2019-11-19,52.691226959228516,0,2.0,0.0,2019-11-19,2019-11-18,13.77613353729248,295.5220642089844,2019-11-20,0.0,0.0,2019-11-19,0.3362496793270111,2.0,"{""type"":""Point"",""coordinates"":[92.06231810660019,24.407474251368495]}"
262,10,0.1914243847131729,91.1953125,2020-05-18,184.3587188720703,0,1.0,0.28999999165534973,2020-05-18,2020-05-17,7.655609607696533,303.2707214355469,2020-05-19,2.0199999809265137,2.0833332538604736,2020-05-18,0.27986907958984375,1.0,"{""type"":""Point"",""coordinates"":[95.02329681775905,24.615986337021866]}"
263,40,0.19213421642780304,354.4854736328125,2020-03-16,11.66699504852295,0,1.0,12.059999465942383,2020-03-16,2020-03-15,1.486167073249817,296.0410461425781,2020-03-17,0.7599999904632568,2.0833332538604736,2020-03-16,0.21972911059856415,1.0,"{""type"":""Point"",""coordinates"":[89.29252177187718,24.529726137971277]}"
264,40,0.38820281624794006,189.1422576904297,2023-05-25,1.5001057386398315,0,1.0,39.59000015258789,2023-05-25,2023-05-24,0.10471595823764801,0.0,2023-05-26,8.59000015258789,12.5,2023-05-25,0.0,1.0,"{""type"":""Point"",""coordinates"":[90.74764146935198,22.307977242734736]}"
265,40,0.12025219947099686,299.97503662109375,2022-08-15,19.305574417114258,0,1.0,6.119999885559082,2022-08-15,2022-08-14,4.066652297973633,302.8154602050781,2022-08-16,0.8500000238418579,0.0,2022-08-15,0.37042489647865295,1.0,"{""type"":""Point"",""coordinates"":[89.888943310177,24.83966346490071]}"
266,40,0.12847931683063507,3.886401653289795,2019-03-25,8.562859535217285,0,1.0,0.0,2019-03-25,2019-03-24,4.583663463592529,301.426513671875,2019-03-26,0.0,0.0,2019-03-25,0.17321395874023438,1.0,"{""type"":""Point"",""coordinates"":[91.14782776088572,23.216666486482037]}"
267,40,0.2131756842136383,327.4161376953125,2021-05-14,6.111699104309082,0,6.0,29.15999984741211,2021-05-14,2021-05-13,0.45574072003364563,301.53863525390625,2021-05-15,0.0,0.0,2021-05-14,0.3972282409667969,6.0,"{""type"":""Point"",""coordinates"":[89.39243206043099,23.565602595332212]}"
268,10,0.03940219059586525,303.1824035644531,2020-05-11,887.3433227539062,0,2.0,0.09999999403953552,2020-05-11,2020-05-10,2.487551689147949,296.4804992675781,2020-05-12,3.1700000762939453,4.166666507720947,2020-05-11,0.4017855226993561,2.0,"{""type"":""Point"",""coordinates"":[93.69433914905784,24.24519134287282]}"
269,40,0.46271395683288574,63.113746643066406,2019-11-07,29.715076446533203,0,1.0,0.0,2019-11-07,2019-11-06,0.1752336323261261,297.57244873046875,2019-11-08,7.460000038146973,4.166666507720947,2019-11-07,0.3015950620174408,1.0,"{""type"":""Point"",""coordinates"":[89.23205331049098,25.672742217895955]}"
270,40,0.5141606330871582,74.36778259277344,2022-12-19,181.07998657226562,0,1.0,0.0,2022-12-19,2022-12-18,3.4677672386169434,296.67120361328125,2022-12-20,0.0,0.0,2022-12-19,0.23324520885944366,1.0,"{""type"":""Point"",""coordinates"":[95.71166958099606,23.023934483632285]}"
271,10,0.3188280165195465,353.2405700683594,2020-11-01,7.733325958251953,0,950.0,285.0,2020-11-01,2020-10-31,0.5149453282356262,300.7281188964844,2020-11-02,0.01900000125169754,0.0,2020-11-01,0.3373069763183594,950.0,"{""type"":""Point"",""coordinates"":[88.87789015472192,23.145172922629733]}"
272,70,-0.03501090034842491,286.6813659667969,2023-05-01,4577.1015625,0,28.0,110.18000030517578,2023-05-01,2023-04-30,20.161466598510742,271.69879150390625,2023-05-02,6.116999626159668,10.416666984558105,2023-05-01,0.37321916222572327,14.0,"{""type"":""Point"",""coordinates"":[97.06648952025583,29.066374777843233]}"
273,10,0.024397743865847588,174.48391723632812,2021-08-02,503.6026916503906,0,404.0,36907.82421875,2021-08-02,2021-08-01,32.48331069946289,296.56451416015625,2021-08-03,11.319999694824219,18.75,2021-08-02,0.4268709719181061,404.0,"{""type"":""Point"",""coordinates"":[93.82151970344688,22.098898732720492]}"
274,30,0.17967580258846283,141.0199737548828,2019-07-04,4875.318359375,0,1.0,10.84000015258789,2019-07-04,2019-07-03,22.83567237854004,284.6427917480469,2019-07-05,15.609999656677246,22.91666603088379,2019-07-04,0.41575750708580017,1.0,"{""type"":""Point"",""coordinates"":[92.83486458541623,29.363551548923084]}"
275,10,0.11677493155002594,123.85922241210938,2019-06-22,230.09768676757812,0,1.0,23.959999084472656,2019-06-22,2019-06-21,7.5934953689575195,300.5377197265625,2019-06-23,7.699999809265137,8.333333015441895,2019-06-22,0.49471092224121094,1.0,"{""type"":""Point"",""coordinates"":[93.5036990144212,25.753132026424208]}"
276,30,0.08625750988721848,132.01922607421875,2023-09-26,4133.28662109375,0,2.0,0.0,2023-09-26,2023-09-25,25.485933303833008,283.219482421875,2023-09-27,0.0,0.0,2023-09-26,0.37829652428627014,2.0,"{""type"":""Point"",""coordinates"":[91.66968957488787,29.38169154549711]}"
277,40,0.5345121622085571,47.67205810546875,2020-12-04,94.4537124633789,0,1.0,0.0,2020-12-04,2020-12-03,0.6406288146972656,295.16558837890625,2020-12-05,0.0,0.0,2020-12-04,0.2818540036678314,1.0,"{""type"":""Point"",""coordinates"":[96.63524513172891,24.251728892815393]}"
278,40,0.1103162094950676,327.86175537109375,2020-01-22,206.21018981933594,0,2.0,0.0,2020-01-22,2020-01-21,4.487634181976318,294.8978271484375,2020-01-23,0.0,0.0,2020-01-22,0.2386302947998047,2.0,"{""type"":""Point"",""coordinates"":[95.70595930947478,23.06761171648677]}"
279,10,0.038431692868471146,202.3751220703125,2021-01-24,3272.427001953125,0,11.0,0.0,2021-01-24,2021-01-23,38.45869445800781,273.22857666015625,2021-01-25,2.429999828338623,0.0,2021-01-24,0.38864579796791077,11.0,"{""type"":""Point"",""coordinates"":[94.43414337016523,28.76688541539066]}"
280,30,0.03771752119064331,6.703282833099365,2022-06-12,171.5220489501953,0,2.0,3.5,2022-06-12,2022-06-11,3.076265811920166,301.5884094238281,2022-06-13,0.0,0.0,2022-06-12,0.449969619512558,2.0,"{""type"":""Point"",""coordinates"":[95.36708549846837,21.974828945467333]}"
281,10,0.06447860598564148,324.48040771484375,2023-07-22,139.79083251953125,0,2.0,24.469999313354492,2023-07-22,2023-07-21,5.0196757316589355,303.5375061035156,2023-07-23,81.69000244140625,27.08333396911621,2023-07-22,0.4556802213191986,1.0,"{""type"":""Point"",""coordinates"":[95.47970294961681,27.390373066640628]}"
282,40,0.03332807868719101,121.54779815673828,2020-10-14,9.573060989379883,0,2.0,1.5199999809265137,2020-10-14,2020-10-13,0.42513251304626465,303.8312683105469,2020-10-15,2.549999952316284,2.0833332538604736,2020-10-14,0.34870147705078125,2.0,"{""type"":""Point"",""coordinates"":[89.49818504917063,24.3076005837822]}"
283,10,0.013801392167806625,72.27594757080078,2021-05-24,1511.852783203125,0,3.0,0.0,2021-05-24,2021-05-23,35.21699523925781,296.7467346191406,2021-05-25,10.269999504089355,8.333333015441895,2021-05-24,0.3856131136417389,2.0,"{""type"":""Point"",""coordinates"":[89.82044986722128,26.80885096832193]}"
284,10,0.2125813066959381,271.0807800292969,2019-10-12,624.8739624023438,0,3.0,0.0,2019-10-12,2019-10-11,21.93522834777832,293.7066650390625,2019-10-13,0.03999999910593033,0.0,2019-10-12,0.4963493347167969,1.0,"{""type"":""Point"",""coordinates"":[96.40719097024075,27.079277613225898]}"
285,10,0.19531381130218506,222.7092742919922,2023-11-02,2167.4365234375,0,61.0,0.0,2023-11-02,2023-11-01,49.91448974609375,284.1972961425781,2023-11-03,0.0,0.0,2023-11-02,0.31671270728111267,61.0,"{""type"":""Point"",""coordinates"":[96.62704460895642,28.213066903594793]}"
286,10,0.056155767291784286,290.2570495605469,2022-07-08,865.2365112304688,0,3.0,0.29999998211860657,2022-07-08,2022-07-07,25.51526641845703,297.6455078125,2022-07-09,0.8600000143051147,0.0,2022-07-08,0.46820130944252014,1.0,"{""type"":""Point"",""coordinates"":[97.00045261907214,21.645226990484726]}"
287,10,0.0691070705652237,337.9503173828125,2023-08-13,1263.0911865234375,0,1.0,17.459999084472656,2023-08-13,2023-08-12,4.313989162445068,296.6379089355469,2023-08-14,3.009999990463257,4.166666507720947,2023-08-13,0.48333612084388733,1.0,"{""type"":""Point"",""coordinates"":[92.28552028524514,25.576754270533296]}"
288,10,0.10301128774881363,217.6749725341797,2019-11-05,1228.6817626953125,0,3.0,0.10999999940395355,2019-11-05,2019-11-04,32.738502502441406,292.918212890625,2019-11-06,0.0,0.0,2019-11-05,0.4242185056209564,1.0,"{""type"":""Point"",""coordinates"":[93.48635053249917,25.345416902754053]}"
289,10,0.028126409277319908,110.85038757324219,2023-08-25,435.414306640625,0,20.0,519.2999877929688,2023-08-25,2023-08-24,23.96843147277832,297.01470947265625,2023-08-26,13.899999618530273,25.0,2023-08-25,0.47565141320228577,18.0,"{""type"":""Point"",""coordinates"":[95.59157290000869,26.020398702161582]}"
290,10,0.07622973620891571,71.06555938720703,2022-02-14,106.13601684570312,0,1.0,0.0,2022-02-14,2022-02-13,2.24751615524292,288.2836608886719,2022-02-15,0.0,0.0,2022-02-14,0.45439592003822327,1.0,"{""type"":""Point"",""coordinates"":[93.9763487312313,26.368569779814344]}"
291,30,0.03705538064241409,186.99252319335938,2020-03-12,4118.12841796875,0,1.0,0.0,2020-03-12,2020-03-11,26.42430305480957,271.8629150390625,2020-03-13,0.0,0.0,2020-03-12,0.4000161588191986,1.0,"{""type"":""Point"",""coordinates"":[92.18560121650926,29.12522923288896]}"
292,30,0.16866709291934967,31.196483612060547,2022-10-16,234.1873016357422,0,11.0,0.0,2022-10-16,2022-10-15,18.05188751220703,298.98297119140625,2022-10-17,0.0,0.0,2022-10-16,0.46704673767089844,11.0,"{""type"":""Point"",""coordinates"":[96.98427190351951,25.419140457889068]}"
293,10,0.10679798573255539,320.3744201660156,2021-08-18,861.96435546875,0,30.0,212.95999145507812,2021-08-18,2021-08-17,36.08134078979492,295.60357666015625,2021-08-19,32.34000015258789,27.08333396911621,2021-08-18,0.4699007570743561,4.0,"{""type"":""Point"",""coordinates"":[94.5583155858083,25.6242455420312]}"
294,10,0.028307946398854256,317.91729736328125,2019-01-30,3251.1005859375,0,2.0,0.9599999785423279,2019-01-30,2019-01-29,16.203340530395508,273.1895446777344,2019-01-31,0.0,0.0,2019-01-30,0.40540632605552673,2.0,"{""type"":""Point"",""coordinates"":[91.01594134047964,27.401126857100493]}"
295,60,0.08668329566717148,145.11859130859375,2023-11-12,4191.9638671875,0,1.0,0.0,2023-11-12,2023-11-11,31.025365829467773,273.21588134765625,2023-11-13,0.0,0.0,2023-11-12,0.36500677466392517,1.0,"{""type"":""Point"",""coordinates"":[90.83409552407005,28.21265757101832]}"
296,10,0.06316717714071274,60.253841400146484,2023-12-13,13.724613189697266,0,100.0,0.0,2023-12-13,2023-12-12,1.99507737159729,293.7074890136719,2023-12-14,0.0,0.0,2023-12-13,0.34575018286705017,69.0,"{""type"":""Point"",""coordinates"":[90.79977847808325,24.18146233048302]}"
297,10,0.4794582724571228,173.4028778076172,2023-11-19,616.322509765625,0,2.0,0.0,2023-11-19,2023-11-18,18.988689422607422,289.7716369628906,2023-11-20,0.0,0.0,2023-11-19,0.32164129614830017,2.0,"{""type"":""Point"",""coordinates"":[94.76636156540933,28.08854508399758]}"
298,10,0.05697336792945862,263.7225036621094,2020-09-27,791.2166137695312,0,2.0,548.9599609375,2020-09-27,2020-09-26,42.744808197021484,296.2869567871094,2020-09-28,16.649999618530273,14.583333015441895,2020-09-27,0.47732987999916077,2.0,"{""type"":""Point"",""coordinates"":[97.05600871235295,26.405982592860926]}"
299,10,0.05401359125971794,89.91863250732422,2021-07-23,171.1477813720703,0,84.0,2.3399999141693115,2021-07-23,2021-07-22,9.779989242553711,299.872314453125,2021-07-24,12.049999237060547,14.583333015441895,2021-07-23,0.4900627136230469,1.0,"{""type"":""Point"",""coordinates"":[95.26962190864323,25.413139013868363]}"
300,10,0.006682719103991985,145.19058227539062,2019-06-25,3844.0673828125,0,2.0,14.459999084472656,2019-06-25,2019-06-24,48.04749298095703,286.0807189941406,2019-06-26,14.079999923706055,27.08333396911621,2019-06-25,0.4159635007381439,2.0,"{""type"":""Point"",""coordinates"":[96.25916359863311,28.574265940073612]}"
301,40,0.17957505583763123,297.83502197265625,2019-02-04,84.9251708984375,0,1.0,0.0,2019-02-04,2019-02-03,0.4569685459136963,292.2749328613281,2019-02-05,0.0,0.0,2019-02-04,0.31487274169921875,1.0,"{""type"":""Point"",""coordinates"":[94.13847763546103,26.84308051799777]}"
302,30,0.19844573736190796,288.3236999511719,2020-11-25,5141.220703125,0,1.0,0.0,2020-11-25,2020-11-24,15.717201232910156,270.8706970214844,2020-11-26,0.3100000023841858,0.0,2020-11-25,0.23577499389648438,1.0,"{""type"":""Point"",""coordinates"":[91.81957120457841,28.44272764287689]}"
303,40,0.4006997048854828,63.402557373046875,2019-06-28,35.481143951416016,0,1.0,6.25,2019-06-28,2019-06-27,1.332838773727417,303.48614501953125,2019-06-29,20.809999465942383,22.91666603088379,2019-06-28,0.3831138610839844,1.0,"{""type"":""Point"",""coordinates"":[88.31890552904794,24.636597351514233]}"
304,20,0.48170793056488037,294.1714172363281,2023-02-05,203.87376403808594,0,1.0,0.0,2023-02-05,2023-02-04,2.2666263580322266,297.9990539550781,2023-02-06,0.0,0.0,2023-02-05,0.25294432044029236,1.0,"{""type"":""Point"",""coordinates"":[95.02380833089349,22.786468529595762]}"
305,10,-0.011385337449610233,129.60572814941406,2022-04-29,759.079833984375,0,3.0,0.699999988079071,2022-04-29,2022-04-28,44.84597396850586,295.0867004394531,2022-04-30,32.459999084472656,22.91666603088379,2022-04-29,0.3936831057071686,1.0,"{""type"":""Point"",""coordinates"":[95.99924925378967,26.63368229231984]}"
306,70,-0.020214704796671867,338.896728515625,2022-10-20,5242.1298828125,0,1.0,0.0,2022-10-20,2022-10-19,63.84967041015625,275.8927917480469,2022-10-21,0.0,0.0,2022-10-20,0.41106605529785156,1.0,"{""type"":""Point"",""coordinates"":[96.99228984895576,29.265304611269123]}"
307,10,0.33500829339027405,197.15664672851562,2019-11-16,1100.8194580078125,0,2.0,0.0,2019-11-16,2019-11-15,19.456472396850586,291.8518371582031,2019-11-17,0.0,0.0,2019-11-16,0.357666015625,1.0,"{""type"":""Point"",""coordinates"":[93.68035077033001,22.338180110522924]}"
308,10,0.5196184515953064,118.89996337890625,2021-01-21,271.65167236328125,0,1.0,3.1500000953674316,2021-01-21,2021-01-20,1.744665265083313,291.3946533203125,2021-01-22,1.6699999570846558,4.166666507720947,2021-01-21,0.26059532165527344,1.0,"{""type"":""Point"",""coordinates"":[95.43212115449758,25.234090898965817]}"
309,10,0.3142487704753876,321.9898376464844,2019-11-09,266.3582763671875,0,19.0,2.2799999713897705,2019-11-09,2019-11-08,9.942440032958984,296.53314208984375,2019-11-10,8.170000076293945,12.5,2019-11-09,0.446521133184433,19.0,"{""type"":""Point"",""coordinates"":[96.41546163248178,25.113970997216025]}"
310,10,0.46551501750946045,250.10797119140625,2021-12-12,1685.7967529296875,0,16.0,3.759999990463257,2021-12-12,2021-12-11,34.02690505981445,284.3658447265625,2021-12-13,0.0,0.0,2021-12-12,0.4186013638973236,4.0,"{""type"":""Point"",""coordinates"":[93.94992365213957,25.583657101625402]}"
311,10,0.07792052626609802,180.7151336669922,2023-06-17,1621.1114501953125,0,2.0,30.75,2023-06-17,2023-06-16,41.862327575683594,289.0141296386719,2023-06-18,2.7699999809265137,2.0833332538604736,2023-06-17,0.42882347106933594,1.0,"{""type"":""Point"",""coordinates"":[95.8853375499742,28.454627081794094]}"
312,40,0.3994937241077423,217.0188751220703,2020-02-10,5.880753517150879,0,1.0,0.0,2020-02-10,2020-02-09,0.6025180220603943,293.88836669921875,2020-02-11,0.0,0.0,2020-02-10,0.17198117077350616,1.0,"{""type"":""Point"",""coordinates"":[88.67872944838093,22.91810842106705]}"
313,10,0.12116030603647232,350.95684814453125,2020-10-04,1499.5181884765625,0,4.0,37.720001220703125,2020-10-04,2020-10-03,43.49186706542969,295.3995056152344,2020-10-05,0.0,0.0,2020-10-04,0.435016006231308,4.0,"{""type"":""Point"",""coordinates"":[94.61404802162014,25.541832772000618]}"
314,10,0.16740402579307556,16.742712020874023,2021-03-13,58.77539825439453,0,1.0,0.0,2021-03-13,2021-03-12,2.6747939586639404,297.1697082519531,2021-03-14,0.20999999344348907,0.0,2021-03-13,0.3606936037540436,1.0,"{""type"":""Point"",""coordinates"":[92.06862483797632,26.25213993666354]}"
315,10,0.11952410638332367,279.895263671875,2021-04-28,713.1204833984375,0,83.0,0.0,2021-04-28,2021-04-27,16.561874389648438,298.3016662597656,2021-04-29,0.0,0.0,2021-04-28,0.3055928647518158,1.0,"{""type"":""Point"",""coordinates"":[94.33013605564662,26.075484076298494]}"
316,60,0.03327297791838646,90.33323669433594,2023-07-02,527.1149291992188,0,190.0,13304.939453125,2023-07-02,2023-07-01,5.762135982513428,295.7795104980469,2023-07-03,22.209999084472656,31.25,2023-07-02,0.3859774172306061,190.0,"{""type"":""Point"",""coordinates"":[88.8011142412073,27.00948688397484]}"
317,40,0.07979261130094528,60.47847366333008,2020-08-03,14.837194442749023,0,7.0,80.8499984741211,2020-08-03,2020-08-02,0.21802519261837006,304.4229431152344,2020-08-04,10.75999927520752,16.66666603088379,2020-08-03,0.39108213782310486,7.0,"{""type"":""Point"",""coordinates"":[88.3006056837798,24.01366659683772]}"
318,60,-0.015878919512033463,187.72720336914062,2023-07-16,4624.49658203125,0,1.0,86.3499984741211,2023-07-16,2023-07-15,26.727806091308594,286.3438415527344,2023-07-17,36.65999984741211,47.91666793823242,2023-07-16,0.42136573791503906,1.0,"{""type"":""Point"",""coordinates"":[96.83004689043149,28.540107141148766]}"
319,40,0.08060269057750702,141.90550231933594,2021-09-01,114.84976196289062,0,89.0,359.55999755859375,2021-09-01,2021-08-31,1.9720549583435059,302.1378173828125,2021-09-02,33.06100082397461,12.5,2021-09-01,0.4573326110839844,89.0,"{""type"":""Point"",""coordinates"":[95.04222333227501,22.471572811146316]}"
320,30,0.07591184228658676,167.36563110351562,2023-10-29,4065.78173828125,0,21.0,0.0,2023-10-29,2023-10-28,8.994864463806152,272.93701171875,2023-10-30,1.3799999952316284,4.166666507720947,2023-10-29,0.34442582726478577,21.0,"{""type"":""Point"",""coordinates"":[89.89211346357237,29.124991006436602]}"
321,60,0.04842749610543251,96.7663345336914,2020-10-12,4851.45361328125,0,1.0,5.210000038146973,2020-10-12,2020-10-11,21.647361755371094,280.3954772949219,2020-10-13,0.3199999928474426,0.0,2020-10-12,0.3196023404598236,1.0,"{""type"":""Point"",""coordinates"":[92.26457636649585,28.281908417529987]}"
322,10,0.7427997589111328,298.62420654296875,2019-12-10,2238.18701171875,0,3.0,0.0,2019-12-10,2019-12-09,35.05312728881836,277.3875732421875,2019-12-11,0.0,0.0,2019-12-10,0.40468087792396545,3.0,"{""type"":""Point"",""coordinates"":[88.64403888708074,27.532575909760112]}"
323,10,0.04617542773485184,109.4437255859375,2022-11-04,4206.15966796875,0,44.0,0.029999999329447746,2022-11-04,2022-11-03,33.019630432128906,274.9749450683594,2022-11-05,0.0,0.0,2022-11-04,0.3777529299259186,1.0,"{""type"":""Point"",""coordinates"":[90.98024445947425,28.029903514296606]}"
324,30,0.09967592358589172,248.83692932128906,2021-07-27,221.5150604248047,0,208.0,0.0,2021-07-27,2021-07-26,1.283178448677063,301.41180419921875,2021-07-28,0.5999999642372131,0.0,2021-07-27,0.4748058319091797,208.0,"{""type"":""Point"",""coordinates"":[94.93349272034442,21.5561340402387]}"
325,90,0.26335546374320984,46.035560607910156,2019-02-25,22.114036560058594,0,15.0,39.599998474121094,2019-02-25,2019-02-24,0.5332512259483337,296.0381164550781,2019-02-26,0.5699999928474426,0.0,2019-02-25,0.15601985156536102,15.0,"{""type"":""Point"",""coordinates"":[88.37042265599715,25.229864650005457]}"
326,80,-0.01744578406214714,-0.0,2022-03-07,0.0,0,0.0,0.0,2022-03-07,2022-03-06,0.0,300.3262634277344,2022-03-08,0.0,0.0,2022-03-07,0.11055056005716324,0.0,"{""type"":""Point"",""coordinates"":[91.98964309914994,21.59145733054644]}"
327,10,0.012451112270355225,276.0242614746094,2021-10-10,1120.8450927734375,0,18.0,422.4599914550781,2021-10-10,2021-10-09,19.261381149291992,294.0717468261719,2021-10-11,0.0,0.0,2021-10-10,0.4153340756893158,18.0,"{""type"":""Point"",""coordinates"":[93.74565755316982,22.48547622632751]}"
328,10,0.10652236640453339,48.96017074584961,2021-01-24,2159.21533203125,0,7.0,36.88999938964844,2021-01-24,2021-01-23,28.367107391357422,275.5826721191406,2021-01-25,0.44999998807907104,0.0,2021-01-24,0.4029216766357422,7.0,"{""type"":""Point"",""coordinates"":[96.64014360770406,28.345942172148206]}"
329,10,0.8071215152740479,237.9883270263672,2022-11-30,75.98658752441406,0,1.0,0.0,2022-11-30,2022-11-29,4.8292622566223145,293.3811340332031,2022-12-01,0.0,0.0,2022-11-30,0.27755483984947205,1.0,"{""type"":""Point"",""coordinates"":[93.40882988032241,26.60656375587753]}"
330,40,0.6011605262756348,125.1712646484375,2019-11-08,34.01677703857422,0,3.0,3.5299999713897705,2019-11-08,2019-11-07,0.5229769349098206,297.6012878417969,2019-11-09,3.3299999237060547,2.0833332538604736,2019-11-08,0.2974904477596283,1.0,"{""type"":""Point"",""coordinates"":[88.1298027965657,24.174766686267734]}"
331,10,0.17432115972042084,318.800048828125,2019-11-23,1643.73095703125,0,19.0,0.1899999976158142,2019-11-23,2019-11-22,11.990243911743164,288.6288757324219,2019-11-24,0.0,0.0,2019-11-23,0.42267417907714844,19.0,"{""type"":""Point"",""coordinates"":[91.66125601500545,25.53057695523051]}"
332,40,0.21601514518260956,225.44573974609375,2019-04-12,13.859273910522461,0,5.0,0.0,2019-04-12,2019-04-11,0.38786834478378296,300.8761291503906,2019-04-13,0.0,0.0,2019-04-12,0.2685762941837311,4.0,"{""type"":""Point"",""coordinates"":[88.13650665219271,23.537424226424715]}"
333,40,0.038458097726106644,194.0617218017578,2023-03-26,27.87506675720215,0,1.0,0.0,2023-03-26,2023-03-25,0.4601324498653412,297.6581726074219,2023-03-27,0.0,0.0,2023-03-26,0.40298333764076233,1.0,"{""type"":""Point"",""coordinates"":[89.87166256960326,25.982602391844274]}"
334,10,0.10394730418920517,163.94854736328125,2020-07-24,484.359130859375,0,67.0,3603.929931640625,2020-07-24,2020-07-23,6.1050543785095215,297.5984191894531,2020-07-25,12.369999885559082,2.0833332538604736,2020-07-24,0.484753280878067,67.0,"{""type"":""Point"",""coordinates"":[93.41413972101073,25.398370564685425]}"
335,10,0.027900997549295425,80.59137725830078,2019-07-25,388.6124267578125,0,1.0,78.88999938964844,2019-07-25,2019-07-24,14.86475658416748,298.6258239746094,2019-07-26,195.1300048828125,39.58333206176758,2019-07-25,0.4971345365047455,1.0,"{""type"":""Point"",""coordinates"":[96.55078672656212,25.75260450604052]}"
336,40,0.31688520312309265,277.0982666015625,2023-03-01,121.57771301269531,0,9.0,0.0,2023-03-01,2023-02-28,0.4825526773929596,302.33819580078125,2023-03-02,0.04200000315904617,0.0,2023-03-01,0.2532958984375,3.0,"{""type"":""Point"",""coordinates"":[95.43927362780977,23.050008211094095]}"
337,10,-0.01637500524520874,353.604736328125,2021-09-08,2989.40625,0,1.0,44.20000076293945,2021-09-08,2021-09-07,34.958030700683594,290.507568359375,2021-09-09,69.0199966430664,25.0,2021-09-08,0.42682012915611267,1.0,"{""type"":""Point"",""coordinates"":[93.2357453686036,27.510712800135867]}"
338,10,0.6218432784080505,128.60580444335938,2019-12-09,18.927793502807617,0,6.0,0.0,2019-12-09,2019-12-08,4.478893280029297,294.4108581542969,2019-12-10,0.0,0.0,2019-12-09,0.18823814392089844,6.0,"{""type"":""Point"",""coordinates"":[89.29933955657727,25.013292752001334]}"
339,10,0.06856627762317657,226.43788146972656,2021-09-02,668.359375,0,826.0,11.609999656677246,2021-09-02,2021-09-01,21.856430053710938,297.2578430175781,2021-09-03,10.649999618530273,20.83333396911621,2021-09-02,0.4897880554199219,2.0,"{""type"":""Point"",""coordinates"":[92.07530196769011,25.93656410970567]}"
340,40,0.1568935066461563,300.23516845703125,2019-03-18,173.86912536621094,0,1.0,0.0,2019-03-18,2019-03-17,1.0863332748413086,298.9887390136719,2019-03-19,1.7699999809265137,2.0833332538604736,2019-03-18,0.1472218781709671,1.0,"{""type"":""Point"",""coordinates"":[94.13925235105751,22.802770466001267]}"
341,10,0.22260427474975586,11.674155235290527,2022-07-04,705.613525390625,0,52.0,45.72999954223633,2022-07-04,2022-07-03,31.628658294677734,295.30474853515625,2022-07-05,28.009998321533203,22.91666603088379,2022-07-04,0.4214852750301361,1.0,"{""type"":""Point"",""coordinates"":[93.3480797002194,23.862504559345833]}"
342,40,0.047240495681762695,270.6496276855469,2021-08-21,81.32034301757812,0,47.0,9.859999656677246,2021-08-21,2021-08-20,0.29708367586135864,298.916015625,2021-08-22,0.0,0.0,2021-08-21,0.4611377716064453,1.0,"{""type"":""Point"",""coordinates"":[96.216505305355,22.261972885360535]}"
343,10,-0.01513315923511982,353.5110168457031,2021-08-06,374.9823303222656,0,9.0,105.20999908447266,2021-08-06,2021-08-05,36.4432258605957,298.8357849121094,2021-08-07,21.0,31.25,2021-08-06,0.48912492394447327,9.0,"{""type"":""Point"",""coordinates"":[94.87267410708479,23.70646297719618]}"
344,10,0.5567201375961304,351.6446228027344,2022-04-06,473.3309020996094,0,3.0,0.0,2022-04-06,2022-04-05,22.09398651123047,298.6462707519531,2022-04-07,0.0,0.0,2022-04-06,0.3761228024959564,3.0,"{""type"":""Point"",""coordinates"":[95.64676922164452,24.28387025877275]}"
345,80,-0.171897292137146,-0.0,2021-04-26,0.0,0,0.0,0.0,2021-04-26,2021-04-25,0.0,0.0,2021-04-27,0.0,0.0,2021-04-26,0.0,0.0,"{""type"":""Point"",""coordinates"":[91.02092303965532,21.617926579607232]}"
346,10,0.37355199456214905,337.98486328125,2023-11-18,1081.222900390625,0,2.0,145.94000244140625,2023-11-18,2023-11-17,22.173898696899414,291.82965087890625,2023-11-19,0.25999999046325684,0.0,2023-11-18,0.4990043640136719,2.0,"{""type"":""Point"",""coordinates"":[94.32382923903035,26.11772933231728]}"
347,80,-0.05749020352959633,-0.0,2023-08-17,0.0,0,0.0,0.0,2023-08-17,2023-08-16,0.0,0.0,2023-08-18,11.269999504089355,16.66666603088379,2023-08-17,0.0,0.0,"{""type"":""Point"",""coordinates"":[90.10491928115805,21.723385619687694]}"
348,10,0.05133671686053276,342.4449768066406,2019-02-20,2963.273193359375,0,1.0,3.129999876022339,2019-02-20,2019-02-19,33.87532043457031,273.53948974609375,2019-02-21,3.319999933242798,2.0833332538604736,2019-02-20,0.4077676236629486,1.0,"{""type"":""Point"",""coordinates"":[89.66609917163179,27.5066397374435]}"
349,80,-0.03003878891468048,-0.0,2019-07-07,112.5,0,1373587.0,1.15971944E8,2019-07-07,2019-07-06,0.0,301.7831115722656,2019-07-08,70.97000122070312,50.0,2019-07-07,0.4950917661190033,1373587.0,"{""type"":""Point"",""coordinates"":[95.28020195192417,27.765585930837563]}"
350,10,0.12467813491821289,181.6717987060547,2021-08-30,225.1331787109375,0,1.0,0.60999995470047,2021-08-30,2021-08-29,2.3179819583892822,299.693603515625,2021-08-31,5.360000133514404,4.166666507720947,2021-08-30,0.4977060854434967,1.0,"{""type"":""Point"",""coordinates"":[90.15591766169929,25.506539651305083]}"
351,10,0.027896778658032417,116.32478332519531,2021-06-13,324.7620544433594,0,1.0,0.0,2021-06-13,2021-06-12,1.5516448020935059,300.4895935058594,2021-06-14,64.25,18.75,2021-06-13,0.44357237219810486,1.0,"{""type"":""Point"",""coordinates"":[96.10241921095958,27.67916476291887]}"
352,60,0.019547833129763603,334.8486633300781,2021-02-26,5413.15478515625,0,1.0,0.0,2021-02-26,2021-02-25,38.03603744506836,272.3780822753906,2021-02-27,0.0,0.0,2021-02-26,0.33364614844322205,1.0,"{""type"":""Point"",""coordinates"":[90.03389790078762,29.02355852904424]}"
353,10,0.26520246267318726,231.72276306152344,2020-11-02,1230.5135498046875,0,23.0,12.419999122619629,2020-11-02,2020-11-01,8.9157075881958,293.5083923339844,2020-11-03,0.3999999761581421,0.0,2020-11-02,0.34890809655189514,10.0,"{""type"":""Point"",""coordinates"":[95.08249654063755,28.195992395151464]}"
354,10,-0.018744586035609245,0.6948585510253906,2020-08-20,2349.478271484375,0,1.0,21.349998474121094,2020-08-20,2020-08-19,15.865153312683105,291.9622497558594,2020-08-21,2.309999942779541,6.25,2020-08-20,0.42662620544433594,1.0,"{""type"":""Point"",""coordinates"":[93.51669395746288,21.927108292118174]}"
355,10,0.16472981870174408,341.40093994140625,2020-05-17,176.18418884277344,0,1.0,6.249999523162842,2020-05-17,2020-05-16,7.8051958084106445,303.25518798828125,2020-05-18,0.0,0.0,2020-05-17,0.26228079199790955,1.0,"{""type"":""Point"",""coordinates"":[97.03853487257976,24.181655426710435]}"
356,10,0.757754385471344,353.1417236328125,2022-03-06,288.1987609863281,0,1.0,0.0,2022-03-06,2022-03-05,12.748339653015137,297.08447265625,2022-03-07,0.0,0.0,2022-03-06,0.24056752026081085,1.0,"{""type"":""Point"",""coordinates"":[95.97322356881955,23.932136056555994]}"
357,60,0.45250141620635986,63.20905303955078,2021-02-17,254.6636962890625,0,247.0,0.0,2021-02-17,2021-02-16,3.4961323738098145,296.02789306640625,2021-02-18,0.0,0.0,2021-02-17,0.24918429553508759,247.0,"{""type"":""Point"",""coordinates"":[95.37643302853314,23.989008901652717]}"
358,10,0.22697682678699493,43.86164855957031,2022-01-22,2732.166015625,0,4.0,0.0,2022-01-22,2022-01-21,34.7437858581543,272.3505554199219,2022-01-23,0.0,0.0,2022-01-22,0.324535995721817,4.0,"{""type"":""Point"",""coordinates"":[96.69731175413081,29.004728899715374]}"
359,10,0.14340633153915405,290.2396545410156,2023-08-24,813.6215209960938,0,1.0,17.809999465942383,2023-08-24,2023-08-23,20.669864654541016,297.2685241699219,2023-08-25,38.869998931884766,31.25,2023-08-24,0.4654814302921295,1.0,"{""type"":""Point"",""coordinates"":[91.89815490923904,25.784769838664126]}"
360,30,0.2141532599925995,183.03662109375,2019-11-16,928.2477416992188,0,1.0,0.0,2019-11-16,2019-11-15,22.32607078552246,292.3454895019531,2019-11-17,0.0,0.0,2019-11-16,0.3643404543399811,1.0,"{""type"":""Point"",""coordinates"":[93.22061304991426,23.984390831353064]}"
361,40,0.1313171088695526,311.5632019042969,2020-08-08,15.793732643127441,0,24.0,0.0,2020-08-08,2020-08-07,0.45887917280197144,302.4537048339844,2020-08-09,2.1399998664855957,6.25,2020-08-08,0.40759405493736267,14.0,"{""type"":""Point"",""coordinates"":[88.88322229797241,24.013955130174644]}"
362,40,0.09676511585712433,325.8638610839844,2023-12-25,81.01151275634766,0,2.0,0.0,2023-12-25,2023-12-24,0.45429277420043945,291.9424743652344,2023-12-26,0.0,0.0,2023-12-25,0.3150749206542969,2.0,"{""type"":""Point"",""coordinates"":[93.94314753125171,26.92878516100821]}"
363,40,0.0057548158802092075,343.06884765625,2022-08-21,42.061256408691406,0,9.0,78.47999572753906,2022-08-21,2022-08-20,0.6403666138648987,303.4680480957031,2022-08-22,9.149999618530273,18.75,2022-08-21,0.40888404846191406,9.0,"{""type"":""Point"",""coordinates"":[91.1405172924663,26.26730139225742]}"
364,10,0.05346047878265381,10.631686210632324,2019-05-18,3251.89111328125,0,5.0,0.0,2019-05-18,2019-05-17,40.963077545166016,282.37689208984375,2019-05-19,2.3899998664855957,2.0833332538604736,2019-05-18,0.42345428466796875,5.0,"{""type"":""Point"",""coordinates"":[94.18611809132136,28.949240792292937]}"
365,30,0.0441548191010952,16.263330459594727,2022-05-23,4264.1474609375,0,2.0,5.119999885559082,2022-05-23,2022-05-22,36.85161590576172,284.2759094238281,2022-05-24,0.0,0.0,2022-05-23,0.35087013244628906,2.0,"{""type"":""Point"",""coordinates"":[88.56834826638337,29.261525332033198]}"
366,100,0.015570933930575848,299.30487060546875,2022-01-04,5014.1044921875,0,46.0,0.0,2022-01-04,2022-01-03,10.075519561767578,269.2981262207031,2022-01-05,0.0,0.0,2022-01-04,0.3321666717529297,46.0,"{""type"":""Point"",""coordinates"":[90.33948631114953,27.89772774537796]}"
367,10,0.3597770631313324,201.9617156982422,2022-03-24,1188.80029296875,0,15.0,67.94999694824219,2022-03-24,2022-03-23,14.688512802124023,291.927978515625,2022-03-25,7.899999618530273,14.583333015441895,2022-03-24,0.30512937903404236,15.0,"{""type"":""Point"",""coordinates"":[96.69652070557086,27.540989495163597]}"
368,10,0.1676807850599289,209.95066833496094,2023-05-28,1700.500732421875,0,518.0,2942.239990234375,2023-05-28,2023-05-27,39.662105560302734,287.80926513671875,2023-05-29,2.0399999618530273,4.166666507720947,2023-05-28,0.40424346923828125,518.0,"{""type"":""Point"",""coordinates"":[88.8394220919679,27.23056351410536]}"
369,10,0.8453966379165649,172.00540161132812,2021-12-02,307.4798583984375,0,6.0,0.10200000554323196,2021-12-02,2021-12-01,14.434603691101074,290.9163818359375,2021-12-03,0.0,0.0,2021-12-02,0.31405067443847656,6.0,"{""type"":""Point"",""coordinates"":[95.881372691261,26.074050973680563]}"
370,10,0.5437370538711548,205.1412353515625,2021-12-22,1302.171875,0,2.0,0.0,2021-12-22,2021-12-21,14.178628921508789,283.123291015625,2021-12-23,0.3199999928474426,0.0,2021-12-22,0.24719937145709991,1.0,"{""type"":""Point"",""coordinates"":[96.59897196417506,27.417281044293894]}"
371,10,0.6089820265769958,31.884105682373047,2021-05-03,98.88810729980469,0,1.0,64.23999786376953,2021-05-03,2021-05-02,6.097292423248291,301.3970947265625,2021-05-04,52.93000030517578,27.08333396911621,2021-05-03,0.38167253136634827,1.0,"{""type"":""Point"",""coordinates"":[90.09017026877872,25.805238815426257]}"
372,60,0.07355508208274841,99.54136657714844,2023-10-15,4437.4365234375,0,1.0,0.0,2023-10-15,2023-10-14,4.343935489654541,278.2604064941406,2023-10-16,0.5,0.0,2023-10-15,0.33728981018066406,1.0,"{""type"":""Point"",""coordinates"":[89.41314674149838,28.33303097217381]}"
373,10,0.6078208088874817,191.9324951171875,2021-04-20,639.39013671875,0,1.0,61.59000015258789,2021-04-20,2021-04-19,33.112457275390625,297.1734924316406,2021-04-21,0.0,0.0,2021-04-20,0.18252499401569366,1.0,"{""type"":""Point"",""coordinates"":[92.86580708398625,23.744245910642288]}"
374,95,0.7087046504020691,271.6826477050781,2023-03-15,9.650897979736328,0,49.0,0.0,2023-03-15,2023-03-14,0.2935502827167511,301.5998840332031,2023-03-16,0.429999977350235,0.0,2023-03-15,0.259204238653183,49.0,"{""type"":""Point"",""coordinates"":[89.79616519256236,22.044178744199346]}"
375,10,0.1763312816619873,252.91481018066406,2020-05-09,1462.1669921875,0,2.0,0.0,2020-05-09,2020-05-08,22.76323890686035,296.85479736328125,2020-05-10,0.0,0.0,2020-05-09,0.41024526953697205,1.0,"{""type"":""Point"",""coordinates"":[97.01588918465067,23.303572420121963]}"
376,10,0.02902345359325409,69.81153869628906,2019-06-07,2087.79296875,0,1.0,1.309999942779541,2019-06-07,2019-06-06,21.538328170776367,292.8523254394531,2019-06-08,11.469999313354492,18.75,2019-06-07,0.4013875424861908,1.0,"{""type"":""Point"",""coordinates"":[90.01488275539809,27.236382949754002]}"
377,40,0.04967088997364044,185.74530029296875,2021-07-10,2.4777562618255615,0,582.0,7670.759765625,2021-07-10,2021-07-09,0.4685053527355194,302.83453369140625,2021-07-11,6.819999694824219,16.66666603088379,2021-07-10,0.39019712805747986,582.0,"{""type"":""Point"",""coordinates"":[90.21816607766903,23.571771717406033]}"
378,30,0.055636387318372726,345.5757141113281,2019-02-20,4177.37451171875,0,3.0,0.0,2019-02-20,2019-02-19,21.50657844543457,271.26287841796875,2019-02-21,0.0,0.0,2019-02-20,0.36715951561927795,3.0,"{""type"":""Point"",""coordinates"":[90.07387318631203,29.28654616201399]}"
379,40,0.47181177139282227,358.65545654296875,2022-03-23,119.75440216064453,0,1.0,3.2699999809265137,2022-03-23,2022-03-22,1.461977481842041,305.29351806640625,2022-03-24,8.179999351501465,10.416666984558105,2022-03-23,0.2380879670381546,1.0,"{""type"":""Point"",""coordinates"":[94.80633071752537,22.648090380384062]}"
380,10,0.05272741988301277,242.6023406982422,2021-09-16,944.2831420898438,0,1.0,4.289999961853027,2021-09-16,2021-09-15,33.86919021606445,294.1230163574219,2021-09-17,7.589999675750732,10.416666984558105,2021-09-16,0.40704789757728577,1.0,"{""type"":""Point"",""coordinates"":[93.65530084318146,23.140360336068767]}"
381,60,0.04992298409342766,358.6074523925781,2022-08-03,17.35150146484375,0,1.0,1.1999999284744263,2022-08-03,2022-08-02,6.508674144744873,301.5905456542969,2022-08-04,39.099998474121094,27.08333396911621,2022-08-03,0.4188213348388672,1.0,"{""type"":""Point"",""coordinates"":[90.49354653059119,25.03730440247426]}"
382,30,0.576364278793335,189.2905731201172,2023-12-29,1317.0648193359375,0,12.0,0.0,2023-12-29,2023-12-28,18.76201820373535,286.48974609375,2023-12-30,0.0,0.0,2023-12-29,0.2833773195743561,12.0,"{""type"":""Point"",""coordinates"":[93.57439331600874,22.79902718679451]}"
383,60,0.009313556365668774,20.984893798828125,2023-04-05,5076.02490234375,0,1.0,0.0,2023-04-05,2023-04-04,28.94272804260254,273.82354736328125,2023-04-06,0.0,0.0,2023-04-05,0.295818954706192,1.0,"{""type"":""Point"",""coordinates"":[89.1388821120789,28.696282716068097]}"
384,10,0.09364937245845795,298.025634765625,2021-07-07,267.5500793457031,0,1.0,125.03999328613281,2021-07-07,2021-07-06,27.718849182128906,299.8526611328125,2021-07-08,1.71999990940094,4.166666507720947,2021-07-07,0.3491172790527344,1.0,"{""type"":""Point"",""coordinates"":[96.17375161176628,22.54069049261866]}"
385,10,0.5427175164222717,358.4193115234375,2023-05-06,219.59632873535156,0,1.0,0.07000000029802322,2023-05-06,2023-05-05,6.067845821380615,301.045654296875,2023-05-07,0.0,0.0,2023-05-06,0.29751524329185486,1.0,"{""type"":""Point"",""coordinates"":[96.05126880018838,25.160897594810198]}"
386,60,0.003195357508957386,75.8304672241211,2020-08-28,6098.72412109375,0,2.0,0.6200000047683716,2020-08-28,2020-08-27,18.94905662536621,275.7550048828125,2020-08-29,0.0,0.0,2020-08-28,0.3561553955078125,2.0,"{""type"":""Point"",""coordinates"":[90.06741347524256,28.1983388435981]}"
387,10,0.05333356186747551,133.91026306152344,2019-09-29,772.08203125,0,4.0,1.149999976158142,2019-09-29,2019-09-28,11.809897422790527,295.4223327636719,2019-09-30,38.05999755859375,29.16666603088379,2019-09-29,0.4177055358886719,1.0,"{""type"":""Point"",""coordinates"":[93.97431673337599,21.6689872409471]}"
388,10,0.07722953706979752,45.809207916259766,2019-03-09,4059.3486328125,0,2.0,0.0,2019-03-09,2019-03-08,20.594032287597656,271.57342529296875,2019-03-10,0.5600000023841858,0.0,2019-03-09,0.3387565612792969,2.0,"{""type"":""Point"",""coordinates"":[91.98312068973549,27.72337615720213]}"
389,10,0.08970408141613007,14.309247016906738,2023-06-22,1624.9041748046875,0,3.0,130.67999267578125,2023-06-22,2023-06-21,21.886940002441406,296.05859375,2023-06-23,87.79000091552734,47.91666793823242,2023-06-22,0.37125587463378906,2.0,"{""type"":""Point"",""coordinates"":[93.68671946925511,23.193449559557788]}"
390,10,0.1902204155921936,244.97499084472656,2022-10-06,3207.30859375,0,12.0,88.08000183105469,2022-10-06,2022-10-05,17.88909912109375,283.2590026855469,2022-10-07,29.939998626708984,22.91666603088379,2022-10-06,0.4111563265323639,12.0,"{""type"":""Point"",""coordinates"":[94.20991146020457,29.17262504631726]}"
391,10,0.05015423148870468,0.7355286478996277,2022-04-01,2967.60498046875,0,1.0,16.780000686645508,2022-04-01,2022-03-31,36.22166061401367,287.0343017578125,2022-04-02,68.23500061035156,43.75,2022-04-01,0.4208463132381439,1.0,"{""type"":""Point"",""coordinates"":[97.12826388404669,27.098681408023044]}"
392,60,-0.03892850875854492,257.3974914550781,2022-11-23,5165.72119140625,0,1.0,0.6899999976158142,2022-11-23,2022-11-22,18.944740295410156,272.2200927734375,2022-11-24,0.12999999523162842,0.0,2022-11-23,0.405853271484375,1.0,"{""type"":""Point"",""coordinates"":[90.35959149026006,27.87988854237731]}"
393,40,0.0022574339527636766,233.21340942382812,2022-06-08,9.789806365966797,0,1.0,0.029999999329447746,2022-06-08,2022-06-07,2.706054449081421,306.4683532714844,2022-06-09,0.019999999552965164,0.0,2022-06-08,0.19240188598632812,1.0,"{""type"":""Point"",""coordinates"":[88.21288715879938,22.80155214417388]}"
394,30,0.013204649090766907,332.002197265625,2022-06-24,1743.4893798828125,0,1.0,53.709999084472656,2022-06-24,2022-06-23,24.34689712524414,295.2167053222656,2022-06-25,19.03999900817871,22.91666603088379,2022-06-24,0.4453665316104889,1.0,"{""type"":""Point"",""coordinates"":[97.43024556885437,23.754495260664065]}"
395,30,0.052677735686302185,335.7158203125,2021-06-08,1528.799560546875,0,3.0,33.75,2021-06-08,2021-06-07,28.978008270263672,293.2481384277344,2021-06-09,10.679999351501465,16.66666603088379,2021-06-08,0.4795595705509186,3.0,"{""type"":""Point"",""coordinates"":[95.4187007659578,26.651990550121834]}"
396,10,0.29862454533576965,102.60376739501953,2023-11-02,334.226806640625,0,10.0,0.0,2023-11-02,2023-11-01,24.66459083557129,296.6269226074219,2023-11-03,0.0,0.0,2023-11-02,0.33660635352134705,2.0,"{""type"":""Point"",""coordinates"":[92.8952665952877,22.31287340922066]}"
397,40,0.3239741325378418,136.88951110839844,2019-12-28,3.0842771530151367,0,5.0,4.149999618530273,2019-12-28,2019-12-27,0.35090699791908264,291.7479248046875,2019-12-29,0.0,0.0,2019-12-28,0.1943105012178421,5.0,"{""type"":""Point"",""coordinates"":[90.38280814670301,22.89111220421459]}"
398,10,0.09747917950153351,37.381378173828125,2021-05-31,373.6498718261719,0,11.0,0.0,2021-05-31,2021-05-30,35.36227035522461,298.9811706542969,2021-06-01,10.739999771118164,16.66666603088379,2021-05-31,0.4227059781551361,11.0,"{""type"":""Point"",""coordinates"":[94.10843794518023,26.12343915288718]}"
399,10,0.6683493256568909,278.8214416503906,2020-03-02,61.96318817138672,0,1.0,0.0010000000474974513,2020-03-02,2020-03-01,9.201078414916992,296.20928955078125,2020-03-03,0.0,0.0,2020-03-02,0.13057072460651398,1.0,"{""type"":""Point"",""coordinates"":[92.19840940326513,21.537852428820145]}"
400,100,0.010731065645813942,54.21703338623047,2019-03-22,5041.37548828125,0,3.0,6.71999979019165,2019-03-22,2019-03-21,6.7556633949279785,271.6227111816406,2019-03-23,0.0,0.0,2019-03-22,0.3329124450683594,3.0,"{""type"":""Point"",""coordinates"":[92.94715271085069,28.926848468363954]}"
401,10,0.1066942811012268,135.5409393310547,2019-04-20,404.73138427734375,0,2.0,0.0,2019-04-20,2019-04-19,15.622652053833008,295.70965576171875,2019-04-21,7.0,12.5,2019-04-20,0.46075692772865295,2.0,"{""type"":""Point"",""coordinates"":[96.37516006120848,26.101901415550458]}"
402,10,0.8257096409797668,231.30435180664062,2022-12-31,209.04005432128906,0,1.0,0.0,2022-12-31,2022-12-30,12.489495277404785,289.7442932128906,2023-01-01,0.0,0.0,2022-12-31,0.3560352325439453,1.0,"{""type"":""Point"",""coordinates"":[96.21064160209666,24.50251940835507]}"
403,10,0.6485568284988403,260.794921875,2021-02-27,444.16668701171875,0,8.0,7.019999980926514,2021-02-27,2021-02-26,10.847440719604492,292.15411376953125,2021-02-28,3.240000009536743,6.25,2021-02-27,0.26861509680747986,2.0,"{""type"":""Point"",""coordinates"":[94.22146230236534,26.158598534806885]}"
404,30,-0.006607028655707836,303.57586669921875,2023-05-15,4048.090576171875,0,29.0,1327.3299560546875,2023-05-15,2023-05-14,18.751131057739258,272.39215087890625,2023-05-16,18.309999465942383,22.91666603088379,2023-05-15,0.4167143404483795,29.0,"{""type"":""Point"",""coordinates"":[97.07658152394495,28.839634898350702]}"
405,80,-0.05480554327368736,-0.0,2023-09-19,0.0,0,0.0,0.0,2023-09-19,2023-09-18,0.0,0.0,2023-09-20,23.209999084472656,29.16666603088379,2023-09-19,0.0,0.0,"{""type"":""Point"",""coordinates"":[88.80449812388643,21.600814594625806]}"
406,10,0.07241586595773697,11.31751537322998,2021-05-07,80.7755126953125,0,27.0,1251.989990234375,2021-05-07,2021-05-06,20.064237594604492,300.2524108886719,2021-05-08,5.079999923706055,4.166666507720947,2021-05-07,0.26056671142578125,27.0,"{""type"":""Point"",""coordinates"":[92.60921155235978,24.329719222685704]}"
407,40,0.3820596933364868,128.13685607910156,2022-10-20,787.5204467773438,0,90.0,12.300000190734863,2022-10-20,2022-10-19,3.1513381004333496,295.01348876953125,2022-10-21,0.0,0.0,2022-10-20,0.3972911834716797,1.0,"{""type"":""Point"",""coordinates"":[93.91256793711675,24.395174474695246]}"
408,80,-0.05163770169019699,-0.0,2022-10-21,0.0,0,0.0,0.0,2022-10-21,2022-10-20,0.0,0.0,2022-10-22,0.0,0.0,2022-10-21,0.0,0.0,"{""type"":""Point"",""coordinates"":[90.89560912643788,21.982417184861347]}"
409,40,0.1473548859357834,185.5957489013672,2021-12-01,151.3310546875,0,2.0,0.0,2021-12-01,2021-11-30,3.2113404273986816,294.7402038574219,2021-12-02,0.006000000052154064,0.0,2021-12-01,0.38931527733802795,2.0,"{""type"":""Point"",""coordinates"":[96.30365197085688,23.559100492029348]}"
410,40,0.15269777178764343,333.8887634277344,2022-08-19,14.011178970336914,0,5.0,103.89999389648438,2022-08-19,2022-08-18,0.767071008682251,304.821533203125,2022-08-20,1.3700000047683716,2.0833332538604736,2022-08-19,0.3428885042667389,5.0,"{""type"":""Point"",""coordinates"":[88.65109241591672,24.44437201294047]}"
411,10,0.28057587146759033,213.4696044921875,2020-09-17,433.4100036621094,0,2.0,17.94999885559082,2020-09-17,2020-09-16,20.856800079345703,300.2224426269531,2020-09-18,9.59000015258789,14.583333015441895,2020-09-17,0.4776477813720703,1.0,"{""type"":""Point"",""coordinates"":[92.6569550540108,25.861915074484948]}"
412,80,-0.2964932918548584,-0.0,2019-12-14,27.0,0,1.0,0.11999999731779099,2019-12-14,2019-12-13,0.0,294.2645263671875,2019-12-15,0.0,0.0,2019-12-14,0.13239414989948273,1.0,"{""type"":""Point"",""coordinates"":[90.13647971346764,26.027863530811963]}"
413,10,-0.014139756560325623,167.89682006835938,2022-06-24,2897.20458984375,0,5.0,160.1999969482422,2022-06-24,2022-06-23,32.87302780151367,289.76300048828125,2022-06-25,48.369998931884766,39.58333206176758,2022-06-24,0.428497314453125,5.0,"{""type"":""Point"",""coordinates"":[88.06039259055703,27.32033783433455]}"
414,10,0.22401881217956543,64.3829345703125,2022-10-30,404.1990661621094,0,2.0,0.0,2022-10-30,2022-10-29,21.53678321838379,294.59149169921875,2022-10-31,0.0,0.0,2022-10-30,0.4329579770565033,1.0,"{""type"":""Point"",""coordinates"":[90.82873789527544,25.68161783194561]}"
415,60,0.02587609551846981,145.5329132080078,2020-11-14,4124.1552734375,0,2.0,0.0,2020-11-14,2020-11-13,20.03046989440918,272.6748352050781,2020-11-15,0.0,0.0,2020-11-14,0.2700583040714264,2.0,"{""type"":""Point"",""coordinates"":[90.11747991698527,29.298741318194402]}"
416,40,3.022030614374671E-5,257.9781188964844,2023-08-28,2.650744676589966,0,1.0,3.4599997997283936,2023-08-28,2023-08-27,0.6008352041244507,303.098388671875,2023-08-29,1.0,0.0,2023-08-28,0.4519564211368561,1.0,"{""type"":""Point"",""coordinates"":[88.37027913303139,21.915426358609878]}"
417,10,0.13725998997688293,117.36447143554688,2023-04-27,41.76224899291992,0,2.0,0.0,2023-04-27,2023-04-26,11.204480171203613,303.39215087890625,2023-04-28,9.489999771118164,12.5,2023-04-27,0.35185495018959045,1.0,"{""type"":""Point"",""coordinates"":[91.35060187775876,23.26881860698279]}"
418,10,0.16099627315998077,269.6128845214844,2022-10-24,7.514866828918457,0,3.0,352.16998291015625,2022-10-24,2022-10-23,6.2390546798706055,299.7769775390625,2022-10-25,224.8000030517578,70.83333587646484,2022-10-24,0.3555532991886139,3.0,"{""type"":""Point"",""coordinates"":[90.69681709809812,23.187846226835198]}"
419,40,0.22142814099788666,91.11222076416016,2021-05-01,72.42372131347656,0,1048.0,1131.8399658203125,2021-05-01,2021-04-30,4.182702541351318,302.8684387207031,2021-05-02,3.440000057220459,4.166666507720947,2021-05-01,0.2914701998233795,1048.0,"{""type"":""Point"",""coordinates"":[92.12748435099573,26.595455136941656]}"
420,10,0.005662868730723858,59.37732696533203,2020-08-23,18.977394104003906,0,1.0,10.180000305175781,2020-08-23,2020-08-22,2.211167335510254,300.9814453125,2020-08-24,29.01999855041504,31.25,2020-08-23,0.4164212644100189,1.0,"{""type"":""Point"",""coordinates"":[89.89399062540193,24.38096016248298]}"
421,10,0.20446687936782837,125.81670379638672,2021-04-24,589.1766967773438,0,1.0,0.8899999856948853,2021-04-24,2021-04-23,8.361326217651367,298.5500793457031,2021-04-25,0.0,0.0,2021-04-24,0.44700494408607483,1.0,"{""type"":""Point"",""coordinates"":[93.01029674539569,25.28712148025147]}"
422,10,0.27890440821647644,339.63690185546875,2019-04-14,1119.5977783203125,0,2.0,4.919999599456787,2019-04-14,2019-04-13,11.32896614074707,298.921875,2019-04-15,0.0,0.0,2019-04-14,0.3947092592716217,2.0,"{""type"":""Point"",""coordinates"":[96.16539963684808,25.739508323462378]}"
423,30,0.3061121702194214,25.638511657714844,2023-10-13,4650.5458984375,0,2.0,2.259999990463257,2023-10-13,2023-10-12,24.01414680480957,278.5277099609375,2023-10-14,0.23999999463558197,0.0,2023-10-13,0.1472148895263672,2.0,"{""type"":""Point"",""coordinates"":[89.71704681399238,28.70336684646728]}"
424,10,0.0065378756262362,304.0386657714844,2023-06-29,2239.597900390625,0,2.0,42.97999954223633,2023-06-29,2023-06-28,42.97397232055664,291.2229309082031,2023-06-30,9.359999656677246,8.333333015441895,2023-06-29,0.42780622839927673,2.0,"{""type"":""Point"",""coordinates"":[94.69138294721134,28.903345025348905]}"
425,10,0.1523379236459732,314.1827087402344,2023-04-05,1114.8623046875,0,1.0,0.07000000029802322,2023-04-05,2023-04-04,26.22520637512207,295.1205749511719,2023-04-06,7.96999979019165,16.66666603088379,2023-04-05,0.3498776853084564,1.0,"{""type"":""Point"",""coordinates"":[96.0834879619489,25.784986565487714]}"
426,30,0.08840729296207428,201.86680603027344,2019-05-21,4638.19677734375,0,65.0,297.6999816894531,2019-05-21,2019-05-20,28.947357177734375,277.1014404296875,2019-05-22,5.110000133514404,8.333333015441895,2019-05-21,0.34554481506347656,65.0,"{""type"":""Point"",""coordinates"":[91.49863972073722,28.3775787853898]}"
427,30,0.377926766872406,153.1397247314453,2021-12-04,1011.88525390625,0,2.0,0.0,2021-12-04,2021-12-03,12.467412948608398,292.5946960449219,2021-12-05,0.0,0.0,2021-12-04,0.3457050323486328,2.0,"{""type"":""Point"",""coordinates"":[96.55574406982484,21.90966473971853]}"
428,30,0.30073845386505127,252.72348022460938,2021-10-26,656.2401123046875,0,6.0,76.43999481201172,2021-10-26,2021-10-25,14.629950523376465,293.556640625,2021-10-27,0.0,0.0,2021-10-26,0.4060942232608795,6.0,"{""type"":""Point"",""coordinates"":[93.66757679293399,24.622158328838907]}"
429,40,0.05976058915257454,333.5489196777344,2019-04-30,96.63841247558594,0,4.0,63.55999755859375,2019-04-30,2019-04-29,0.42895886301994324,297.2434997558594,2019-05-01,24.760000228881836,18.75,2019-04-30,0.4831320345401764,4.0,"{""type"":""Point"",""coordinates"":[94.145323932787,26.436376052475975]}"
430,80,-0.01983589120209217,-0.0,2019-10-13,0.0,0,0.0,0.0,2019-10-13,2019-10-12,0.0,0.0,2019-10-14,0.0,0.0,2019-10-13,0.0,0.0,"{""type"":""Point"",""coordinates"":[90.50015459332825,21.755428550252773]}"
431,10,0.049598269164562225,185.7150115966797,2021-09-23,2918.177978515625,0,31.0,72.54000091552734,2021-09-23,2021-09-22,17.161216735839844,289.5468444824219,2021-09-24,0.6100000143051147,0.0,2021-09-23,0.3840567171573639,31.0,"{""type"":""Point"",""coordinates"":[88.01325472387134,27.128858247631946]}"
432,40,0.4657914936542511,123.34358215332031,2019-10-15,177.14683532714844,0,1.0,26.899999618530273,2019-10-15,2019-10-14,0.4917929768562317,300.28179931640625,2019-10-16,13.380000114440918,14.583333015441895,2019-10-15,0.45741334557533264,1.0,"{""type"":""Point"",""coordinates"":[95.49150757599128,23.363864373541247]}"
433,30,0.1447320282459259,47.80567169189453,2023-08-18,4708.02587890625,0,1.0,0.0,2023-08-18,2023-08-17,21.312973022460938,285.8228454589844,2023-08-19,0.0,0.0,2023-08-18,0.38241004943847656,1.0,"{""type"":""Point"",""coordinates"":[89.3599843189691,28.756133702176243]}"
434,40,0.3910829424858093,283.6328125,2023-02-15,5.604604244232178,0,2.0,0.0,2023-02-15,2023-02-14,2.682159900665283,292.92425537109375,2023-02-16,0.0,0.0,2023-02-15,0.14697711169719696,2.0,"{""type"":""Point"",""coordinates"":[91.28086816616096,25.04246036916261]}"
435,10,0.008045910857617855,277.3985595703125,2020-07-15,2909.7021484375,0,2.0,9.369999885559082,2020-07-15,2020-07-14,15.026969909667969,287.2659912109375,2020-07-16,0.5600000023841858,0.0,2020-07-15,0.42566871643066406,1.0,"{""type"":""Point"",""coordinates"":[90.83405481873544,27.293557831685415]}"
436,10,0.26538652181625366,205.5511016845703,2022-02-20,6.392309665679932,0,17.0,0.0,2022-02-20,2022-02-19,1.5540225505828857,295.7585754394531,2022-02-21,1.059999942779541,0.0,2022-02-20,0.32257080078125,7.0,"{""type"":""Point"",""coordinates"":[89.09470648972322,22.64238512863154]}"
437,10,0.6009047627449036,196.28945922851562,2021-02-19,371.2434997558594,0,1.0,0.0,2021-02-19,2021-02-18,6.9349894523620605,297.29034423828125,2021-02-20,0.4099999964237213,0.0,2021-02-19,0.2540855407714844,1.0,"{""type"":""Point"",""coordinates"":[94.8678764727983,23.067420556573044]}"
438,30,0.1417178213596344,34.412437438964844,2023-12-20,4651.5078125,0,5.0,0.0,2023-12-20,2023-12-19,27.409385681152344,271.95269775390625,2023-12-21,0.0,0.0,2023-12-20,0.319751113653183,5.0,"{""type"":""Point"",""coordinates"":[92.1817893549955,28.537993958000055]}"
439,10,0.3050224184989929,83.76508331298828,2021-10-23,208.19564819335938,0,2.0,0.0,2021-10-23,2021-10-22,12.380430221557617,297.7577819824219,2021-10-24,0.0,0.0,2021-10-23,0.46831321716308594,2.0,"{""type"":""Point"",""coordinates"":[95.6635707454002,25.139651132273734]}"
440,95,0.26506564021110535,120.56878662109375,2020-01-09,8.65817642211914,0,2.0,0.07999999821186066,2020-01-09,2020-01-08,2.8304967880249023,291.92138671875,2020-01-10,0.4399999976158142,0.0,2020-01-09,0.40796151757240295,2.0,"{""type"":""Point"",""coordinates"":[89.75785509463022,22.139033105437615]}"
441,10,0.4923873543739319,62.60516357421875,2020-04-11,31.623350143432617,0,1.0,0.0,2020-04-11,2020-04-10,2.6174566745758057,301.932861328125,2020-04-12,0.0,0.0,2020-04-11,0.20669491589069366,1.0,"{""type"":""Point"",""coordinates"":[92.54308999115081,24.451967416094117]}"
442,30,0.019993862137198448,209.61293029785156,2023-09-20,5200.09130859375,0,2.0,0.0,2023-09-20,2023-09-19,26.150104522705078,286.54974365234375,2023-09-21,1.6899999380111694,2.0833332538604736,2023-09-20,0.2259248048067093,2.0,"{""type"":""Point"",""coordinates"":[89.37061655923551,29.194479888275378]}"
443,40,0.4105234146118164,339.3939208984375,2023-02-24,2.52736759185791,0,1.0,0.0,2023-02-24,2023-02-23,0.7612684965133667,301.3786926269531,2023-02-25,0.0,0.0,2023-02-24,0.2570152282714844,1.0,"{""type"":""Point"",""coordinates"":[88.88283233650172,22.48971115210154]}"
444,10,0.26207593083381653,51.48623275756836,2020-04-29,112.35162353515625,0,2.0,6.859999656677246,2020-04-29,2020-04-28,0.6901852488517761,296.9896240234375,2020-04-30,9.40999984741211,14.583333015441895,2020-04-29,0.37484869360923767,1.0,"{""type"":""Point"",""coordinates"":[94.10010134816211,27.342032776701473]}"
445,10,0.8781476616859436,45.361385345458984,2021-01-22,634.1319580078125,0,15.0,6.449999809265137,2021-01-22,2021-01-21,12.945072174072266,288.580322265625,2021-01-23,0.0,0.0,2021-01-22,0.14064724743366241,15.0,"{""type"":""Point"",""coordinates"":[92.98754152546884,22.44496626237089]}"
446,10,0.37416011095046997,87.30980682373047,2020-03-13,199.23744201660156,0,1.0,0.0,2020-03-13,2020-03-12,16.41822624206543,298.7757873535156,2020-03-14,0.0,0.0,2020-03-13,0.30515989661216736,1.0,"{""type"":""Point"",""coordinates"":[97.06427539675171,25.281885551647054]}"
447,10,0.03882391378283501,308.9940490722656,2022-10-17,3370.25634765625,0,3.0,38.57999801635742,2022-10-17,2022-10-16,61.953739166259766,277.7041015625,2022-10-18,15.4399995803833,31.25,2022-10-17,0.4122702181339264,2.0,"{""type"":""Point"",""coordinates"":[96.47067412715596,29.070053913840454]}"
448,60,-0.06642474979162216,339.7710266113281,2022-01-31,4929.498046875,0,18.0,0.0,2022-01-31,2022-01-30,25.271705627441406,269.9630126953125,2022-02-01,0.0,0.0,2022-01-31,0.33448728919029236,18.0,"{""type"":""Point"",""coordinates"":[90.3872304051068,27.897187437594155]}"
449,10,0.8344348669052124,131.80738830566406,2021-02-24,1672.4617919921875,0,1.0,0.0,2021-02-24,2021-02-23,32.23432922363281,283.49932861328125,2021-02-25,0.0,0.0,2021-02-24,0.23517672717571259,1.0,"{""type"":""Point"",""coordinates"":[90.97701944625183,27.072228331612273]}"
450,80,0.0760335698723793,340.44012451171875,2021-11-14,44.31998062133789,0,53027.0,0.0,2021-11-14,2021-11-13,1.4265880584716797,293.83447265625,2021-11-15,0.0,0.0,2021-11-14,0.22004254162311554,1.0,"{""type"":""Point"",""coordinates"":[89.85700262259427,26.441659170428306]}"
451,80,-0.0740227922797203,-0.0,2021-11-25,0.0,0,0.0,0.0,2021-11-25,2021-11-24,0.0,0.0,2021-11-26,0.0,0.0,2021-11-25,0.0,0.0,"{""type"":""Point"",""coordinates"":[90.6845231171571,21.620417379121818]}"
452,10,0.012644999660551548,239.72994995117188,2019-10-08,2188.9521484375,0,2.0,7.119999885559082,2019-10-08,2019-10-07,31.11479949951172,287.45916748046875,2019-10-09,15.719999313354492,22.91666603088379,2019-10-08,0.4146080017089844,2.0,"{""type"":""Point"",""coordinates"":[94.63228645945749,28.7776406255751]}"
453,60,-0.022338852286338806,287.33673095703125,2020-03-07,4772.44384765625,0,1.0,0.8499999642372131,2020-03-07,2020-03-06,29.235031127929688,273.8419189453125,2020-03-08,3.629999876022339,4.166666507720947,2020-03-07,0.3489055633544922,1.0,"{""type"":""Point"",""coordinates"":[97.31043769023428,28.034116072648363]}"
454,10,0.1904299408197403,95.41365814208984,2022-07-31,9.11709213256836,0,1.0,5.150000095367432,2022-07-31,2022-07-30,2.568756580352783,303.7737731933594,2022-08-01,21.899999618530273,35.41666793823242,2022-07-31,0.3721230924129486,1.0,"{""type"":""Point"",""coordinates"":[90.86079576555215,23.7900611845739]}"
455,10,0.137119323015213,74.47421264648438,2019-09-04,142.05746459960938,0,10.0,83.4000015258789,2019-09-04,2019-09-03,1.5502021312713623,301.6179504394531,2019-09-05,7.25,10.416666984558105,2019-09-04,0.48436036705970764,10.0,"{""type"":""Point"",""coordinates"":[96.13398635006813,24.181722474244157]}"
456,10,0.5248337984085083,212.89012145996094,2021-12-11,811.6492309570312,0,48.0,98.87999725341797,2021-12-11,2021-12-10,12.14458179473877,289.4537658691406,2021-12-12,0.0,0.0,2021-12-11,0.4067192077636719,48.0,"{""type"":""Point"",""coordinates"":[94.69928636988864,25.65174881955073]}"
457,40,0.12614953517913818,227.41061401367188,2020-11-04,104.05365753173828,0,507641.0,4.899999618530273,2020-11-04,2020-11-03,3.3783793449401855,297.19976806640625,2020-11-05,0.9699999690055847,2.0833332538604736,2020-11-04,0.4416389465332031,49.0,"{""type"":""Point"",""coordinates"":[94.34924266625512,23.111866709828135]}"
458,10,0.11414270102977753,283.0787048339844,2019-07-17,328.98321533203125,0,5.0,119.5,2019-07-17,2019-07-16,8.137231826782227,298.0463562011719,2019-07-18,0.0,0.0,2019-07-17,0.46655336022377014,5.0,"{""type"":""Point"",""coordinates"":[96.240379063953,27.928406908293983]}"
459,10,0.13878914713859558,224.82852172851562,2022-02-05,2877.449951171875,0,1.0,1.9199999570846558,2022-02-05,2022-02-04,29.027557373046875,276.0907287597656,2022-02-06,32.95000076293945,25.0,2022-02-05,0.34777703881263733,1.0,"{""type"":""Point"",""coordinates"":[96.48249435263871,28.388927379460316]}"
460,40,0.08584163337945938,331.470947265625,2020-01-16,16.53097915649414,0,1.0,0.0,2020-01-16,2020-01-15,2.657501697540283,292.5885925292969,2020-01-17,0.0,0.0,2020-01-16,0.20824050903320312,1.0,"{""type"":""Point"",""coordinates"":[89.51615021039477,24.888304295665822]}"
461,40,0.011386174708604813,71.89202117919922,2023-07-14,30.598587036132812,0,408.0,77.56999969482422,2023-07-14,2023-07-13,0.13594169914722443,302.93011474609375,2023-07-15,22.860000610351562,25.0,2023-07-14,0.4162057340145111,1.0,"{""type"":""Point"",""coordinates"":[88.21777452917726,25.592174542600432]}"
462,10,0.12353987991809845,144.7982635498047,2020-08-24,867.6272583007812,0,102.0,94.77999877929688,2020-08-24,2020-08-23,9.433753967285156,296.07440185546875,2020-08-25,0.0,0.0,2020-08-24,0.41441789269447327,2.0,"{""type"":""Point"",""coordinates"":[93.124834912474,23.69412372914409]}"
463,10,0.004360783379524946,345.1778869628906,2022-06-15,124.0335464477539,0,2.0,58.03999710083008,2022-06-15,2022-06-14,6.6008806228637695,299.222412109375,2022-06-16,64.12999725341797,37.5,2022-06-15,0.42104530334472656,2.0,"{""type"":""Point"",""coordinates"":[96.69388586352238,24.642005704561765]}"
464,40,0.04673760384321213,150.8267822265625,2021-08-12,72.33992004394531,0,2300.0,416.28997802734375,2021-08-12,2021-08-11,0.9181368947029114,300.857666015625,2021-08-13,0.2199999988079071,0.0,2021-08-12,0.42713165283203125,7.0,"{""type"":""Point"",""coordinates"":[92.54238011862924,26.70383022828799]}"
465,40,0.07966805249452591,142.01243591308594,2021-02-09,3.7977261543273926,0,1.0,0.0,2021-02-09,2021-02-08,0.14707878232002258,294.4858093261719,2021-02-10,0.0,0.0,2021-02-09,0.1495869904756546,1.0,"{""type"":""Point"",""coordinates"":[91.25530679633933,24.33826549699773]}"
466,40,0.07929303497076035,16.72663688659668,2022-08-20,5.686809539794922,0,2.0,62.29999923706055,2022-08-20,2022-08-19,1.661683201789856,301.5203552246094,2022-08-21,28.65999984741211,33.33333206176758,2022-08-20,0.4187602996826172,2.0,"{""type"":""Point"",""coordinates"":[88.81302311402915,23.235463457238716]}"
467,40,0.17632341384887695,200.7368621826172,2021-02-25,22.12433433532715,0,1.0,0.0,2021-02-25,2021-02-24,0.18219001591205597,299.1807556152344,2021-02-26,0.0,0.0,2021-02-25,0.14006805419921875,1.0,"{""type"":""Point"",""coordinates"":[88.01858001771107,23.30260476866201]}"
468,40,0.06028277799487114,87.5805435180664,2021-06-10,4.656858444213867,0,5.0,14.609999656677246,2021-06-10,2021-06-09,0.10308820009231567,302.26422119140625,2021-06-11,54.93000030517578,37.5,2021-06-10,0.39105987548828125,3.0,"{""type"":""Point"",""coordinates"":[91.21794092270095,24.090840154940455]}"
469,10,0.2792653739452362,247.4365692138672,2022-02-08,234.22378540039062,0,2.0,0.0,2022-02-08,2022-02-07,20.753816604614258,289.74945068359375,2022-02-09,0.0,0.0,2022-02-08,0.3190867006778717,2.0,"{""type"":""Point"",""coordinates"":[94.7853837802654,23.909822550339165]}"
470,30,0.15170791745185852,61.47733688354492,2022-04-02,4293.33935546875,0,1.0,0.009000000543892384,2022-04-02,2022-04-01,23.551176071166992,276.3880920410156,2022-04-03,0.0,0.0,2022-04-02,0.24318630993366241,1.0,"{""type"":""Point"",""coordinates"":[90.41415551891865,29.233089151616326]}"
471,10,0.004500942770391703,82.16490936279297,2023-03-18,2258.62890625,0,1.0,2.0999999046325684,2023-03-18,2023-03-17,38.88701248168945,285.97686767578125,2023-03-19,5.199999809265137,4.166666507720947,2023-03-18,0.48572349548339844,1.0,"{""type"":""Point"",""coordinates"":[97.30241649967043,26.950439505792346]}"
472,40,0.09972339868545532,135.3269500732422,2022-08-05,7.228693962097168,0,9.0,167.30999755859375,2022-08-05,2022-08-04,0.27770188450813293,301.966796875,2022-08-06,10.84999942779541,12.5,2022-08-05,0.41141319274902344,9.0,"{""type"":""Point"",""coordinates"":[89.83828814424868,23.815334629499624]}"
473,30,0.060952864587306976,271.3523864746094,2020-07-23,4582.8779296875,0,4.0,0.0,2020-07-23,2020-07-22,20.812484741210938,285.3728332519531,2020-07-24,6.359999656677246,10.416666984558105,2020-07-23,0.42218270897865295,4.0,"{""type"":""Point"",""coordinates"":[90.61963603919621,29.18360582391851]}"
474,10,0.08877057582139969,321.1856384277344,2023-07-12,959.3956298828125,0,1.0,6.21999979019165,2023-07-12,2023-07-11,39.52541732788086,298.3507080078125,2023-07-13,13.329999923706055,18.75,2023-07-12,0.3937886655330658,1.0,"{""type"":""Point"",""coordinates"":[92.90603248345435,24.023821873251567]}"
475,40,0.674005925655365,149.1403045654297,2022-12-05,96.63081359863281,0,1.0,0.0,2022-12-05,2022-12-04,1.8702086210250854,301.0827941894531,2022-12-06,0.0,0.0,2022-12-05,0.25489363074302673,1.0,"{""type"":""Point"",""coordinates"":[95.86430354686819,21.777211639701026]}"
476,10,0.4214027523994446,27.287078857421875,2019-08-29,27.109357833862305,0,1.0,2.7899999618530273,2019-08-29,2019-08-28,1.4226130247116089,301.4757995605469,2019-08-30,0.07000000029802322,0.0,2019-08-29,0.47866058349609375,1.0,"{""type"":""Point"",""coordinates"":[92.7212337132461,24.919186810161143]}"
477,100,-0.00791957788169384,325.3857421875,2023-08-26,4456.35595703125,0,1.0,31.920000076293945,2023-08-26,2023-08-25,36.76124572753906,282.3586120605469,2023-08-27,34.11000061035156,47.91666793823242,2023-08-26,0.42802557349205017,1.0,"{""type"":""Point"",""coordinates"":[96.35863186745556,29.11878626890804]}"
478,10,0.4363082945346832,174.66966247558594,2021-12-05,209.01217651367188,0,44.0,501.6000061035156,2021-12-05,2021-12-04,11.786136627197266,291.1822204589844,2021-12-06,0.9699999690055847,0.0,2021-12-05,0.319183349609375,44.0,"{""type"":""Point"",""coordinates"":[97.47031621305283,24.810829945644503]}"
479,40,0.2870379090309143,79.08946990966797,2019-11-01,6.625012397766113,0,2.0,0.5799999833106995,2019-11-01,2019-10-31,0.3740071654319763,298.03900146484375,2019-11-02,0.03100000135600567,0.0,2019-11-01,0.3437519073486328,2.0,"{""type"":""Point"",""coordinates"":[91.43653848464989,25.01462651221427]}"
480,10,0.29988744854927063,183.89830017089844,2020-04-10,3.730498790740967,0,1.0,0.38999998569488525,2020-04-10,2020-04-09,3.1138436794281006,304.3980407714844,2020-04-11,0.0,0.0,2020-04-10,0.15480740368366241,1.0,"{""type"":""Point"",""coordinates"":[90.93938079484623,22.745115410641073]}"
481,40,0.6165706515312195,69.61585235595703,2022-03-28,27.731534957885742,0,3.0,0.0,2022-03-28,2022-03-27,1.9156090021133423,302.3083190917969,2022-03-29,0.0,0.0,2022-03-28,0.1453959196805954,2.0,"{""type"":""Point"",""coordinates"":[88.34518591797459,25.343866924568655]}"
482,30,0.47245118021965027,235.28392028808594,2023-10-21,1397.036865234375,0,2.0,0.0,2023-10-21,2023-10-20,26.13059425354004,292.1609191894531,2023-10-22,23.229999542236328,18.75,2023-10-21,0.34492620825767517,1.0,"{""type"":""Point"",""coordinates"":[93.46257611477795,23.067781108055105]}"
483,10,0.13649208843708038,120.51182556152344,2020-10-28,26.035476684570312,0,1.0,0.0,2020-10-28,2020-10-27,3.674027681350708,299.2737731933594,2020-10-29,0.0,0.0,2020-10-28,0.46372541785240173,1.0,"{""type"":""Point"",""coordinates"":[90.10031830588987,24.668608517729503]}"
484,40,0.3571869432926178,202.6659393310547,2020-04-15,108.58001708984375,0,3.0,0.0,2020-04-15,2020-04-14,0.3144722580909729,309.10009765625,2020-04-16,0.14999999105930328,0.0,2020-04-15,0.2486521452665329,3.0,"{""type"":""Point"",""coordinates"":[95.3513603906541,22.510448757298697]}"
485,40,0.19168299436569214,247.8153839111328,2023-12-19,140.64865112304688,0,5.0,0.0,2023-12-19,2023-12-18,0.1015348955988884,290.6820373535156,2023-12-20,0.0,0.0,2023-12-19,0.35662588477134705,5.0,"{""type"":""Point"",""coordinates"":[97.45680068955325,25.281611067061124]}"
486,10,0.4627778232097626,301.0172119140625,2022-10-24,618.9924926757812,0,2.0,140.86000061035156,2022-10-24,2022-10-23,27.84125518798828,295.7926025390625,2022-10-25,68.13999938964844,43.75,2022-10-24,0.3798777163028717,2.0,"{""type"":""Point"",""coordinates"":[92.91554846284882,23.6055656314694]}"
487,10,0.28796830773353577,77.8167953491211,2019-04-19,226.31959533691406,0,7.0,146.5800018310547,2019-04-19,2019-04-18,4.080642223358154,297.3687744140625,2019-04-20,1.7399998903274536,2.0833332538604736,2019-04-19,0.46454429626464844,7.0,"{""type"":""Point"",""coordinates"":[93.58054550370919,25.867797157260277]}"
488,10,0.26009514927864075,105.70722961425781,2019-04-27,49.963104248046875,0,3.0,11.429999351501465,2019-04-27,2019-04-26,17.17572784423828,302.68353271484375,2019-04-28,0.0,0.0,2019-04-27,0.24590237438678741,3.0,"{""type"":""Point"",""coordinates"":[89.95513915142998,25.31343218343791]}"
489,80,-0.07806861400604248,-0.0,2022-06-02,0.0,0,0.0,0.0,2022-06-02,2022-06-01,0.0,0.0,2022-06-03,10.15999984741211,8.333333015441895,2022-06-02,0.0,0.0,"{""type"":""Point"",""coordinates"":[89.95942368368695,21.596655681449782]}"
490,40,0.011061668395996094,249.47132873535156,2020-07-31,28.13774299621582,0,1.0,82.68999481201172,2020-07-31,2020-07-30,1.4466884136199951,300.7345275878906,2020-08-01,16.149999618530273,31.25,2020-07-31,0.42140451073646545,1.0,"{""type"":""Point"",""coordinates"":[88.81032046098436,25.401406310485154]}"
491,30,0.03398558124899864,6.074450492858887,2020-06-15,4278.53515625,0,4.0,3.6599998474121094,2020-06-15,2020-06-14,22.334550857543945,285.7728576660156,2020-06-16,1.5299999713897705,0.0,2020-06-15,0.3100776672363281,1.0,"{""type"":""Point"",""coordinates"":[92.48058422028518,28.361968955249363]}"
492,100,0.07111164182424545,322.4602355957031,2023-02-18,5226.3701171875,0,2.0,0.09999999403953552,2023-02-18,2023-02-17,14.383792877197266,271.4491271972656,2023-02-19,0.0,0.0,2023-02-18,0.3749828338623047,1.0,"{""type"":""Point"",""coordinates"":[91.49669478214706,28.26652939625246]}"
493,10,0.02853633463382721,169.38687133789062,2023-05-24,2549.483154296875,0,2156.0,36.720001220703125,2023-05-24,2023-05-23,48.505821228027344,287.02838134765625,2023-05-25,10.710000038146973,16.66666603088379,2023-05-24,0.4167747497558594,54.0,"{""type"":""Point"",""coordinates"":[97.15781815260134,27.84937455554704]}"
494,10,9.168504038825631E-4,153.78070068359375,2021-07-17,121.15482330322266,0,16.0,9.34999942779541,2021-07-17,2021-07-16,0.8559092283248901,298.33905029296875,2021-07-18,29.939998626708984,27.08333396911621,2021-07-17,0.3166847229003906,5.0,"{""type"":""Point"",""coordinates"":[89.88421180219385,26.72325146286589]}"
495,70,-0.022940075024962425,23.544424057006836,2022-07-19,4534.03564453125,0,2.0,2.5999999046325684,2022-07-19,2022-07-18,24.162670135498047,287.2716979980469,2022-07-20,4.46999979019165,0.0,2022-07-19,0.37535223364830017,2.0,"{""type"":""Point"",""coordinates"":[96.46737206667001,29.043143604847856]}"
496,10,0.14417560398578644,78.55538940429688,2020-08-16,191.4099578857422,0,2.0,64.68000030517578,2020-08-16,2020-08-15,5.278064250946045,297.85015869140625,2020-08-17,26.869998931884766,27.08333396911621,2020-08-16,0.49547895789146423,1.0,"{""type"":""Point"",""coordinates"":[95.76129769769958,28.06271250167287]}"
497,30,0.029021823778748512,192.97938537597656,2021-05-17,4188.48095703125,0,3.0,0.0,2021-05-17,2021-05-16,21.383865356445312,282.3401794433594,2021-05-18,1.4800000190734863,2.0833332538604736,2021-05-17,0.3013324737548828,3.0,"{""type"":""Point"",""coordinates"":[88.38934307248769,29.34408179053322]}"
498,30,0.38866329193115234,117.63029479980469,2021-12-06,264.59136962890625,0,2.0,6.519999980926514,2021-12-06,2021-12-05,10.405312538146973,295.7762145996094,2021-12-07,9.960000038146973,18.75,2021-12-06,0.3278115689754486,2.0,"{""type"":""Point"",""coordinates"":[95.7515857865875,23.198428097892748]}"
499,50,-0.005066134966909885,185.02059936523438,2022-07-20,8.136967658996582,0,1.0,10.079999923706055,2022-07-20,2022-07-19,2.7599947452545166,302.5300598144531,2022-07-21,23.599998474121094,33.33333206176758,2022-07-20,0.3496634066104889,1.0,"{""type"":""Point"",""coordinates"":[91.14702280389693,23.118547334754844]}"
500,40,0.01227284874767065,302.647216796875,2023-05-20,3.8408596515655518,0,2.0,34.05999755859375,2023-05-20,2023-05-19,0.7130967974662781,299.900634765625,2023-05-21,0.0,0.0,2023-05-20,0.41548728942871094,2.0,"{""type"":""Point"",""coordinates"":[91.09629353438822,24.75599130118541]}"
501,40,0.5148464441299438,258.36895751953125,2022-11-24,61.39905548095703,0,170.0,0.0,2022-11-24,2022-11-23,1.6460267305374146,292.76593017578125,2022-11-25,0.0,0.0,2022-11-24,0.29417863488197327,2.0,"{""type"":""Point"",""coordinates"":[90.69117802566974,26.570947736358452]}"
502,10,0.2922021448612213,67.9371566772461,2021-10-04,1525.593017578125,0,2.0,19.8799991607666,2021-10-04,2021-10-03,21.132789611816406,294.55828857421875,2021-10-05,1.9399999380111694,0.0,2021-10-04,0.4889354705810547,1.0,"{""type"":""Point"",""coordinates"":[95.57869252576805,26.660700042923676]}"
503,80,-0.05877362936735153,-0.0,2021-12-14,0.0,0,0.0,0.0,2021-12-14,2021-12-13,0.0,0.0,2021-12-15,0.0,0.0,2021-12-14,0.0,0.0,"{""type"":""Point"",""coordinates"":[91.53526443835571,22.36134332459587]}"
504,10,0.030750781297683716,238.99034118652344,2021-07-25,42.87821578979492,0,5.0,7.639999866485596,2021-07-25,2021-07-24,3.0363333225250244,301.5498962402344,2021-07-26,0.6899999976158142,0.0,2021-07-25,0.3874613344669342,4.0,"{""type"":""Point"",""coordinates"":[88.19914168156862,25.17131530921982]}"
505,10,0.12292379140853882,332.6698303222656,2022-10-25,828.8731079101562,0,6.0,386.6399841308594,2022-10-25,2022-10-24,41.574302673339844,292.196044921875,2022-10-26,7.039999961853027,8.333333015441895,2022-10-25,0.47392526268959045,6.0,"{""type"":""Point"",""coordinates"":[94.77383385407812,26.369140785999136]}"
506,60,0.006688010413199663,336.57745361328125,2021-11-04,5595.29443359375,0,11.0,0.32999998331069946,2021-11-04,2021-11-03,12.311893463134766,268.43023681640625,2021-11-05,0.0,0.0,2021-11-04,0.28828367590904236,11.0,"{""type"":""Point"",""coordinates"":[90.46094790438013,28.247668018947003]}"
507,30,0.04185253009200096,333.1152038574219,2022-09-15,4380.73046875,0,124.0,2.4600000381469727,2022-09-15,2022-09-14,21.920164108276367,281.6661682128906,2022-09-16,0.23999999463558197,0.0,2022-09-15,0.4072074890136719,2.0,"{""type"":""Point"",""coordinates"":[92.05067494036172,27.866696398602897]}"
508,10,0.33629292249679565,237.2610321044922,2021-12-05,2298.296630859375,0,3.0,0.03999999910593033,2021-12-05,2021-12-04,2.7583565711975098,283.44012451171875,2021-12-06,0.7699999809265137,0.0,2021-12-05,0.3373056948184967,1.0,"{""type"":""Point"",""coordinates"":[93.40413744446701,27.350439901568468]}"
509,30,0.0752384290099144,49.212120056152344,2022-09-01,4302.138671875,0,3.0,3.9800000190734863,2022-09-01,2022-08-31,37.38568115234375,284.47113037109375,2022-09-02,1.9609999656677246,2.0833332538604736,2022-09-01,0.4217294156551361,2.0,"{""type"":""Point"",""coordinates"":[91.92907871116174,28.89736465407909]}"
510,40,-0.07368127256631851,117.01876831054688,2022-04-17,38.7052116394043,0,2.0,174.89999389648438,2022-04-17,2022-04-16,0.24519827961921692,298.78448486328125,2022-04-18,79.20999908447266,31.25,2022-04-17,0.420422226190567,2.0,"{""type"":""Point"",""coordinates"":[90.93673334397063,26.30227559324021]}"
511,10,0.13401801884174347,127.6082534790039,2023-02-21,1376.8115234375,0,11.0,4.5,2023-02-21,2023-02-20,42.599266052246094,287.45538330078125,2023-02-22,25.78999900817871,35.41666793823242,2023-02-21,0.35458627343177795,2.0,"{""type"":""Point"",""coordinates"":[97.31078645337814,26.891875382705948]}"
512,40,-0.01386113278567791,209.55453491210938,2020-07-21,16.085988998413086,0,426.0,53.29999923706055,2020-07-21,2020-07-20,1.1913115978240967,300.5137634277344,2020-07-22,19.43000030517578,37.5,2020-07-21,0.4271221160888672,1.0,"{""type"":""Point"",""coordinates"":[89.27849643713654,25.032131532722357]}"
513,10,0.4016893804073334,350.7425231933594,2021-11-11,84.20952606201172,0,3939.0,0.0,2021-11-11,2021-11-10,2.067195177078247,295.0677795410156,2021-11-12,0.0,0.0,2021-11-11,0.3151613771915436,3939.0,"{""type"":""Point"",""coordinates"":[94.11381420009005,26.786928098952533]}"
514,40,0.41698119044303894,263.86444091796875,2022-10-25,12.154419898986816,0,1.0,183.89999389648438,2022-10-25,2022-10-24,3.0138769149780273,296.847900390625,2022-10-26,0.0,0.0,2022-10-25,0.411999374628067,1.0,"{""type"":""Point"",""coordinates"":[89.576691970783,24.46117308675262]}"
515,10,0.4139201045036316,251.97283935546875,2020-04-16,427.75714111328125,0,12.0,0.8899999260902405,2020-04-16,2020-04-15,14.29474925994873,304.04718017578125,2020-04-17,2.929999828338623,2.0833332538604736,2020-04-16,0.2820301055908203,1.0,"{""type"":""Point"",""coordinates"":[94.938498224572,23.479314059749214]}"
516,10,0.09790901839733124,62.61503219604492,2021-09-27,1796.1748046875,0,2.0,170.4199981689453,2021-09-27,2021-09-26,18.54621124267578,294.3854064941406,2021-09-28,71.61000061035156,35.41666793823242,2021-09-27,0.40339088439941406,2.0,"{""type"":""Point"",""coordinates"":[93.33808188354182,22.55360609410279]}"
517,10,0.1760915219783783,213.614990234375,2019-10-02,1049.5653076171875,0,5.0,19.19499969482422,2019-10-02,2019-10-01,23.210845947265625,293.77685546875,2019-10-03,0.0,0.0,2019-10-02,0.507806122303009,5.0,"{""type"":""Point"",""coordinates"":[93.78431775528601,24.16937076609625]}"
518,30,0.07315538078546524,19.67769432067871,2021-10-14,4261.20263671875,0,2.0,1.1800000667572021,2021-10-14,2021-10-13,16.00350570678711,283.9322814941406,2021-10-15,0.0,0.0,2021-10-14,0.37530961632728577,2.0,"{""type"":""Point"",""coordinates"":[93.96904066971341,28.869989540607314]}"
519,10,0.5999261736869812,200.0703582763672,2023-01-06,165.57981872558594,0,15482.0,0.0,2023-01-06,2023-01-05,30.017057418823242,288.6888732910156,2023-01-07,0.0,0.0,2023-01-06,0.356585830450058,15482.0,"{""type"":""Point"",""coordinates"":[94.80345602796089,26.769597676866855]}"
520,30,0.049662716686725616,166.34124755859375,2022-08-21,3943.86474609375,0,1.0,0.0,2022-08-21,2022-08-20,2.741117238998413,285.8235778808594,2022-08-22,0.0,0.0,2022-08-21,0.3189360201358795,1.0,"{""type"":""Point"",""coordinates"":[92.49509388248578,28.418185659351458]}"
521,10,0.009805773384869099,74.07464599609375,2022-01-13,3709.861328125,0,16.0,42.07999801635742,2022-01-13,2022-01-12,19.137939453125,272.8110046386719,2022-01-14,5.589999675750732,2.0833332538604736,2022-01-13,0.3519172668457031,16.0,"{""type"":""Point"",""coordinates"":[95.54603689385479,29.208542902214322]}"
522,10,0.5652372241020203,246.175048828125,2021-11-21,461.1713562011719,0,1.0,0.0,2021-11-21,2021-11-20,33.980987548828125,291.8587646484375,2021-11-22,0.0,0.0,2021-11-21,0.31286048889160156,1.0,"{""type"":""Point"",""coordinates"":[91.78698090569581,25.902338153376125]}"
523,30,0.02689921297132969,181.46804809570312,2021-12-12,3714.921630859375,0,10.0,16.600000381469727,2021-12-12,2021-12-11,50.559146881103516,273.33709716796875,2021-12-13,3.93999981880188,4.166666507720947,2021-12-12,0.37646737694740295,10.0,"{""type"":""Point"",""coordinates"":[96.83921609621652,28.477645099281418]}"
524,10,0.5261991024017334,303.4180908203125,2022-03-05,12.032529830932617,0,1.0,0.0,2022-03-05,2022-03-04,7.113180637359619,298.09033203125,2022-03-06,0.0,0.0,2022-03-05,0.1560382843017578,1.0,"{""type"":""Point"",""coordinates"":[90.39111886403715,22.63582753567957]}"
525,10,0.28492772579193115,339.03460693359375,2021-03-23,185.51673889160156,0,113.0,0.0,2021-03-23,2021-03-22,3.0482308864593506,299.9482421875,2021-03-24,0.0,0.0,2021-03-23,0.27569642663002014,113.0,"{""type"":""Point"",""coordinates"":[96.5473503719979,25.598685553120017]}"
526,40,0.14465591311454773,180.139404296875,2022-03-01,8.54104232788086,0,9.0,0.0,2022-03-01,2022-02-28,0.29988372325897217,296.4783630371094,2022-03-02,0.004000000189989805,0.0,2022-03-01,0.2653675079345703,9.0,"{""type"":""Point"",""coordinates"":[89.44686389706098,23.753406326877]}"
527,10,0.019613521173596382,165.68812561035156,2020-07-21,290.9667663574219,0,6.0,9.65999984741211,2020-07-21,2020-07-20,10.772826194763184,300.26824951171875,2020-07-22,3.1599998474121094,4.166666507720947,2020-07-21,0.479809433221817,6.0,"{""type"":""Point"",""coordinates"":[95.98038587090203,23.499210335769067]}"
528,80,-0.06972242146730423,-0.0,2020-05-31,0.0,0,0.0,0.0,2020-05-31,2020-05-30,0.0,303.2360534667969,2020-06-01,0.04999999701976776,0.0,2020-05-31,0.4071267545223236,0.0,"{""type"":""Point"",""coordinates"":[88.4652237680511,21.59808968122928]}"
529,100,0.06938319653272629,178.0131378173828,2022-07-21,5127.1787109375,0,4.0,3.4499998092651367,2022-07-21,2022-07-20,20.485416412353516,283.4823303222656,2022-07-22,39.72999954223633,43.75,2022-07-21,0.41229119896888733,1.0,"{""type"":""Point"",""coordinates"":[91.46407255899278,28.06646439791706]}"
530,30,-0.042114123702049255,143.5052947998047,2020-05-22,5131.63134765625,0,3.0,11.079999923706055,2020-05-22,2020-05-21,5.665571689605713,276.0696716308594,2020-05-23,3.879999876022339,8.333333015441895,2020-05-22,0.4215914309024811,1.0,"{""type"":""Point"",""coordinates"":[91.91652146922617,29.499880042260493]}"
531,30,0.05401279032230377,127.63890838623047,2020-05-11,4332.78125,0,7.0,0.0,2020-05-11,2020-05-10,30.174062728881836,272.2239074707031,2020-05-12,2.180000066757202,4.166666507720947,2020-05-11,0.41407522559165955,7.0,"{""type"":""Point"",""coordinates"":[93.18607706879091,29.228096670853667]}"
532,30,0.10428925603628159,27.32176971435547,2023-11-18,4855.69921875,0,1.0,0.0,2023-11-18,2023-11-17,16.15125274658203,273.0997619628906,2023-11-19,0.0,0.0,2023-11-18,0.22535769641399384,1.0,"{""type"":""Point"",""coordinates"":[89.03854904504662,28.621668646463103]}"
533,10,0.12900274991989136,8.070717811584473,2023-10-17,413.0115661621094,0,8.0,0.0,2023-10-17,2023-10-16,3.052272319793701,296.8268737792969,2023-10-18,0.0,0.0,2023-10-17,0.4531059265136719,8.0,"{""type"":""Point"",""coordinates"":[95.57189308088225,24.2208413654057]}"
534,10,0.0022668952587991953,173.68609619140625,2022-04-28,27.397985458374023,0,43.0,0.0,2022-04-28,2022-04-27,5.632394313812256,300.3094787597656,2022-04-29,0.0,0.0,2022-04-28,0.2888425290584564,43.0,"{""type"":""Point"",""coordinates"":[93.09787888241294,24.831198876525562]}"
535,40,0.03130434826016426,56.779605865478516,2020-08-23,28.770267486572266,0,51.0,98.93999481201172,2020-08-23,2020-08-22,1.6513941287994385,300.61138916015625,2020-08-24,4.119999885559082,8.333333015441895,2020-08-23,0.42338308691978455,51.0,"{""type"":""Point"",""coordinates"":[89.69944893698437,25.918058031024067]}"
536,30,0.08803875744342804,255.4257354736328,2021-07-08,839.7569580078125,0,1.0,30.149999618530273,2021-07-08,2021-07-07,33.338050842285156,295.71856689453125,2021-07-09,0.0,0.0,2021-07-08,0.41936174035072327,1.0,"{""type"":""Point"",""coordinates"":[93.66442962136978,22.980743550431]}"
537,40,0.07118095457553864,290.1456298828125,2019-11-29,71.15801239013672,0,2.0,0.0,2019-11-29,2019-11-28,0.2593298852443695,294.5777282714844,2019-11-30,0.0,0.0,2019-11-29,0.37408891320228577,1.0,"{""type"":""Point"",""coordinates"":[93.28412317507745,26.74299864176329]}"
538,10,0.197544127702713,8.07554817199707,2021-01-14,16.480552673339844,0,1.0,0.0,2021-01-14,2021-01-13,4.087073802947998,292.49462890625,2021-01-15,0.0,0.0,2021-01-14,0.14400100708007812,1.0,"{""type"":""Point"",""coordinates"":[89.41770389855321,24.767851460053322]}"
539,10,0.0026011436711996794,274.1143798828125,2020-07-15,515.5158081054688,0,4.0,82.27999877929688,2020-07-15,2020-07-14,18.017257690429688,293.34136962890625,2020-07-16,16.959999084472656,29.16666603088379,2020-07-15,0.4788665771484375,4.0,"{""type"":""Point"",""coordinates"":[97.43130093043065,27.560798643420878]}"
540,60,0.5092024803161621,105.83560943603516,2022-01-08,72.13037872314453,0,8458.0,0.0,2022-01-08,2022-01-07,1.0006284713745117,296.972412109375,2022-01-09,0.0,0.0,2022-01-08,0.2547950744628906,8458.0,"{""type"":""Point"",""coordinates"":[95.12397541366178,21.854289940537626]}"
541,10,-0.0019726266618818045,219.14944458007812,2020-03-27,3249.066162109375,0,9.0,1.9800000190734863,2020-03-27,2020-03-26,37.451595306396484,280.294921875,2020-03-28,2.3999998569488525,0.0,2020-03-27,0.429156631231308,9.0,"{""type"":""Point"",""coordinates"":[96.6985290738145,27.69199973860059]}"
542,10,0.025493038818240166,335.27716064453125,2022-03-04,3220.759765625,0,3.0,35.369998931884766,2022-03-04,2022-03-03,22.295204162597656,275.2451171875,2022-03-05,1.309999942779541,0.0,2022-03-04,0.3215363919734955,3.0,"{""type"":""Point"",""coordinates"":[90.18378473272914,27.530817311166462]}"
543,10,0.037499915808439255,129.88267517089844,2020-09-07,1171.0750732421875,0,2.0,47.09000015258789,2020-09-07,2020-09-06,58.19733810424805,294.677001953125,2020-09-08,32.27000045776367,37.5,2020-09-07,0.4311453402042389,1.0,"{""type"":""Point"",""coordinates"":[90.13316323739919,26.941088890726924]}"
544,10,0.05754150077700615,170.1591796875,2023-09-01,177.81358337402344,0,1.0,0.800000011920929,2023-09-01,2023-08-31,1.408051609992981,301.08624267578125,2023-09-02,5.389999866485596,0.0,2023-09-01,0.39921507239341736,1.0,"{""type"":""Point"",""coordinates"":[93.41978577797629,27.022483912669852]}"
545,10,0.025679653510451317,52.03500747680664,2022-09-14,727.9432373046875,0,9.0,83.69999694824219,2022-09-14,2022-09-13,8.641286849975586,297.5165710449219,2022-09-15,5.699999809265137,12.5,2022-09-14,0.4796498715877533,9.0,"{""type"":""Point"",""coordinates"":[94.35355957124678,21.75121559732975]}"
546,80,-2.9535989597206935E-5,196.42825317382812,2022-07-14,165.34979248046875,0,4.0,0.0,2022-07-14,2022-07-13,3.7061307430267334,302.3907470703125,2022-07-15,32.869998931884766,22.91666603088379,2022-07-14,0.41128411889076233,1.0,"{""type"":""Point"",""coordinates"":[95.39578136558714,23.511016713451095]}"
547,10,0.09773550927639008,358.1122131347656,2019-05-02,109.87821197509766,0,2.0,17.128000259399414,2019-05-02,2019-05-01,33.8561897277832,298.23577880859375,2019-05-03,40.94999694824219,25.0,2019-05-02,0.4710540771484375,2.0,"{""type"":""Point"",""coordinates"":[91.45426175457864,25.193235632721045]}"
548,10,0.5992363095283508,326.0015563964844,2023-02-07,497.24530029296875,0,1.0,0.0,2023-02-07,2023-02-06,34.43793487548828,294.71270751953125,2023-02-08,0.0,0.0,2023-02-07,0.2664426267147064,1.0,"{""type"":""Point"",""coordinates"":[96.96467728443037,24.412289667998248]}"
549,40,0.22967182099819183,216.39292907714844,2019-08-29,38.72325134277344,0,19.0,144.20999145507812,2019-08-29,2019-08-28,0.6773067116737366,300.50225830078125,2019-08-30,0.0,0.0,2019-08-29,0.35213661193847656,19.0,"{""type"":""Point"",""coordinates"":[92.12441814896266,23.120237155953163]}"
550,60,0.0035291872918605804,127.83163452148438,2023-11-10,4996.31298828125,0,2.0,0.0,2023-11-10,2023-11-09,18.39855194091797,272.57659912109375,2023-11-11,0.0,0.0,2023-11-10,0.24607212841510773,2.0,"{""type"":""Point"",""coordinates"":[89.01407073134207,28.473307897514463]}"
551,10,0.12262892723083496,280.869873046875,2020-10-31,1914.4853515625,0,3.0,0.0,2020-10-31,2020-10-30,32.921112060546875,285.7376708984375,2020-11-01,0.0,0.0,2020-10-31,0.38043785095214844,2.0,"{""type"":""Point"",""coordinates"":[93.87416494229052,28.416299236678206]}"
552,10,0.24304735660552979,288.67291259765625,2019-03-21,481.18585205078125,0,3.0,0.0,2019-03-21,2019-03-20,28.083683013916016,297.5882568359375,2019-03-22,0.0,0.0,2019-03-21,0.20623397827148438,3.0,"{""type"":""Point"",""coordinates"":[92.52496449526086,22.25813282019172]}"
553,10,0.09306368231773376,196.69090270996094,2022-09-08,204.51568603515625,0,20.0,53.400001525878906,2022-09-08,2022-09-07,19.595233917236328,299.91754150390625,2022-09-09,5.029999732971191,6.25,2022-09-08,0.4887727200984955,20.0,"{""type"":""Point"",""coordinates"":[95.99771236489454,27.358205233360664]}"
554,10,0.5327044129371643,293.8234558105469,2021-12-20,591.46630859375,0,31613.0,0.0,2021-12-20,2021-12-19,35.00611114501953,284.926513671875,2021-12-21,0.0,0.0,2021-12-20,0.24576885998249054,31613.0,"{""type"":""Point"",""coordinates"":[94.85612008032905,25.679522896460533]}"
555,80,-0.02097794972360134,-0.0,2022-05-06,4438.0,0,28.0,0.0,2022-05-06,2022-05-05,0.0,281.53985595703125,2022-05-07,0.0,0.0,2022-05-06,0.19091923534870148,28.0,"{""type"":""Point"",""coordinates"":[90.73039227968657,28.939658843246292]}"
556,10,0.6846790313720703,130.76345825195312,2020-01-09,322.8400573730469,0,4.0,1.7799999713897705,2020-01-09,2020-01-08,22.396347045898438,288.83306884765625,2020-01-10,10.179999351501465,12.5,2020-01-09,0.36241403222084045,1.0,"{""type"":""Point"",""coordinates"":[93.14172816840738,24.427762239280753]}"
557,40,-0.0036695164162665606,141.76283264160156,2022-04-24,103.40648651123047,0,3.0,0.0,2022-04-24,2022-04-23,0.6452085971832275,307.93109130859375,2022-04-25,0.0,0.0,2022-04-24,0.28723207116127014,1.0,"{""type"":""Point"",""coordinates"":[95.53299798662633,22.02440118452806]}"
558,10,0.11698956787586212,141.70602416992188,2021-03-10,1401.0814208984375,0,12.0,26.139999389648438,2021-03-10,2021-03-09,15.695505142211914,287.4692077636719,2021-03-11,4.429999828338623,4.166666507720947,2021-03-10,0.3463001251220703,2.0,"{""type"":""Point"",""coordinates"":[94.65142196495866,26.0001777979264]}"
559,10,0.00750992726534605,267.29376220703125,2020-07-06,2363.9814453125,0,2.0,24.469999313354492,2020-07-06,2020-07-05,18.945676803588867,287.1788635253906,2020-07-07,20.869998931884766,31.25,2020-07-06,0.4255084991455078,1.0,"{""type"":""Point"",""coordinates"":[95.29677415638503,28.778778465312122]}"
560,30,0.22671864926815033,335.85748291015625,2023-05-28,1561.696044921875,0,102.0,2754.0,2023-05-28,2023-05-27,24.360050201416016,293.11859130859375,2023-05-29,0.0,0.0,2023-05-28,0.45294061303138733,102.0,"{""type"":""Point"",""coordinates"":[91.95061864157161,25.515790619633446]}"
561,10,0.1198112815618515,225.30587768554688,2019-04-19,764.4137573242188,0,9.0,42.38999938964844,2019-04-19,2019-04-18,33.167640686035156,290.7435302734375,2019-04-20,39.52000045776367,41.66666793823242,2019-04-19,0.4248085021972656,9.0,"{""type"":""Point"",""coordinates"":[95.21925890873146,28.471593670625516]}"
562,40,0.03568938747048378,263.57147216796875,2023-04-13,80.62379455566406,0,1.0,0.0,2023-04-13,2023-04-12,1.305120825767517,298.882568359375,2023-04-14,0.0,0.0,2023-04-13,0.3635965883731842,1.0,"{""type"":""Point"",""coordinates"":[93.49539322149384,26.838960714158798]}"
563,40,0.005489828530699015,175.7606658935547,2021-06-28,6.130301475524902,0,342.0,67.62000274658203,2021-06-28,2021-06-27,0.05506766587495804,302.2352600097656,2021-06-29,36.0099983215332,35.41666793823242,2021-06-28,0.4502531588077545,7.0,"{""type"":""Point"",""coordinates"":[92.06903146273368,24.599780665642445]}"
564,10,0.26569631695747375,121.08073425292969,2020-09-18,5.9557695388793945,0,1.0,2.6499998569488525,2020-09-18,2020-09-17,3.2608449459075928,302.1783447265625,2020-09-19,0.0,0.0,2020-09-18,0.39849600195884705,1.0,"{""type"":""Point"",""coordinates"":[91.16750514288589,23.118302525982877]}"
565,10,0.014516879804432392,171.47605895996094,2021-06-01,1292.403564453125,0,28.0,72.23999786376953,2021-06-01,2021-05-31,13.072381973266602,294.79296875,2021-06-02,4.218999862670898,12.5,2021-06-01,0.4532095491886139,28.0,"{""type"":""Point"",""coordinates"":[94.24360563161198,25.335277025836255]}"
566,10,0.06319771707057953,184.45123291015625,2020-06-15,2.8567850589752197,0,1.0,8.880000114440918,2020-06-15,2020-06-14,2.4666659832000732,300.8670349121094,2020-06-16,15.90999984741211,27.08333396911621,2020-06-15,0.417743057012558,1.0,"{""type"":""Point"",""coordinates"":[91.86046095769532,21.861627638099645]}"
567,10,0.39414042234420776,109.42401885986328,2020-04-20,488.94598388671875,0,1.0,121.06999969482422,2020-04-20,2020-04-19,6.948967456817627,295.29888916015625,2020-04-21,7.859999656677246,10.416666984558105,2020-04-20,0.48768043518066406,1.0,"{""type"":""Point"",""coordinates"":[90.49157834537054,25.384721802133804]}"
568,30,0.23133982717990875,184.27386474609375,2022-01-10,920.4766235351562,0,56.0,0.0,2022-01-10,2022-01-09,18.171335220336914,286.4681396484375,2022-01-11,1.159999966621399,0.0,2022-01-10,0.3173255920410156,56.0,"{""type"":""Point"",""coordinates"":[94.39826967127084,25.465940071575275]}"
569,10,0.27273881435394287,343.6360168457031,2020-04-30,208.12701416015625,0,1096.0,47.20000076293945,2020-04-30,2020-04-29,33.43086624145508,296.0464172363281,2020-05-01,8.279999732971191,6.25,2020-04-30,0.4741020202636719,4.0,"{""type"":""Point"",""coordinates"":[95.8847621987312,25.383253556622478]}"
570,10,0.023836838081479073,198.60723876953125,2020-12-17,3458.485107421875,0,1.0,1.1999999284744263,2020-12-17,2020-12-16,33.6353759765625,278.7904052734375,2020-12-18,2.5399999618530273,0.0,2020-12-17,0.41224732995033264,1.0,"{""type"":""Point"",""coordinates"":[89.86414130236281,27.746673177637557]}"
571,10,0.23535104095935822,236.90933227539062,2019-10-04,1642.5057373046875,0,1.0,1.3899999856948853,2019-10-04,2019-10-03,37.470726013183594,292.1751403808594,2019-10-05,3.68999981880188,4.166666507720947,2019-10-04,0.4493338167667389,1.0,"{""type"":""Point"",""coordinates"":[95.1230559491144,26.31391080588103]}"
572,10,0.6763395071029663,216.5701141357422,2022-11-26,3080.067626953125,0,2.0,1.5,2022-11-26,2022-11-25,42.37651062011719,273.4193420410156,2022-11-27,0.809999942779541,0.0,2022-11-26,0.38902220129966736,2.0,"{""type"":""Point"",""coordinates"":[89.60652470463558,27.609466364663362]}"
573,40,0.06640834361314774,67.21980285644531,2021-07-03,17.113384246826172,0,19.0,19.889999389648438,2021-07-03,2021-07-02,1.341621994972229,301.913818359375,2021-07-04,11.710000038146973,16.66666603088379,2021-07-03,0.4119313657283783,1.0,"{""type"":""Point"",""coordinates"":[88.60347055122492,24.452419079457414]}"
574,10,0.3067774772644043,5.100588321685791,2023-01-25,10.499870300292969,0,143.0,0.0,2023-01-25,2023-01-24,6.426875591278076,296.011962890625,2023-01-26,0.0,0.0,2023-01-25,0.08758989721536636,143.0,"{""type"":""Point"",""coordinates"":[92.07707621414605,22.526183126886394]}"
575,10,0.2709166407585144,-0.0,2020-09-18,152.0,0,7813.0,154150.484375,2020-09-18,2020-09-17,0.0,299.88787841796875,2020-09-19,0.0,0.0,2020-09-18,0.4873282015323639,7813.0,"{""type"":""Point"",""coordinates"":[95.93120828659058,27.422088230247958]}"
576,40,0.2423405945301056,79.35591125488281,2020-12-10,1525.4486083984375,0,1.0,0.04999999701976776,2020-12-10,2020-12-09,0.9775826930999756,288.6494445800781,2020-12-11,0.0,0.0,2020-12-10,0.26771798729896545,1.0,"{""type"":""Point"",""coordinates"":[91.44667190660175,25.373830706318127]}"
577,10,0.6398670077323914,257.69866943359375,2019-12-05,433.133544921875,0,62.0,0.0,2019-12-05,2019-12-04,7.95150089263916,291.5177001953125,2019-12-06,0.0,0.0,2019-12-05,0.35374006628990173,62.0,"{""type"":""Point"",""coordinates"":[92.12310843851593,25.193048608651942]}"
578,10,0.02297923155128956,268.51678466796875,2022-09-06,2796.322021484375,0,7.0,164.42999267578125,2022-09-06,2022-09-05,38.763511657714844,286.7896423339844,2022-09-07,14.889999389648438,18.75,2022-09-06,0.4286111295223236,7.0,"{""type"":""Point"",""coordinates"":[96.02325684423785,28.81246313895906]}"
579,10,0.6964032053947449,157.5394287109375,2022-11-25,4.46598482131958,0,23.0,0.0,2022-11-25,2022-11-24,1.2377846240997314,295.87109375,2022-11-26,0.0,0.0,2022-11-25,0.17567825317382812,13.0,"{""type"":""Point"",""coordinates"":[90.02352935177551,23.21265492297747]}"
580,40,0.0430302694439888,298.43585205078125,2019-10-03,2.2729737758636475,0,1.0,4.900000095367432,2019-10-03,2019-10-02,0.492137610912323,301.2978515625,2019-10-04,18.559999465942383,20.83333396911621,2019-10-03,0.48260560631752014,1.0,"{""type"":""Point"",""coordinates"":[88.53840882959598,22.15190420403479]}"
581,50,0.32744255661964417,50.20033645629883,2021-11-29,83.66170501708984,0,42.0,0.0,2021-11-29,2021-11-28,0.9477025270462036,297.5382080078125,2021-11-30,0.0,0.0,2021-11-29,0.283862441778183,1.0,"{""type"":""Point"",""coordinates"":[96.22687041547093,21.791865470589684]}"
582,40,0.07561180740594864,44.28034973144531,2022-07-04,221.27908325195312,0,1.0,3.4099998474121094,2022-07-04,2022-07-03,4.317159175872803,299.8587646484375,2022-07-05,39.2599983215332,25.0,2022-07-04,0.49176597595214844,1.0,"{""type"":""Point"",""coordinates"":[94.64404739893408,22.186912044102012]}"
583,40,0.10669220238924026,296.4249572753906,2023-09-01,69.54109191894531,0,1.0,0.0,2023-09-01,2023-08-31,2.9403879642486572,302.6957702636719,2023-09-02,0.14999999105930328,0.0,2023-09-01,0.48810896277427673,1.0,"{""type"":""Point"",""coordinates"":[92.86406564216261,25.945217838511226]}"
584,60,-0.007912425324320793,248.05624389648438,2022-04-23,189.2323455810547,0,10.0,13.899999618530273,2022-04-23,2022-04-22,0.4629293978214264,298.00146484375,2022-04-24,0.0,0.0,2022-04-23,0.42297491431236267,10.0,"{""type"":""Point"",""coordinates"":[96.1113531887462,25.497742833886807]}"
585,10,0.4579734802246094,170.0576629638672,2020-12-05,547.4503173828125,0,20.0,0.0,2020-12-05,2020-12-04,31.6064395904541,280.798828125,2020-12-06,8.90999984741211,16.66666603088379,2020-12-05,0.35343804955482483,20.0,"{""type"":""Point"",""coordinates"":[94.96493207798105,28.68877641884425]}"
586,10,0.16431331634521484,230.15379333496094,2023-05-27,1569.905029296875,0,3.0,14.999999046325684,2023-05-27,2023-05-26,9.20521354675293,288.2120361328125,2023-05-28,1.3100000619888306,2.0833332538604736,2023-05-27,0.4233449399471283,3.0,"{""type"":""Point"",""coordinates"":[89.89881402674375,27.59857747296414]}"
587,40,0.18328872323036194,212.47523498535156,2023-07-07,8.401472091674805,0,1.0,17.489999771118164,2023-07-07,2023-07-06,1.5308552980422974,302.2760009765625,2023-07-08,38.38999938964844,27.08333396911621,2023-07-07,0.3223031461238861,1.0,"{""type"":""Point"",""coordinates"":[89.81154619604447,23.650777592454343]}"
588,10,0.3866768181324005,340.1545104980469,2021-03-10,32.11130142211914,0,1862.0,0.0,2021-03-10,2021-03-09,3.772144317626953,300.1947021484375,2021-03-11,0.0,0.0,2021-03-10,0.13866615295410156,1862.0,"{""type"":""Point"",""coordinates"":[89.0425188256532,25.576585316134054]}"
589,30,0.19237786531448364,240.7035369873047,2021-12-01,4060.890869140625,0,134.0,0.0,2021-12-01,2021-11-30,39.16604995727539,273.7012939453125,2021-12-02,0.012000000104308128,0.0,2021-12-01,0.3662618100643158,134.0,"{""type"":""Point"",""coordinates"":[89.28175208497339,27.75132943934914]}"
590,40,0.02246811054646969,48.442264556884766,2022-09-21,3.2916295528411865,0,1.0,19.28999900817871,2022-09-21,2022-09-20,1.3061470985412598,301.2715148925781,2022-09-22,9.989999771118164,6.25,2022-09-21,0.4155343472957611,1.0,"{""type"":""Point"",""coordinates"":[88.5854618195537,22.710440860546477]}"
591,10,0.13635651767253876,56.96690368652344,2021-04-25,293.51861572265625,0,1.0,0.0,2021-04-25,2021-04-24,10.091913223266602,306.8592224121094,2021-04-26,0.0,0.0,2021-04-25,0.2398204803466797,1.0,"{""type"":""Point"",""coordinates"":[95.03307159433385,23.110941953630107]}"
592,60,0.03909092769026756,70.46548461914062,2021-06-28,4952.99951171875,0,6.0,0.0,2021-06-28,2021-06-27,20.854907989501953,288.0939025878906,2021-06-29,29.719999313354492,39.58333206176758,2021-06-28,0.07488314062356949,6.0,"{""type"":""Point"",""coordinates"":[89.704785384781,28.69425622034085]}"
593,10,0.18240167200565338,193.68145751953125,2022-01-27,39.69624710083008,0,1.0,4.599999904632568,2022-01-27,2022-01-26,4.3798041343688965,290.3644104003906,2022-01-28,1.75,2.0833332538604736,2022-01-27,0.2635154724121094,1.0,"{""type"":""Point"",""coordinates"":[93.13952375358542,24.81601385543792]}"
594,10,0.1364208161830902,253.49334716796875,2021-06-30,139.53941345214844,0,13.0,110.3699951171875,2021-06-30,2021-06-29,15.832074165344238,299.1694641113281,2021-07-01,25.28999900817871,25.0,2021-06-30,0.3677622377872467,13.0,"{""type"":""Point"",""coordinates"":[92.52751045584196,24.059128163413277]}"
595,80,-0.021253226324915886,-0.0,2021-08-23,0.5,0,1.0,1.1799999475479126,2021-08-23,2021-08-22,0.0,302.60125732421875,2021-08-24,1.8399999141693115,0.0,2021-08-23,0.40529632568359375,1.0,"{""type"":""Point"",""coordinates"":[88.92568920757614,22.654114402336365]}"
596,60,-0.026174506172537804,267.8150329589844,2022-10-23,5035.84228515625,0,2.0,0.0,2022-10-23,2022-10-22,35.87166213989258,274.90313720703125,2022-10-24,7.670000076293945,6.25,2022-10-23,0.3751901090145111,2.0,"{""type"":""Point"",""coordinates"":[92.91056710550741,28.810346683138857]}"
597,10,0.07479558140039444,270.13897705078125,2020-10-20,223.1893768310547,0,2.0,112.65999603271484,2020-10-20,2020-10-19,5.930373191833496,297.0815734863281,2020-10-21,38.310001373291016,27.08333396911621,2020-10-20,0.48927369713783264,2.0,"{""type"":""Point"",""coordinates"":[96.80033404062029,26.34600532903759]}"
598,30,0.2304065227508545,64.88088989257812,2023-10-02,922.954345703125,0,2.0,19.260000228881836,2023-10-02,2023-10-01,15.795440673828125,294.25628662109375,2023-10-03,6.259999752044678,14.583333015441895,2023-10-02,0.42529296875,2.0,"{""type"":""Point"",""coordinates"":[93.40248942941373,21.88135874969769]}"
599,40,0.09430841356515884,52.228179931640625,2023-09-05,5.16135311126709,0,3.0,43.79999923706055,2023-09-05,2023-09-04,0.11665029078722,303.8891906738281,2023-09-06,0.0,0.0,2023-09-05,0.39296087622642517,3.0,"{""type"":""Point"",""coordinates"":[90.77869133224533,23.92605223466912]}"
600,30,4.516766930464655E-4,35.07353210449219,2020-10-15,3250.76025390625,0,2.0,7.21999979019165,2020-10-15,2020-10-14,30.72218894958496,289.87994384765625,2020-10-16,0.3999999761581421,0.0,2020-10-15,0.4736855924129486,2.0,"{""type"":""Point"",""coordinates"":[96.940664773838,27.432744231511514]}"
601,40,0.29483771324157715,55.202884674072266,2022-10-24,9.217968940734863,0,3.0,23.8799991607666,2022-10-24,2022-10-23,0.7917373180389404,299.8177490234375,2022-10-25,160.3000030517578,68.75,2022-10-24,0.3065319061279297,1.0,"{""type"":""Point"",""coordinates"":[89.19993544281199,23.64249794783132]}"
602,10,0.0980224534869194,116.20256805419922,2021-08-19,584.8054809570312,0,3.0,0.0,2021-08-19,2021-08-18,5.675194263458252,297.6855773925781,2021-08-20,0.5199999809265137,2.0833332538604736,2021-08-19,0.49071311950683594,3.0,"{""type"":""Point"",""coordinates"":[90.32263378487818,25.64212914506291]}"
603,100,-0.013581602834165096,123.57194519042969,2021-06-26,3658.934326171875,0,8.0,22.959999084472656,2021-06-26,2021-06-25,46.41240310668945,286.2932434082031,2021-06-27,1.5,4.166666507720947,2021-06-26,0.4267832338809967,8.0,"{""type"":""Point"",""coordinates"":[93.30467662091566,28.311398398251793]}"
604,10,0.7696059346199036,289.7440490722656,2022-02-28,112.46115112304688,0,1.0,0.0,2022-02-28,2022-02-27,13.405243873596191,296.0777893066406,2022-03-01,0.0,0.0,2022-02-28,0.141021728515625,1.0,"{""type"":""Point"",""coordinates"":[92.77172310093587,21.87790903467402]}"
605,10,0.01678767055273056,121.58026123046875,2019-06-11,3628.6484375,0,50.0,2.93999981880188,2019-06-11,2019-06-10,22.69109344482422,283.7705383300781,2019-06-12,1.4500000476837158,2.0833332538604736,2019-06-11,0.4284801483154297,6.0,"{""type"":""Point"",""coordinates"":[93.79685830204383,28.684070593461776]}"
606,10,0.7754189968109131,127.19965362548828,2020-12-25,251.63467407226562,0,10.0,18.200000762939453,2020-12-25,2020-12-24,21.638534545898438,289.0747985839844,2020-12-26,0.0,0.0,2020-12-25,0.3022727966308594,10.0,"{""type"":""Point"",""coordinates"":[95.05310096329994,25.294661515646094]}"
607,10,0.26720666885375977,66.27080535888672,2021-01-04,1945.838134765625,0,3.0,0.0,2021-01-04,2021-01-03,33.01713562011719,276.68798828125,2021-01-05,0.0,0.0,2021-01-04,0.39551353454589844,1.0,"{""type"":""Point"",""coordinates"":[92.82780734591634,27.642174533515558]}"
608,10,0.5538461804389954,343.4517517089844,2023-11-05,3034.986083984375,0,3.0,0.6200000047683716,2023-11-05,2023-11-04,23.57509994506836,277.1287841796875,2023-11-06,0.4599999785423279,0.0,2023-11-05,0.37183189392089844,1.0,"{""type"":""Point"",""coordinates"":[90.73284391253178,27.627801474615087]}"
609,40,0.054791759699583054,324.4270935058594,2023-05-22,93.74362182617188,0,5.0,55.21999740600586,2023-05-22,2023-05-21,3.2630269527435303,298.3855285644531,2023-05-23,5.980000019073486,8.333333015441895,2023-05-22,0.48605409264564514,2.0,"{""type"":""Point"",""coordinates"":[94.76307662728163,27.137043001579134]}"
610,10,0.07948075979948044,21.098228454589844,2022-09-01,195.85336303710938,0,2.0,22.139999389648438,2022-09-01,2022-08-31,0.968010425567627,302.1044921875,2022-09-02,64.22100067138672,35.41666793823242,2022-09-01,0.4724292755126953,1.0,"{""type"":""Point"",""coordinates"":[95.55344302616625,23.503200669212926]}"
611,10,0.3384397327899933,307.4183349609375,2021-03-20,1454.1427001953125,0,39.0,0.0,2021-03-20,2021-03-19,15.754076957702637,292.6315612792969,2021-03-21,4.509999752044678,2.0833332538604736,2021-03-20,0.3140544891357422,39.0,"{""type"":""Point"",""coordinates"":[92.0351756244181,25.41381004269177]}"
612,10,0.11534750461578369,74.59432983398438,2019-10-16,300.0434265136719,0,79.0,22.03999900817871,2019-10-16,2019-10-15,2.8379404544830322,298.7468566894531,2019-10-17,0.0,0.0,2019-10-16,0.4411366879940033,1.0,"{""type"":""Point"",""coordinates"":[94.73837313363549,21.54962597198244]}"
613,10,0.0028660548850893974,221.21322631835938,2022-05-09,288.90509033203125,0,6.0,8.579999923706055,2022-05-09,2022-05-08,4.288094997406006,295.8178405761719,2022-05-10,3.6500000953674316,6.25,2022-05-09,0.44038262963294983,6.0,"{""type"":""Point"",""coordinates"":[95.86141608376187,28.082851295672164]}"
614,10,0.04282860830426216,266.99407958984375,2022-03-14,1732.32470703125,0,4.0,0.0,2022-03-14,2022-03-13,23.265710830688477,291.2314147949219,2022-03-15,0.0,0.0,2022-03-14,0.3741385042667389,1.0,"{""type"":""Point"",""coordinates"":[93.72980733558026,27.31481501370091]}"
615,40,0.43339526653289795,325.864501953125,2022-12-23,49.668113708496094,0,1.0,0.0,2022-12-23,2022-12-22,8.3244047164917,293.5057373046875,2022-12-24,0.0,0.0,2022-12-23,0.25988006591796875,1.0,"{""type"":""Point"",""coordinates"":[91.31044727456458,25.99786546268701]}"
616,40,0.03569734841585159,142.23135375976562,2021-06-13,44.22050094604492,0,7.0,335.78997802734375,2021-06-13,2021-06-12,0.13193368911743164,300.6631164550781,2021-06-14,0.28999999165534973,0.0,2021-06-13,0.4155006408691406,7.0,"{""type"":""Point"",""coordinates"":[88.66974262814617,25.89352172468831]}"
617,40,-0.0600818507373333,249.94491577148438,2022-09-20,5.217813968658447,0,1.0,48.13999938964844,2022-09-20,2022-09-19,0.477142870426178,303.2065734863281,2022-09-21,11.289999961853027,12.5,2022-09-20,0.4072990417480469,1.0,"{""type"":""Point"",""coordinates"":[91.16153607949343,24.919687364906114]}"
618,40,0.5068502426147461,323.50103759765625,2019-05-17,16.942468643188477,0,7.0,0.0,2019-05-17,2019-05-16,0.4777238965034485,303.78802490234375,2019-05-18,0.0,0.0,2019-05-17,0.3255882263183594,1.0,"{""type"":""Point"",""coordinates"":[88.23320784306142,24.011327699219642]}"
619,10,0.7559341788291931,349.2083740234375,2019-03-05,840.5552978515625,0,2.0,0.0,2019-03-05,2019-03-04,40.0261116027832,293.6516418457031,2019-03-06,4.259999752044678,6.25,2019-03-05,0.28922080993652344,2.0,"{""type"":""Point"",""coordinates"":[96.38802480185943,22.613744604210904]}"
620,40,0.07070273905992508,325.2257385253906,2019-07-16,3.4547371864318848,0,211.0,20.979999542236328,2019-07-16,2019-07-15,3.5722768306732178,300.4842224121094,2019-07-17,0.5199999809265137,2.0833332538604736,2019-07-16,0.4160226285457611,2.0,"{""type"":""Point"",""coordinates"":[91.90012707992838,22.509419684694993]}"
621,10,0.44332945346832275,80.6470718383789,2020-02-22,969.3490600585938,0,7.0,0.07000000029802322,2020-02-22,2020-02-21,26.33646011352539,289.4979248046875,2020-02-23,0.5499999523162842,0.0,2020-02-22,0.43728509545326233,7.0,"{""type"":""Point"",""coordinates"":[92.36871858378838,25.619658939787524]}"
622,10,0.32869815826416016,61.89537048339844,2022-05-03,1399.701171875,0,7.0,44.65999984741211,2022-05-03,2022-05-02,17.036209106445312,295.3134765625,2022-05-04,44.28999710083008,16.66666603088379,2022-05-03,0.1995512694120407,7.0,"{""type"":""Point"",""coordinates"":[93.64894279894308,23.743528038475727]}"
623,10,0.10773804038763046,224.6063690185547,2020-05-12,274.5800476074219,0,84.0,36.119998931884766,2020-05-12,2020-05-11,4.768167018890381,300.97918701171875,2020-05-13,2.799999952316284,6.25,2020-05-12,0.42024102807044983,84.0,"{""type"":""Point"",""coordinates"":[97.31074562462378,25.904478161461938]}"
624,40,0.12401055544614792,295.99127197265625,2021-10-01,17.72850227355957,0,2.0,22.34000015258789,2021-10-01,2021-09-30,3.0477888584136963,300.074462890625,2021-10-02,0.15400001406669617,0.0,2021-10-01,0.40728315711021423,2.0,"{""type"":""Point"",""coordinates"":[88.42614653989425,24.000820705219684]}"
625,40,0.7677320241928101,267.3965759277344,2021-04-07,10.417378425598145,0,2.0,0.0,2021-04-07,2021-04-06,6.226091384887695,303.961181640625,2021-04-08,0.0,0.0,2021-04-07,0.2779019773006439,2.0,"{""type"":""Point"",""coordinates"":[90.64309222668713,24.2486756317037]}"
626,10,0.13422684371471405,71.84648895263672,2019-10-09,263.28369140625,0,1.0,16.260000228881836,2019-10-09,2019-10-08,3.174861192703247,296.34613037109375,2019-10-10,0.8299999833106995,0.0,2019-10-09,0.28104400634765625,1.0,"{""type"":""Point"",""coordinates"":[92.33529720766742,26.928008668149403]}"
627,60,0.051905546337366104,328.3458557128906,2022-05-16,4476.6806640625,0,693.0,0.0,2022-05-16,2022-05-15,1.2043272256851196,284.03009033203125,2022-05-17,0.0,0.0,2022-05-16,0.20241610705852509,693.0,"{""type"":""Point"",""coordinates"":[88.30783784337953,28.208479012557916]}"
628,40,0.10019149631261826,302.0295715332031,2021-11-14,118.87667083740234,0,564.0,67.68000030517578,2021-11-14,2021-11-13,1.4962018728256226,297.468994140625,2021-11-15,0.0,0.0,2021-11-14,0.4135627746582031,564.0,"{""type"":""Point"",""coordinates"":[94.50249110702003,22.76853340020415]}"
629,10,0.15534478425979614,17.993249893188477,2022-01-24,4057.134033203125,0,2.0,0.0,2022-01-24,2022-01-23,25.631202697753906,271.0494384765625,2022-01-25,0.0,0.0,2022-01-24,0.3398977816104889,2.0,"{""type"":""Point"",""coordinates"":[93.23225890416508,28.684979106666862]}"
630,40,0.14919652044773102,288.9031066894531,2021-08-23,23.439006805419922,0,5.0,4.039999961853027,2021-08-23,2021-08-22,0.981700599193573,302.9011535644531,2021-08-24,41.22999954223633,45.83333206176758,2021-08-23,0.39022383093833923,1.0,"{""type"":""Point"",""coordinates"":[89.01819642580497,25.220329247134895]}"
631,10,0.046539317816495895,258.3096618652344,2020-07-12,556.6200561523438,0,10.0,396.0,2020-07-12,2020-07-11,31.46054458618164,295.8912353515625,2020-07-13,15.339999198913574,22.91666603088379,2020-07-12,0.4273885190486908,10.0,"{""type"":""Point"",""coordinates"":[93.13875358600514,21.795231081637688]}"
632,30,0.1906564086675644,46.901363372802734,2019-12-03,4853.44482421875,0,1.0,0.0,2019-12-03,2019-12-02,36.87763214111328,272.72772216796875,2019-12-04,0.0,0.0,2019-12-03,0.26446595788002014,1.0,"{""type"":""Point"",""coordinates"":[89.0526928663233,29.032541601562844]}"
633,40,-0.006130589172244072,214.13548278808594,2022-03-11,12.616436958312988,0,1.0,0.0,2022-03-11,2022-03-10,1.5348317623138428,298.77734375,2022-03-12,0.0,0.0,2022-03-11,0.15505282580852509,1.0,"{""type"":""Point"",""coordinates"":[90.63962455868719,25.148744980386354]}"
634,10,0.10221956670284271,212.80055236816406,2019-10-24,2370.7109375,0,1.0,4.929999828338623,2019-10-24,2019-10-23,31.605993270874023,285.5909423828125,2019-10-25,41.7599983215332,45.83333206176758,2019-10-24,0.4197298586368561,1.0,"{""type"":""Point"",""coordinates"":[91.23674344969837,27.360021540559647]}"
635,40,-0.03347230330109596,71.74856567382812,2022-02-22,12.712697982788086,0,1.0,0.0,2022-02-22,2022-02-21,0.9851812124252319,292.4159851074219,2022-02-23,0.0,0.0,2022-02-22,0.22748501598834991,1.0,"{""type"":""Point"",""coordinates"":[90.38227935888101,24.931583440416915]}"
636,100,-0.0025065417867153883,289.8581848144531,2022-08-21,5049.529296875,0,2.0,3.799999952316284,2022-08-21,2022-08-20,14.796452522277832,284.37322998046875,2022-08-22,1.149999976158142,0.0,2022-08-21,0.39341798424720764,2.0,"{""type"":""Point"",""coordinates"":[92.9762791306848,29.25978723112543]}"
637,10,0.17288698256015778,286.8832092285156,2021-06-09,344.46917724609375,0,4.0,63.71999740600586,2021-06-09,2021-06-08,21.453338623046875,296.8669128417969,2021-06-10,129.02999877929688,50.0,2021-06-09,0.40727806091308594,4.0,"{""type"":""Point"",""coordinates"":[92.98227886288504,21.99812506239138]}"
638,40,0.2172609567642212,278.0301513671875,2022-09-01,68.85335540771484,0,1.0,121.1500015258789,2022-09-01,2022-08-31,1.0892040729522705,300.4814453125,2022-09-02,16.680999755859375,25.0,2022-09-01,0.42512068152427673,1.0,"{""type"":""Point"",""coordinates"":[89.74517031339892,26.433812755422345]}"
639,10,0.10432726889848709,266.171630859375,2022-12-29,2072.480224609375,0,36.0,113.39999389648438,2022-12-29,2022-12-28,33.48076629638672,279.0312194824219,2022-12-30,0.0,0.0,2022-12-29,0.3361682891845703,36.0,"{""type"":""Point"",""coordinates"":[97.16568082784765,27.101798834560732]}"
640,10,0.06292282044887543,354.67523193359375,2020-05-09,2094.720947265625,0,1.0,0.20999999344348907,2020-05-09,2020-05-08,25.60873794555664,290.20343017578125,2020-05-10,0.0,0.0,2020-05-09,0.46618208289146423,1.0,"{""type"":""Point"",""coordinates"":[94.28140966015394,25.540595323150228]}"
641,10,0.06183621659874916,107.6995620727539,2022-07-27,811.364990234375,0,16.0,74.4000015258789,2022-07-27,2022-07-26,50.229164123535156,295.8027038574219,2022-07-28,10.269999504089355,12.5,2022-07-27,0.4237632751464844,16.0,"{""type"":""Point"",""coordinates"":[90.75911607697601,26.862398634998158]}"
642,10,0.5351818799972534,107.80252075195312,2022-02-18,477.1819763183594,0,3.0,0.0,2022-02-18,2022-02-17,19.500469207763672,288.4097900390625,2022-02-19,0.0,0.0,2022-02-18,0.21565628051757812,3.0,"{""type"":""Point"",""coordinates"":[94.62360399237744,24.826155857901313]}"
643,10,0.5972922444343567,279.0233459472656,2021-10-27,777.5399169921875,0,19.0,0.0,2021-10-27,2021-10-26,16.24903106689453,293.8600769042969,2021-10-28,12.869999885559082,14.583333015441895,2021-10-27,0.3863760530948639,19.0,"{""type"":""Point"",""coordinates"":[93.07216899419818,22.214908087476914]}"
644,60,0.016202788800001144,215.3242645263672,2022-01-25,5394.759765625,0,3.0,0.0,2022-01-25,2022-01-24,35.37318420410156,266.0925598144531,2022-01-26,0.0,0.0,2022-01-25,0.06411933898925781,3.0,"{""type"":""Point"",""coordinates"":[90.26585691777478,28.85862504750802]}"
645,10,-0.015270089730620384,197.5301513671875,2022-06-22,2030.47802734375,0,4.0,7.339999675750732,2022-06-22,2022-06-21,36.84807205200195,289.40374755859375,2022-06-23,8.609999656677246,12.5,2022-06-22,0.42322540283203125,2.0,"{""type"":""Point"",""coordinates"":[95.48410905106512,28.504635805562835]}"
646,10,-0.019434921443462372,75.92707824707031,2022-05-14,1275.8382568359375,0,3.0,33.84000015258789,2022-05-14,2022-05-13,25.15045166015625,292.31536865234375,2022-05-15,21.670000076293945,22.91666603088379,2022-05-14,0.478375107049942,2.0,"{""type"":""Point"",""coordinates"":[95.3495351146024,26.072038149693743]}"
647,30,0.041910331696271896,350.32940673828125,2021-09-07,4707.109375,0,10.0,67.29999542236328,2021-09-07,2021-09-06,7.324101448059082,282.3423156738281,2021-09-08,0.7699999809265137,0.0,2021-09-07,0.42378106713294983,10.0,"{""type"":""Point"",""coordinates"":[88.87955533288915,27.63399662911921]}"
648,30,0.017940569669008255,281.58636474609375,2023-07-26,4336.21630859375,0,2.0,4.259999752044678,2023-07-26,2023-07-25,10.529541015625,283.23748779296875,2023-07-27,7.049999713897705,10.416666984558105,2023-07-26,0.4263070523738861,2.0,"{""type"":""Point"",""coordinates"":[89.16198515887517,27.384789603845434]}"
649,100,0.11606096476316452,269.5965576171875,2020-02-10,5007.595703125,0,1.0,0.0,2020-02-10,2020-02-09,28.46668815612793,270.8016357421875,2020-02-11,0.0,0.0,2020-02-10,0.3385092318058014,1.0,"{""type"":""Point"",""coordinates"":[91.69777698381793,29.41551062523395]}"
650,40,0.2999124825000763,61.468597412109375,2021-12-11,144.05020141601562,0,1.0,0.0,2021-12-11,2021-12-10,0.913231611251831,298.8229064941406,2021-12-12,0.0,0.0,2021-12-11,0.28997549414634705,1.0,"{""type"":""Point"",""coordinates"":[95.73197798101154,22.681176310773544]}"
651,10,0.3951486647129059,149.5643310546875,2019-01-13,869.5505981445312,0,1.0,0.1599999964237213,2019-01-13,2019-01-12,24.126676559448242,287.0876770019531,2019-01-14,0.0,0.0,2019-01-13,0.39723649621009827,1.0,"{""type"":""Point"",""coordinates"":[93.58159218715772,26.1855836571493]}"
652,10,0.03040761500597,20.309782028198242,2022-04-19,1986.6650390625,0,3.0,0.9900000095367432,2022-04-19,2022-04-18,31.048770904541016,286.5677185058594,2022-04-20,20.15999984741211,16.66666603088379,2022-04-19,0.3974545896053314,3.0,"{""type"":""Point"",""coordinates"":[90.90677806820722,27.18221194826336]}"
653,10,0.06648634374141693,284.83111572265625,2019-09-27,1393.7945556640625,0,7.0,9.309999465942383,2019-09-27,2019-09-26,31.20736312866211,293.055908203125,2019-09-28,0.23999999463558197,0.0,2019-09-27,0.43157386779785156,7.0,"{""type"":""Point"",""coordinates"":[97.17816179241298,26.62359562525242]}"
654,80,-0.03776736557483673,-0.0,2023-08-11,0.0,0,0.0,0.0,2023-08-11,2023-08-10,0.0,0.0,2023-08-12,15.949999809265137,20.83333396911621,2023-08-11,0.0,0.0,"{""type"":""Point"",""coordinates"":[88.4935215448565,21.77894657234509]}"
655,10,0.10491571575403214,57.80543518066406,2023-04-13,2582.535888671875,0,2.0,0.32999998331069946,2023-04-13,2023-04-12,26.78466796875,288.940673828125,2023-04-14,0.0,0.0,2023-04-13,0.35700225830078125,1.0,"{""type"":""Point"",""coordinates"":[90.87690735493153,27.107757880083675]}"
656,10,0.06877344101667404,278.108154296875,2020-07-25,276.7804870605469,0,3.0,3.869999885559082,2020-07-25,2020-07-24,0.5093213319778442,296.7657775878906,2020-07-26,1.1899999380111694,2.0833332538604736,2020-07-25,0.34815850853919983,1.0,"{""type"":""Point"",""coordinates"":[91.88407650651435,26.872693352783486]}"
657,10,0.5574377179145813,285.3599548339844,2021-02-15,46.02326583862305,0,3296.0,0.0,2021-02-15,2021-02-14,13.730425834655762,295.48565673828125,2021-02-16,0.0,0.0,2021-02-15,0.13257598876953125,1.0,"{""type"":""Point"",""coordinates"":[91.69531089906539,23.45546314629647]}"
658,40,-8.736886084079742E-4,107.7851791381836,2020-07-23,12.645222663879395,0,4.0,10.75999927520752,2020-07-23,2020-07-22,0.6523038744926453,299.71771240234375,2020-07-24,51.939998626708984,27.08333396911621,2020-07-23,0.485827773809433,1.0,"{""type"":""Point"",""coordinates"":[92.43827107700345,24.828842479131428]}"
659,60,0.016529086977243423,157.99984741210938,2023-09-05,5448.46484375,0,1.0,0.5699999928474426,2023-09-05,2023-09-04,34.92083740234375,285.0023193359375,2023-09-06,0.0,0.0,2023-09-05,0.3499819338321686,1.0,"{""type"":""Point"",""coordinates"":[88.47124760523955,29.423813108490904]}"
660,30,0.39662906527519226,43.94738006591797,2021-01-29,116.81655883789062,0,5.0,0.0,2021-01-29,2021-01-28,2.8633363246917725,292.42498779296875,2021-01-30,0.0,0.0,2021-01-29,0.18743832409381866,5.0,"{""type"":""Point"",""coordinates"":[97.2239432773724,24.322745496357705]}"
661,10,0.2761647403240204,250.8058624267578,2022-05-22,141.24256896972656,0,43.0,32.439998626708984,2022-05-22,2022-05-21,13.259744644165039,301.04632568359375,2022-05-23,0.0,0.0,2022-05-22,0.4009895324707031,1.0,"{""type"":""Point"",""coordinates"":[91.72091528469595,23.80450628385088]}"
662,10,0.10878010094165802,104.29102325439453,2019-09-28,453.209228515625,0,2.0,11.579999923706055,2019-09-28,2019-09-27,17.19890022277832,298.3512878417969,2019-09-29,16.760000228881836,22.91666603088379,2019-09-28,0.48571014404296875,2.0,"{""type"":""Point"",""coordinates"":[92.46823787183953,25.951295697975866]}"
663,10,0.11038200557231903,24.051206588745117,2019-05-21,2084.94091796875,0,1.0,2.890000104904175,2019-05-21,2019-05-20,15.192754745483398,293.3028564453125,2019-05-22,0.9099999666213989,0.0,2019-05-21,0.3830852508544922,1.0,"{""type"":""Point"",""coordinates"":[93.9316178705697,25.184444435280856]}"
664,80,-0.24412605166435242,-0.0,2019-01-31,58.5,0,2049355.0,0.0,2019-01-31,2019-01-30,0.0,292.7234191894531,2019-02-01,0.0,0.0,2019-01-31,0.1290740966796875,3.0,"{""type"":""Point"",""coordinates"":[92.68770124795024,26.59028658260672]}"
665,10,0.03178812190890312,278.97943115234375,2023-05-13,1253.99609375,0,4.0,92.1199951171875,2023-05-13,2023-05-12,26.211137771606445,296.4216003417969,2023-05-14,105.06999969482422,54.16666793823242,2023-05-13,0.4626871645450592,1.0,"{""type"":""Point"",""coordinates"":[96.72995532017731,22.91976384765275]}"
666,40,-0.03133026883006096,199.7642059326172,2022-06-03,35.34030532836914,0,1014.0,8416.2001953125,2022-06-03,2022-06-02,0.4438190460205078,301.76385498046875,2022-06-04,5.759999752044678,8.333333015441895,2022-06-03,0.39842161536216736,1014.0,"{""type"":""Point"",""coordinates"":[90.2525900423228,25.95173004538189]}"
667,10,0.17183040082454681,56.39102554321289,2021-09-30,56.85402297973633,0,2.0,32.93000030517578,2021-09-30,2021-09-29,6.025851249694824,300.1383972167969,2021-10-01,0.0,0.0,2021-09-30,0.4954427182674408,1.0,"{""type"":""Point"",""coordinates"":[91.45450967278998,23.607798275601485]}"
668,20,0.3243335485458374,330.3390808105469,2023-02-24,174.74151611328125,0,2.0,0.0,2023-02-24,2023-02-23,0.21299265325069427,299.8773193359375,2023-02-25,0.0,0.0,2023-02-24,0.23317527770996094,2.0,"{""type"":""Point"",""coordinates"":[95.21967436499936,23.03314105208411]}"
669,40,0.037739600986242294,180.82431030273438,2020-08-18,78.31562042236328,0,99.0,352.44000244140625,2020-08-18,2020-08-17,0.805485188961029,302.0630798339844,2020-08-19,1.0799999237060547,0.0,2020-08-18,0.4278768002986908,99.0,"{""type"":""Point"",""coordinates"":[95.43072688110757,21.666608304033247]}"
670,10,0.6296834349632263,16.36195945739746,2023-11-19,2619.94921875,0,1.0,2.6499998569488525,2023-11-19,2023-11-18,38.758033752441406,277.75225830078125,2023-11-20,1.8299999237060547,2.0833332538604736,2023-11-19,0.31028494238853455,1.0,"{""type"":""Point"",""coordinates"":[97.11547624797916,28.439023506999998]}"
671,10,0.6431764960289001,10.787613868713379,2023-03-06,899.5946044921875,0,17.0,0.0,2023-03-06,2023-03-05,38.54410171508789,294.49041748046875,2023-03-07,0.0,0.0,2023-03-06,0.13560612499713898,14.0,"{""type"":""Point"",""coordinates"":[94.68375166765951,24.975137194570472]}"
672,10,-0.01036890596151352,73.6336669921875,2019-06-28,2936.52587890625,0,1.0,59.5099983215332,2019-06-28,2019-06-27,46.51644515991211,289.98199462890625,2019-06-29,5.440000057220459,12.5,2019-06-28,0.4720357358455658,1.0,"{""type"":""Point"",""coordinates"":[96.54716952900712,27.8043623052531]}"
673,10,0.06976921856403351,250.8876953125,2021-05-30,1527.5228271484375,0,4.0,7.9599995613098145,2021-05-30,2021-05-29,12.414385795593262,298.625732421875,2021-05-31,17.189998626708984,31.25,2021-05-30,0.4159069061279297,4.0,"{""type"":""Point"",""coordinates"":[92.61820243994664,25.194816065724716]}"
674,10,0.10141756385564804,86.00475311279297,2019-10-12,1028.4189453125,0,1.0,0.0,2019-10-12,2019-10-11,11.16638469696045,294.3507080078125,2019-10-13,0.0,0.0,2019-10-12,0.4700431823730469,1.0,"{""type"":""Point"",""coordinates"":[91.16885458000215,25.42795463698252]}"
675,30,0.039978381246328354,352.8359375,2021-06-19,4185.74755859375,0,2.0,25.559999465942383,2021-06-19,2021-06-18,23.095348358154297,281.81768798828125,2021-06-20,19.649999618530273,35.41666793823242,2021-06-19,0.40487733483314514,2.0,"{""type"":""Point"",""coordinates"":[91.34734422385107,27.92252617422451]}"
676,60,0.11029411852359772,151.20127868652344,2022-01-14,798.110595703125,0,2.0,0.4099999964237213,2022-01-14,2022-01-13,27.17360496520996,288.10797119140625,2022-01-15,15.15999984741211,22.91666603088379,2022-01-14,0.29991593956947327,1.0,"{""type"":""Point"",""coordinates"":[93.9753158064375,24.68036946420291]}"
677,10,0.11548332124948502,142.28692626953125,2022-03-06,1794.7994384765625,0,4.0,18.439998626708984,2022-03-06,2022-03-05,22.294967651367188,273.5672302246094,2022-03-07,5.170000076293945,12.5,2022-03-06,0.3563098907470703,4.0,"{""type"":""Point"",""coordinates"":[91.11262169636865,27.860617537283268]}"
678,60,0.008477287366986275,338.69549560546875,2021-11-27,5217.7001953125,0,4.0,0.0,2021-11-27,2021-11-26,21.621490478515625,270.94140625,2021-11-28,0.0,0.0,2021-11-27,0.33165740966796875,4.0,"{""type"":""Point"",""coordinates"":[89.83518914282341,28.27751458832741]}"
679,30,0.05414506793022156,321.05126953125,2019-06-26,4906.017578125,0,2.0,13.640000343322754,2019-06-26,2019-06-25,11.753030776977539,284.0940246582031,2019-06-27,8.039999961853027,14.583333015441895,2019-06-26,0.33244386315345764,2.0,"{""type"":""Point"",""coordinates"":[92.68860319675424,28.93677766219053]}"
680,40,0.005239445250481367,9.275198936462402,2019-08-05,44.25478744506836,0,4.0,5.559999942779541,2019-08-05,2019-08-04,0.14178521931171417,303.3785095214844,2019-08-06,1.3399999141693115,4.166666507720947,2019-08-05,0.40931829810142517,4.0,"{""type"":""Point"",""coordinates"":[90.9653356270984,26.467628618411105]}"
681,95,0.04138091579079628,126.3036117553711,2022-06-09,3.161196231842041,0,2.0,0.019999999552965164,2022-06-09,2022-06-08,2.7903192043304443,0.0,2022-06-10,19.189998626708984,22.91666603088379,2022-06-09,0.0,1.0,"{""type"":""Point"",""coordinates"":[89.22561091462441,21.694406733247504]}"
682,10,0.15348492562770844,31.504915237426758,2021-09-30,1496.7420654296875,0,12.0,62.849998474121094,2021-09-30,2021-09-29,42.47890853881836,293.4820556640625,2021-10-01,2.7799999713897705,6.25,2021-09-30,0.40955162048339844,1.0,"{""type"":""Point"",""coordinates"":[93.28789669664484,22.349433909799984]}"
683,10,0.32442787289619446,84.02877807617188,2023-11-01,2.608278751373291,0,1.0,0.0,2023-11-01,2023-10-31,7.056306838989258,300.12957763671875,2023-11-02,0.0,0.0,2023-11-01,0.2543144226074219,1.0,"{""type"":""Point"",""coordinates"":[90.65945166067605,23.319671611324484]}"
684,30,-0.02126176282763481,281.0599060058594,2023-03-26,4093.033447265625,0,1.0,3.6999998092651367,2023-03-26,2023-03-25,29.83447265625,272.3846435546875,2023-03-27,6.929999828338623,12.5,2023-03-26,0.33025869727134705,1.0,"{""type"":""Point"",""coordinates"":[96.35254006025652,28.951251346273946]}"
685,10,0.15716837346553802,149.78286743164062,2022-04-07,255.5275421142578,0,1.0,0.0,2022-04-07,2022-04-06,9.081676483154297,302.2394714355469,2022-04-08,0.0,0.0,2022-04-07,0.2199300080537796,1.0,"{""type"":""Point"",""coordinates"":[94.17756833684348,23.143340186316767]}"
686,10,0.21185952425003052,247.0959014892578,2022-12-02,933.4673461914062,0,4.0,0.003000000026077032,2022-12-02,2022-12-01,32.87360382080078,292.6863708496094,2022-12-03,0.0,0.0,2022-12-02,0.3383534848690033,1.0,"{""type"":""Point"",""coordinates"":[93.7835296190115,21.92091826515845]}"
687,10,0.12361351400613785,110.37963104248047,2023-02-17,1589.820068359375,0,1.0,1.0899999141693115,2023-02-17,2023-02-16,33.461971282958984,283.7392578125,2023-02-18,0.22999998927116394,0.0,2023-02-17,0.37911924719810486,1.0,"{""type"":""Point"",""coordinates"":[95.59408466418795,28.402832713689016]}"
688,70,-0.02187202498316765,97.76725769042969,2022-05-13,4950.32470703125,0,2.0,2.129999876022339,2022-05-13,2022-05-12,45.78414535522461,272.83807373046875,2022-05-14,0.9800000190734863,0.0,2022-05-13,0.42403921484947205,1.0,"{""type"":""Point"",""coordinates"":[96.32334787014807,29.14580858613639]}"
689,10,0.7027246952056885,213.01744079589844,2019-01-15,451.705078125,0,303.0,0.0,2019-01-15,2019-01-14,25.77371597290039,286.9067077636719,2019-01-16,0.0,0.0,2019-01-15,0.19667625427246094,303.0,"{""type"":""Point"",""coordinates"":[93.08511661834997,22.065278820422098]}"
690,10,0.17095188796520233,325.8397521972656,2023-03-20,677.8403930664062,0,1.0,22.26999855041504,2023-03-20,2023-03-19,21.541536331176758,287.521728515625,2023-03-21,29.329999923706055,25.0,2023-03-20,0.4247570037841797,1.0,"{""type"":""Point"",""coordinates"":[94.54792335973549,28.08450882208673]}"
691,60,0.124778151512146,352.7830810546875,2023-08-19,3611.171875,0,354.0,0.0,2023-08-19,2023-08-18,2.115339517593384,289.906005859375,2023-08-20,2.2300000190734863,0.0,2023-08-19,0.38231977820396423,354.0,"{""type"":""Point"",""coordinates"":[90.67642275861134,29.29038197430456]}"
692,40,0.11735716462135315,3.507000684738159,2021-05-26,68.22749328613281,0,8.0,292.1600036621094,2021-05-26,2021-05-25,1.3959027528762817,300.5751953125,2021-05-27,15.0,25.0,2021-05-26,0.3774789273738861,8.0,"{""type"":""Point"",""coordinates"":[88.81442253135373,26.342910773726352]}"
693,40,0.2274966984987259,32.396732330322266,2021-11-03,65.41069793701172,0,1.0,0.0,2021-11-03,2021-11-02,0.38815632462501526,296.16571044921875,2021-11-04,0.0,0.0,2021-11-03,0.26814016699790955,1.0,"{""type"":""Point"",""coordinates"":[88.43949236731501,26.206146774882153]}"
694,10,0.4460875689983368,275.53533935546875,2023-12-13,1840.8985595703125,0,1.0,1.2699999809265137,2023-12-13,2023-12-12,39.4394416809082,278.4090576171875,2023-12-14,2.240000009536743,0.0,2023-12-13,0.3986562192440033,1.0,"{""type"":""Point"",""coordinates"":[94.63122631591236,28.8392659694821]}"
695,10,0.01670410856604576,186.5221405029297,2020-03-05,4253.54638671875,0,4.0,15.800000190734863,2020-03-05,2020-03-04,24.44593620300293,274.6724853515625,2020-03-06,11.949999809265137,22.91666603088379,2020-03-05,0.34320005774497986,4.0,"{""type"":""Point"",""coordinates"":[93.36957412551713,28.49994598264765]}"
696,10,0.302633672952652,8.47857666015625,2019-08-27,51.09378433227539,0,8.0,1.3600000143051147,2019-08-27,2019-08-26,8.929792404174805,302.0720520019531,2019-08-28,0.0,0.0,2019-08-27,0.46833929419517517,1.0,"{""type"":""Point"",""coordinates"":[91.39152452142042,23.617311879589543]}"
697,10,0.3991175889968872,206.6803741455078,2020-02-07,1328.0789794921875,0,1.0,0.0,2020-02-07,2020-02-06,20.707212448120117,289.3192138671875,2020-02-08,0.11999999731779099,0.0,2020-02-07,0.2703011929988861,1.0,"{""type"":""Point"",""coordinates"":[94.675649389635,24.818226699778972]}"
698,40,0.3104060888290405,66.10604858398438,2019-11-04,2.0012807846069336,0,302.0,0.0,2019-11-04,2019-11-03,1.2145566940307617,300.3988342285156,2019-11-05,0.0,0.0,2019-11-04,0.3599344789981842,302.0,"{""type"":""Point"",""coordinates"":[90.24462937095437,21.906111257243097]}"
699,40,0.16771036386489868,169.74501037597656,2019-04-10,91.19999694824219,0,57.0,0.0,2019-04-10,2019-04-09,0.515557050704956,302.4209899902344,2019-04-11,0.0,0.0,2019-04-10,0.32876840233802795,57.0,"{""type"":""Point"",""coordinates"":[96.10006099589742,22.38217339108363]}"
700,10,0.06599772721529007,166.7551727294922,2020-04-28,223.90867614746094,0,3.0,33.09000015258789,2020-04-28,2020-04-27,3.113467216491699,298.1958312988281,2020-04-29,13.90999984741211,12.5,2020-04-28,0.42877197265625,3.0,"{""type"":""Point"",""coordinates"":[96.2554052768416,23.17864469518088]}"
701,30,0.02219007909297943,251.54380798339844,2019-03-07,5476.7119140625,0,2.0,0.0,2019-03-07,2019-03-06,11.03673267364502,264.4435729980469,2019-03-08,0.0,0.0,2019-03-07,0.111358642578125,1.0,"{""type"":""Point"",""coordinates"":[88.71956243458312,28.528393764637464]}"
702,10,0.2796933054924011,213.60073852539062,2019-05-06,298.0701599121094,0,7.0,191.4499969482422,2019-05-06,2019-05-05,9.442132949829102,295.50030517578125,2019-05-07,0.2800000011920929,0.0,2019-05-06,0.47573915123939514,7.0,"{""type"":""Point"",""coordinates"":[96.83252880573606,26.71137069092906]}"
703,10,0.09054724872112274,175.93072509765625,2021-09-09,1161.4322509765625,0,1.0,6.259999752044678,2021-09-09,2021-09-08,44.32642364501953,292.159423828125,2021-09-10,9.920000076293945,14.583333015441895,2021-09-09,0.4135875701904297,1.0,"{""type"":""Point"",""coordinates"":[95.81818766203212,28.534639220951895]}"
704,10,0.332095205783844,305.6285095214844,2021-06-07,31.198095321655273,0,1.0,0.25999999046325684,2021-06-07,2021-06-06,3.6231608390808105,304.52752685546875,2021-06-08,3.929999828338623,4.166666507720947,2021-06-07,0.32133927941322327,1.0,"{""type"":""Point"",""coordinates"":[88.21973443753335,25.356585708354412]}"
705,40,0.055071987211704254,75.05236053466797,2021-06-20,143.8991241455078,0,2210.0,12.019999504089355,2021-06-20,2021-06-19,4.3258233070373535,298.11102294921875,2021-06-21,17.44999885559082,10.416666984558105,2021-06-20,0.4245929718017578,1.0,"{""type"":""Point"",""coordinates"":[94.36083981747313,24.17109500739505]}"
706,30,0.06261131912469864,228.91690063476562,2021-03-18,5222.92138671875,0,5.0,0.3499999940395355,2021-03-18,2021-03-17,21.463796615600586,272.2965087890625,2021-03-19,0.029999999329447746,0.0,2021-03-18,0.37452825903892517,5.0,"{""type"":""Point"",""coordinates"":[92.09056476474636,29.476746799701143]}"
707,10,0.3708804249763489,41.479183197021484,2021-12-17,887.9451293945312,0,2.0,0.0,2021-12-17,2021-12-16,11.30240249633789,288.4945373535156,2021-12-18,0.0,0.0,2021-12-17,0.36738458275794983,2.0,"{""type"":""Point"",""coordinates"":[92.52906865926373,25.61274962097758]}"
708,95,-0.007813116535544395,309.7744140625,2022-06-27,6.213525295257568,0,1.0,0.17999999225139618,2022-06-27,2022-06-26,3.475152015686035,301.4037780761719,2022-06-28,0.9800000190734863,0.0,2022-06-27,0.4770762026309967,1.0,"{""type"":""Point"",""coordinates"":[89.40775594656641,22.20341327247727]}"
709,60,0.04170999303460121,352.85845947265625,2023-02-03,4823.357421875,0,12.0,0.0,2023-02-03,2023-02-02,5.074827194213867,270.8100891113281,2023-02-04,0.0,0.0,2023-02-03,0.14205868542194366,7.0,"{""type"":""Point"",""coordinates"":[88.06260912727377,28.110613073173486]}"
710,10,0.8414224982261658,3.08744740486145,2020-12-14,152.81298828125,0,3.0,0.0,2020-12-14,2020-12-13,9.618853569030762,291.44232177734375,2020-12-15,0.0,0.0,2020-12-14,0.2562732696533203,3.0,"{""type"":""Point"",""coordinates"":[97.19272238740058,25.077487653986537]}"
711,30,0.08175666630268097,277.6868591308594,2023-10-12,1252.1937255859375,0,1.0,0.0,2023-10-12,2023-10-11,12.354255676269531,295.3231506347656,2023-10-13,0.0,0.0,2023-10-12,0.46328863501548767,1.0,"{""type"":""Point"",""coordinates"":[91.15558267462484,25.66014319337639]}"
712,60,-0.01506118569523096,356.83477783203125,2022-04-23,5479.7001953125,0,2.0,7.859999656677246,2022-04-23,2022-04-22,12.807456016540527,276.696044921875,2022-04-24,3.259999990463257,2.0833332538604736,2022-04-23,0.23774783313274384,2.0,"{""type"":""Point"",""coordinates"":[92.10358706615168,28.317591678935745]}"
713,10,0.31391119956970215,126.50244903564453,2021-01-23,1262.4471435546875,0,32.0,0.0,2021-01-23,2021-01-22,15.426783561706543,280.2963562011719,2021-01-24,0.0,0.0,2021-01-23,0.38523101806640625,2.0,"{""type"":""Point"",""coordinates"":[97.13949288953529,27.44948349893662]}"
714,60,0.006682103965431452,304.17657470703125,2019-06-11,5434.0234375,0,195.0,1128.0,2019-06-11,2019-06-10,30.116018295288086,283.3316345214844,2019-06-12,0.15000000596046448,0.0,2019-06-11,0.05717786028981209,188.0,"{""type"":""Point"",""coordinates"":[90.50790807455009,28.26652201583498]}"
715,80,-0.34391534328460693,-0.0,2019-01-21,0.0,0,0.0,0.0,2019-01-21,2019-01-20,0.0,0.0,2019-01-22,0.0,0.0,2019-01-21,0.0,0.0,"{""type"":""Point"",""coordinates"":[90.73817163591107,21.82197037495909]}"
716,40,0.2369077354669571,161.76319885253906,2023-05-13,6.412110328674316,0,1.0,7.329999923706055,2023-05-13,2023-05-12,0.34947577118873596,306.0031433105469,2023-05-14,2.5,4.166666507720947,2023-05-13,0.2630577087402344,1.0,"{""type"":""Point"",""coordinates"":[90.63403993093215,24.317696813525245]}"
717,10,0.15999680757522583,67.85061645507812,2022-08-22,55.463504791259766,0,1.0,0.0,2022-08-22,2022-08-21,7.434868335723877,302.2773742675781,2022-08-23,11.489999771118164,6.25,2022-08-22,0.40057244896888733,1.0,"{""type"":""Point"",""coordinates"":[89.45327269535241,26.484482088612616]}"
718,10,0.4284852147102356,33.76778793334961,2019-12-30,211.30409240722656,0,2.0,0.0,2019-12-30,2019-12-29,1.8023473024368286,288.79412841796875,2019-12-31,0.0,0.0,2019-12-30,0.3765392303466797,1.0,"{""type"":""Point"",""coordinates"":[96.44108798698242,24.835573999780653]}"
719,10,0.4789400100708008,302.6409912109375,2023-01-07,178.0787811279297,0,117.0,0.0,2023-01-07,2023-01-06,3.2311835289001465,291.2624816894531,2023-01-08,0.0,0.0,2023-01-07,0.30967140197753906,117.0,"{""type"":""Point"",""coordinates"":[94.92691423323168,24.217488396791246]}"
720,60,0.00349143473431468,135.4416046142578,2019-12-04,112.55435180664062,0,3.0,0.0,2019-12-04,2019-12-03,5.27506160736084,291.8907470703125,2019-12-05,0.0,0.0,2019-12-04,0.4176724851131439,2.0,"{""type"":""Point"",""coordinates"":[95.14875298069653,27.671227158426433]}"
721,90,-0.022821422666311264,235.65245056152344,2019-09-29,2.466369152069092,0,2.0,26.989999771118164,2019-09-29,2019-09-28,0.2777648866176605,301.8346862792969,2019-09-30,17.8799991607666,31.25,2019-09-29,0.4126523435115814,1.0,"{""type"":""Point"",""coordinates"":[91.21246761468426,24.790521920782286]}"
722,30,0.07591196894645691,188.05349731445312,2021-03-11,4606.1455078125,0,7.0,8.359999656677246,2021-03-11,2021-03-10,27.072216033935547,272.8002624511719,2021-03-12,0.3399999737739563,0.0,2021-03-11,0.3752409517765045,4.0,"{""type"":""Point"",""coordinates"":[92.97742194835719,28.900663973292687]}"
723,40,-9.455080144107342E-4,57.6695671081543,2022-04-27,1051.030029296875,0,89.0,658.5999755859375,2022-04-27,2022-04-26,1.5431544780731201,292.57037353515625,2022-04-28,0.0,0.0,2022-04-27,0.42957496643066406,89.0,"{""type"":""Point"",""coordinates"":[94.30679262280474,25.261893000553243]}"
724,10,0.15038767457008362,163.5095977783203,2023-02-17,765.7979125976562,0,56.0,134.0,2023-02-17,2023-02-16,37.89130783081055,289.012939453125,2023-02-18,8.020000457763672,4.166666507720947,2023-02-17,0.45039430260658264,50.0,"{""type"":""Point"",""coordinates"":[93.31248054406367,27.10326725739429]}"
725,10,0.5999399423599243,34.208229064941406,2021-04-14,300.0342102050781,0,4.0,0.0,2021-04-14,2021-04-13,23.748497009277344,301.1121826171875,2021-04-15,0.0,0.0,2021-04-14,0.1704069823026657,1.0,"{""type"":""Point"",""coordinates"":[92.80407399454762,24.278681597664423]}"
726,60,0.08120035380125046,127.25519561767578,2019-03-28,3866.34716796875,0,3.0,0.0,2019-03-28,2019-03-27,0.49560612440109253,273.4285583496094,2019-03-29,0.0,0.0,2019-03-28,0.28429412841796875,3.0,"{""type"":""Point"",""coordinates"":[89.12017062295119,29.183044471839185]}"
727,30,0.4139394164085388,130.75880432128906,2021-11-07,876.3934936523438,0,33.0,0.0,2021-11-07,2021-11-06,21.163232803344727,292.8883361816406,2021-11-08,0.0,0.0,2021-11-07,0.33666038513183594,1.0,"{""type"":""Point"",""coordinates"":[93.17460146213865,22.497119401551625]}"
728,40,0.08837563544511795,342.0157165527344,2021-04-09,96.59485626220703,0,1.0,5.069999694824219,2021-04-09,2021-04-08,0.5006113052368164,302.87432861328125,2021-04-10,0.11999999731779099,0.0,2021-04-09,0.26127877831459045,1.0,"{""type"":""Point"",""coordinates"":[96.0013104322448,23.06893984124955]}"
729,40,0.009226921014487743,176.24057006835938,2019-07-28,54.946372985839844,0,1.0,4.089999675750732,2019-07-28,2019-07-27,2.473539113998413,300.74566650390625,2019-07-29,0.8199999332427979,2.0833332538604736,2019-07-28,0.413195937871933,1.0,"{""type"":""Point"",""coordinates"":[88.6309656576149,26.089917213690278]}"
730,10,0.4290568232536316,164.90762329101562,2023-11-27,255.24136352539062,0,3.0,0.0,2023-11-27,2023-11-26,3.574993848800659,294.5209655761719,2023-11-28,0.0,0.0,2023-11-27,0.4125150144100189,3.0,"{""type"":""Point"",""coordinates"":[95.3660530111488,23.721849560823284]}"
731,30,0.03187834471464157,154.86053466796875,2021-03-29,5339.42041015625,0,2.0,0.0,2021-03-29,2021-03-28,6.338858604431152,272.7484436035156,2021-03-30,0.0,0.0,2021-03-29,0.34054693579673767,2.0,"{""type"":""Point"",""coordinates"":[91.07710436439575,28.681391930247692]}"
732,10,0.3379344046115875,99.10164642333984,2019-01-09,426.6496276855469,0,14.0,6.609999656677246,2019-01-09,2019-01-08,34.74393081665039,290.104248046875,2019-01-10,0.0,0.0,2019-01-09,0.47817739844322205,1.0,"{""type"":""Point"",""coordinates"":[97.1996376850967,23.778361158735382]}"
733,10,0.11264917254447937,345.4479064941406,2019-09-20,750.0431518554688,0,2.0,0.0,2019-09-20,2019-09-19,11.246227264404297,296.4815979003906,2019-09-21,16.149999618530273,22.91666603088379,2019-09-20,0.4840056002140045,2.0,"{""type"":""Point"",""coordinates"":[97.40313639715909,26.8641572418428]}"
734,40,0.3158651292324066,203.52146911621094,2020-12-06,50.74921417236328,0,2.0,4.679999828338623,2020-12-06,2020-12-05,0.22093738615512848,293.7075500488281,2020-12-07,0.0,0.0,2020-12-06,0.36849913001060486,2.0,"{""type"":""Point"",""coordinates"":[91.88786725303545,26.377189451911136]}"
735,10,0.3894485831260681,132.04649353027344,2023-11-22,979.6194458007812,0,1.0,4.059999942779541,2023-11-22,2023-11-21,20.651987075805664,291.3077392578125,2023-11-23,0.0,0.0,2023-11-22,0.38146528601646423,1.0,"{""type"":""Point"",""coordinates"":[93.73539587114247,22.96372952736067]}"
736,80,-0.4904831647872925,-0.0,2022-12-11,0.0,0,0.0,0.0,2022-12-11,2022-12-10,0.0,0.0,2022-12-12,0.0,0.0,2022-12-11,0.0,0.0,"{""type"":""Point"",""coordinates"":[89.53372739051694,21.500592037606413]}"
737,10,0.2921692132949829,355.2721252441406,2021-12-20,1471.6341552734375,0,1.0,0.0,2021-12-20,2021-12-19,17.66203498840332,280.9208068847656,2021-12-21,0.0,0.0,2021-12-20,0.30483436584472656,1.0,"{""type"":""Point"",""coordinates"":[96.0851411815231,28.308346612438548]}"
738,30,0.0493987500667572,245.17477416992188,2020-08-14,4935.9140625,0,1.0,0.699999988079071,2020-08-14,2020-08-13,32.23630905151367,282.1436767578125,2020-08-15,12.960000038146973,14.583333015441895,2020-08-14,0.40968450903892517,1.0,"{""type"":""Point"",""coordinates"":[90.79319465110615,28.258009157726843]}"
739,10,0.014084506779909134,51.70713806152344,2019-04-06,2092.15478515625,0,2.0,0.3199999928474426,2019-04-06,2019-04-05,38.807315826416016,285.60205078125,2019-04-07,0.16999998688697815,0.0,2019-04-06,0.4018770754337311,2.0,"{""type"":""Point"",""coordinates"":[93.96432869533045,27.61706331646657]}"
740,10,0.48487699031829834,216.03094482421875,2021-12-24,1021.6629028320312,0,15.0,0.7199999690055847,2021-12-24,2021-12-23,33.69955062866211,283.7953796386719,2021-12-25,0.0,0.0,2021-12-24,0.44708696007728577,12.0,"{""type"":""Point"",""coordinates"":[95.40123675292557,26.13377427801882]}"
741,80,-0.10736077278852463,-0.0,2019-10-03,0.0,0,0.0,0.0,2019-10-03,2019-10-02,0.0,0.0,2019-10-04,0.44999998807907104,0.0,2019-10-03,0.0,0.0,"{""type"":""Point"",""coordinates"":[89.74777884929388,21.78112562119386]}"
742,40,0.1351020187139511,17.598369598388672,2020-05-03,87.63308715820312,0,1.0,0.08999999612569809,2020-05-03,2020-05-02,0.49809786677360535,299.4384460449219,2020-05-04,8.889999389648438,14.583333015441895,2020-05-03,0.4930044710636139,1.0,"{""type"":""Point"",""coordinates"":[94.69836287798073,22.790779821818344]}"
743,10,0.6536999344825745,34.314857482910156,2019-10-24,780.3330688476562,0,2.0,11.65999984741211,2019-10-24,2019-10-23,26.644271850585938,289.5373229980469,2019-10-25,23.369998931884766,8.333333015441895,2019-10-24,0.4238497316837311,2.0,"{""type"":""Point"",""coordinates"":[90.04102706415475,27.079078866643183]}"
744,40,0.13486157357692719,8.633138656616211,2023-10-11,42.46377182006836,0,2.0,0.41999998688697815,2023-10-11,2023-10-10,2.376866579055786,299.7353515625,2023-10-12,3.2799999713897705,6.25,2023-10-11,0.41424813866615295,2.0,"{""type"":""Point"",""coordinates"":[90.41178380936697,26.315834485086693]}"
745,10,0.5929770469665527,335.31610107421875,2020-02-04,2756.437744140625,0,2.0,0.0,2020-02-04,2020-02-03,21.080936431884766,274.3152770996094,2020-02-05,2.9700000286102295,0.0,2020-02-04,0.38480058312416077,2.0,"{""type"":""Point"",""coordinates"":[89.44115679351219,27.348037714230937]}"
746,40,-0.03461816534399986,136.86276245117188,2022-07-10,45.89486312866211,0,3.0,8.489999771118164,2022-07-10,2022-07-09,3.8062241077423096,303.56097412109375,2022-07-11,14.719999313354492,16.66666603088379,2022-07-10,0.3866545259952545,3.0,"{""type"":""Point"",""coordinates"":[91.14145262130384,26.394110176532802]}"
747,80,-0.16487672924995422,-0.0,2023-05-02,0.0,0,0.0,0.0,2023-05-02,2023-05-01,0.0,0.0,2023-05-03,0.009999999776482582,0.0,2023-05-02,0.0,0.0,"{""type"":""Point"",""coordinates"":[90.51836760732016,21.595180733151487]}"
748,10,0.6626875996589661,126.65718841552734,2019-01-26,113.44296264648438,0,1.0,0.0,2019-01-26,2019-01-25,14.258637428283691,293.23004150390625,2019-01-27,0.0,0.0,2019-01-26,0.1674989014863968,1.0,"{""type"":""Point"",""coordinates"":[92.37419282746333,21.933172987801363]}"
749,10,0.0529034286737442,64.54319763183594,2020-04-07,1760.07958984375,0,192.0,549.1199951171875,2020-04-07,2020-04-06,22.4845027923584,284.06378173828125,2020-04-08,3.740000009536743,0.0,2020-04-07,0.4270852506160736,192.0,"{""type"":""Point"",""coordinates"":[93.42719428676793,27.37577252566848]}"
750,40,0.16092178225517273,106.6061782836914,2020-05-10,21.103185653686523,0,1.0,0.0,2020-05-10,2020-05-09,0.43669548630714417,301.03936767578125,2020-05-11,27.729999542236328,14.583333015441895,2020-05-10,0.34856605529785156,1.0,"{""type"":""Point"",""coordinates"":[88.67015157713232,24.990367579955976]}"
751,10,0.16112594306468964,119.75492095947266,2020-11-09,31.330991744995117,0,1.0,0.0,2020-11-09,2020-11-08,9.998292922973633,297.7032470703125,2020-11-10,0.0,0.0,2020-11-09,0.44444021582603455,1.0,"{""type"":""Point"",""coordinates"":[91.41858360733507,23.30821581429776]}"
752,10,0.23978058993816376,101.37319946289062,2023-01-01,2177.58154296875,0,1.0,0.0,2023-01-01,2022-12-31,12.775545120239258,283.9727783203125,2023-01-02,0.003000000026077032,0.0,2023-01-01,0.20135371387004852,1.0,"{""type"":""Point"",""coordinates"":[93.37091273030097,21.968129187541834]}"
753,30,0.19649314880371094,348.9953308105469,2022-09-30,1458.2327880859375,0,1.0,1.4800000190734863,2022-09-30,2022-09-29,34.16600799560547,294.0874938964844,2022-10-01,9.5,10.416666984558105,2022-09-30,0.3915812075138092,1.0,"{""type"":""Point"",""coordinates"":[93.47268792098679,23.02968821663855]}"
754,70,-0.010481852106750011,177.475830078125,2020-11-12,5007.64453125,0,1.0,0.0,2020-11-12,2020-11-11,31.683063507080078,272.3522033691406,2020-11-13,0.0,0.0,2020-11-12,0.38066229224205017,1.0,"{""type"":""Point"",""coordinates"":[97.31597479210559,29.164153151596267]}"
755,40,0.514689564704895,123.85565948486328,2023-11-28,107.52162170410156,0,4.0,0.07999999821186066,2023-11-28,2023-11-27,0.24909304082393646,293.05853271484375,2023-11-29,0.0,0.0,2023-11-28,0.18971697986125946,4.0,"{""type"":""Point"",""coordinates"":[94.07651571656564,27.31728347078849]}"
756,60,0.38550421595573425,157.8250732421875,2023-03-30,35.699275970458984,0,3.0,0.0,2023-03-30,2023-03-29,1.4659850597381592,299.01678466796875,2023-03-31,0.0,0.0,2023-03-30,0.22767765820026398,1.0,"{""type"":""Point"",""coordinates"":[88.01788399085775,25.808858809204846]}"
757,10,0.4740161895751953,93.79827880859375,2022-03-05,14.546005249023438,0,1.0,0.0,2022-03-05,2022-03-04,6.901702880859375,299.638671875,2022-03-06,0.0,0.0,2022-03-05,0.08704948425292969,1.0,"{""type"":""Point"",""coordinates"":[92.07115948783628,22.157012321181966]}"
758,40,-0.030067894607782364,286.0592346191406,2023-06-24,152.8656463623047,0,3.0,18.719999313354492,2023-06-24,2023-06-23,0.7675040364265442,302.9739685058594,2023-06-25,1.0099999904632568,2.0833332538604736,2023-06-24,0.3527863919734955,3.0,"{""type"":""Point"",""coordinates"":[94.7640110414182,22.204921578205614]}"
759,10,0.038471974432468414,267.4796447753906,2022-09-29,780.7459716796875,0,3.0,15.420000076293945,2022-09-29,2022-09-28,25.10542106628418,297.1896057128906,2022-09-30,0.0,0.0,2022-09-29,0.47505250573158264,2.0,"{""type"":""Point"",""coordinates"":[90.98411134099084,25.54200223845411]}"
760,30,-0.017291458323597908,349.78118896484375,2023-07-04,4609.111328125,0,2.0,8.15999984741211,2023-07-04,2023-07-03,21.125713348388672,281.4876708984375,2023-07-05,8.149999618530273,12.5,2023-07-04,0.4234841763973236,1.0,"{""type"":""Point"",""coordinates"":[89.47082003997564,27.62020971638802]}"
761,10,0.19687208533287048,61.13497543334961,2021-06-19,162.58282470703125,0,2.0,2.1999998092651367,2021-06-19,2021-06-18,4.091393947601318,300.5545654296875,2021-06-20,0.0,0.0,2021-06-19,0.46434465050697327,2.0,"{""type"":""Point"",""coordinates"":[96.4975920444977,23.327769284804912]}"
762,10,0.037806689739227295,135.37403869628906,2021-06-04,1268.955322265625,0,1.0,20.149999618530273,2021-06-04,2021-06-03,12.433229446411133,295.624755859375,2021-06-05,9.329999923706055,18.75,2021-06-04,0.46351751685142517,1.0,"{""type"":""Point"",""coordinates"":[97.00520675447609,22.865456952549188]}"
763,10,0.19364415109157562,280.7246398925781,2022-02-09,945.130859375,0,3.0,0.0,2022-02-09,2022-02-08,17.170995712280273,284.5694580078125,2022-02-10,0.16999998688697815,0.0,2022-02-09,0.46109136939048767,1.0,"{""type"":""Point"",""coordinates"":[94.18880986372707,25.70462715232725]}"
764,10,0.5869663953781128,266.1647644042969,2021-02-09,259.065673828125,0,2.0,0.0,2021-02-09,2021-02-08,3.7974636554718018,289.9823303222656,2021-02-10,0.0,0.0,2021-02-09,0.30702653527259827,2.0,"{""type"":""Point"",""coordinates"":[93.4336187477563,25.721326630037943]}"
765,40,0.7353668212890625,223.8097381591797,2023-11-08,15.142760276794434,0,5.0,0.0,2023-11-08,2023-11-07,0.34053856134414673,298.7733459472656,2023-11-09,0.0,0.0,2023-11-08,0.18063735961914062,1.0,"{""type"":""Point"",""coordinates"":[89.41643398777974,24.72223164744264]}"
766,40,0.18272840976715088,355.67828369140625,2022-03-15,105.43940734863281,0,4.0,0.0,2022-03-15,2022-03-14,0.9437463283538818,300.03094482421875,2022-03-16,0.0,0.0,2022-03-15,0.24776585400104523,1.0,"{""type"":""Point"",""coordinates"":[93.15442560298247,25.9995760557797]}"
767,80,-0.5704510807991028,-0.0,2021-01-05,0.0,0,0.0,0.0,2021-01-05,2021-01-04,0.0,0.0,2021-01-06,0.0,0.0,2021-01-05,0.0,0.0,"{""type"":""Point"",""coordinates"":[90.34426099787669,21.561522088915602]}"
768,40,0.14212672412395477,60.576316833496094,2023-12-02,4.801373481750488,0,48.0,0.0,2023-12-02,2023-12-01,0.493524968624115,297.7861328125,2023-12-03,0.0,0.0,2023-12-02,0.26872506737709045,48.0,"{""type"":""Point"",""coordinates"":[90.4100500144894,24.49369997492975]}"
769,10,0.08350567519664764,64.03004455566406,2022-10-21,1243.5684814453125,0,5.0,0.29999998211860657,2022-10-21,2022-10-20,27.972993850708008,285.5150451660156,2022-10-22,0.0,0.0,2022-10-21,0.4132169187068939,5.0,"{""type"":""Point"",""coordinates"":[92.7964628155837,27.467093290383744]}"
770,10,0.21274472773075104,67.95409393310547,2023-11-09,120.45404052734375,0,1.0,0.0,2023-11-09,2023-11-08,9.575122833251953,295.7564697265625,2023-11-10,0.0,0.0,2023-11-09,0.31087303161621094,1.0,"{""type"":""Point"",""coordinates"":[94.84627147276785,26.88609576760657]}"
771,30,0.2479761391878128,191.9553680419922,2020-10-13,3564.67236328125,0,2.0,0.0,2020-10-13,2020-10-12,13.112327575683594,284.880615234375,2020-10-14,0.0,0.0,2020-10-13,0.30580711364746094,1.0,"{""type"":""Point"",""coordinates"":[92.60875560379858,29.12061029429034]}"
772,40,0.019904574379324913,17.178356170654297,2023-12-19,2.325080156326294,0,1.0,0.0,2023-12-19,2023-12-18,0.06837286800146103,293.0838928222656,2023-12-20,0.0,0.0,2023-12-19,0.36644744873046875,1.0,"{""type"":""Point"",""coordinates"":[89.71559520319536,22.412715280547104]}"
773,60,0.0051018293015658855,248.98370361328125,2021-05-09,2.3115622997283936,0,6.0,10.719999313354492,2021-05-09,2021-05-08,1.2994683980941772,0.0,2021-05-10,0.0,0.0,2021-05-09,0.0,2.0,"{""type"":""Point"",""coordinates"":[91.43280827519496,22.5735451713169]}"
774,10,0.4737308919429779,32.487979888916016,2019-12-20,561.1957397460938,0,1.0,0.0,2019-12-20,2019-12-19,32.955501556396484,288.1053466796875,2019-12-21,0.0,0.0,2019-12-20,0.17337417602539062,1.0,"{""type"":""Point"",""coordinates"":[92.9311715279012,23.197680422855502]}"
775,10,-0.0023514418862760067,231.8656768798828,2023-08-23,2384.570556640625,0,3.0,101.69999694824219,2023-08-23,2023-08-22,25.802579879760742,291.8616027832031,2023-08-24,131.09999084472656,29.16666603088379,2023-08-23,0.4255422055721283,1.0,"{""type"":""Point"",""coordinates"":[94.71917989401098,28.67529975745589]}"
776,40,0.031469378620386124,0.0473049134016037,2022-06-17,229.2119598388672,0,2.0,85.37999725341797,2022-06-17,2022-06-16,2.2278785705566406,299.8654479980469,2022-06-18,15.089999198913574,22.91666603088379,2022-06-17,0.48167356848716736,2.0,"{""type"":""Point"",""coordinates"":[95.9592876811622,23.775967177192463]}"
777,10,0.7768148183822632,196.4547576904297,2022-03-02,673.2349243164062,0,2.0,0.1120000034570694,2022-03-02,2022-03-01,29.408733367919922,290.6903381347656,2022-03-03,0.0,0.0,2022-03-02,0.19813473522663116,2.0,"{""type"":""Point"",""coordinates"":[93.0745379008265,24.147943084681522]}"
778,10,0.14054448902606964,101.7747573852539,2020-05-22,641.6944580078125,0,11.0,3826.02001953125,2020-05-22,2020-05-21,10.789742469787598,289.72674560546875,2020-05-23,73.80999755859375,79.16666412353516,2020-05-22,0.42821821570396423,11.0,"{""type"":""Point"",""coordinates"":[91.18767642922879,27.22927949516159]}"
779,60,0.025801703333854675,336.08123779296875,2020-09-03,172.78758239746094,0,1.0,0.0,2020-09-03,2020-09-02,6.054466724395752,300.46173095703125,2020-09-04,0.0,0.0,2020-09-03,0.45034727454185486,1.0,"{""type"":""Point"",""coordinates"":[95.23015268143217,25.22305273459808]}"
780,40,0.02986932173371315,46.682594299316406,2020-11-02,3.1614325046539307,0,1.0,5.483999729156494,2020-11-02,2020-11-01,0.23918874561786652,300.6090393066406,2020-11-03,8.319999694824219,8.333333015441895,2020-11-02,0.3969078063964844,1.0,"{""type"":""Point"",""coordinates"":[91.40242168689795,24.624078615529115]}"
781,30,0.03720967471599579,176.7769775390625,2023-07-10,5311.439453125,0,1.0,8.09000015258789,2023-07-10,2023-07-09,15.41771125793457,285.4043884277344,2023-07-11,1.559999942779541,4.166666507720947,2023-07-10,0.39834657311439514,1.0,"{""type"":""Point"",""coordinates"":[91.81532530032496,28.67760362300341]}"
782,40,-0.012859276495873928,196.89892578125,2020-07-20,11.659431457519531,0,5.0,593.8999633789062,2020-07-20,2020-07-19,0.202551007270813,301.26934814453125,2020-07-21,91.48999786376953,62.5,2020-07-20,0.4308408200740814,5.0,"{""type"":""Point"",""coordinates"":[90.36884777905928,24.995247508406653]}"
783,10,0.6377372741699219,112.64112854003906,2019-02-20,521.7064208984375,0,1.0,0.0,2019-02-20,2019-02-19,29.01278305053711,292.4024658203125,2019-02-21,0.0,0.0,2019-02-20,0.2689685821533203,1.0,"{""type"":""Point"",""coordinates"":[93.96131363506254,22.602588089461232]}"
784,10,0.39170125126838684,234.27780151367188,2020-04-06,709.960693359375,0,1.0,0.0,2020-04-06,2020-04-05,21.774126052856445,299.4212341308594,2020-04-07,0.0,0.0,2020-04-06,0.28178343176841736,1.0,"{""type"":""Point"",""coordinates"":[97.47281633548364,22.81586339937383]}"
785,10,0.3097541630268097,52.02633285522461,2022-12-30,827.3176879882812,0,1.0,0.11999999731779099,2022-12-30,2022-12-29,16.465627670288086,290.6355285644531,2022-12-31,0.0,0.0,2022-12-30,0.24118614196777344,1.0,"{""type"":""Point"",""coordinates"":[94.30628250793603,22.3054299546073]}"
786,10,0.07633498311042786,71.37004089355469,2023-12-25,2769.068359375,0,77.0,0.3699999749660492,2023-12-25,2023-12-24,29.328184127807617,275.5577087402344,2023-12-26,0.0,0.0,2023-12-25,0.38256391882896423,1.0,"{""type"":""Point"",""coordinates"":[93.08296697276258,28.12485875621756]}"
787,10,0.11045686900615692,310.9841613769531,2021-05-27,64.36358642578125,0,2.0,36.79999923706055,2021-05-27,2021-05-26,3.664155960083008,302.14593505859375,2021-05-28,0.0,0.0,2021-05-27,0.4683888852596283,2.0,"{""type"":""Point"",""coordinates"":[92.55752819805228,26.325779849422307]}"
788,10,0.19936902821063995,43.99485778808594,2020-11-13,433.4549865722656,0,3.0,0.0,2020-11-13,2020-11-12,28.70120620727539,296.42919921875,2020-11-14,0.0,0.0,2020-11-13,0.33393287658691406,1.0,"{""type"":""Point"",""coordinates"":[92.58587688368259,22.916259705217172]}"
789,60,0.21484383940696716,94.8160629272461,2023-10-20,94.93269348144531,0,5.0,0.0,2023-10-20,2023-10-19,1.1187191009521484,300.66107177734375,2023-10-21,0.0,0.0,2023-10-20,0.40308570861816406,5.0,"{""type"":""Point"",""coordinates"":[95.09250969542764,22.339382309272054]}"
790,40,0.17182855308055878,322.17071533203125,2019-06-05,88.42547607421875,0,68.0,3207.56005859375,2019-06-05,2019-06-04,0.4477439224720001,302.5201416015625,2019-06-06,0.0,0.0,2019-06-05,0.4249458312988281,68.0,"{""type"":""Point"",""coordinates"":[94.71230987174965,22.839981379573093]}"
791,30,0.12643098831176758,66.552490234375,2020-11-12,78.28276824951172,0,2.0,0.0,2020-11-12,2020-11-11,2.0230765342712402,300.13134765625,2020-11-13,0.0,0.0,2020-11-12,0.36148199439048767,1.0,"{""type"":""Point"",""coordinates"":[95.12126144012471,21.914681850784866]}"
792,60,0.059393759816884995,299.1826477050781,2023-03-21,5016.408203125,0,7.0,0.20999999344348907,2023-03-21,2023-03-20,2.49780535697937,272.0032653808594,2023-03-22,0.0,0.0,2023-03-21,0.298321396112442,7.0,"{""type"":""Point"",""coordinates"":[88.75203192295879,28.136364936983927]}"
793,70,-0.029541824012994766,133.36607360839844,2019-09-28,5674.30810546875,0,5.0,47.599998474121094,2019-09-28,2019-09-27,44.70112991333008,276.2027587890625,2019-09-29,0.25,0.0,2019-09-28,0.37998709082603455,5.0,"{""type"":""Point"",""coordinates"":[90.11530368332878,28.132070356084064]}"
794,10,0.7861354351043701,39.087242126464844,2021-02-17,176.66636657714844,0,4.0,0.0,2021-02-17,2021-02-16,3.092957019805908,293.6254577636719,2021-02-18,0.0,0.0,2021-02-17,0.2776832580566406,1.0,"{""type"":""Point"",""coordinates"":[95.36359360561659,25.59630521140484]}"
795,40,0.2176489233970642,191.00967407226562,2023-10-23,11.384218215942383,0,39.0,0.0,2023-10-23,2023-10-22,0.3002099096775055,300.52313232421875,2023-10-24,0.5299999713897705,2.0833332538604736,2023-10-23,0.2396189421415329,8.0,"{""type"":""Point"",""coordinates"":[89.0265893182775,24.225200888901156]}"
796,10,-0.010199625976383686,59.74441146850586,2021-08-20,4073.752685546875,0,4.0,119.95999908447266,2021-08-20,2021-08-19,42.56895065307617,286.1296081542969,2021-08-21,16.469999313354492,33.33333206176758,2021-08-20,0.428466796875,2.0,"{""type"":""Point"",""coordinates"":[95.13541552743129,29.4204290689033]}"
797,10,0.14510230720043182,171.84454345703125,2022-02-22,145.10076904296875,0,6.0,13.260000228881836,2022-02-22,2022-02-21,6.4137349128723145,290.2943420410156,2022-02-23,0.0,0.0,2022-02-22,0.4416586458683014,6.0,"{""type"":""Point"",""coordinates"":[92.98862078453675,25.730615132256805]}"
798,10,0.8764898180961609,179.95513916015625,2022-12-08,224.00462341308594,0,3.0,0.0,2022-12-08,2022-12-07,11.363274574279785,290.532958984375,2022-12-09,0.0,0.0,2022-12-08,0.2859528958797455,3.0,"{""type"":""Point"",""coordinates"":[95.99801493176314,27.32057531777473]}"
799,10,0.24571695923805237,148.73159790039062,2020-01-19,751.6447143554688,0,1.0,0.0,2020-01-19,2020-01-18,1.5486702919006348,291.30072021484375,2020-01-20,0.0,0.0,2020-01-19,0.3008206784725189,1.0,"{""type"":""Point"",""coordinates"":[97.1485022454633,21.73845580718104]}"
800,40,0.24936170876026154,245.68258666992188,2021-12-09,3.7194485664367676,0,19.0,0.0,2021-12-09,2021-12-08,0.28845828771591187,296.4935302734375,2021-12-10,19.34000015258789,29.16666603088379,2021-12-09,0.3948688507080078,19.0,"{""type"":""Point"",""coordinates"":[91.2806680374334,23.12025757953453]}"
801,100,0.04357384890317917,199.31959533691406,2019-12-16,5056.833984375,0,12.0,0.03999999910593033,2019-12-16,2019-12-15,34.58332443237305,271.4870300292969,2019-12-17,0.0,0.0,2019-12-16,0.3342374265193939,1.0,"{""type"":""Point"",""coordinates"":[91.66729181162869,29.417078149917863]}"
802,40,0.5678581595420837,268.64691162109375,2019-10-20,94.81385040283203,0,1.0,0.0,2019-10-20,2019-10-19,0.44799384474754333,301.5738830566406,2019-10-21,0.0,0.0,2019-10-20,0.433245986700058,1.0,"{""type"":""Point"",""coordinates"":[95.68865137435259,22.520665732123128]}"
803,40,0.21881148219108582,57.13758850097656,2023-11-05,67.71839141845703,0,75.0,0.0,2023-11-05,2023-11-04,0.5259951949119568,297.7855224609375,2023-11-06,0.0,0.0,2023-11-05,0.3200874328613281,2.0,"{""type"":""Point"",""coordinates"":[91.8170313289617,23.958384480810533]}"
804,10,0.21182245016098022,50.15188217163086,2023-06-08,344.59808349609375,0,1.0,181.70999145507812,2023-06-08,2023-06-07,22.95096778869629,300.14764404296875,2023-06-09,62.66999816894531,58.33333206176758,2023-06-08,0.47924676537513733,1.0,"{""type"":""Point"",""coordinates"":[96.79390135169652,23.518086438069375]}"
805,40,0.14965589344501495,247.83184814453125,2023-09-08,177.8688507080078,0,13.0,45.88999938964844,2023-09-08,2023-09-07,1.5836317539215088,299.3635559082031,2023-09-09,0.7099999785423279,0.0,2023-09-08,0.46782365441322327,1.0,"{""type"":""Point"",""coordinates"":[96.94310429493136,23.591910767365388]}"
806,40,0.025375021621584892,305.2856140136719,2019-08-21,101.98159790039062,0,4.0,32.0099983215332,2019-08-21,2019-08-20,0.4252723157405853,303.19171142578125,2019-08-22,44.46999740600586,37.5,2019-08-21,0.43659210205078125,1.0,"{""type"":""Point"",""coordinates"":[95.44612279950599,22.74074263661418]}"
807,30,0.05745659023523331,134.7969207763672,2020-08-09,530.2411499023438,0,1.0,15.69999885559082,2020-08-09,2020-08-08,1.3997833728790283,301.44537353515625,2020-08-10,7.809999942779541,10.416666984558105,2020-08-09,0.4434897005558014,1.0,"{""type"":""Point"",""coordinates"":[90.34748648276909,25.66130284948283]}"
808,30,0.030566105619072914,68.65129852294922,2021-09-02,4699.7353515625,0,2.0,2.1050000190734863,2021-09-02,2021-09-01,11.263993263244629,281.73358154296875,2021-09-03,4.480000019073486,2.0833332538604736,2021-09-02,0.41504669189453125,1.0,"{""type"":""Point"",""coordinates"":[89.04346565991334,27.80429457971522]}"
809,10,0.5391638875007629,29.435440063476562,2023-03-31,63.98798370361328,0,2.0,0.6799999475479126,2023-03-31,2023-03-30,5.850516319274902,297.7615966796875,2023-04-01,16.239999771118164,12.5,2023-03-31,0.32598623633384705,2.0,"{""type"":""Point"",""coordinates"":[90.54325370668333,25.980856570449653]}"
810,40,0.04323975369334221,60.43830490112305,2019-09-23,11.034854888916016,0,4.0,3.9599997997283936,2019-09-23,2019-09-22,0.1504722684621811,302.3359375,2019-09-24,17.959999084472656,22.91666603088379,2019-09-23,0.39207711815834045,3.0,"{""type"":""Point"",""coordinates"":[88.10900651374362,22.872828008413084]}"
811,60,0.026521310210227966,276.75091552734375,2021-06-10,4567.4462890625,0,7.0,0.0,2021-06-10,2021-06-09,24.558395385742188,287.72125244140625,2021-06-11,0.0,0.0,2021-06-10,0.10670153051614761,2.0,"{""type"":""Point"",""coordinates"":[88.01218280105452,28.600359024178918]}"
812,10,0.2524748146533966,198.8418731689453,2021-01-29,1627.1036376953125,0,19.0,0.0,2021-01-29,2021-01-28,38.62000274658203,283.119384765625,2021-01-30,0.0,0.0,2021-01-29,0.3494516909122467,8.0,"{""type"":""Point"",""coordinates"":[96.71394243949969,26.98390673884852]}"
813,10,0.02598017267882824,50.406272888183594,2019-07-06,1949.8570556640625,0,1.0,0.429999977350235,2019-07-06,2019-07-05,24.6818904876709,294.7997741699219,2019-07-07,12.75,16.66666603088379,2019-07-06,0.40432485938072205,1.0,"{""type"":""Point"",""coordinates"":[93.49684316201561,23.011760676755095]}"
814,10,0.003320601535961032,156.04689025878906,2020-07-13,1312.8853759765625,0,10.0,28.299999237060547,2020-07-13,2020-07-12,27.11698341369629,294.7086486816406,2020-07-14,92.83999633789062,41.66666793823242,2020-07-13,0.48799705505371094,5.0,"{""type"":""Point"",""coordinates"":[95.99084297257168,26.94452524919087]}"
815,10,0.22384792566299438,298.4327697753906,2022-02-24,185.4777374267578,0,6.0,0.0,2022-02-24,2022-02-23,8.14583969116211,294.40313720703125,2022-02-25,0.0,0.0,2022-02-24,0.229034423828125,4.0,"{""type"":""Point"",""coordinates"":[94.44737812437104,22.983176006283387]}"
816,10,0.28215840458869934,140.3905792236328,2023-09-01,2173.47900390625,0,137.0,28.76999855041504,2023-09-01,2023-08-31,26.34916114807129,286.6921081542969,2023-09-02,0.0,0.0,2023-09-01,0.4098294675350189,137.0,"{""type"":""Point"",""coordinates"":[91.41918448835683,27.715964864949612]}"
817,60,-0.01720031350851059,256.37652587890625,2022-09-20,5088.94140625,0,2.0,4.239999771118164,2022-09-20,2022-09-19,11.077005386352539,283.3755187988281,2022-09-21,0.0,0.0,2022-09-20,0.4158191680908203,1.0,"{""type"":""Point"",""coordinates"":[90.20072620123213,27.908801980159097]}"
818,10,0.11773643642663956,255.02745056152344,2023-01-12,1100.4876708984375,0,1.0,0.08999999612569809,2023-01-12,2023-01-11,7.399272441864014,283.7860412597656,2023-01-13,0.029999999329447746,0.0,2023-01-12,0.27269044518470764,1.0,"{""type"":""Point"",""coordinates"":[97.47958628142585,27.52262271245927]}"
819,10,0.1756351739168167,351.9017333984375,2019-06-30,126.0450439453125,0,1238.0,6920.419921875,2019-06-30,2019-06-29,7.855731010437012,300.1036071777344,2019-07-01,36.689998626708984,27.08333396911621,2019-06-30,0.4268124997615814,1238.0,"{""type"":""Point"",""coordinates"":[97.30792464431272,24.585477635091163]}"
820,90,0.0789453536272049,114.34333801269531,2021-08-10,5.753323078155518,0,17.0,192.77999877929688,2021-08-10,2021-08-09,0.3125324547290802,302.44842529296875,2021-08-11,19.079999923706055,22.91666603088379,2021-08-10,0.48658880591392517,17.0,"{""type"":""Point"",""coordinates"":[90.20561489690675,24.071734904427416]}"
821,10,0.047928374260663986,30.693387985229492,2020-06-16,711.4339599609375,0,5.0,269.4499816894531,2020-06-16,2020-06-15,20.15070152282715,296.7163391113281,2020-06-17,18.239999771118164,27.08333396911621,2020-06-16,0.5007801055908203,5.0,"{""type"":""Point"",""coordinates"":[96.16582574961947,27.263304794368768]}"
822,30,0.3491398096084595,165.8592529296875,2020-03-23,1217.0,0,3.0,8.010000228881836,2020-03-23,2020-03-22,25.54425048828125,292.8968505859375,2020-03-24,0.03999999910593033,0.0,2020-03-23,0.31820616126060486,3.0,"{""type"":""Point"",""coordinates"":[97.30971401111975,22.98030869891183]}"
823,10,0.13030071556568146,227.89700317382812,2021-07-07,27.414487838745117,0,5.0,148.14999389648438,2021-07-07,2021-07-06,1.4222675561904907,299.5522155761719,2021-07-08,24.81999969482422,20.83333396911621,2021-07-07,0.4817288815975189,5.0,"{""type"":""Point"",""coordinates"":[92.71978731846856,24.951200858919297]}"
824,30,0.19053272902965546,95.3878402709961,2021-04-03,906.2713623046875,0,3.0,0.0,2021-04-03,2021-04-02,15.057022094726562,299.1548156738281,2021-04-04,0.0,0.0,2021-04-03,0.26335081458091736,3.0,"{""type"":""Point"",""coordinates"":[96.5670964155026,21.63579070124524]}"
825,10,0.13925467431545258,341.0856018066406,2023-06-16,973.0510864257812,0,1.0,0.0,2023-06-16,2023-06-15,4.442626476287842,294.6057434082031,2023-06-17,2.5,4.166666507720947,2023-06-16,0.3912118375301361,1.0,"{""type"":""Point"",""coordinates"":[93.37559252173926,22.245750655871394]}"
826,60,0.05750624090433121,149.25909423828125,2022-11-03,4539.7099609375,0,2.0,0.0,2022-11-03,2022-11-02,6.313108444213867,273.42755126953125,2022-11-04,0.0,0.0,2022-11-03,0.3837623596191406,2.0,"{""type"":""Point"",""coordinates"":[91.00535473598671,28.792523672440254]}"
827,30,0.03878697380423546,253.88763427734375,2020-06-01,4614.69775390625,0,6.0,0.0,2020-06-01,2020-05-31,30.258529663085938,284.63446044921875,2020-06-02,0.10300000756978989,0.0,2020-06-01,0.3313668668270111,6.0,"{""type"":""Point"",""coordinates"":[89.06534567425741,28.99881941104849]}"
828,10,0.17536336183547974,25.784482955932617,2022-10-14,295.2396240234375,0,2.0,14.739999771118164,2022-10-14,2022-10-13,24.66317367553711,297.8475341796875,2022-10-15,6.769999980926514,6.25,2022-10-14,0.49925103783607483,2.0,"{""type"":""Point"",""coordinates"":[95.28252978832734,24.23110591560604]}"
829,50,0.3274460434913635,128.80441284179688,2023-02-28,124.03605651855469,0,302.0,0.0,2023-02-28,2023-02-27,3.35321044921875,302.6720275878906,2023-03-01,0.0,0.0,2023-02-28,0.24822871387004852,1.0,"{""type"":""Point"",""coordinates"":[95.57061696789964,22.88651152747244]}"
830,95,0.3465555012226105,73.99720764160156,2019-04-17,5.426094055175781,0,2.0,0.0,2019-04-17,2019-04-16,0.899649977684021,303.61260986328125,2019-04-18,0.0,0.0,2019-04-17,0.3600851595401764,2.0,"{""type"":""Point"",""coordinates"":[89.25395920039685,22.147010187415916]}"
831,40,0.10581406950950623,291.38739013671875,2021-07-16,103.09962463378906,0,815.0,43.02000045776367,2021-07-16,2021-07-15,0.08208008110523224,300.7301940917969,2021-07-17,14.079999923706055,18.75,2021-07-16,0.47885069251060486,9.0,"{""type"":""Point"",""coordinates"":[93.94228782090951,26.308022924140577]}"
832,30,-0.011190087534487247,289.5281677246094,2022-02-06,4400.28564453125,0,28.0,90.44000244140625,2022-02-06,2022-02-05,3.773130178451538,270.7746887207031,2022-02-07,3.129999876022339,4.166666507720947,2022-02-06,0.3495674133300781,28.0,"{""type"":""Point"",""coordinates"":[91.9682133662033,28.017776625361034]}"
833,80,-0.3024875521659851,-0.0,2023-01-31,0.0,0,5.0,0.0,2023-01-31,2023-01-30,0.0,0.0,2023-02-01,0.0,0.0,2023-01-31,0.0,0.0,"{""type"":""Point"",""coordinates"":[89.54162122563325,21.888422382212987]}"
834,80,-0.20465491712093353,125.6053695678711,2022-05-18,5.6074395179748535,0,2.0,0.2800000011920929,2022-05-18,2022-05-17,0.09700450301170349,304.2789001464844,2022-05-19,0.0,0.0,2022-05-18,0.22457504272460938,2.0,"{""type"":""Point"",""coordinates"":[90.1372783020178,23.464975719550456]}"
835,40,0.035853467881679535,155.03651428222656,2021-07-03,5.5017781257629395,0,1.0,10.539999961853027,2021-07-03,2021-07-02,1.6021027565002441,302.7388610839844,2021-07-04,21.619998931884766,16.66666603088379,2021-07-03,0.4866199493408203,1.0,"{""type"":""Point"",""coordinates"":[88.37706452003441,21.848385524311368]}"
836,10,0.6150633692741394,92.0711898803711,2023-03-07,123.86183166503906,0,2.0,0.0,2023-03-07,2023-03-06,21.809383392333984,298.6465759277344,2023-03-08,0.0,0.0,2023-03-07,0.14645321667194366,2.0,"{""type"":""Point"",""coordinates"":[91.85444497772505,23.78245921256508]}"
837,10,0.0035263868048787117,309.5020751953125,2022-06-19,58.4589729309082,0,74.0,5308.02001953125,2022-06-19,2022-06-18,7.710445880889893,297.7340393066406,2022-06-20,289.0199890136719,72.91666412353516,2022-06-19,0.42953047156333923,74.0,"{""type"":""Point"",""coordinates"":[91.79393852615003,23.38857522751486]}"
838,40,0.3063827455043793,0.19531072676181793,2021-02-04,2.3721444606781006,0,1.0,0.0,2021-02-04,2021-02-03,0.3486139476299286,293.9242248535156,2021-02-05,0.0,0.0,2021-02-04,0.2500050961971283,1.0,"{""type"":""Point"",""coordinates"":[88.3984109293402,22.332000450392407]}"
839,60,0.08183509111404419,8.307540893554688,2020-01-09,1625.7503662109375,0,1.0,0.0,2020-01-09,2020-01-08,28.45522117614746,287.70050048828125,2020-01-10,0.0,0.0,2020-01-09,0.31781068444252014,1.0,"{""type"":""Point"",""coordinates"":[93.2027578429326,22.646961259479536]}"
840,10,0.10199670493602753,81.09373474121094,2019-03-12,240.02456665039062,0,8.0,0.0,2019-03-12,2019-03-11,9.275134086608887,293.4716491699219,2019-03-13,0.0,0.0,2019-03-12,0.2193177491426468,2.0,"{""type"":""Point"",""coordinates"":[94.48753372737899,24.575914977531276]}"
841,10,0.18858329951763153,61.01251983642578,2019-11-03,343.4167175292969,0,16.0,0.0,2019-11-03,2019-11-02,2.9381792545318604,297.82952880859375,2019-11-04,0.0,0.0,2019-11-03,0.43434080481529236,16.0,"{""type"":""Point"",""coordinates"":[94.55660492733928,23.21059073932948]}"
842,10,0.1572810262441635,320.14385986328125,2019-02-11,3536.67333984375,0,1.0,0.0,2019-02-11,2019-02-10,30.39448356628418,275.8543395996094,2019-02-12,3.4700000286102295,8.333333015441895,2019-02-11,0.39390119910240173,1.0,"{""type"":""Point"",""coordinates"":[89.61080863528571,27.3301520531555]}"
843,10,0.08154775947332382,71.22828674316406,2023-07-19,892.889892578125,0,6.0,0.0,2023-07-19,2023-07-18,19.93476104736328,301.9641418457031,2023-07-20,185.8199920654297,31.25,2023-07-19,0.4284922182559967,6.0,"{""type"":""Point"",""coordinates"":[96.65208498871772,25.350872371868043]}"
844,10,0.09615948051214218,27.43642807006836,2020-08-15,1142.7930908203125,0,1.0,48.82999801635742,2020-08-15,2020-08-14,18.96583366394043,295.64080810546875,2020-08-16,4.659999847412109,4.166666507720947,2020-08-15,0.49422964453697205,1.0,"{""type"":""Point"",""coordinates"":[97.44952715455877,21.885526696584176]}"
845,10,0.38141950964927673,63.51569747924805,2021-12-04,473.6548156738281,0,26.0,0.0,2021-12-04,2021-12-03,27.724573135375977,287.1769714355469,2021-12-05,0.20000000298023224,0.0,2021-12-04,0.27573713660240173,2.0,"{""type"":""Point"",""coordinates"":[92.3163473796021,26.9570788623235]}"
846,0,-0.09892656654119492,-0.0,2022-06-17,0.0,0,0.0,0.0,2022-06-17,2022-06-16,0.0,0.0,2022-06-18,73.44999694824219,47.91666793823242,2022-06-17,0.0,0.0,"{""type"":""Point"",""coordinates"":[91.43718949539775,21.950297136751857]}"
847,30,0.06650494784116745,226.19871520996094,2022-06-01,4485.37841796875,0,4.0,0.0,2022-06-01,2022-05-31,33.93661117553711,285.1304931640625,2022-06-02,0.08800000697374344,0.0,2022-06-01,0.37287330627441406,4.0,"{""type"":""Point"",""coordinates"":[90.52429080923014,29.311661795823685]}"
848,60,0.47092631459236145,117.50865173339844,2022-12-09,19.908422470092773,0,1.0,0.0,2022-12-09,2022-12-08,2.718068838119507,294.0555419921875,2022-12-10,0.0,0.0,2022-12-09,0.16258811950683594,1.0,"{""type"":""Point"",""coordinates"":[88.3819210478518,23.606290905525174]}"
849,10,0.23549775779247284,7.799832344055176,2021-07-31,1104.7640380859375,0,4.0,125.31999969482422,2021-07-31,2021-07-30,27.27680015563965,290.2205505371094,2021-08-01,7.929999828338623,16.66666603088379,2021-07-31,0.4202136993408203,4.0,"{""type"":""Point"",""coordinates"":[93.76302952139147,28.402457885025743]}"
850,10,0.023947199806571007,296.69317626953125,2023-11-26,3672.1396484375,0,4.0,2.0399999618530273,2023-11-26,2023-11-25,32.10556411743164,274.4782409667969,2023-11-27,0.25999999046325684,0.0,2023-11-26,0.30759939551353455,4.0,"{""type"":""Point"",""coordinates"":[91.5290864017356,27.812812865912704]}"
851,10,-0.022610340267419815,198.48483276367188,2022-05-05,1147.045654296875,0,8.0,24.799999237060547,2022-05-05,2022-05-04,18.63701629638672,288.24560546875,2022-05-06,0.0,0.0,2022-05-05,0.42351213097572327,1.0,"{""type"":""Point"",""coordinates"":[97.2059134230277,27.424479479255325]}"
852,60,0.053354889154434204,145.4830780029297,2019-07-16,30.38602638244629,0,1860.0,110873.9765625,2019-07-16,2019-07-15,0.5235554575920105,300.0242004394531,2019-07-17,1.8600000143051147,0.0,2019-07-16,0.42317137122154236,1829.0,"{""type"":""Point"",""coordinates"":[90.28789107303358,26.041580172823423]}"
853,40,0.19806763529777527,5.822839736938477,2021-03-09,190.31356811523438,0,1.0,0.0,2021-03-09,2021-03-08,0.5249738097190857,303.0067138671875,2021-03-10,0.0,0.0,2021-03-09,0.2436199188232422,1.0,"{""type"":""Point"",""coordinates"":[94.71828209002314,21.934641665390068]}"
854,70,-0.028999291360378265,204.0293731689453,2019-08-09,6017.94580078125,0,1.0,16.19999885559082,2019-08-09,2019-08-08,21.369922637939453,275.00421142578125,2019-08-10,37.65999984741211,41.66666793823242,2019-08-09,0.35909590125083923,1.0,"{""type"":""Point"",""coordinates"":[92.69863352377168,28.09526800003162]}"
855,100,-0.01785384491086006,195.31654357910156,2019-10-31,4597.34033203125,0,2.0,2.440000057220459,2019-10-31,2019-10-30,12.508264541625977,279.5113525390625,2019-11-01,1.209999918937683,0.0,2019-10-31,0.4137605130672455,1.0,"{""type"":""Point"",""coordinates"":[96.65599473147668,28.604835149932978]}"
856,40,-0.020008424296975136,142.79434204101562,2022-07-07,121.33815002441406,0,1.0,31.15999984741211,2022-07-07,2022-07-06,0.2614762485027313,302.017578125,2022-07-08,3.1599998474121094,0.0,2022-07-07,0.4883537292480469,1.0,"{""type"":""Point"",""coordinates"":[95.40952181166519,23.01098699616762]}"
857,60,0.022101158276200294,-0.0,2021-09-27,0.5,0,3.0,99.05999755859375,2021-09-27,2021-09-26,0.0,303.0703125,2021-09-28,29.770000457763672,25.0,2021-09-27,0.27852630615234375,3.0,"{""type"":""Point"",""coordinates"":[91.41584031722016,22.803319943387205]}"
858,10,0.23910607397556305,236.33924865722656,2020-02-22,1655.2974853515625,0,4.0,0.0,2020-02-22,2020-02-21,11.032271385192871,290.1108703613281,2020-02-23,0.22999998927116394,0.0,2020-02-22,0.3403148651123047,4.0,"{""type"":""Point"",""coordinates"":[94.86483455719853,25.255031958594003]}"
859,40,0.20834852755069733,170.40261840820312,2022-05-05,15.355151176452637,0,944.0,81929.7578125,2022-05-05,2022-05-04,0.2385394126176834,300.5206604003906,2022-05-06,6.170000076293945,4.166666507720947,2022-05-05,0.47214189171791077,944.0,"{""type"":""Point"",""coordinates"":[91.29581454561644,23.68246775255699]}"
860,40,0.12122352421283722,215.41522216796875,2022-02-18,50.67076110839844,0,1.0,0.0,2022-02-18,2022-02-17,1.372962236404419,292.0198059082031,2022-02-19,0.0,0.0,2022-02-18,0.36507096886634827,1.0,"{""type"":""Point"",""coordinates"":[91.9024205953963,26.35599031352102]}"
861,10,0.05255666747689247,338.0042724609375,2020-05-19,721.80078125,0,5.0,0.0,2020-05-19,2020-05-18,33.71853256225586,291.3473205566406,2020-05-20,4.569999694824219,6.25,2020-05-19,0.4084116518497467,5.0,"{""type"":""Point"",""coordinates"":[94.92805550623335,28.355354324889678]}"
862,10,0.03099886327981949,187.31683349609375,2020-07-11,163.50442504882812,0,10509.0,0.38999998569488525,2020-07-11,2020-07-10,0.7294272780418396,298.4576721191406,2020-07-12,24.190000534057617,18.75,2020-07-11,0.5019423365592957,1.0,"{""type"":""Point"",""coordinates"":[96.6207136545702,25.45797629206941]}"
863,10,0.2524145841598511,38.241458892822266,2023-02-18,3709.613037109375,0,1.0,0.0,2023-02-18,2023-02-17,48.179473876953125,270.7269592285156,2023-02-19,0.38999998569488525,0.0,2023-02-18,0.3654766082763672,1.0,"{""type"":""Point"",""coordinates"":[97.37850104458737,29.011861988067416]}"
864,80,-0.07876476645469666,-0.0,2020-05-17,0.0,0,2.0,0.4399999976158142,2020-05-17,2020-05-16,0.0,0.0,2020-05-18,0.3799999952316284,0.0,2020-05-17,0.0,2.0,"{""type"":""Point"",""coordinates"":[88.69664716268213,21.84021001427231]}"
865,30,-0.003802731866016984,323.42095947265625,2022-07-12,4063.260986328125,0,68.0,5.449999809265137,2022-07-12,2022-07-11,34.36777114868164,285.96612548828125,2022-07-13,1.2599999904632568,0.0,2022-07-12,0.4219207763671875,1.0,"{""type"":""Point"",""coordinates"":[88.83393590264251,27.44683323561377]}"
866,10,0.13299566507339478,177.92201232910156,2020-07-27,192.84165954589844,0,48.0,864.47998046875,2020-07-27,2020-07-26,7.3365397453308105,300.2480163574219,2020-07-28,49.46999740600586,58.33333206176758,2020-07-27,0.44883790612220764,48.0,"{""type"":""Point"",""coordinates"":[93.37060872885407,25.711250237079618]}"
867,10,0.4328082501888275,219.9680633544922,2020-12-12,216.22906494140625,0,1.0,0.0,2020-12-12,2020-12-11,6.42847204208374,289.6028137207031,2020-12-13,0.08999999612569809,0.0,2020-12-12,0.2769432067871094,1.0,"{""type"":""Point"",""coordinates"":[93.93962423190366,27.264153556437332]}"
868,40,-0.04167930409312248,288.25146484375,2022-07-05,94.03327941894531,0,2705.0,95567.6484375,2022-07-05,2022-07-04,0.5991051197052002,301.82305908203125,2022-07-06,21.119998931884766,16.66666603088379,2022-07-05,0.4753875732421875,2705.0,"{""type"":""Point"",""coordinates"":[94.82195002173717,27.102630215248713]}"
869,10,0.2489793598651886,174.0513916015625,2022-01-20,1235.0106201171875,0,2.0,0.2199999988079071,2022-01-20,2022-01-19,25.141916275024414,283.6277770996094,2022-01-21,2.7200000286102295,2.0833332538604736,2022-01-20,0.23330052196979523,2.0,"{""type"":""Point"",""coordinates"":[94.81460241227914,25.63847863232988]}"
870,40,0.11665067821741104,116.03709411621094,2022-10-08,4.498056888580322,0,2.0,0.0,2022-10-08,2022-10-07,0.20855757594108582,301.9654235839844,2022-10-09,0.0,0.0,2022-10-08,0.38436636328697205,1.0,"{""type"":""Point"",""coordinates"":[89.84597746095416,23.3460513305491]}"
871,10,0.061832137405872345,288.93658447265625,2021-09-09,659.109375,0,2.0,24.01999855041504,2021-09-09,2021-09-08,10.76124382019043,297.3856506347656,2021-09-10,13.510000228881836,14.583333015441895,2021-09-09,0.46585655212402344,2.0,"{""type"":""Point"",""coordinates"":[91.83615497075405,25.773988723328465]}"
872,40,0.03650936111807823,246.21820068359375,2020-09-13,38.98371887207031,0,2.0,43.38999938964844,2020-09-13,2020-09-12,0.15856069326400757,300.7017822265625,2020-09-14,42.79999923706055,37.5,2020-09-13,0.42027726769447327,1.0,"{""type"":""Point"",""coordinates"":[90.18995510868388,26.337408509195743]}"
873,20,0.832534670829773,303.7702331542969,2021-01-03,861.8414306640625,0,10.0,0.0,2021-01-03,2021-01-02,16.991926193237305,288.7074890136719,2021-01-04,0.0,0.0,2021-01-03,0.2671903073787689,2.0,"{""type"":""Point"",""coordinates"":[97.07505236682358,23.40516258070517]}"
874,10,0.3202264904975891,50.15321350097656,2021-03-07,1459.1103515625,0,1.0,6.579999923706055,2021-03-07,2021-03-06,21.343311309814453,288.1643371582031,2021-03-08,0.8399999737739563,0.0,2021-03-07,0.451812744140625,1.0,"{""type"":""Point"",""coordinates"":[95.46495454045657,26.40547044120423]}"
875,80,-0.1368248462677002,-0.0,2022-01-29,0.0,0,0.0,0.0,2022-01-29,2022-01-28,0.0,0.0,2022-01-30,0.0,0.0,2022-01-29,0.0,0.0,"{""type"":""Point"",""coordinates"":[90.4793060857052,21.884312047539574]}"
876,40,0.6632522940635681,248.70948791503906,2021-10-05,84.87092590332031,0,138.0,0.19999998807907104,2021-10-05,2021-10-04,0.37425071001052856,299.69573974609375,2021-10-06,5.690000057220459,8.333333015441895,2021-10-05,0.47495079040527344,1.0,"{""type"":""Point"",""coordinates"":[93.12690137869915,26.816613354143193]}"
877,40,0.46744728088378906,179.45944213867188,2021-04-22,8.069575309753418,0,6.0,11.479999542236328,2021-04-22,2021-04-21,0.8756808042526245,303.1753234863281,2021-04-23,0.17000000178813934,0.0,2021-04-22,0.28021112084388733,1.0,"{""type"":""Point"",""coordinates"":[91.76329664103358,24.53408518870905]}"
878,10,0.23115195333957672,83.79864501953125,2023-10-12,564.4825439453125,0,19.0,4.920000076293945,2023-10-12,2023-10-11,35.04838180541992,296.7621154785156,2023-10-13,23.3799991607666,8.333333015441895,2023-10-12,0.47096824645996094,3.0,"{""type"":""Point"",""coordinates"":[94.67464650123682,26.500777308826677]}"
879,10,0.12806837260723114,338.8171081542969,2021-06-06,756.3721313476562,0,8.0,130.0,2021-06-06,2021-06-05,37.94807052612305,296.28076171875,2021-06-07,2.490000009536743,2.0833332538604736,2021-06-06,0.4694404602050781,8.0,"{""type"":""Point"",""coordinates"":[94.39361913519882,26.312989637452397]}"
880,80,-0.025828571990132332,-0.0,2023-10-28,4438.0,0,10.0,0.0,2023-10-28,2023-10-27,0.0,279.7672424316406,2023-10-29,0.0,0.0,2023-10-28,0.23828251659870148,5.0,"{""type"":""Point"",""coordinates"":[90.67890762753925,28.857742838155826]}"
881,10,0.8294896483421326,17.067230224609375,2022-12-12,1174.780029296875,0,1.0,0.0,2022-12-12,2022-12-11,22.516979217529297,286.5862731933594,2022-12-13,0.0,0.0,2022-12-12,0.2460600584745407,1.0,"{""type"":""Point"",""coordinates"":[94.73034674794212,25.35206060762998]}"
882,30,0.21437528729438782,56.0849494934082,2019-05-16,325.57232666015625,0,2.0,33.459999084472656,2019-05-16,2019-05-15,7.189505577087402,304.4772033691406,2019-05-17,2.75,2.0833332538604736,2019-05-16,0.4033571779727936,1.0,"{""type"":""Point"",""coordinates"":[94.56184025333279,22.17326718260251]}"
883,40,-0.06200264394283295,71.13548278808594,2022-06-28,86.0949935913086,0,1.0,31.709999084472656,2022-06-28,2022-06-27,0.38666293025016785,300.34075927734375,2022-06-29,211.12998962402344,81.25,2022-06-28,0.4068450927734375,1.0,"{""type"":""Point"",""coordinates"":[93.98027632386666,27.09886333388279]}"
884,80,-0.07180669903755188,-0.0,2019-05-26,0.0,0,0.0,0.0,2019-05-26,2019-05-25,0.0,304.8695068359375,2019-05-27,3.7799999713897705,4.166666507720947,2019-05-26,0.10875129699707031,0.0,"{""type"":""Point"",""coordinates"":[90.92747099439757,22.221856892209086]}"
885,10,0.8987586498260498,15.458246231079102,2020-12-30,636.6778564453125,0,7.0,0.0,2020-12-30,2020-12-29,14.242738723754883,286.8553161621094,2020-12-31,0.0,0.0,2020-12-30,0.20559947192668915,7.0,"{""type"":""Point"",""coordinates"":[92.72369790881521,23.498522579984996]}"
886,60,-0.012715118937194347,260.6058654785156,2023-01-03,5070.9873046875,0,65.0,0.0,2023-01-03,2023-01-02,20.2393798828125,271.2388916015625,2023-01-04,0.0,0.0,2023-01-03,0.36068597435951233,65.0,"{""type"":""Point"",""coordinates"":[91.58163456569363,28.126447989217105]}"
887,10,0.4629405736923218,345.2733154296875,2020-04-10,291.8345642089844,0,6.0,32.76000213623047,2020-04-10,2020-04-09,18.032302856445312,301.4454650878906,2020-04-11,0.0,0.0,2020-04-10,0.26698365807533264,6.0,"{""type"":""Point"",""coordinates"":[95.5119687264611,25.146618566416937]}"
888,10,0.3301351070404053,350.117919921875,2023-04-16,216.2836456298828,0,4.0,7.639999866485596,2023-04-16,2023-04-15,29.56662940979004,305.3738098144531,2023-04-17,0.0,0.0,2023-04-16,0.24803288280963898,4.0,"{""type"":""Point"",""coordinates"":[94.47479308778871,23.318725910766826]}"
889,40,0.01998339407145977,89.97332000732422,2020-08-17,50.13963317871094,0,2.0,5.179999828338623,2020-08-17,2020-08-16,0.3874491751194,300.8141784667969,2020-08-18,94.29999542236328,25.0,2020-08-17,0.41889825463294983,2.0,"{""type"":""Point"",""coordinates"":[89.16917521353614,26.267685401310615]}"
890,40,0.37786540389060974,157.8922576904297,2022-02-15,147.5312957763672,0,14431.0,0.0,2022-02-15,2022-02-14,1.3550028800964355,289.61614990234375,2022-02-16,0.0,0.0,2022-02-15,0.18957073986530304,14370.0,"{""type"":""Point"",""coordinates"":[94.3972581458033,24.225829836629813]}"
891,10,0.37206071615219116,66.07927703857422,2023-11-28,126.31362915039062,0,3.0,1.5899999141693115,2023-11-28,2023-11-27,26.60265350341797,294.3308410644531,2023-11-29,0.08999999612569809,0.0,2023-11-28,0.3074277341365814,3.0,"{""type"":""Point"",""coordinates"":[91.37821577915874,25.967437433399347]}"
892,10,0.09309029579162598,97.16626739501953,2020-08-29,422.92071533203125,0,1.0,41.380001068115234,2020-08-29,2020-08-28,8.408374786376953,298.9342956542969,2020-08-30,6.699999809265137,10.416666984558105,2020-08-29,0.4925117492675781,1.0,"{""type"":""Point"",""coordinates"":[96.8902925185892,24.493251580774324]}"
893,80,0.05952656269073486,217.77606201171875,2020-01-22,306.42620849609375,0,25.0,49.999996185302734,2020-01-22,2020-01-21,0.16691085696220398,285.5709228515625,2020-01-23,0.14999999105930328,0.0,2020-01-22,0.47128233313560486,25.0,"{""type"":""Point"",""coordinates"":[96.34755182462871,27.505798091130526]}"
894,40,0.15224583446979523,78.38595581054688,2023-11-26,73.30316162109375,0,1.0,0.0,2023-11-26,2023-11-25,0.9838384389877319,296.3962097167969,2023-11-27,0.0,0.0,2023-11-26,0.43485260009765625,1.0,"{""type"":""Point"",""coordinates"":[95.99693518577968,22.356693534748974]}"
895,70,-0.032627180218696594,356.75775146484375,2022-11-03,5590.84326171875,0,1.0,0.12999999523162842,2022-11-03,2022-11-02,31.530805587768555,273.53369140625,2022-11-04,0.0,0.0,2022-11-03,0.36578115820884705,1.0,"{""type"":""Point"",""coordinates"":[89.39081680093747,27.895653308905196]}"
896,10,0.16463810205459595,305.0965270996094,2023-07-06,510.4466552734375,0,16.0,8.460000038146973,2023-07-06,2023-07-05,29.984771728515625,299.0027160644531,2023-07-07,8.649999618530273,10.416666984558105,2023-07-06,0.37757110595703125,3.0,"{""type"":""Point"",""coordinates"":[92.94695583193281,22.203450997089387]}"
897,40,0.5202800631523132,14.410757064819336,2022-03-20,61.72706985473633,0,23.0,0.0,2022-03-20,2022-03-19,3.9819343090057373,303.68994140625,2022-03-21,0.0,0.0,2022-03-20,0.1407184600830078,2.0,"{""type"":""Point"",""coordinates"":[88.68386308456245,26.211961267081527]}"
898,10,0.12647408246994019,56.92256164550781,2021-07-09,1561.76318359375,0,17.0,62.38999938964844,2021-07-09,2021-07-08,39.4483642578125,293.7813415527344,2021-07-10,3.7699999809265137,2.0833332538604736,2021-07-09,0.4222494661808014,17.0,"{""type"":""Point"",""coordinates"":[91.44698573096792,27.051141497005464]}"
899,10,0.13709452748298645,100.7695083618164,2021-07-22,874.2037963867188,0,1.0,38.970001220703125,2021-07-22,2021-07-21,17.33245849609375,298.5267639160156,2021-07-23,22.170000076293945,22.91666603088379,2021-07-22,0.4878807067871094,1.0,"{""type"":""Point"",""coordinates"":[97.11502764844185,23.568407558390025]}"
900,40,0.0828527882695198,128.27757263183594,2020-06-08,134.2385711669922,0,547.0,6.829999923706055,2020-06-08,2020-06-07,0.5062519907951355,302.3090515136719,2020-06-09,5.340000152587891,8.333333015441895,2020-06-08,0.4815756380558014,1.0,"{""type"":""Point"",""coordinates"":[95.46695416928789,23.092048466670402]}"
901,10,0.03379473835229874,175.42431640625,2020-12-09,3320.321044921875,0,3.0,6.089999675750732,2020-12-09,2020-12-08,34.77635955810547,273.7736511230469,2020-12-10,2.9600000381469727,0.0,2020-12-09,0.4006385803222656,3.0,"{""type"":""Point"",""coordinates"":[91.00498097670996,27.837177696170635]}"
902,80,-0.008395690470933914,-0.0,2023-09-20,101.0,0,111577.0,1208378.875,2023-09-20,2023-09-19,0.0,299.91009521484375,2023-09-21,50.30999755859375,27.08333396911621,2023-09-20,0.4602813720703125,111577.0,"{""type"":""Point"",""coordinates"":[96.5405329188611,23.876817278027453]}"
903,40,0.04464138671755791,209.86802673339844,2023-08-09,7.841156005859375,0,180906.0,170.33999633789062,2023-08-09,2023-08-08,0.5172906517982483,300.0390319824219,2023-08-10,33.5099983215332,43.75,2023-08-09,0.4281787872314453,3.0,"{""type"":""Point"",""coordinates"":[91.6356503914605,24.653904748258515]}"
904,10,0.06949414312839508,158.4064483642578,2023-09-15,247.7237548828125,0,144.0,46.34000015258789,2023-09-15,2023-09-14,4.266014099121094,296.9415588378906,2023-09-16,0.0,0.0,2023-09-15,0.45443853735923767,2.0,"{""type"":""Point"",""coordinates"":[94.04516616745121,22.3055636026776]}"
905,40,0.11881690472364426,46.22102737426758,2022-09-30,4.064085483551025,0,1.0,0.0,2022-09-30,2022-09-29,0.16046735644340515,303.389404296875,2022-10-01,139.0500030517578,37.5,2022-09-30,0.22698211669921875,1.0,"{""type"":""Point"",""coordinates"":[91.19581112726893,22.585601385239176]}"
906,40,0.18427114188671112,349.7151794433594,2019-09-28,105.4563980102539,0,1.0,0.0,2019-09-28,2019-09-27,0.5704522728919983,301.28033447265625,2019-09-29,0.0,0.0,2019-09-28,0.4548861086368561,1.0,"{""type"":""Point"",""coordinates"":[95.52178854073244,22.7285810715218]}"
907,10,0.14775897562503815,337.9359436035156,2023-11-07,48.12413024902344,0,3.0,0.0,2023-11-07,2023-11-06,4.079833507537842,298.5738220214844,2023-11-08,0.0,0.0,2023-11-07,0.32208505272865295,3.0,"{""type"":""Point"",""coordinates"":[91.65721428218266,23.13152001505796]}"
908,30,0.02794414572417736,31.987104415893555,2023-03-27,4695.35302734375,0,1.0,0.0,2023-03-27,2023-03-26,10.841346740722656,273.265869140625,2023-03-28,0.0,0.0,2023-03-27,0.2225240021944046,1.0,"{""type"":""Point"",""coordinates"":[88.66213981416507,28.43717365335221]}"
909,30,0.0061509557999670506,284.4302978515625,2023-07-06,622.8514404296875,0,4.0,56.55999755859375,2023-07-06,2023-07-05,22.633031845092773,299.57342529296875,2023-07-07,97.48999786376953,43.75,2023-07-06,0.47194862365722656,1.0,"{""type"":""Point"",""coordinates"":[96.14840328350797,25.62029832287477]}"
910,40,0.1267269402742386,147.0693817138672,2022-10-30,95.8545150756836,0,1.0,0.0,2022-10-30,2022-10-29,1.1063674688339233,296.2658996582031,2022-10-31,0.0,0.0,2022-10-30,0.4294230043888092,1.0,"{""type"":""Point"",""coordinates"":[93.75671787683082,26.54999802573538]}"
911,60,0.03042815998196602,227.2826385498047,2022-01-12,30.82948875427246,0,45.0,67.94999694824219,2022-01-12,2022-01-11,0.40995150804519653,294.7813415527344,2022-01-13,10.34999942779541,10.416666984558105,2022-01-12,0.15373928844928741,45.0,"{""type"":""Point"",""coordinates"":[89.53410195616479,25.954525797984903]}"
912,30,0.06498385220766068,231.86941528320312,2020-08-28,4131.87451171875,0,5.0,0.04999999701976776,2020-08-28,2020-08-27,10.36788272857666,286.8065185546875,2020-08-29,0.49000000953674316,0.0,2020-08-28,0.40845298767089844,5.0,"{""type"":""Point"",""coordinates"":[96.44767065419697,28.800971435750157]}"
913,10,0.8612202405929565,263.1853942871094,2019-02-17,658.0216064453125,0,1061.0,0.0,2019-02-17,2019-02-16,29.767894744873047,288.8844299316406,2019-02-18,1.7699999809265137,2.0833332538604736,2019-02-17,0.15947787463665009,12.0,"{""type"":""Point"",""coordinates"":[93.37918591309312,21.78752234131571]}"
914,30,-0.024555355310440063,97.87779235839844,2022-05-12,147.8873291015625,0,5.0,21.190000534057617,2022-05-12,2022-05-11,2.0784664154052734,300.791259765625,2022-05-13,0.6200000047683716,0.0,2022-05-12,0.4796956479549408,1.0,"{""type"":""Point"",""coordinates"":[94.92452851484093,22.574479905850776]}"
915,30,0.013657470233738422,87.97625732421875,2019-10-30,4745.181640625,0,1.0,0.0,2019-10-30,2019-10-29,19.041786193847656,274.5592041015625,2019-10-31,3.8899998664855957,8.333333015441895,2019-10-30,0.4037996828556061,1.0,"{""type"":""Point"",""coordinates"":[94.00672801106707,29.409637854594795]}"
916,0,-0.07057811319828033,-0.0,2020-11-06,0.0,0,0.0,0.0,2020-11-06,2020-11-05,0.0,0.0,2020-11-07,0.0,0.0,2020-11-06,0.0,0.0,"{""type"":""Point"",""coordinates"":[91.36277007012033,21.67767977978882]}"
917,10,0.3094547688961029,145.38194274902344,2023-03-28,710.8388671875,0,1.0,0.0,2023-03-28,2023-03-27,27.01202964782715,292.65106201171875,2023-03-29,0.4599999785423279,0.0,2023-03-28,0.23930422961711884,1.0,"{""type"":""Point"",""coordinates"":[93.10185488604598,23.577526299569115]}"
918,10,0.12275832146406174,162.90928649902344,2019-04-20,25.09860610961914,0,3.0,1.1699999570846558,2019-04-20,2019-04-19,8.153684616088867,300.5699462890625,2019-04-21,0.0,0.0,2019-04-20,0.3188107907772064,3.0,"{""type"":""Point"",""coordinates"":[89.47947733375977,25.36563531057849]}"
919,10,0.1403227597475052,60.482398986816406,2022-08-01,305.8351135253906,0,1.0,13.859999656677246,2022-08-01,2022-07-31,2.262500524520874,300.7249755859375,2022-08-02,0.4230000078678131,0.0,2022-08-01,0.4571126401424408,1.0,"{""type"":""Point"",""coordinates"":[95.89174773420929,23.50710752398664]}"
920,40,0.180621936917305,154.98468017578125,2021-07-04,205.7075958251953,0,6.0,2.879999876022339,2021-07-04,2021-07-03,3.664050817489624,300.4054260253906,2021-07-05,4.179999828338623,6.25,2021-07-04,0.43800225853919983,2.0,"{""type"":""Point"",""coordinates"":[94.14161974810952,22.416695450100857]}"
921,30,0.786908745765686,285.25408935546875,2020-12-25,1427.091796875,0,45.0,0.0,2020-12-25,2020-12-24,23.8450927734375,286.7243957519531,2020-12-26,0.0,0.0,2020-12-25,0.20861244201660156,8.0,"{""type"":""Point"",""coordinates"":[93.19309391658857,22.66195987221828]}"
922,10,0.3749314248561859,91.99329376220703,2023-10-02,486.79937744140625,0,21.0,128.0800018310547,2023-10-02,2023-10-01,14.549695014953613,297.8394470214844,2023-10-03,25.969999313354492,6.25,2023-10-02,0.42141976952552795,2.0,"{""type"":""Point"",""coordinates"":[92.62826315145793,23.729427443574313]}"
923,10,0.0954103171825409,180.07919311523438,2020-07-24,147.00930786132812,0,1.0,33.54999923706055,2020-07-24,2020-07-23,5.091580867767334,298.4931945800781,2020-07-25,13.050000190734863,10.416666984558105,2020-07-24,0.4799448549747467,1.0,"{""type"":""Point"",""coordinates"":[94.6635446694406,24.417636808401923]}"
924,10,0.08287351578474045,299.93475341796875,2019-08-03,159.363037109375,0,2.0,20.94999885559082,2019-08-03,2019-08-02,10.217793464660645,299.88922119140625,2019-08-04,2.3499999046325684,4.166666507720947,2019-08-03,0.4732729494571686,1.0,"{""type"":""Point"",""coordinates"":[95.29430932038665,24.757880284128476]}"
925,30,0.14601834118366241,263.65167236328125,2019-09-22,4498.70751953125,0,10.0,0.09999999403953552,2019-09-22,2019-09-21,28.044208526611328,282.7517395019531,2019-09-23,0.20999999344348907,0.0,2019-09-22,0.4206301271915436,10.0,"{""type"":""Point"",""coordinates"":[92.18315113579177,28.515029149985182]}"
926,10,0.0015488934004679322,237.44097900390625,2022-10-12,1049.0341796875,0,4.0,131.1199951171875,2022-10-12,2022-10-11,37.57588195800781,296.8583068847656,2022-10-13,36.37999725341797,27.08333396911621,2022-10-12,0.41893067955970764,4.0,"{""type"":""Point"",""coordinates"":[88.49318555923604,26.940864704533332]}"
927,10,0.14079073071479797,37.21745681762695,2023-01-04,452.63507080078125,0,1.0,0.0,2023-01-04,2023-01-03,15.071554183959961,284.0165710449219,2023-01-05,0.0,0.0,2023-01-04,0.29528364539146423,1.0,"{""type"":""Point"",""coordinates"":[96.4275800263552,27.477145469751367]}"
928,60,0.48646724224090576,209.03573608398438,2023-11-15,41.620155334472656,0,8.0,0.0,2023-11-15,2023-11-14,2.694298267364502,296.6492614746094,2023-11-16,0.0,0.0,2023-11-15,0.2705078125,8.0,"{""type"":""Point"",""coordinates"":[90.86738839337009,26.157535471011286]}"
929,40,0.24683809280395508,342.9013366699219,2021-11-27,18.444683074951172,0,1.0,0.0,2021-11-27,2021-11-26,0.2113446593284607,294.59814453125,2021-11-28,0.0,0.0,2021-11-27,0.17777760326862335,1.0,"{""type"":""Point"",""coordinates"":[88.61076649520254,24.79811901036484]}"
930,10,0.8574292063713074,101.73384857177734,2019-12-16,245.26779174804688,0,1.0,0.0,2019-12-16,2019-12-15,7.601922988891602,290.9867858886719,2019-12-17,0.0,0.0,2019-12-16,0.2965354919433594,1.0,"{""type"":""Point"",""coordinates"":[95.68539901753289,25.91534564148484]}"
931,20,0.012672985903918743,42.91585922241211,2022-10-01,4354.43212890625,0,2.0,14.039999961853027,2022-10-01,2022-09-30,30.02048683166504,280.1376037597656,2022-10-02,0.11600000411272049,0.0,2022-10-01,0.40086618065834045,2.0,"{""type"":""Point"",""coordinates"":[91.75373499721181,28.052758935529706]}"
932,80,-0.20845657587051392,-0.0,2020-04-19,0.0,0,0.0,0.0,2020-04-19,2020-04-18,0.0,0.0,2020-04-20,0.0,0.0,2020-04-19,0.0,0.0,"{""type"":""Point"",""coordinates"":[90.93676841488082,21.713932297247293]}"
933,10,0.15007923543453217,84.5089340209961,2020-03-11,2.027097463607788,0,1.0,0.0,2020-03-11,2020-03-10,2.2385809421539307,0.0,2020-03-12,0.0,0.0,2020-03-11,0.0,1.0,"{""type"":""Point"",""coordinates"":[90.76451631526216,22.246775730210036]}"
934,40,0.29352402687072754,308.40728759765625,2022-10-31,78.64353942871094,0,2.0,0.0,2022-10-31,2022-10-30,12.115328788757324,299.2601623535156,2022-11-01,0.0,0.0,2022-10-31,0.356243759393692,2.0,"{""type"":""Point"",""coordinates"":[91.93593826206052,23.319015027672215]}"
935,100,-0.009062927216291428,91.45088195800781,2023-07-08,5029.68115234375,0,1.0,32.790000915527344,2023-07-08,2023-07-07,19.047880172729492,282.95172119140625,2023-07-09,27.089998245239258,16.66666603088379,2023-07-08,0.4252236783504486,1.0,"{""type"":""Point"",""coordinates"":[93.43619604251313,29.494017661917134]}"
936,40,0.10351136326789856,157.05934143066406,2020-07-21,14.972906112670898,0,1.0,81.27999877929688,2020-07-21,2020-07-20,0.5189214944839478,301.61590576171875,2020-07-22,109.83999633789062,58.33333206176758,2020-07-21,0.4229602813720703,1.0,"{""type"":""Point"",""coordinates"":[88.90867354235773,24.07192315414065]}"
937,40,0.02301393821835518,274.6983337402344,2021-08-14,45.787353515625,0,6.0,59.25,2021-08-14,2021-08-13,0.056844718754291534,301.47442626953125,2021-08-15,49.65999984741211,60.41666793823242,2021-08-14,0.41269874572753906,3.0,"{""type"":""Point"",""coordinates"":[88.76711626816177,25.925845336890742]}"
938,10,0.39273712038993835,248.67425537109375,2019-12-29,213.8596954345703,0,3.0,0.0,2019-12-29,2019-12-28,19.83371353149414,288.52288818359375,2019-12-30,0.0,0.0,2019-12-29,0.33394813537597656,3.0,"{""type"":""Point"",""coordinates"":[96.44823173317113,25.381953527138972]}"
939,30,0.19227616488933563,50.7159309387207,2020-09-04,696.4497680664062,0,1.0,0.0,2020-09-04,2020-09-03,5.551732540130615,298.85443115234375,2020-09-05,0.09999999403953552,0.0,2020-09-04,0.461956650018692,1.0,"{""type"":""Point"",""coordinates"":[97.17389075057692,22.074054663936828]}"
940,30,0.11523124575614929,123.69908142089844,2023-09-10,4545.7021484375,0,1.0,5.630000114440918,2023-09-10,2023-09-09,23.618318557739258,280.45458984375,2023-09-11,5.059999942779541,8.333333015441895,2023-09-10,0.4007517397403717,1.0,"{""type"":""Point"",""coordinates"":[89.44239024169357,27.898863255047715]}"
941,30,0.38699859380722046,256.75830078125,2022-01-27,778.6279296875,0,3.0,0.05999999865889549,2022-01-27,2022-01-26,5.099550724029541,287.0361022949219,2022-01-28,0.019999999552965164,0.0,2022-01-27,0.4252758026123047,1.0,"{""type"":""Point"",""coordinates"":[90.97082870471371,25.639401387496854]}"
942,10,0.05966939404606819,52.69805145263672,2020-08-20,1673.2705078125,0,2.0,13.960000038146973,2020-08-20,2020-08-19,11.964599609375,296.0648498535156,2020-08-21,40.87999725341797,54.16666793823242,2020-08-20,0.47810491919517517,1.0,"{""type"":""Point"",""coordinates"":[91.38324887989184,25.63765210104086]}"
943,40,0.20761838555335999,254.73626708984375,2022-01-15,1.8200197219848633,0,1.0,0.9300000071525574,2022-01-15,2022-01-14,0.8089281916618347,293.3241882324219,2022-01-16,0.23999999463558197,0.0,2022-01-15,0.21004422008991241,1.0,"{""type"":""Point"",""coordinates"":[90.481772897752,22.281119926425497]}"
944,10,0.29951485991477966,241.77674865722656,2019-10-20,418.9872741699219,0,3.0,0.5099999904632568,2019-10-20,2019-10-19,24.68337631225586,297.4908752441406,2019-10-21,1.4499999284744263,0.0,2019-10-20,0.44529470801353455,3.0,"{""type"":""Point"",""coordinates"":[93.92320871993422,25.850691644842584]}"
945,10,0.04285288602113724,114.20565032958984,2021-05-24,78.72015380859375,0,1.0,5.189999580383301,2021-05-24,2021-05-23,0.7829678058624268,300.9549865722656,2021-05-25,15.499999046325684,16.66666603088379,2021-05-24,0.3508739471435547,1.0,"{""type"":""Point"",""coordinates"":[92.71093010538225,26.785261593773683]}"
946,10,0.019428839907050133,297.50311279296875,2023-08-09,4093.023681640625,0,7.0,332.0799865722656,2023-08-09,2023-08-08,28.553874969482422,285.6753234863281,2023-08-10,0.5399999618530273,0.0,2023-08-09,0.41006723046302795,7.0,"{""type"":""Point"",""coordinates"":[93.29718703697976,28.501312692132075]}"
947,10,-0.03582543879747391,346.352783203125,2021-08-09,1863.5643310546875,0,4.0,18.639999389648438,2021-08-09,2021-08-08,36.458858489990234,294.9115905761719,2021-08-10,6.269999980926514,4.166666507720947,2021-08-09,0.407977432012558,4.0,"{""type"":""Point"",""coordinates"":[93.83510432420442,23.652489750910533]}"
948,10,0.5392124056816101,126.21194458007812,2022-12-24,16.309030532836914,0,3.0,0.0,2022-12-24,2022-12-23,1.6021302938461304,293.6794128417969,2022-12-25,0.0,0.0,2022-12-24,0.1672229766845703,1.0,"{""type"":""Point"",""coordinates"":[89.68894060043941,24.28699626598649]}"
949,10,0.36489543318748474,244.9908905029297,2021-04-16,327.1744689941406,0,2.0,2.2799997329711914,2021-04-16,2021-04-15,5.879087448120117,303.3459777832031,2021-04-17,2.9799997806549072,0.0,2021-04-16,0.27178001403808594,2.0,"{""type"":""Point"",""coordinates"":[95.4801764625237,23.97375331803501]}"
950,10,0.870832622051239,167.2029571533203,2019-01-07,1361.444091796875,0,5.0,0.0,2019-01-07,2019-01-06,40.301368713378906,273.2607116699219,2019-01-08,0.0,0.0,2019-01-07,0.3444175720214844,5.0,"{""type"":""Point"",""coordinates"":[96.69511756291959,27.96858447676411]}"
951,40,0.00696720601990819,45.109439849853516,2022-06-24,20.34381866455078,0,5.0,46.64999771118164,2022-06-24,2022-06-23,1.0541590452194214,301.58819580078125,2022-06-25,11.170000076293945,22.91666603088379,2022-06-24,0.3378855288028717,5.0,"{""type"":""Point"",""coordinates"":[89.78070435277935,25.336540331904597]}"
952,10,0.4381888508796692,111.63683319091797,2019-05-09,623.7498779296875,0,1.0,0.0,2019-05-09,2019-05-08,30.525999069213867,301.1794128417969,2019-05-10,0.0,0.0,2019-05-09,0.31454023718833923,1.0,"{""type"":""Point"",""coordinates"":[96.73999976722894,23.27836012340915]}"
953,40,0.2987811863422394,130.6416015625,2023-01-31,170.09115600585938,0,393.0,0.0,2023-01-31,2023-01-30,1.1151013374328613,292.1337890625,2023-02-01,0.47999998927116394,0.0,2023-01-31,0.2559865415096283,393.0,"{""type"":""Point"",""coordinates"":[95.81731717982369,28.018213071871823]}"
954,30,0.034210145473480225,301.5115051269531,2021-05-03,5087.95751953125,0,7.0,1.809999942779541,2021-05-03,2021-05-02,19.35409927368164,277.8128662109375,2021-05-04,6.589999675750732,10.416666984558105,2021-05-03,0.10684967041015625,1.0,"{""type"":""Point"",""coordinates"":[90.44629098661916,28.267250685897373]}"
955,40,0.14009414613246918,130.12066650390625,2020-10-05,135.15814208984375,0,2.0,4.039999961853027,2020-10-05,2020-10-04,0.12052801251411438,301.08929443359375,2020-10-06,11.34000015258789,10.416666984558105,2020-10-05,0.47425588965415955,1.0,"{""type"":""Point"",""coordinates"":[95.35783727676754,23.196001859971616]}"
956,10,0.6918683648109436,68.7680435180664,2022-01-08,606.61865234375,0,36949.0,0.0,2022-01-08,2022-01-07,37.72504425048828,282.52313232421875,2022-01-09,0.0,0.0,2022-01-08,0.3751614987850189,1.0,"{""type"":""Point"",""coordinates"":[90.07027004223532,27.197213990406972]}"
957,10,0.46808579564094543,353.7799987792969,2023-11-22,115.46497344970703,0,8.0,56.15999984741211,2023-11-22,2023-11-21,25.740211486816406,294.9715576171875,2023-11-23,0.0,0.0,2023-11-22,0.37146058678627014,8.0,"{""type"":""Point"",""coordinates"":[92.61513729911572,24.06784895743244]}"
958,30,0.23669815063476562,337.8523254394531,2023-12-10,161.58116149902344,0,20.0,0.0,2023-12-10,2023-12-09,4.3061113357543945,297.2090148925781,2023-12-11,0.0,0.0,2023-12-10,0.3947925567626953,17.0,"{""type"":""Point"",""coordinates"":[95.28402003944349,22.075047959213286]}"
959,40,0.39494335651397705,273.4360046386719,2021-02-10,12.82686710357666,0,3950.0,0.0,2021-02-10,2021-02-09,0.7845250964164734,292.5618591308594,2021-02-11,0.0,0.0,2021-02-10,0.2646853029727936,3950.0,"{""type"":""Point"",""coordinates"":[92.1916269380085,25.122200225345058]}"
960,10,-0.004766832105815411,319.93060302734375,2022-06-05,190.23338317871094,0,183.0,5940.1796875,2022-06-05,2022-06-04,43.852455139160156,297.7122497558594,2022-06-06,56.88999938964844,37.5,2022-06-05,0.4722665250301361,183.0,"{""type"":""Point"",""coordinates"":[95.33475588418781,25.59832028620176]}"
961,10,0.5426391959190369,65.30931854248047,2022-08-16,91.01274108886719,0,25.0,233.88999938964844,2022-08-16,2022-08-15,3.61820650100708,300.4591979980469,2022-08-17,1.7599999904632568,2.0833332538604736,2022-08-16,0.40912947058677673,19.0,"{""type"":""Point"",""coordinates"":[92.62399407871783,24.220342794794973]}"
962,40,0.051862772554159164,83.8106460571289,2019-02-27,5.688807964324951,0,1.0,2.0799999237060547,2019-02-27,2019-02-26,1.411626935005188,294.94354248046875,2019-02-28,97.55999755859375,41.66666793823242,2019-02-27,0.40854325890541077,1.0,"{""type"":""Point"",""coordinates"":[90.58138957553203,24.344156929226656]}"
963,10,0.016178755089640617,24.99856948852539,2020-07-30,1892.04931640625,0,1.0,11.579999923706055,2020-07-30,2020-07-29,28.098291397094727,288.142822265625,2020-07-31,6.25,2.0833332538604736,2020-07-30,0.4281787872314453,1.0,"{""type"":""Point"",""coordinates"":[91.10649615782108,27.690340614927774]}"
964,30,0.04756743833422661,219.407470703125,2021-07-17,4227.02880859375,0,4.0,39.79999923706055,2021-07-17,2021-07-16,27.993270874023438,289.643798828125,2021-07-18,30.419998168945312,54.16666793823242,2021-07-17,0.4090932309627533,4.0,"{""type"":""Point"",""coordinates"":[88.73265166100565,29.228313303165812]}"
965,10,0.4035779535770416,336.3087463378906,2020-11-30,11.042285919189453,0,4.0,0.0,2020-11-30,2020-11-29,7.512079238891602,295.4814758300781,2020-12-01,0.0,0.0,2020-11-30,0.17199771106243134,4.0,"{""type"":""Point"",""coordinates"":[88.39797178206001,22.840196097367706]}"
966,40,0.09845063835382462,342.090087890625,2023-10-16,766.9736328125,0,1.0,7.479999542236328,2023-10-16,2023-10-15,0.0790654718875885,295.3812255859375,2023-10-17,0.0,0.0,2023-10-16,0.41033682227134705,1.0,"{""type"":""Point"",""coordinates"":[93.88369884233548,24.447616250886156]}"
967,10,0.2725539803504944,136.6152801513672,2019-12-21,2085.330810546875,0,1.0,0.10999999940395355,2019-12-21,2019-12-20,26.72859001159668,284.8963928222656,2019-12-22,0.22999998927116394,0.0,2019-12-21,0.39480018615722656,1.0,"{""type"":""Point"",""coordinates"":[95.43159450036336,26.590641066677357]}"
968,10,0.07854072749614716,298.2486877441406,2021-05-25,451.9154968261719,0,2.0,27.81999969482422,2021-05-25,2021-05-24,0.7898892760276794,299.6585693359375,2021-05-26,5.039999961853027,4.166666507720947,2021-05-25,0.3814220428466797,2.0,"{""type"":""Point"",""coordinates"":[96.58186843077144,26.78325961894662]}"
969,30,0.2070024609565735,212.41046142578125,2019-12-29,199.5848846435547,0,1.0,0.0,2019-12-29,2019-12-28,2.5812814235687256,293.0176696777344,2019-12-30,0.0,0.0,2019-12-29,0.3382314145565033,1.0,"{""type"":""Point"",""coordinates"":[95.31876919379785,22.239065195197707]}"
970,30,0.5246728658676147,200.7320556640625,2022-05-08,1227.9483642578125,0,1.0,0.0,2022-05-08,2022-05-07,11.800142288208008,297.18212890625,2022-05-09,11.34999942779541,14.583333015441895,2022-05-08,0.29795393347740173,1.0,"{""type"":""Point"",""coordinates"":[92.9272664694849,23.57918530999941]}"
971,40,0.19866874814033508,290.8946228027344,2023-04-07,231.9485626220703,0,7.0,0.0,2023-04-07,2023-04-06,3.2626864910125732,301.9557189941406,2023-04-08,0.0,0.0,2023-04-07,0.26797041296958923,7.0,"{""type"":""Point"",""coordinates"":[94.53942582442512,21.96297652028416]}"
972,10,-0.011411921121180058,200.1405029296875,2022-10-10,2583.396484375,0,6.0,19.969999313354492,2022-10-10,2022-10-09,39.36320877075195,289.38446044921875,2022-10-11,19.020000457763672,20.83333396911621,2022-10-10,0.4227803647518158,1.0,"{""type"":""Point"",""coordinates"":[91.89605052528769,27.058719399902962]}"
973,60,0.06016416475176811,-0.0,2020-05-18,0.0,0,0.0,0.0,2020-05-18,2020-05-17,0.0,304.7848815917969,2020-05-19,1.5499999523162842,2.0833332538604736,2020-05-18,0.1340465545654297,0.0,"{""type"":""Point"",""coordinates"":[90.57644586768438,22.806138777096315]}"
974,10,0.005142352543771267,77.13481903076172,2021-08-26,723.095458984375,0,2.0,1.0799999237060547,2021-08-26,2021-08-25,18.139509201049805,295.38885498046875,2021-08-27,4.5,2.0833332538604736,2021-08-26,0.39230093359947205,1.0,"{""type"":""Point"",""coordinates"":[93.09025245152914,23.495508604712093]}"
975,10,0.21756194531917572,55.84236145019531,2021-09-26,909.0972290039062,0,4.0,26.799999237060547,2021-09-26,2021-09-25,4.792327880859375,296.84796142578125,2021-09-27,0.17000000178813934,0.0,2021-09-26,0.47686895728111267,4.0,"{""type"":""Point"",""coordinates"":[97.27219409303724,21.913545622610652]}"
976,60,-0.07711619883775711,-0.0,2023-06-30,78.0,0,537981.0,0.0,2023-06-30,2023-06-29,0.0,305.1075744628906,2023-07-01,1.1799999475479126,0.0,2023-06-30,0.39702415466308594,537981.0,"{""type"":""Point"",""coordinates"":[94.77715271077403,22.566648925896036]}"
977,60,0.010960281826555729,243.08416748046875,2019-02-07,5510.8251953125,0,5.0,0.0,2019-02-07,2019-02-06,36.0955696105957,267.1248779296875,2019-02-08,0.0,0.0,2019-02-07,0.09355926513671875,2.0,"{""type"":""Point"",""coordinates"":[90.63782927990297,28.516048657173656]}"
978,10,0.36389562487602234,3.5918824672698975,2020-11-25,1.4694737195968628,0,3.0,0.7599999904632568,2020-11-25,2020-11-24,0.7840934991836548,296.2344665527344,2020-11-26,0.10999999940395355,0.0,2020-11-25,0.1629924774169922,2.0,"{""type"":""Point"",""coordinates"":[90.46273560985983,23.40513762529976]}"
979,10,-0.002458452247083187,101.91277313232422,2022-07-10,265.930419921875,0,1.0,6.809999942779541,2022-07-10,2022-07-09,19.31591796875,301.0578918457031,2022-07-11,32.70000076293945,22.91666603088379,2022-07-10,0.46925798058509827,1.0,"{""type"":""Point"",""coordinates"":[95.74510664072623,25.57028644629564]}"
980,30,0.06846059113740921,17.028776168823242,2020-07-31,4461.6708984375,0,1.0,7.509999752044678,2020-07-31,2020-07-30,19.38788414001465,281.848388671875,2020-08-01,15.75999927520752,20.83333396911621,2020-07-31,0.33756256103515625,1.0,"{""type"":""Point"",""coordinates"":[92.25427986591147,28.218457587174548]}"
981,30,0.13408464193344116,286.83062744140625,2019-08-21,4592.20166015625,0,326.0,241.239990234375,2019-08-21,2019-08-20,2.322986364364624,285.18414306640625,2019-08-22,0.0,0.0,2019-08-21,0.368389755487442,326.0,"{""type"":""Point"",""coordinates"":[93.1272185568489,29.39359948164484]}"
982,10,0.07036318629980087,111.05516815185547,2019-08-11,303.16558837890625,0,1.0,2.7300000190734863,2019-08-11,2019-08-10,33.06753158569336,299.2420349121094,2019-08-12,28.479999542236328,31.25,2019-08-11,0.4102560579776764,1.0,"{""type"":""Point"",""coordinates"":[92.94646734472394,21.892867139985256]}"
983,10,0.8126538395881653,44.4157600402832,2023-01-22,803.941162109375,0,1.0,0.0,2023-01-22,2023-01-21,29.06818962097168,290.4031066894531,2023-01-23,0.0,0.0,2023-01-22,0.25161871314048767,1.0,"{""type"":""Point"",""coordinates"":[96.84491703072153,21.811493027410684]}"
984,70,-0.017689675092697144,101.65785217285156,2019-06-16,5287.623046875,0,6.0,0.0,2019-06-16,2019-06-15,15.521483421325684,273.3793640136719,2019-06-17,0.0,0.0,2019-06-16,0.4248873293399811,5.0,"{""type"":""Point"",""coordinates"":[91.13707599844894,28.41591585581013]}"
985,30,0.08028716593980789,273.8359375,2020-07-28,4749.69580078125,0,7.0,48.89999771118164,2020-07-28,2020-07-27,33.358028411865234,288.63079833984375,2020-07-29,14.449999809265137,20.83333396911621,2020-07-28,0.41214051842689514,5.0,"{""type"":""Point"",""coordinates"":[88.49972057996362,29.295066585380706]}"
986,10,0.1398046463727951,357.5301513671875,2022-02-04,2101.788818359375,0,44.0,1.709999918937683,2022-02-04,2022-02-03,34.84957504272461,275.6006164550781,2022-02-05,42.55999755859375,43.75,2022-02-04,0.41877874732017517,1.0,"{""type"":""Point"",""coordinates"":[95.02875956279684,28.757830289883273]}"
987,40,0.012373061850667,46.06032943725586,2021-08-15,127.52227020263672,0,1.0,15.449999809265137,2021-08-15,2021-08-14,0.4345567524433136,299.8459167480469,2021-08-16,31.079998016357422,31.25,2021-08-15,0.5071913599967957,1.0,"{""type"":""Point"",""coordinates"":[94.90573075388716,24.802819614186387]}"
988,10,0.5468572974205017,113.7059097290039,2020-02-17,152.2890167236328,0,16.0,0.0,2020-02-17,2020-02-16,9.396920204162598,292.032470703125,2020-02-18,0.0,0.0,2020-02-17,0.14507102966308594,9.0,"{""type"":""Point"",""coordinates"":[91.10006862753688,26.810189349750374]}"
989,40,0.06072220951318741,192.7169647216797,2022-09-20,196.54843139648438,0,1.0,0.6299999952316284,2022-09-20,2022-09-19,1.305113673210144,299.8813781738281,2022-09-21,7.399999618530273,8.333333015441895,2022-09-20,0.3981259763240814,1.0,"{""type"":""Point"",""coordinates"":[88.32777975072437,26.79442269652747]}"
990,40,0.18878722190856934,143.62371826171875,2019-12-09,128.5563507080078,0,5.0,0.0,2019-12-09,2019-12-08,1.1837857961654663,290.8027648925781,2019-12-10,0.0,0.0,2019-12-09,0.2842954099178314,5.0,"{""type"":""Point"",""coordinates"":[94.06626911523158,22.92552992844168]}"
991,10,0.0595567524433136,27.723857879638672,2022-08-07,3462.618408203125,0,8.0,0.0,2022-08-07,2022-08-06,34.172794342041016,286.31170654296875,2022-08-08,15.309999465942383,14.583333015441895,2022-08-07,0.41783905029296875,8.0,"{""type"":""Point"",""coordinates"":[93.82587617450966,29.102907551226554]}"
992,60,-0.0074417744763195515,50.77776336669922,2022-09-03,5660.8056640625,0,1.0,1.7699999809265137,2022-09-03,2022-09-02,27.468971252441406,281.4944152832031,2022-09-04,1.5099999904632568,0.0,2022-09-03,0.3526630401611328,1.0,"{""type"":""Point"",""coordinates"":[90.02401460824653,28.377894713642]}"
993,10,0.1223045140504837,354.8013000488281,2021-12-17,427.2508239746094,0,1.0,0.0,2021-12-17,2021-12-16,5.817148208618164,285.05694580078125,2021-12-18,0.0,0.0,2021-12-17,0.32065263390541077,1.0,"{""type"":""Point"",""coordinates"":[97.4654850551435,27.486246818352683]}"
994,10,0.6673517227172852,227.62124633789062,2021-04-27,1377.054443359375,0,2.0,0.0,2021-04-27,2021-04-26,32.36749267578125,298.2158508300781,2021-04-28,0.0,0.0,2021-04-27,0.15528233349323273,1.0,"{""type"":""Point"",""coordinates"":[93.0955907553034,23.79852453984566]}"
995,40,0.36768603324890137,305.6863708496094,2023-03-08,47.80478286743164,0,17.0,0.0,2023-03-08,2023-03-07,0.1834218055009842,299.6045227050781,2023-03-09,0.0,0.0,2023-03-08,0.13881747424602509,17.0,"{""type"":""Point"",""coordinates"":[88.8235672574807,25.968363323764574]}"
996,10,0.04903160780668259,269.8592834472656,2023-05-23,337.9440002441406,0,3.0,3.059999942779541,2023-05-23,2023-05-22,8.376855850219727,296.8834228515625,2023-05-24,3.6599998474121094,4.166666507720947,2023-05-23,0.4102039337158203,3.0,"{""type"":""Point"",""coordinates"":[93.06156651068528,26.947263513826424]}"
997,10,0.09173311293125153,43.585140228271484,2021-06-10,747.4815673828125,0,39226.0,36.91999816894531,2021-06-10,2021-06-09,29.646799087524414,296.2955627441406,2021-06-11,64.22000122070312,33.33333206176758,2021-06-10,0.3382631838321686,1.0,"{""type"":""Point"",""coordinates"":[93.6728552706038,23.64530717584503]}"
998,40,0.12773390114307404,297.51727294921875,2020-11-17,71.6849136352539,0,1.0,0.0,2020-11-17,2020-11-16,0.6070388555526733,300.3800048828125,2020-11-18,0.0,0.0,2020-11-17,0.31848272681236267,1.0,"{""type"":""Point"",""coordinates"":[95.29378286045974,21.728776721080134]}"
999,10,0.051145944744348526,174.72909545898438,2021-03-21,1886.822998046875,0,2.0,0.8799999952316284,2021-03-21,2021-03-20,35.27764892578125,286.9156799316406,2021-03-22,2.0299999713897705,2.0833332538604736,2021-03-21,0.41133055090904236,2.0,"{""type"":""Point"",""coordinates"":[92.93821896094767,27.431568835374126]}"
